apartmentid,name,address,city,state,zip,website
57761,Bell Knox District,3030 Hester Ave,Dallas,TX,75205,https://www.bellknoxdistrict.com/?utm_source=google+local&utm_medium=organic&utm_campaign=website+link
17362,Congressional Towers,261 Congressional Ln,Rockville,MD,20852,https://www.congressionaltowers.net
46986,Mountain Ridge Manor,820 Monroe Blvd,Ogden,UT,84404,http://www.mountainridgemanor.com
74592,Crosswynde Apartments,1502 Marsh Cove Ct,Tampa,FL,33619,http://www.crosswyndeapts.com/
281751,The Franklin Marlboro,2 Jayden Rd,Marlboro,NJ,7746,https://www.thefranklinmarlboro.com/
12190,Eaves North Dallas,4141 Horizon N Pkwy,Dallas,TX,75287,https://www.wimberlyapthome.com/
68956,266 Lofts,266 S Front St,Memphis,TN,38103,https://www.266lofts.com/
53164,Arbor Pointe Townhomes,420 Arbor Pointe Dr,Battle Creek,MI,49037,www.arborpointe-townhomes.com
64938,Lake Vue,7119 Sand Lake Reserve Dr,Orlando,FL,32819,http://www.lakevueorlando.com/
27950,Marquis Parkside,12820 N Lamar Blvd,Austin,TX,78753,https://www.marquisparkside.com/?utm_medium=organic&utm_source=google&utm_campaign=gbp-website-button
6194,MAA Rocky Point,3101 N Rocky Point Dr E,Tampa,FL,33607,https://www.maac.com/florida/tampa/maa-rocky-point/
267118,The Spoke at McCullough Station,8340 N Tryon St,Charlotte,NC,28262,https://www.thespokemcs.com/
35717,Bridges on Kinsey,4411 Kinsey Dr,Tyler,TX,75703,www.livebridgesonkinsey.com
29154,Cardinal Hill,420 River Rd,Chatham,NJ,7928,https://jcmliving.com/apartment-rentals/nj/chatham/cardinal-hill/
52105,The District,10015 Madison Square Pl,Charlotte,NC,28216,http://www.alapts.com/apartments/nc/charlotte/the-district/
1060,Bolton Estates,5400 Lindbergh Blvd,Columbus,OH,43228,www.boltonestatesapts.com
236598,Vault Apartments,120 Towne St,Stamford,CT,6902,https://www.vaultapts.com/
48177,The Metropolitan,2612 Whitehall Terrace,Louisville,KY,40220,https://venterraliving.com/apartments/the-metropolitan/
97778,Brookview at Navarre Sound,7381 Navarre Pkwy,Navarre,FL,32566,https://www.brookviewatnavarresound.com/
12927,Wyvernwood Garden,2901 E Olympic Blvd,Los Angeles,CA,90023,http://www.wyvernwoodla.com
78693,Cortland Peachtree Corners,510 Guthridge Ct NW,Peachtree Corners,GA,30092,https://cortland.com/apartments/cortland-peachtree-corners/
239369,Easton,714 Due W Ave N,Madison,TN,37115,https://eastonapartmentstn.com/
22383,Curren Terrace,1011 New Hope St,Norristown,PA,19401,https://www.morgan-properties.com/apartments/pa/norristown/curren-terrace/
74523,Charter Club,1040 Windward Dr,London,OH,43140,http://www.charterclubapts.com/
37143,Village of Cross Creek,7536 Hillcrest Dr,Florence,KY,41042,www.villageofcrosscreek.com
34661,San Paloma,1255 Eldridge Pkwy,Houston,TX,77077,www.sanpaloma-houston.com
19713,Elmhurst Terrace,100 Fellows Ct,Elmhurst,IL,60126,https://www.elmhurstterrace.com/
65562,Lantower Waverly,6101 Ardrey Kell Rd,Charlotte,NC,28277,https://www.lantower.com/properties/nc/charlotte/lantower-waverly/
232480,Vintage at 425 Broadway,1455 4th St,Santa Monica,CA,90401,https://www.equityapartments.com/los-angeles/santa-monica/vintage-at-425-broadway-apartments
56903,The Landmark,550 Washington St,Braintree,MA,2184,https://www.fxmessina.com/the-landmark?rq=The%20Landmark
245903,Green Leaf Jasper,5325 N Interstate Ave,Portland,OR,97217,https://www.greenleafjasper.com/
282696,Allen Ranch Estates,1893 SW Hungry Hill Dr,Grants Pass,OR,97527,https://www.ishranchestates.com/allen-ranch
94940,The Liberty Lofts,400 S Culberson,Gainesville,TX,76240,https://www.thelibertyapts.com/
243746,Ventana Hills,1350 Ventana Dr,Coraopolis,PA,15108,https://www.ventanahillsliving.com/
76589,Palm Bay Club,13050 Gran Bay Pkwy,Jacksonville,FL,32258,https://www.palmbayclubjax.com
225934,KD Place,1601 E Katie Ave,Las Vegas,NV,89119,https://www.kdplaceapartmentslv.com/
72593,Slade at Channelside,1190 E Washington St,Tampa,FL,33602,https://www.udr.com/tampa-apartments/tampa/the-slade-at-channelside/
28372,Las Ventanas,3819 Vineyard Ave,Pleasanton,CA,94566,www.lasventanasapt.com
30997,Camden Fallsgrove,719 Fallsgrove Dr,Rockville,MD,20850,https://www.camdenliving.com/apartments/rockville-md/camden-fallsgrove
6371,The Place at Barker Cypress -Enclave,1822 Barker Cypress Rd,Houston,TX,77084,https://theplaceatbarkercypress.com/
37721,Belcarra,10688 NE 10th St,Bellevue,WA,98004,https://www.essexapartmenthomes.com/apartments/bellevue/belcarra?sc_camp=2648D1300BEC431BB11EB86F02F52DBD&utm_source=googlesearch
69154,The Mark Huebner Oaks,11138 Huebner Oaks,San Antonio,TX,78230,http://themarksanantonio.com/
41185,Gallery 421,421 W Broadway,Long Beach,CA,90802,https://www.imtresidential.com/imtgallery421/
266348,Solasta,7606 Klotz Ranch Ct,Sacramento,CA,95831,https://www.livesolasta.com/
61168,Greylyn Estates,9415 Lucy Jane Ln,Charlotte,NC,28270,https://greylynestates.com/
1752,Kensington Park,11651 Norbourne Dr,Forest Park,OH,45240,www.kensingtonparkaptsoh.com
68148,AMLI Midtown 29,180 NE 29th St,Miami,FL,33137,https://www.amli.com/apartments/southeast-florida/miami-apartments/amli-midtown-29
230542,Santa Clara Square,3320 Montgomery Dr,Santa Clara,CA,95054,https://www.irvinecompanyapartments.com/locations/northern-california/santa-clara/santa-clara-square.html
65468,Red Tail Apartments,121 E Victory Rd,Meridian,ID,83642,www.redtailapartments.com
227981,Sixth & Alder,3118 6th Ave,Tacoma,WA,98406,https://www.6thandalderapartments.com
16387,The Colony at Fashion Island,5100 Colony Plaza,Newport Beach,CA,92660,https://www.irvinecompanyapartments.com/locations/orange-county/newport-beach/colony-at-fashion-island.html
36964,Avalon Meydenbauer,10410 NE 2nd St,Bellevue,WA,98004,https://www.avaloncommunities.com/washington/bellevue-apartments/avalon-meydenbauer
290551,The Asher,100 Chestnut St,Ashland,MA,1721,https://theasher.com/
1845,Sterling Place,5399 Coachman Rd,Columbus,OH,43220,https://sterlingplaceapartments.com/
74193,Summerhill Terrace,15267 Hesperian Blvd,San Leandro,CA,94578,https://www.summerhillterraceaptliving.com/
232992,The Paddock Club at Providence,685 Providence Main St NW,Huntsville,AL,35806,https://www.maac.com/alabama/huntsville/the-paddock-club-at-providence/
32722,Rivergate Meadows,100 Rivergate Meadows Dr,Goodlettsville,TN,37072,http://www.rivergatemeadows.com/
42361,Winston Apartments,1260 Rossiter Ave,Baltimore,MD,21239,https://www.liveatwinston.com/
2598,Shore Park at Riverlake,7952 Pocket Rd,Sacramento,CA,95831,https://www.elevatetosequoia.com/apartments/ca/sacramento/shore-park-at-riverlake/
68465,The Morgan Sandy Springs,6125 Roswell Rd,Atlanta,GA,30328,https://www.themorgansandysprings.com/
245526,The Bridgewater Apartments,14916 Riverdale Dr S,Carmel,IN,46033,http://thebridgewaterapartments.com
251165,The Overland,2065 S Cherokee St,Denver,CO,80223,https://www.theoverlandbyavanti.com/
16754,Waterford Point,8960 SW 122nd Ave,Miami,FL,33186,https://waterfordpoint.us/
78373,Fenway Apartments,7112 Fenway Dr,Westminster,CA,92683,https://www.allenproperties.net/fenway-apartments-westminster-ca/
220345,Vestawood Apartments,1716 Vestawood Ct,Vestavia Hills,AL,35216,https://www.vestawood.com/
75912,TGM Creekside Village,303 Maple Tree Dr,Glen Burnie,MD,21060,www.tgmcreeksidevillage.com
33327,The Parker,14140 N Broadway Ext,Edmond,OK,73013,https://venterraliving.com/apartments/the-parker/
255548,Redbud Ranch,2701 N 23rd St,Broken Arrow,OK,74012,https://www.caseusa.com/apartments/ok/broken-arrow/redbud-ranch/#/
37712,The Enclave,507 NE Northgate Way,Seattle,WA,98125,https://www.enclavenorthgate.com/
40178,Park Plaza,1969 SW Park Ave,Portland,OR,97201,https://www.parkplazapdx.com/
60038,Velo,115 N 2nd St,Minneapolis,MN,55401,https://www.velonorthloop.com/
1312,Knoll Crest,5700 N Knoll,San Antonio,TX,78240,https://knollcrestsa.com/
1156,Northview Southview Apartment Homes,8111 Reseda Blvd,Reseda,CA,91335,https://www.northview-southview.com/
51775,Aspen Meadow,1050 Denzil Dr,Hopkinsville,KY,42240,https://www.aspenmeadowky.com/
269642,Veranda,1000 W Girard Ave,Philadelphia,PA,19123,https://www.verandaphilly.com/
16326,Dawson,15501 Bruce B Downs Blvd,Tampa,FL,33613,https://thedawsontampa.com/property/the-dawson/
229594,Stoneridge on the 8,6160 East Sam Houston Pkwy N,Houston,TX,77049,https://venterraliving.com/apartments/stoneridge-on-the-8/?id=TX4SKGOO
255637,Tuscany at Gabriella Pointe,3545 E Warner Rd,Gilbert,AZ,85296,https://www.rentanapt.com/apartments/az/gilbert/e-warner-rd/
247383,Vanguard at 16 Tech,1410 Breedlove Ln,Indianapolis,IN,46202,https://www.vanguardat16tech.com/
21169,Montebello at Summit Ridge,5200 Summit Ridge Dr,Reno,NV,89523,https://www.montebelloatsummitridge.com/
48517,Foxboro,15551 Adams St,Omaha,NE,68137,https://www.foxboroomaha.com/
16796,Santa Rosa,500 Cardiff,Irvine,CA,92606,https://www.irvinecompanyapartments.com/locations/orange-county/irvine/westpark/santa-rosa.html
27577,Park Catalina,690 S Catalina St,Los Angeles,CA,90005,https://www.essexapartmenthomes.com/california/los-angeles-area-apartments/los-angeles-apartments/park-catalina
62512,Camden Chandler,2777 S Arizona Ave,Chandler,AZ,85286,https://www.camdenliving.com/apartments/chandler-az/camden-chandler
30796,Eden Prairie Apartments,303 L W Besinger Dr,Carpentersville,IL,60110,https://www.aptsedenprairie.com/
285397,Vistas Palmetto Bay,18300 SW 98th Ave,Palmetto Bay,FL,33157,https://www.vistaspalmettobay.com/
4904,Saybrooke,100 Old MacDonald Rd,Gaithersburg,MD,20877,https://www.saybrookeapartments.com/
24928,Summer Winds,2725 W Wigwam Ave,Las Vegas,NV,89123,https://lasvegasliving.com/properties/summer-winds/
48769,Spring Gate,1500 Springate Dr,Panama City,FL,32404,https://www.hgliving.com/apartments/fl/panama-city/spring-gate/#/
25551,Morada Grande,5421 W Indian School Rd,Phoenix,AZ,85031,www.MoradaGrande.com
24776,Hidden Lakes,5800 Deepwood Ct,Village of Clarkston,MI,48346,https://www.livehiddenlakesapts.com/
1740,Camden Fairview,8738 Fairview Rd,Charlotte,NC,28226,https://www.camdenliving.com/apartments/charlotte-nc/camden-fairview?utm_source=gmb&utm_medium=local&utm_campaign=camden-fairview&y_source=1_MTE2Nzc0MTctNzE1LWxvY2F0aW9uLndlYnNpdGU%3D
258119,Timber Falls,120 Mary Ann Rd,Beaver Dam,WI,53916,https://timberfallsapartments.com/
65327,Beacon Harbor Point,1 Harbor Point Rd,Stamford,CT,6902,http://www.beaconharborpt.com
10629,The Oakley,501 Green Oaks Ct,Arlington,TX,76006,https://livebh.com/apartments/the-oakley-apartment-homes/
12963,The Blake LA,733 N Kings Rd,Los Angeles,CA,90069,https://www.essexapartmenthomes.com/apartments/the-blake-la
258543,Alta Wren,3000 Orchid St,Cary,NC,27519,https://www.altawren.com/
257860,Quin,1010 Santa Fe Dr,Denver,CO,80204,https://www.hollandresidential.com/co/denver/quin
48514,The Avenue,300 Chapel Ridge Dr,Cabot,AR,72023,https://www.aspensquare.com/apartments/arkansas/cabot/the-avenue
21149,Pinnacle at MacArthur Place,31 E Macarthur Cres,Santa Ana,CA,92707,https://www.essexapartmenthomes.com/apartments/santa-ana/pinnacle-at-macarthur-place
264764,East Bend,1111 W 6th St,Houston,TX,77007,https://www.eastbendapartments.com/east-bend-houston-tx/
226350,1250 Lakeside,1250 Lakeside Dr,Sunnyvale,CA,94085,https://www.essexapartmenthomes.com/apartments/sunnyvale/1250-lakeside
64634,Retreat at Fremaux,1303 Town Center Pkwy,Slidell,LA,70458,https://livebh.com/apartments/retreat-at-fremaux-town-center-apartments/?utm_source=realpage&utm_medium=referral&utm_campaign=cta
32793,The Reserve,1930 Ridge Ave,Evanston,IL,60201,www.reserveatevanston.com
71558,The Bishop,1115 Springwood Connector,Sandy Springs,GA,30328,https://www.equityapartments.com/atlanta/sandy-springs/the-bishop-apartments
26194,Ventana Palms,7021 W McDowell Rd,Phoenix,AZ,85035,http://www.ventanapalmsapartments.com/
45986,Aaron Lake Apartments,4325 40th St W,Bradenton,FL,34205,https://www.pedcorhomes.com/Apartments/Home/419
288197,Redwood Copley Heritage Woods Drive,581 Amber Ln,Copley,OH,44321,https://www.byredwood.com/apartments/oh/copley/redwood-copley-heritage-woods-drive/
24584,Westchase Apartments,1013 Manhattan Blvd,Harvey,LA,70058,https://www.livewestchaseapartments.com/
218586,Cedar Ridge,4945 Mack Rd,Sacramento,CA,95823,https://cedarridgeapts.rentaladdress.com/
14934,Country Manor,59 S Westfield St,Feeding Hills,MA,1030,https://www.aspensquare.com/apartments/massachusetts/feeding-hills/country-manor
38897,Halstead Haverhill,40 Locke St,Haverhill,MA,1830,https://www.halsteadhaverhill.com/
217343,Eagle Harbor II,220 Marsh Landing,Carrollton,VA,23314,https://www.liveeagleharbor.com/
218359,Old Farm,2500 Old Farm Rd,Houston,TX,77063,https://livebh.com/apartments/old-farm/?utm_source=realpage&utm_medium=referral&utm_campaign=cta
263110,Briley,10731 Surrey Green Ln,Matthews,NC,28105,https://www.simpsonpropertygroup.com/apartments/matthews-north-carolina/briley-matthews
42662,Highlands North,10020 W 80th St,Overland Park,KS,66204,http://www.thehighlandsapartments.com
28696,Ellinwood,400 Longbrook Way,Pleasant Hill,CA,94523,https://www.ellinwoodapartments.com/
24544,Bexley Park,100 Summer Sky Dr,Morrisville,NC,27560,http://www.bexleyparkapartments.com/
278904,Mirra,8320 Church St,Frisco,TX,75034,https://www.mirrafrisco.com/
32747,Pleasant Woods,11800 Pleasant Ridge Rd,Little Rock,AR,72223,http://www.pleasantwoodsapts.com/
12525,MAA Boulder Ridge,1515 Cannon Pkwy,Roanoke,TX,76262,https://www.maac.com/texas/dallas/maa-boulder-ridge/
78758,Vance At Bishop Union,111 W Davis St,Dallas,TX,75208,https://www.vanceatbishopunion.com/
285247,The Clark Lofts,350 N Reid Pl,Sioux Falls,SD,57103,https://www.pendarproperties.com/the-clark
3785,Shadowbrook,3852 S 1845 W,West Valley City,UT,84119,http://www.shadowbrookapartments.com/
269136,Coventry Townhomes,2323 S 800 W,Woods Cross,UT,84087,https://www.liveatcoventry.com/?_yTrackUser=MTI0NDc2MzY0OSMxMjE3MjEzNDA2-%2foPyM8O4Dko%3d&_yTrackVisit=MjIwNjgxNzA3NSMxNTk0MTk2MTgz-rdkjryyrv%2fE%3d&_yTrackReqDT=35491920210707
30472,Beach,2525 Tingley Dr SW,Albuquerque,NM,87104,https://www.thebeachapts.com/
38314,Coppermill,2217 Edenborn Ave,Metairie,LA,70001,https://www.coppermillaptsbytonti.com/
49102,Parkview Apartments,1244 Hazelwood St,Saint Paul,MN,55106,https://pmsi.biz/details/?pid=30
30237,Forest View,4545 S Panther Creek Dr,The Woodlands,TX,77381,https://venterraliving.com/apartments/forest-view/
292744,Chartwell Commons at Green Lea,2076 Chartwell Way,Gallatin,TN,37066,https://www.chartwellcommonsatgreenlea.com/
27390,The Willows,600 S 1st St,Austin,TX,78704,http://rainieratx.com/listing/the-willows/
29583,Norcross Crossings,3400 Peachtree Corners Cir,Norcross,GA,30092,https://www.hgliving.com/apartments/ga/peachtree-corners/norcross-crossing/
47346,Pembroke Crossing,825 Crossing Ct,Virginia Beach,VA,23455,https://www.pembrokecrossingapartments.com/contact-us
265147,Aura Delray Beach,2095 W Atlantic Ave,Delray Beach,FL,33445,https://auradelraybeach.com/
277774,Redwood Superior Township,1725 Cardiff Row,Superior Charter Township,MI,48198,https://www.byredwood.com/apartments/mi/superior-township/redwood-superior-township/
294552,Red Hawk Laurel Grey,2031 NE Holliday Ave,Bend,OR,97701,https://www.redhawklaurelgrey.com/
29739,Gateway at Ellington,15603 Gulf Fwy,Webster,TX,77598,https://www.gatewayatellington.com/
97765,Icon One Daytona Rise Collection,1820 Legends Ln,Daytona Beach,FL,32114,https://www.icononedaytona.com/
244705,Devine District,2712 Lee St,Columbia,SC,29205,https://devinedistrict.com/
23296,Clinton Manor,24666 Katherine Ct,Harrison Township,MI,48045,https://www.clintonmanor-apts.com
218893,Volta at Voyager I,11275 Nahcolite Pt,Colorado Springs,CO,80921,https://www.voltaatvoyager.com/volta-at-voyager-colorado-springs-colorado/
241643,Jade at North Hills,N72W12727 Good Hope Rd,Menomonee Falls,WI,53051,https://www.movetojade.com/
19877,Advenir at Magnolia,210 Welcome Way,Fern Park,FL,32730,http://www.adveniratmagnolia.com/
273919,Avon Commons,597 Collins St,Avon,NY,14414,https://www.morgan-properties.com/apartments/ny/avon/avon-commons/
1721,Hidden Valley Club,600 Hidden Valley Club Dr,Ann Arbor,MI,48104,https://www.hvca2.com/
26151,Madera,2600 S Town Center Dr,Las Vegas,NV,89135,https://lasvegasliving.com/properties/madera/
28386,Greenback Ridge,7566 Greenback Ln,Citrus Heights,CA,95610,www.thegreenbackridge.com
14524,Canton Mill Lofts,550 Riverstone Pkwy,Canton,GA,30114,https://venterraliving.com/apartments/canton-mill-lofts/
284598,Sunrise Station,11260 Point E Dr,Rancho Cordova,CA,95742,https://www.liveatsunrisestation.com/
37919,Parc Coliseum Apartments,228 W 71st St,New York,NY,10023,http://www.equityapartments.com/New-York/New-York-City-apartments/Upper-West-Side/Parc-Coliseum-apartments.aspx
270574,Satori West Ashley,211 Satori Way,Johns Island,SC,29455,https://www.satoriwestashley.com/
227366,Stazione:25,2715 25th Ave S,Seattle,WA,98144,https://www.stazione25.com/
486,Rosewood,8525 N Armenia Ave,Tampa,FL,33604,https://rwoodapts.prospectportal.com/
48118,Oceanaire,16016 Lemoyne Blvd,Biloxi,MS,39532,http://www.liveatoceanaire.com
243523,The Elaine,1000 Skokie Blvd,Northbrook,IL,60062,https://www.theelaine.com/
49726,Landmark of D'Iberville,11059 Lamey Brg Rd,D'Iberville,MS,39540,www.landmarkdiberville.com
4939,Grove at St Andrews,716 Zimalcrest Dr,Columbia,SC,29210,www.groveatstandrews.com
38167,The Villas on Brightside,1645 Brightside Dr,Baton Rouge,LA,70820,http://www.livethevillas.com/
239250,Sweetwater,21300 Cotton Creek Dr,Gulf Shores,AL,36542,www.sweetwaterapts.net
5488,Arcadia 4127,4127 E Indian School Rd,Phoenix,AZ,85018,https://www.4127arcadia.com/
275151,Hamlet at MidCity,100 Chawston Ave,Huntsville,AL,35806,https://www.hamletatmidcity.com/?utm_source=GBP&utm_medium=organic&utm_knock=gmb#/
37476,Cole,300 S Lamar Blvd,Austin,TX,78704,https://www.coleapts.com/cole-apartments-austin-tx/
220763,Northwoods I-II,4051 E Olive Rd,Pensacola,FL,32514,https://northwoodsapts.com/
23549,Landmark,6303 Indian School Rd NE,Albuquerque,NM,87110,https://www.thelandmark-apartments.com/
16104,Twin Springs Apartments,1012 Harbins Rd NW,Norcross,GA,30093,https://www.twinspringsapts.com/
44304,LaSalle Villas,2104 La Salle Ave,Lubbock,TX,79407,http://www.lasallevillas.com/
27125,Tudor Place,5801 Peabody St,Hyattsville,MD,20783,https://www.tudorplaceapts.com/
280797,Aspire,6611 Seahurst Dr,Canal Winchester,OH,43110,https://www.aspireapthomes.com/
239318,Legacy Fort Mill,700 Gates Mills Dr,Fort Mill,SC,29708,http://www.legacyfortmill.com/
2282,City View,25200 Carlos Bee Blvd,Hayward,CA,94542,https://www.essexapartmenthomes.com/california/san-francisco-bay-area-apartments/hayward-apartments/city-view
40144,Riverside Villas,8828 Old Denton Rd,Fort Worth,TX,76244,http://www.liveatriversidevillas.com
40493,Bristol Park at Oak Ridge,790 Emory Valley Rd,Oak Ridge,TN,37830,http://www.bristolparkoakridge.com/
218589,Main Street Lofts,715 N Main St,Mansfield,TX,76063,https://www.mainstreetlofts.com/
47909,Westerville Park Apartment Homes,4565 Northland Square Dr E,Columbus,OH,43231,https://www.capcityapartments.com/westerville-park
226992,Forest Ridge,790 S Basswood Dr,Bloomington,IN,47403,https://www.forestridgebloomington.com/forest-ridge-bloomington-in/
7370,Morganton Place,5650 Netherfield Pl,Fayetteville,NC,28314,https://www.morgan-properties.com/apartments/nc/fayetteville/morganton-place/
51123,Oak Hill Apartments,22 Strayhorn Wy,Pittsburgh,PA,15213,http://www.oakhillapts.com/
235693,79 West,102 Cabana Cay Cir,Panama City Beach,FL,32413,www.79westapartments.com
34482,Abberly Grove,1160 Auston Grove Dr,Raleigh,NC,27610,www.abberlygrove.com
44985,The Park at Whispering Pines,3030 E Fountain Blvd,Colorado Springs,CO,80910,https://www.theparkwpapts.com/
11524,Casa De Arroyo,8360 W Spring Valley Rd,Dallas,TX,75240,http://www.casadearroyoapts.com
238944,Eagle Rock Apartments At Woodbury,92 Fairhaven Blvd,Woodbury,NY,11797,https://www.eaglerockmanagement.com/apartments/new-york/woodbury/eagle-rock-11797
32307,Bear Valley Park,5775 W Dartmouth Ave,Denver,CO,80227,https://www.rentbearvalleypark.com/
25996,Lumberton Apartment Homes,1401 Windmill Way,Lumberton,NJ,8048,https://www.morgan-properties.com/apartments/nj/lumberton/lumberton-homes/
27161,Huntington Gardens,4901 Heil Ave,Huntington Beach,CA,92649,https://www.allenproperties.net/huntington-gardens-huntington-beach-ca/
16373,The Villages At Montpelier,11686 S Laurel Dr,Laurel,MD,20708,https://www.morgan-properties.com/apartments/md/laurel/villages-at-montpelier/
261349,Broadstone Centennial,2 City Pl,Nashville,TN,37209,https://broadstonecentennial.com/
256972,Pottery Creek,2000 SE Sedgwick Rd,Port Orchard,WA,98366,http://www.potterycreek.com/
57976,One India Street,1 India St,Boston,MA,2109,https://www.oneindiastreetapartments.com/
70179,Woodington West,402 Colleen Rd,Baltimore,MD,21229,https://www.woodingtonwest.com/
66979,Ascent Uptown,225 S Poplar St,Charlotte,NC,28202,http://www.liveascentuptown.com/
62144,South Ridge,823 S Church St,Greenville,SC,29601,http://www.southridgeliving.com/
3748,Brookside Oaks,1651 Belleville Way,Sunnyvale,CA,94087,https://www.essexapartmenthomes.com/apartments/sunnyvale/brookside-oaks
229189,Harrison Park Apartments,565 W 1st Ave,Columbus,OH,43215,https://www.harrisonpark-apts.com/#Home
236188,Monticello Lee,620 Jefferson St,Alexandria,VA,22314,https://monticellolee.com/
11317,Dixon at Stonegate,2501 Oak Hill Cir,Fort Worth,TX,76109,https://www.dixonatstonegate.com/
268552,14 Lincoln Place,14 Lincoln Pl,Madison,NJ,7940,https://thelincolnmadison.com/
294493,Ashland,657 Ashland Ave,St Paul,MN,55104,https://krcapartments.com/property-detail/?propid=587&propname=Ashland%20Apartments
262540,AvalonBay Montville,85 Old Bloomfield Ave,Pine Brook,NJ,7058,https://www.avaloncommunities.com/new-jersey/montville-apartments/avalon-montville/
50339,Parc At Denham Springs I,31050 LA-16,Denham Springs,LA,70726,https://www.parcatdenhamsprings.com/
4599,Paramont,4201 Pleasant Lake Village Ln,Duluth,GA,30096,https://www.theparamontapts.com/
26278,The Park at Morella,4300 Flat Shoals Rd,Union City,GA,30291,www.theparkatmorella.com
294926,The Collier at Clift Farm,560 Jack Clift Blvd,Madison,AL,35757,https://www.thecolliercliftfarm.com/
21347,River Oaks,1000 Allison Dr,Vacaville,CA,95687,https://www.elevatetosequoia.com/apartments/ca/vacaville/river-oaks-apartment-homes/
60125,Cumberland Links,130 Cumberland Way,Pataskala,OH,43062,https://www.cumberlandlinksapts.com/
118445,Mara Pacific Beach Apartments,4275 Mission Bay Dr.,San Diego,CA,92109,https://www.equityapartments.com/san-diego/pacific-beach/mara-pacific-beach-apartments
13095,Trails at Dominion Park,200 Dominion Park Dr,Houston,TX,77090,https://trailsatdominion.com/
44765,Aero Place Apartments,3885 Lakehurst Drive,Colorado Springs,CO,80916,https://www.aeroplaceliving.com/
297381,Rainier View,5106 Parker Rd E,Sumner,WA,98390,https://rainierviewsumner.com/
224962,Perse,8151 Patterson Woods Dr,Orlando,FL,32821,https://www.perseapartments.com/
7744,Ascent Apartment Homes,1151 E 6720 S,Cottonwood Heights,UT,84121,https://www.ascentapthomesut.com/
48116,Crown Park,900 Crowne Park Dr,Winston-Salem,NC,27106,http://crownepark.com/
75126,Hawthorne House,2811 Loop 250 Frontage Rd,Midland,TX,79705,http://www.hawthornehouseapartmenthomes.com
63933,Vercanta Riverfront,4949 S Landing Dr,Portland,OR,97239,http://www.oxbow49.com/
281928,Mosby Citrus Ridge,130 Orlando Breeze Cir,Davenport,FL,33897,https://www.mosbycitrusridge.com/?utm_source=GBP&utm_medium=organic&utm_knock=g
5752,Regency Woods,1137 11th St,West Des Moines,IA,50265,https://www.regency-woods.com/
240595,Stockbridge Trails,319 E Hill Pkwy,Madison,WI,53718,https://www.stockbridgetrailsapartments.com/
14338,Granite Bay,14230 N 19th Ave,Phoenix,AZ,85023,http://www.granitebayapts.com/
61396,The Grain Belt,1215 Marshall St NE,Minneapolis,MN,55413,http://www.thegrainbeltmpls.com/
54550,MAA West Village,4600 W Village Pl,Smyrna,GA,30080,https://www.maac.com/georgia/atlanta/maa-west-village/
73713,Briarcliff Manor,93 Westgate Dr,Wheeling,WV,26003,https://www.briarcliffmanorapts.com/
39154,ReNew on Ridgewood,5000 Ridgewood Rd,Jackson,MS,39211,https://www.renewonridgewood.com/
267958,Pinnacle,7 New York Ave NE,Washington,DC,20002,https://pinnaclenomaapartments.com/
219390,Confluence at Harvest Hills,3701 Prairie Commons St,Williston,ND,58801,https://northdakota.weidner.com/apartments/nd/williston/confluence-at-harvest-hills/index.aspx
281149,Irondale at Wharton,47 Kossuth St,Wharton,NJ,7885,http://irondaleatwharton.com/
66940,AMLI Riverfront Green,1750 Little Raven St,Denver,CO,80202,https://www.amli.com/apartments/denver/lodo-apartments/amli-riverfront-green
64158,Allure by Windsor,6750 Congress Ave,Boca Raton,FL,33487,https://www.allurebywindsor.com/
69928,The Azlee,3480 S 300 E,Salt Lake City,UT,84115,https://www.theazleeapartments.com/
246641,Passenger Flats,1362 Passenger St,Chattanooga,TN,37408,http://www.passengerflats.com/
268764,Cadia Grand Praire,3950 Dechman Dr,Grand Prairie,TX,75052,https://yardlydechman.com/?utm_source=GoogleLocalListing&utm_medium=organic
10291,The Mirage Apartments,504 Dudley Cir,Arlington,TX,76010,https://liveatthemirage.com/
56182,Acorn Acres,3605 Brandywine Ct,Lafayette,IN,47905,https://www.liveatacornacres.com/
268747,Arthur On Aberdeen,210 N Aberdeen St,Chicago,IL,60607,https://arthuronaberdeen.com/
4724,MiraBella,40300 Washington St,Bermuda Dunes,CA,92203,www.mirabellalifestyle.com
30723,Mountain Ridge,2605 Verde Dr,Colorado Springs,CO,80910,http://www.mountainridge-apts.com/
258497,Casa Blanca I,1100 N Sonora St,Coolidge,AZ,85128,https://www.grandviewmanagementaz.com/casa-blanca-coolidge-az/
36972,The Kennedy Building,907 NE 45th St,Seattle,WA,98105,https://www.udr.com/seattle-apartments/downtown-seattle/the-kennedy-building/.
27574,Belle Fontaine Apartments,4077 Glencoe Ave,Marina Del Rey,CA,90292,https://www.equityapartments.com/los-angeles/marina-del-rey/belle-fontaine-apartments?propertyid=4035&s_kwcid=TC|4015|marina%20del%20rey%20apartments||S|e|15154714153
49752,Revolve,3945 S 700 W,Murray,UT,84123,https://www.revolveapts.com/
244546,Sterlington,4105 Sterlington Dr,Grovetown,GA,30813,https://www.sterlingtonapts.com
239094,Zander Place,1300 Main St,Cross Plains,WI,53528,http://www.zanderplace.com/
242191,AMLI West Loop,205 S Peoria St,Chicago,IL,60607,https://www.amli.com/apartments/chicago/west-loop-apartments/amli-west-loop
2196,Hickory Highlands,100 Hickory Highlands Dr,Antioch,TN,37013,https://www.hickoryhighlandsapts.com/
68537,SYMBOL Scotts Addition,1814 Highpoint Ave,Richmond,VA,23230,http://symbolrva.com/
51921,Deer Run,9957 Darrow Park Dr,Twinsburg,OH,44087,https://www.liveatdeerrunapts.com/
298547,Allora Creekbend,7001 Clementine Trl,Fairburn,GA,30213,https://alloracreekbendapartments.com/
64789,Spectrum Majestic,120 Paramount Park Dr,Gaithersburg,MD,20879,http://www.spectrum270.com/gaithersburg-gaithersburg/spectrum-majestic/
62159,Cottages on Tazewell,5120 Andover Green Way,Knoxville,TN,37918,https://www.dlhproperties.net/property/cottages-on-tazewell/
57195,Tribeca,720 W 3rd Ave,Columbus,OH,43212,https://tribecacolumbus.com/
223507,The West Living,6620 W National Ave,West Allis,WI,53214,https://mandelgroup.com/apartments/the-west-living/
68313,The Maxwell,7777 Adelaide St,Frisco,TX,75034,https://www.themaxwellfrisco.com/
63770,1000 Kiely,1000 Kiely Blvd,Santa Clara,CA,95051,https://www.essexapartmenthomes.com/apartments/1000-kiely?sc_camp=2648D1300BEC431BB11EB86F02F52DBD&utm_source=googlesearch
295254,Broadstone Overlands,5000 Collina Ter,Clermont,FL,34711,https://broadstoneoverlands.com/
28538,The Mark,24650 Amador St,Hayward,CA,94544,https://www.experiencethemark.com/
12566,High Point Crossing,524 Richmond Hill Rd W,Augusta,GA,30906,https://www.highpointcrossingapts.com/index.php
252585,Titletown Flats,1162 Brookwood Dr,Green Bay,WI,54304,https://titletownflats.com/
238797,Revere at Hidden Creek,2067 Springdale Ln,Gallatin,TN,37066,https://www.reverehiddencreek.com/
43,Centennial Place,7001 S Congress Ave,Austin,TX,78745,http://www.centennialplaceapts.com/
17965,Laguna Park,4014 W Waters Ave,Tampa,FL,33614,https://lagunapark.pmiflorida.com/
252153,District at 54,700 Corporate Center Dr,Raleigh,NC,27607,https://www.districtat54.com/
33764,Haven at Birkdale Village,16725 Birkdale Commons Pkwy,Huntersville,NC,28078,https://havenbirkdalevillage.com/
239952,AMLI Toscana Place,5971 Toscana Dr,Davie,FL,33314,https://www.amli.com/apartments/southeast-florida/fort-lauderdale-apartments/amli-toscana-place
217716,Taylor Pointe Residences,4-6 Sanders St,Nashua,NH,3060,https://www.taylorpointeresidences.com/
282952,Melissa Ranch,4500 Pue Rd,San Antonio,TX,78245,https://www.melissaranchapartments.com/
14314,Copper Terrace,6550 S Dayton St,Centennial,CO,80111,https://www.copperterraceapartments.com/?rccustomid=Mzc5Mjg%3d-PD8Nk26WIAE%3d&gad_source=1&gclid=EAIaIQobChMIzced0d6DhgMVG6VmAh3B2AVPEAAYASAAEgK2m_D_BwE
56775,Avalon Hill Country,3499 Ranch Rd 620 S,Austin,TX,78738,https://www.avaloncommunities.com/texas/austin-apartments/avalon-hill-country/
50950,Bishops Gate,8075 Somerset Chase,Cincinnati,OH,45249,http://www.bishopsgateapts.com/
9168,The Lake Lofts,2795 N Buckner Blvd,Dallas,TX,75228,https://www.thelakeloftsapts.com/
251974,Domain at Founders Parc,880 W Euless Blvd,Euless,TX,76040,https://www.domainatfoundersparc.com/
19851,One Superior Place,1 W Superior St,Chicago,IL,60654,https://onesuperiorplace.com/
67516,The Eastland,1035 W Eastland Ave,Nashville,TN,37206,https://www.theeastlandnashville.com/
1310,Green Oaks at Medical,5903 Danny Kaye Dr,San Antonio,TX,78240,https://www.colinasatmedical.com/
222652,Turtle Dove I,3516 Matilda St,Dallas,TX,75206,https://liveatturtledove.com/
52967,Seville at Mace Ranch,4501 Alhambra Dr,Davis,CA,95618,http://www.liveattheseville.com/
17161,Monterey Villas,7000 La Praix St,Highland,CA,92346,https://www.allenproperties.net/monterey-villas-highland-ca/
257792,Moana Vista Apartments,1720 Ala Moana Blvd,Honolulu,HI,96815,https://www.moanavista.com
32995,2400 M Apartments,2400 M St NW,Washington,DC,20037,http://www.equityapartments.com/washington-dc/georgetown/2400-m-apartments
8366,Brookside 112,4619 NE 112th Ave,Vancouver,WA,98682,https://www.brookside112.com/
262539,Modera Montville,340 Changebridge Rd,Pine Brook,NJ,7058,https://www.moderamontville.com/
220976,The Summit at Rivery Park I,1400 Rivery Blvd,Georgetown,TX,78628,http://riveryparkapts.com/
299535,Alpine Landing,8925 W State St,Garden City,ID,83714,https://www.livealpinelanding.com/
55165,Legacy Oaks,675 White Oak Cir,Independence,OR,97351,http://legacyoaksapts.com/
73916,Riverbank Apartments,4433 Continental Way,Stockton,CA,95207,https://www.riverbankapartments.com/
269320,Collection Champions Circle,15901 Championship Pkwy,Fort Worth,TX,76177,https://www.collectionchampionscircle.com/
300551,AVIA Liberty Ridge,8365 Dix Ellis Trail,Jacksonville,FL,32256,https://www.avialibertyridge.com/
52348,The Vue,110 Somerset St,New Brunswick,NJ,8901,http://thevuenj.com/
297341,Colina WeHo,80 W Oxmoor Rd,Birmingham,AL,35209,https://colinaweho.com/
16758,Sonoma at Oak Creek,700 Sonoma Aisle,Irvine,CA,92618,https://www.irvinecompanyapartments.com/locations/orange-county/irvine/oak-creek/sonoma.html
2957,Arbor Park of Alexandria,6340 Wingate St,Alexandria,VA,22312,http://arborparkofalexandria.com
271348,Alta Rochelle,1021 South St,Nashville,TN,37203,https://altarochelle.com/
48897,Brittany Place of LaGrange,1235 Hogansville Rd,LaGrange,GA,30241,https://www.southwoodrealty.com/community/brittany-place-apartments-of-lagrange/
282381,Mission Ranch,FM Rd 16,Lindale,TX,75771,https://www.missionmanagementlindale.com/
67689,Adara Overland Park,13401 Westgate St,Overland Park,KS,66213,https://www.adaraoverlandpark.com/
19535,Windsor Court,614 Cedar Ln #2,Knoxville,TN,37912,https://www.livewindsorcourt.com/
70238,Grace Apartments,1002 SW Gaines st,Portland,OR,97239,http://www.graceapartmentscr.com/
33996,Hampshire Green,15 Iron Horse Dr,Bedford,NH,3110,https://www.hampshiregreenapartments.com/
302570,The Landings at Gateway,19290 E 59th Ave,Denver,CO,80249,https://www.landingsatgateway.com/
47991,Rose Vista,1223 1/2 Rose Vista Ct,Roseville,MN,55113,https://www.myrosevistahome.com/
261530,Waterline Square,400 W 61st St,New York,NY,10069,https://www.waterlinesquare.com/
12586,Avondale at Warner Center,22222 Victory Blvd,Woodland Hills,CA,91367,https://www.essexapartmenthomes.com/apartments/woodland-hills/avondale-at-warner-center
13607,Casa Del Mar,5101 Palm Hill Dr,West Palm Beach,FL,33415,https://www.casadelmarwpb.com/
34785,Pepper Tree,2701 Longmire Dr,College Station,TX,77845,http://adaraportal.yottareal.com/pages/HomePage.aspx?Id=55
22138,Greenway Park,2756 Golfside Rd,Ann Arbor,MI,48108,http://www.barnesapts.com/web/
62178,Bungalows,9755 Silver Sky Pkwy,Reno,NV,89506,https://thebungalowsatskyvista.com/
73949,Diamond Ridge,5235 Glen Ridge Dr,San Antonio,TX,78229,www.livediamondridgeapt.com
269664,The Pinnacle at Stone Creek Falls,2269 Stone Falls Rd,Republic,MO,65619,https://www.stonecreekfalls.com/apartments/mo/brookline/the-pinnacle#/
36168,Bennington Hills,340 Bennington Hills Ct,West Henrietta,NY,14586,http://www.benningtonhillsapartments.com/amenities.html
32336,1210 Mass Apartments,1210 Massachusetts Ave NW,Washington,DC,20005,http://www.equityapartments.com/washington-dc/washington-dc-apartments/northwest-dc/1210-mass-apartments.aspx
20050,Carmel Creek,11724 Carmel Creek Rd,San Diego,CA,92130,https://www.essexapartmenthomes.com/apartments/san-diego/carmel-creek?sc_camp=2648D1300BEC431BB11EB86F02F52DBD&utm_source=googlesearch
252218,The Piedmont Raleigh,7621 Triangle Promenade Dr,Raleigh,NC,27616,https://thepiedmontraleigh.com/
3108,Woodman Park,4996 Woodman Park Dr,Dayton,OH,45432,www.woodmanpark.com
8740,Parc Plaza,333 E Denton Dr,Euless,TX,76039,https://livebh.com/apartments/parc-plaza-apartments/
267117,Azure Carnes Crossroads,900 Conway Circle,Summerville,SC,29486,https://www.azurecarnescrossroads.com/
71651,Waterfront at the Marina,375 Harbour Cove Dr,Sparks,NV,89434,http://www.waterfrontmarinaliving.com/
15541,Palms at Clear Lake,1300 Gemini St,Houston,TX,77058,https://livebh.com/apartments/the-palms-at-clear-lake-apartments/
39346,Bella Mirage,3800 N El Mirage Rd,Avondale,AZ,85392,https://www.bellamirageapts.com/
38517,Auxo at Memorial,7777 Katy Fwy,Houston,TX,77024,https://www.auxoatmemorial.com/
69323,Fusion 355,355 Eldorado Blvd,Broomfield,CO,80021,https://www.fusion355.com/
60941,Link Brookstown,150 Peters Creek Pkwy,Winston-Salem,NC,27101,https://www.linkbrookstown.com/
272772,Hawkeye Village,1422 Irish Dr,Waterloo,IA,50701,http://hawkeyevillageapartments.com/
12727,Riverway,1909 Hamman Rd,Bay City,TX,77414,https://riverway.3cmmultifamily.com/
265383,Monterey Garden,150 W 3rd Ave,San Mateo,CA,94402,https://www.themontereygarden.com/
3379,Atwater Cove,425 Merrimac Way,Costa Mesa,CA,92626,https://www.atwatercove.com/
217605,Bennett Pointe,930 S Blvd,Edmond,OK,73034,https://www.livebennettpointe.com/
237704,AMLI on Aldrich,2401 Aldrich St,Austin,TX,78723,https://www.amli.com/apartments/austin/mueller-apartments/amli-on-aldrich
46920,Arbor Park Gainesville,309 SW 16th Ave,Gainesville,FL,32601,https://arborpark.com/
64390,Broadway Palace,1026 S Broadway,Los Angeles,CA,90015,http://www.broadwaypalaceapartments.com
61951,Ellis at Germantown,1600 Rosa L Parks Blvd,Nashville,TN,37208,https://www.ellisgermantown.com/
37972,Eagle Rock Apartments at West Hartford,1248 Farmington Ave,West Hartford,CT,6107,https://www.eaglerockproperties.com/apartments/ct/west-hartford/eagle-rock-apartments-of-west-hartford/
62177,Estate at Woodmen Ridge,5520 Woodmen Ridge View,Colorado Springs,CO,80923,www.liveatestate.com
252794,Vintage Station North,2099 N Mt Juliet Rd,Mt. Juliet,TN,37122,https://www.stationnorthapts.com/
245185,Parkwood Apartments,826 S Schumaker Dr,Salisbury,MD,21804,https://www.parkwoodsby.com/
11342,The Village Lakes,5605 Village Glen Dr,Dallas,TX,75206,https://www.thevillagedallas.com/properties/the-village-lakes/
250124,One Clinton Park,55 Clinton Pl,New Rochelle,NY,10801,https://oneclintonpark.com/
228582,1274 at Towson,1274 E Joppa Rd,Towson,MD,21286,https://www.udr.com/baltimore-apartments/towson/1274-at-towson/
47523,Luma Apartments,2600 W Ina Rd,Tucson,AZ,85741,https://www.villageatthefoothills.com/?utm_knock=gmb
33267,Brookside Village,28700 34th Ave S,Auburn,WA,98001,https://www.brooksidevillageapts.com/
52328,The Fort Apartments,9230 Memorial Park Dr,Indianapolis,IN,46216,http://www.livethefort.com
2587,The Palms at Laguna Niguel,28188 Moulton Pkwy,Laguna Niguel,CA,92677,https://www.essexapartmenthomes.com/california/orange-county-area-apartments/laguna-niguel-apartments/the-palms-laguna-niguel
27941,MAA Twin Lakes,11500 Myrtlewood Dr,Sanford,FL,32771,https://www.maac.com/florida/orlando/maa-twin-lakes/
293735,Pelican Crossing,311 Hope Bird Ln,Longs,SC,29568,https://pelicancrossingapartments.com/
40566,The Courts at Huntington Station I,5950 Grand Pavilion Way,Alexandria,VA,22303,http://www.udr.com/washington-dc-apartments/alexandria/the-courts-at-huntington-station/
34880,The Morehead,5518 W Market St,Greensboro,NC,27409,http://www.morehead-apts.com/
265769,Signal,397 N Central Ave,Hapeville,GA,30354,https://livesignalapartments.com/
78381,Rose Park Commons,1634-1635 W Eldridge Ave,Roseville,MN,55113,https://krcapartments.com/property-detail/?propid=148&propname=1634EA%20Rose%20Park
45318,Tall Oaks Apartment Homes,6675 Tall Oaks Dr,Kalamazoo,MI,49009,https://www.talloaks-apartments.com
75722,Birch Pond,5 Birch Pond Dr,Shallotte,NC,28470,http://www.birchpondapts.com/
220088,Ashbrooke,415 NE Delaware Ave,Ankeny,IA,50021,http://www.ashbrookeapts.com/
236195,Walnut Crossing,3300 Union Deposit Rd,Harrisburg,PA,17109,https://parkrunmgt.com/listing/walnut-crossing/#
37065,Pointe Inverness,7051 Pointe Inverness Way,Fort Wayne,IN,46804,https://www.ptinverness.com/
229748,Chestnut Street,143 Chestnut St,Santa Cruz,CA,95060,https://www.essexapartmenthomes.com/apartments/chestnut-street
23306,Villas Willow Glen,850 Meridian Way,San Jose,CA,95126,www.villaswillowglen.com
252997,The Eddy,555 1st St,Harrison,NJ,7029,https://ironstate.com/property/the-eddy/
255578,Circa Fitzsimons,11700 E 26th Ave,Denver,CO,80238,https://www.equityapartments.com/denver/central-park/circa-fitzsimons-apartments
27595,Positano,10115 Jeffreys St,Las Vegas,NV,89183,http://lasvegasliving.com/community/positano
217511,Soleste SeaSide,4 N Federal Hwy,Dania Beach,FL,33004,https://solesteseaside.com/
20349,Loma Palisades,2799 Adrian St,San Diego,CA,92110,http://www.lomapalisades.com/
74872,Heather Ridge,454 Heather Dr N,Mantua,NJ,8051,http://heatherridgeapts.net/
77585,The Willows at Ashley Park,300 Ashley Park Blvd,Newnan,GA,30265,www.willowsashleypark.com
297957,James Run,2786 Megan Way,Bel Air,MD,21015,https://www.jamesrunapartments.com/
229986,The Adley Lakewood Ranch Waterside,2401 Lakewood Ranch Blvd N,Sarasota,FL,34240,https://www.theadleylife.com?utm_source=realpage&utm_medium=referral&utm_campaign=cta
13925,Sterling Glen,1121 Indian Trail Lilburn Rd NW,Norcross,GA,30093,http://www.sterlingglenapthomes.com/
16969,Hidden Hills,30041 Tessier St,Laguna Niguel,CA,92677,https://www.elevatetosequoia.com/apartments/ca/laguna-niguel/hidden-hills-condominium-rentals/
39573,Prime at Gardenside,2044 Georgian Way,Lexington,KY,40504,https://www.liveprimegardenside.com/
253788,Legacy Cool Springs,2000 Aureum Dr,Franklin,TN,37067,https://www.goldbergcompanies.com/legacy-cool-springs-franklin-tn/
72988,River Springs at Barge Ranch,3300 N Main St,Belton,TX,76513,http://www.riverspringsatbargeranchapts.com/
275548,Redwood Kannapolis Parkway,5476 Milestone Ave,Kannapolis,NC,28081,https://www.byredwood.com/apartments/nc/kannapolis/redwood-kannapolis-parkway/
60316,Highland Park,1625 S Marion Ave,Springfield,MO,65807,https://www.highlandparkapartmenthomes.com/
36198,Lion's Gate,10101 Northeast Ave,Philadelphia,PA,19116,https://galmangroup.com/property/lions-gate-apartments/
46355,Kickingbird Hills,1900 Kickingbird Rd,Edmond,OK,73034,https://kickingbirdapts.com/
237769,Avalon Frisco North,12050 Research Rd,Frisco,TX,75033,https://www.avaloncommunities.com/texas/frisco-apartments/avalon-frisco-north/?utm_source=vurl&utm_campaign=valefrisco&utm_medium=redirect
4079,The View at Waters Edge,6175 Reflections Blvd,Lantana,FL,33462,https://www.aspensquare.com/apartments/florida/lantana/the-view-at-waters-edge?utm_source=google&utm_medium=referral
24542,Archstone Fremont Center Apartments,39410 Civic Center Dr,Fremont,CA,94538,http://www.equityapartments.com/california/san-francisco-bay-apartments/fremont/archstone-fremont-center-apartments.aspx
58156,District at Seven Springs,300 Seven Springs Way,Brentwood,TN,37027,http://www.districtsevensprings.com/
232876,MAA Denton Pointe,5951 NW 63rd Terrace,Kansas City,MO,64151,https://www.maac.com/available-apartments/?propertyId=780165&Bedroom=undefined%20Bed
14336,Mountain View Casitas,1130 E Grovers Ave,Phoenix,AZ,85022,https://www.mountainviewcasitas.com/
58969,Cirrus,2030 8th Ave,Seattle,WA,98121,https://www.cirrusseattle.com/
258188,Springs at Lakeville,17400 Glacier Wy,Lakeville,MN,55044,https://www.springsapartments.com/apartments/mn/lakeville/springs-at-lakeville/
2709,Wellington Place at Olde Town,10303 7th Regiment Dr,Manassas,VA,20110,https://www.udr.com/washington-dc-apartments/manassas/wellington-place-at-olde-town/
261603,Wellspring,2327 S Arizona Ave,Pecos,TX,79772,https://www.wellspringpecos.com/
12377,Metropolitan at Cityplace,2802 N Carroll Ave,Dallas,TX,75204,https://www.metropolitancityplace.com/
95149,HQ @ 1532 Harrison,1532 Harrison St,San Francisco,CA,94103,https://www.udr.com/san-francisco-bay-area-apartments/west-soma/hq-apartments/
42525,Park Place Apartments,7514 Hogan Rd,Jacksonville,FL,32216,http://www.parkplacejville.com/
292894,Lenox Timbergrove,2825 W 11th St,Houston,TX,77008,https://www.lenoxtimbergroveapts.com/
257557,The Salado at Red Berry,902 Gembler Rd,San Antonio,TX,78219,https://thesaladoredberry.com
23963,Luna Bear Arcos,1637 E Missouri Ave,Phoenix,AZ,85016,http://www.arcosphx.com/
61392,Arcata,901 Xenia Ave S,Golden Valley,MN,55416,https://www.arcataapts.com/?rcstdid=MzI%3d-GJOvflXLv8M%3d&_yTrackUser=MTUzMjg2OTE3MSMxMDY1NTY0NDMw-9pP/Dv/V3lw=&_yTrackVisit=MjY3MTA1OTMwNyMxNjU1MDY2NzA2-lh+SCtG9cEw=&_yTrackReqDT=30551620222202&_ga=2.45461732.1112719589.1645548303-290798097.1645548303
49248,Sandpiper,1496 Spring Ln,Holladay,UT,84117,https://www.sandpiperapartmentssaltlakecity.com/
17984,Alessio,5700 W Centinela Ave,Los Angeles,CA,90045,https://www.essexapartmenthomes.com/apartments/los-angeles/alessio
40117,Sofi at 50 Forest,50 Forest St,Stamford,CT,6901,https://www.sofiat50forest.com/
279103,Shade,10340 S Decatur Blvd,Las Vegas,NV,89141,https://shadeapartments.com/
67327,Windsong Estates,4500 Bluestem Dr,Prosper,TX,75078,https://windsongestatesprosper.com/
33318,Riverstone,7459 Rush River Dr,Sacramento,CA,95831,http://www.riverstoneaptliving.com/
7797,Village at Del Mar Heights,13138 Kellam Ct,San Diego,CA,92130,https://www.equityapartments.com/san-diego/del-mar/the-village-at-del-mar-heights-apartments
50160,Costa Azul,3404 9th Ave N,Texas City,TX,77590,https://www.costaazulapts.net/
259786,Viking Lakes I,710 Vikings Pkwy,Eagan,MN,55121,https://vikinglakesresidences.com/
2537,Bothell Ridge,19928 Bothell Everett Hwy,Bothell,WA,98012,https://www.essexapartmenthomes.com/apartments/bothell-ridge
49529,Enclave,13300 Enclave Dr,Midlothian,VA,23114,https://www.enclaverichmond.com/
51080,Verandas at Taylor Oaks,7701 Taylor Oaks Cir,Montgomery,AL,36116,https://www.liveattayloroaks.com/
4579,Laurel Crossing,203 Laurie Meadows Dr,San Mateo,CA,94403,https://www.laurelcrossingapthomes.com/en/apartments/floor-plans.html
304379,Crossings at Windsong,3830 N Windsong Dr,Prescott Valley,AZ,86314,https://www.crossingswindsong.com/
29673,Le Montreaux,3605 Steck Ave,Austin,TX,78759,www.lemontreaux.com
70938,Maybrook,325 Penn Rd,Wynnewood,PA,19096,http://maybrook.com/
259569,Beaumont Oaks,115 Beaumont Oaks Dr,Wilmington,NC,28411,https://beaumontoaksatportersneck.com/floorplans/
77713,Pure Redmond Apartments,17634 NE Union Hill Rd,Redmond,WA,98052,https://www.essexapartmenthomes.com/apartments/pure-redmond
26730,Camden Brookwood,147 26th St NW,Atlanta,GA,30309,https://www.camdenliving.com/apartments/atlanta-ga/camden-brookwood
254488,Gathering at Arbor Greens,13514 NW 1st Ln,Newberry,FL,32669,https://www.thegatheringapartments.com/
56151,Brandon Place,6700 W Memorial Rd,Oklahoma City,OK,73142,www.brandonplaceapthome.com
69203,The Marq,4781 Alicia Dr,Virginia Beach,VA,23462,https://www.livemarqvb.com/
12985,Meadowood,1733 Cochran St,Simi Valley,CA,93065,https://www.essexapartmenthomes.com/california/ventura-county-apartments/simi-valley-apartments/meadowood
20977,Cobblestone,15449 N 25th Ave,Phoenix,AZ,85023,https://www.cobblestonephx.com/
28085,Canyon Square Townhomes,8030 Old Kings Rd S,Jacksonville,FL,32217,http://www.canyonsquare.com/
11805,Woodland Hills,3541 W Northgate Dr,Irving,TX,75062,http://www.thewoodlandhills411.com/
1973,Rosslyn Heights,1800 N Quinn St,Arlington,VA,22209,http://www.rosslynheights.com/
261358,Edge Avenue G,100 Ave G,Bayonne,NJ,7002,https://www.edgebayonne.com/avenueg/
253743,Walcott Jeffersonville,222 W Maple St,Jeffersonville,IN,47130,https://www.thewalcottjeffersonville.com/
238662,The Hydro,101 Manchester Rd,Richmond,VA,23224,https://www.lifeathydro.com/
241798,Waterford Landings,135 Westfield Ct,Clarksville,TN,37040,https://www.waterfordlandingsapartments.com/
26901,Bordeaux,1 Ambroise,Newport Beach,CA,92657,https://www.irvinecompanyapartments.com/communities/bordeaux
24315,Riley Square,3707 Poinciana Dr,Santa Clara,CA,95051,https://www.essexapartmenthomes.com/apartments/santa-clara/riley-square
218985,MAA Trinity II,1140 Trinity Pine Ln,Raleigh,NC,27607,https://www.maac.com/north-carolina/raleigh-cary/maa-trinity/
19924,Maybeck at the Bend,13830 SW Chinn Ln,Tigard,OR,97224,https://www.maybeckapartments.com/
255134,Cortland Royal Palm Beach,11200 Nicole Dr,Royal Palm Beach,FL,33414,https://cortland.com/apartments/the-villas-at-tuttle-royale/
38541,Camden Brushy Creek,1101 Brushy Creek Rd,Cedar Park,TX,78613,https://www.camdenliving.com/apartments/cedar-park-tx/camden-brushy-creek#overview
74571,Stoney Park Place,56114 Stoney Pl Dr,Shelby Township,MI,48316,http://stoneyparkplace.com/
227989,Camden Riverwalk,3800 Grapevine Mills Pkwy,Grapevine,TX,76051,https://www.camdenliving.com/apartments/grapevine-tx/camden-riverwalk
238540,29 WYN,2828 NW 1st Ave,Miami,FL,33127,https://29wyn.com/
241680,Blu on Farrington,5840 Farrington Rd,Chapel Hill,NC,27517,https://www.bluonfarrington.com/blu-on-farrington-chapel-hill-nc
51998,Thousand Oaks,6900 Sumner St,The Colony,TX,75056,http://toapts.com/
17102,Woodbridge Willows,344 Knollglen,Irvine,CA,92614,https://www.irvinecompanyapartments.com/locations/orange-county/irvine/woodbridge/woodbridge-willows.html
59063,CityScape Residences,11 S Central Ave,Phoenix,AZ,85004,https://www.cityscaperesidences.com
19940,Portola Biltmore,2323 E Flower St,Phoenix,AZ,85016,https://www.portolabiltmore.com/
24648,Camden Overlook,4703 Summit Overlook Dr,Raleigh,NC,27612,https://www.camdenliving.com/apartments/raleigh-nc/camden-overlook
35540,The Flats At Dupont Circle Apartments,2000 N St NW,Washington,DC,20036,https://www.equityapartments.com/washington-dc/dupont-circle/the-flats-at-dupont-circle-apartments
15049,Verandah at Lakepointe,8300 Farm to Market 1960 Rd E,Humble,TX,77346,https://verandahlake.com/
258309,Atlee Square,200 Middletown Blvd,Langhorne,PA,19047,https://www.liveatleesquare.com/
26892,Avalon at Arlington Square,2350 26th Ct S,Arlington,VA,22206,https://new.avaloncommunities.com/virginia/arlington-apartments/avalon-at-arlington-square/?utm_source=gmb&utm_medium=organic&utm_campaign=gmblist
262518,Bloom,13120 NE 85th St,Kirkland,WA,98033,https://www.bloomkirkland.com/
240168,Parker Hilltop,19600 Clubhouse Dr,Parker,CO,80138,www.parkerhilltopapartments.com
19538,Stadium Apartments,2999 Woodway Dr SW,Huntsville,AL,35805,http://www.stadiumapartmentshuntsville.com/
303514,The Arno at Coventry,6711 S 206th Plaza,Omaha,NE,68022,https://thearno.com/
78910,Hawthorne at Friendly,900 Hobbs Rd,Greensboro,NC,27410,http://www.hawthorneatfriendly.com/
13736,The Langston,2301 Godby Rd,Atlanta,GA,30349,https://thelangstonapt.com/?fbclid=IwAR2uEIPisZyXyAqyGBlftuomKvu-bD-YGOw_3kZ5CqLqiGIYRL0rLIJ-aZE
228359,Milo,4109 E 10th Ave,Denver,CO,80220,https://www.equityapartments.com/denver/congress-park/milo-apartments
257779,38 North,1020 Kawana Springs Rd,Santa Rosa,CA,95404,https://www.rent38north.com/?utm_source=apartmentseo&utm_medium=gmb&utm_campaign=organicmaplisting
12380,McDermott Place,8900 Independence Pkwy,Plano,TX,75025,https://www.mcdermottplace.com/
46576,Campus Pointe,1601 NW 30th St,Oklahoma City,OK,73118,https://www.proresidential.com/oklahoma-properties/campus-pointe-
11793,The Laney,7474 Skillman St,Dallas,TX,75231,https://livethelaney.com/
33550,Princeton Bradford Apartment Homes,28 Forest Acres Dr,Haverhill,MA,1835,https://www.princetonbradford.com/
75314,Village Park at Paladin,101 Clifton Park Cir,Wilmington,DE,19802,https://pettinaro.com/village-park-paladin/
60727,The Reserves at Alafaya,3715 Alafaya Heights Rd,Orlando,FL,32828,https://www.liveatreservesatalafaya.com/
278113,Ascend NonaWest I,4000 Nona West Blvd,Orlando,FL,32824,https://ascendnonawest.com/?utm_source=gbp&utm_medium=organic&utm_campaign=website_clicks
43097,Big Creek Apartments and Townhomes,11540 Apache Dr,Parma Heights,OH,44130,https://www.goldbergcompanies.com/big-creek-apartments-parma-heights-oh/?utm_source=GMB&utm_medium=Website
39779,Riverpark Apartments,15803 Bear Creek Pkwy,Redmond,WA,98052,https://www.lifeatriverparkapartments.com/riverpark-apartments-redmond-wa/
48075,Edgefield,5699 Craneybrook Ln,Portsmouth,VA,23703,https://www.edgefieldaptsva.com/
2958,Newport Village I,4757 W Braddock Rd,Alexandria,VA,22311,https://www.udr.com/washington-dc-apartments/alexandria/newport-village
16196,Village Square Apartments,12011 Veirs Mill Rd,Wheaton,MD,20906,http://www.villagesquarewheaton.com/Home/Index/36189
34523,Constellation Ranch,500 W Loop 820 S,Fort Worth,TX,76108,https://www.constellationranchtx.com/
16198,Rose Luxury Apartments,10853 Rose Ave,Los Angeles,CA,90034,https://www.theroseapts.com/
234916,Camden Vanderbilt,7171 Buffalo Speedway,Houston,TX,77025,https://www.camdenliving.com/apartments/houston-tx/camden-vanderbilt?utm_source=gmb&utm_medium=local&utm_campaign=camden-vanderbilt&y_source=1_MTE2Nzc0ODMtNzE1LWxvY2F0aW9uLndlYnNpdGU%3D
20192,Twelve Central Square,10290 NE 12th St,Bellevue,WA,98004,https://www.12centralsquare.com/
41556,Steeplechase on Maple,14949 Manderson Plaza,Omaha,NE,68116,https://www.steeplechase-apartments.com/
15064,Camden Holly Springs,680 W Sam Houston Pkwy S,Houston,TX,77042,https://www.camdenliving.com/apartments/houston-tx/camden-holly-springs
14596,Portola South Mountain,7611 S 36th St,Phoenix,AZ,85042,https://www.portolasouthmountain.com/
280355,Town Center Apartments,4653 S Amherst Hwy,Madison Heights,VA,24572,https://www.mhtowncenter.com/
292887,Horizon Apartments and Villas,4750 Innovation Dr,Lincoln,NE,68521,https://www.horizonlivingtoday.com/
27096,The Summit at Avent Ferry,1025 Avent Hill,Raleigh,NC,27606,http://www.summitaventferry.com/
261648,The Larson,3706 Larson Ln W,University Place,WA,98466,https://www.larsonapts.com/
263732,Hoyt Tower,50-54 Sussex Ave,Newark,NJ,7103,https://www.hoyttowernewark.com/
120503,The Bridges Lofts,1501 State St,Bettendorf,IA,52722,https://bettendorflofts.com/
253774,27Seventy Lower Heights,2770 Summer St,Houston,TX,77007,https://www.27seventylowerheights.com/
32097,Clemmons Trace Village,114 Willow Trace Cir,Clemmons,NC,27012,http://www.clemmonstracevillage.com/
72374,Alderwood Park,277 Junction Ave,Livermore,CA,94551,https://www.alderwoodparkaptliving.com/
73728,Rockside Park Towers,25400 Rockside Rd,Bedford Heights,OH,44146,https://www.ownerslive.com/apartments/oh/bedford-heights/rockside-park-towers/?utm_source=GBP&utm_medium=organic
60939,Greenarch,10 N Greenwood Ave,Tulsa,OK,74120,http://www.greenarchtulsa.com/
221319,Royal Park,501 HWY 54 Bypass,Carrboro,NC,27510,https://gscapts.com/apartments/north-carolina/royal-park/
234945,IMT Belasera at Superior,17720 Superior St,Northridge,CA,91325,https://www.imtresidential.com/imtbelaseraatsuperior/
32561,Pacific View,5162 Whitman Way,Carlsbad,CA,92008,https://www.irvinecompanyapartments.com/locations/san-diego/carlsbad/pacific-view.html
48052,Summerville Station,1660 Old Trolley Rd,Summerville,SC,29485,https://www.summervillestationapts.com/
250342,Station House,16550 NE 79th St,Redmond,WA,98052,https://www.stationhouseredmond.com/
2305,Sun Lake Apartments,420 Sun Lake Cir,Lake Mary,FL,32746,www.livesunlake.com
217564,Altitude,2769 Palmer Ave,Glenwood Springs,CO,81601,https://www.altitudeglenwoodsprings.com/
67146,Aria at Millenia,5000 Millenia Palms Dr,Orlando,FL,32839,https://ariaatmillenia.com/
23788,The Aspect,4900 E Oltorf St,Austin,TX,78741,https://www.theaspectaustin.com/
34500,Cortland Brier Creek,7920 Oak Estate St,Raleigh,NC,27617,https://cortland.com/apartments/cortland-brier-creek/
268521,The Lucy,2063 Marshall Ave,St Paul,MN,55104,https://thelucystpaul.com/
274886,Aster Village Two,1251 Aster Dr,Tiffin,IA,52340,https://parkplace380.com/listings/aster-village-two/
243907,Tall Oaks Apartments,2330 N Oliver St,Wichita,KS,67220,http://www.talloaksapt.com/
54553,AMLI Evanston,737 Chicago Ave,Evanston,IL,60202,https://www.amli.com/apartments/chicago/near-north-suburbs-apartments/amli-evanston
40989,Savoye,3850 Vitruvian Way,Addison,TX,75001,http://www.savoyeaddison.com/
53165,Foxwood and The Hermitage,4805 Fox Valley Ave Dr,Portage,MI,49024,https://www.foxwood-apartments.com/?utm_source=GMB&utm_medium=organic
261580,1515 Park Place,1515 Park Pl,Brooklyn,NY,11213,https://www.1515parkplace.com/
35934,Hawthorn Village,3663 Solano Ave,Napa,CA,94558,http://www.hawthornvillageapts.com
221973,The Park,4690 Log Cabin Dr,Macon,GA,31204,https://www.thepark4690.com/
6281,Wildwood,7610 Cameron Rd,Austin,TX,78752,http://www.wildwoodaustin.com/
1767,Waverly Place,1900 Waverly Pl Ln,North Charleston,SC,29418,http://www.waverlyplace-apts.com/
84757,Meridia Transit Plaza,1 W Dickerson St,Dover,NJ,7801,https://www.meridiatransitplaza.com/
45720,Piper Lofts at Crossroads,117 W 20th St,Kansas City,MO,64108,http://www.piperlofts.com
3535,Aspire Thunderbird,5150 W Eugie Ave,Glendale,AZ,85304,https://www.aspirethunderbird.com/
219128,The Curb,200 Glover Ave,Norwalk,CT,6850,https://www.thecurbapts.com/
74067,The Huntington,913 Lilly Rd NE,Olympia,WA,98506,https://sites.google.com/site/huntingtonapartments
296916,Vivo Living Port Royal,1660 Ribaut Rd,Port Royal,SC,29935,https://www.vivolivingportroyal.com/
60146,Woodmont Place at Palmer,100 Woodmont Cir,Easton,PA,18045,http://www.woodmontpalmer.com/Lehigh-Valley-PA-apartments.asp
36341,CenterPointe Apartments and Townhomes,5570 Centerpointe Blvd,Canandaigua,NY,14424,https://www.ctpapts.com/
63122,The Artessa,1000 Artessa Cir,Franklin,TN,37067,https://www.artessafranklin.com/?utm_knock=g
61459,Oak Street Townhomes,417 15th Ave SE,St Cloud,MN,56304,http://www.thiestalle.com/properties/oakstreet-st-cloud.html
18194,Parke Place Townhomes,44 New Zealand Rd,Seabrook,NH,3874,https://www.forestproperties.net/property/availabilities/parke-place-village
25063,Highgrove at Big Bend,747 Westbrooke Village Dr,Manchester,MO,63021,https://www.highgroveatbigbend.com
240525,RiverMark Northern Liberties,501 N Christopher Columbus Blvd,Philadelphia,PA,19123,https://rivermarknorthernliberties.com/
67598,Lofts At Little Creek,1315 Creekshire Way,Winston-Salem,NC,27103,http://www.loftsatlittlecreek.com/
242344,Franklin Flats,3208 W 7th St,Greeley,CO,80634,www.franklinflatsapts.com
32065,Carlisle Park Apartments,525 3rd St,Carlisle,PA,17013,http://www.rentcarlislepark.com/
5791,Greens at Hollymead,1950 Powell Creek Ct,Charlottesville,VA,22911,https://www.thegreensathollymead.com/
241986,West Lake Quarter - The Gateway,3420 List Pl,Minneapolis,MN,55416,https://www.thegatewayatwlq.com/
37360,Goldstone Place,1200 S 1500 E,Clearfield,UT,84015,http://www.goldstoneplace.com
286698,The Southerly at Shipyards,130 Shipyard Way,St Augustine,FL,32084,https://www.thesoutherlyattheshipyard.com/
53440,The Reserves Of Thomas Glen,123 Thomas Glen Dr,Shepherdsville,KY,40165,http://www.thomasglenapartments.com/
78713,Amorance,2001 Commerce St,Alpharetta,GA,30009,https://www.liveamorance.com/
283780,Riverwalk Luxe,115 Wilcox St,Castle Rock,CO,80104,https://www.livingrw.com/
27165,Regatta Apartments Homes,1315 E NASA Pkwy,Houston,TX,77058,https://www.regatta-apts.net/
271190,The Millstone Commons,2200 S Daylight Dr,Sioux Falls,SD,57110,https://www.millstonecommons.com/
65138,The Thornton,1953 NW Overton St,Portland,OR,97209,https://www.thethorntonpdx.com/
16078,San Cervantes,400 N Coronado St,Chandler,AZ,85224,https://www.mark-taylor.com/apartments/az/chandler/san-cervantes/
37991,Wynnewood Park,855 N Park Rd,Wyomissing,PA,19610,https://www.wynnewoodparkapartments.com
233692,Residences,177 Market St,Westlake,OH,44145,https://www.crockerparkliving.com/
16499,Palm Flats,1550 University Woods Pl,Tampa,FL,33612,https://www.palmflats.com/
31564,The 1856 Apartments,1703 S I-35 South Frontage Rd,San Marcos,TX,78666,https://www.the1856apartments.com/
46108,Stratford Mill,110 Stratford Mill Blvd,St. Augustine Beach,FL,32084,http://www.stratfordmill.com/home.html
227350,King's Manor,2161 Camelot Dr,Harrisburg,PA,17110,https://www.morgan-properties.com/apartments/pa/harrisburg/kings-manor-apartments/
238082,The Bexley,1300 Clinton St,Hoboken,NJ,7030,http://www.livebexley.com/
244906,Sterling Heights,2010 27th St SE,St. Cloud,MN,56304,https://sterlingheights-stcloud.com/
1340,Waterway Crossing,685 Burcale Rd,Myrtle Beach,SC,29579,https://www.boltpm.com/waterway-crossing
26782,Stonebridge Ranch,575 W Pecos Rd,Chandler,AZ,85225,http://www.stonebridgeranchapartments.com/
242565,One Six Six,166 N Aberdeen St,Chicago,IL,60607,https://onesixsixchicago.com/
273516,The Abbey at Sonterra,20710 Huebner Rd,San Antonio,TX,78258,https://www.abbeyresidential.com/apartments/tx/san-antonio/abbey-at-sonterra/?utm_source=GMB&utm_medium=organic
52934,Davis Creek,5419 Meredith St,Portage,MI,49002,https://daviscreekapartments.com/
4170,Beechwood,2700 Cottage Pl,Greensboro,NC,27455,www.beechwoodnc.net
77547,Main Street Flats II,10575 Main St,Bellevue,WA,98004,https://www.mainstreetbellevue.com
28391,Hill Country Villas,9032 Dugas Rd,San Antonio,TX,78251,http://www.hillcountryvillasapartments.com/
4767,The Pointe at South Mountain,8809 S Pointe Pkwy E,Phoenix,AZ,85044,https://www.pointeatsouthmountain.com/
11130,Mercer Park,2014 Remington Dr,Arlington,TX,76010,https://www.mercerparkapts.com/
62949,Midtown on the Rail,2310 Main St,Houston,TX,77002,https://www.midtownontherail.com/
67524,Riverworks,45 N Main St,Phoenixville,PA,19460,https://www.hgliving.com/apartments/pa/phoenixville/riverworks
74369,Local 1896,1896 Lorca Dr,Santa Fe,NM,87505,https://www.local1896apts.com/?utm_source=GoogleLocalListing&utm_medium=organic
272802,The Residences at Water Square,222 Third Ave,Detroit,MI,48226,https://watersquareresidences.com/
8179,Cambridge Woods,14138 Monterey Pines Dr,Tampa,FL,33613,https://www.udr.com/tampa-apartments/university-center/cambridge-woods/contact-us/
285096,Century Plaza,124 E 3rd Ave,Anchorage,AK,99501,https://alaska.weidner.com/apartments/ak/anchorage/century-plaza-0/index.aspx
21996,Marsh Creek Village,25010 Marsh Creek Blvd,Woodhaven,MI,48183,https://www.marshcreekresidential.com/home.aspx
16377,Westshore,4601 W Gray St,Tampa,FL,33609,www.westshoretampabay.com/
31701,Arcadia Villa,3915 E Camelback Rd,Phoenix,AZ,85018,https://www.maxxproperties.com/az/phoenix/arcadia-villa-apartments/amenities.aspx
35166,Signature Pointe,25102 62nd Ave S,Kent,WA,98032,http://www.signaturepointe.com/
31197,The Village at Toluca Lake I,211 N Valley St,Burbank,CA,91505,https://www.essexapartmenthomes.com/apartments/burbank/the-village-at-toluca-lake
45353,Mall,83 Edbert St,Chicopee,MA,1020,https://www.mall-apartments.com/
44339,Pronghorn Apartments,1700 W 25th St,Casper,WY,82604,https://www.pronghorncasper.com/?utm_source=GMB&utm_medium=organic
2405,Foster's Landing,700 Bounty Dr,Foster City,CA,94404,https://www.essexapartmenthomes.com/apartments/foster-city/fosters-landing
4907,The Jaxon,4659 Dawson Blvd,Atlanta,GA,30340,https://www.livethejaxon.com/
70255,Coventry Square,20 Charles St,Westwood,NJ,7675,https://coventrysquareapartments.com/
278706,The Prairie Villas,210 Dogwood Prairie Dr,Dardenne Prairie,MO,63368,https://www.theprairievillas.com/
271682,Princeton Place,4344 Wyoga Lake Rd,Cuyahoga Falls,OH,44224,https://livebh.com/apartments/princeton-place/?utm_source=gbp&utm_medium=organic&utm_campaign=gbp
46915,Barberton,605 Barberton Dr,Virginia Beach,VA,23451,https://www.barbertonapt.com/
224746,Upshore Residences,4555 N Sheridan Rd,Chicago,IL,60640,https://upshoreresidences.com/
224538,The Toluca Lofts,4605 Cahuenga Blvd,Toluca Lake,CA,91602,http://www.tolucalofts.com/index.aspx
5157,The Sycamores,1815 A Sycamore Valley Dr,Reston,VA,20190,https://www.wm-thesycamores.com/
255949,Magnolia South,1000 Sweet Almond Dr,Holly Springs,NC,27540,https://www.southwoodrealty.com/community/magnolia-south/
225914,Fox Glen,6301 Fox Glen Dr,Saginaw,MI,48638,www.foxglen-apts.com
35919,Murray Hill Tower,245 E 40th St,New York,NY,10016,http://www.equityapartments.com/new-york/new-york-city-apartments/gramercy-park-murray-hill/archstone-murray-hill-apartments.aspx
13756,Ellis Midtown,3117 N 7th Ave,Phoenix,AZ,85013,www.ellismidtown.com
257328,Seasons at Mount Pleasant,4301 Yates Dr,Mt Pleasant,WI,53403,https://www.seasonsmtpleasant.com/
63732,HighLine,13201 Legendary Dr,Austin,TX,78727,http://www.highlineaustin.com
293332,Taverna at the Forum,3240 Champion Ring Rd,Fort Myers,FL,33905,https://livetavernaftmyers.com/
4944,Triangle Place,2800 Bainbridge Dr,Durham,NC,27713,https://www.hgliving.com/apartments/nc/durham/triangle-place/
255884,Tin Top at the Creamery,847 E Ashby Pl,San Antonio,TX,78212,https://www.tintopsa.com/
36173,Wedgewood on the Green,161 Green Moor Way,Henrietta,NY,14467,https://wg.barringtonresidential.com/
94494,Highbridge,2512 Q St NW,Washington,DC,20007,https://highbridgedc.com/
43547,Reserve Bartram Springs,14951 Walden Springs Way,Jacksonville,FL,32258,www.reservebartramsprings.com
291150,Carlson Place,7954 Jacks Way,Horace,ND,58047,https://www.prg.propertyresourcesgroup.com/carlson-place-apartments
49986,Echelon,5101 88th St Ct SW,Lakewood,WA,98499,http://www.echelonapts.com/
34079,The Village Westside,6541 Shady Brook Ln,Dallas,TX,75206,https://villagewestside.prospectportal.com/dallas/the-village-westside/conventional/
75340,1005 Grove Avenue,1005 Grove Ave,Richmond,VA,23220,https://www.liveatvcu.com/
13339,Woodstone,4021 Steck Ave,Austin,TX,78759,https://www.woodstoneaustin.com
4752,Regatta Shores,2335 W Seminole Blvd,Sanford,FL,32771,https://www.udr.com/orlando-apartments/north-sanford/regatta-shores/
18752,Brookstone Apartments,1401 N Lamb Blvd,Las Vegas,NV,89110,https://www.liveatbrookstoneapartments.com/?utm_source=GMB&utm_medium=organic
3811,Vista Del Sol,7100 Louisiana Blvd NE,Albuquerque,NM,87109,www.vista-del-sol.com
37376,The Retreat at Mountain Brook,1600 Sharpsburg Cir,Birmingham,AL,35213,http://retreatatmountainbrook.net/
230770,Lake Haven,732 Bluff St,Carol Stream,IL,60188,http://www.lakehavenluxury.com/
73500,Reserve at Oakleigh,3562 Pin Hook Rd,Antioch,TN,37013,https://www.reserveatoakleighapts.com/
39387,High Rock 5300,5300 Los Altos Pkwy,Sparks,NV,89436,www.highrock5300.com
14956,Mill Creek,1823 Stadium Rd,Wharton,TX,77488,https://www.millcreektx.com/
7763,Scottsdale 5th Ave,6405 E Indian School Rd,Scottsdale,AZ,85251,https://www.scottsdale5th.com/
8098,Heights of Kennesaw,1950 Barrett Lakes Blvd,Kennesaw,GA,30144,https://livebh.com/apartments/heights-of-kennesaw-apartments/?utm_source=realpage&utm_medium=referral&utm_campaign=cta
235187,The Beverly,123 Brackenridge Ave,San Antonio,TX,78209,https://www.thebeverlysanantonio.com/?utm_knock=gmb
38398,The Monterey by Windsor,3930 McKinney Ave,Dallas,TX,75204,www.themontereybywindsor.com
5855,Meyer Forest,9701 Meyer Forest Dr,Houston,TX,77096,https://www.meyerforest.com/meyer-forest-houston-tx/contact
19955,Brookside,4611 SE Brookside Dr,Milwaukie,OR,97222,https://www.brooksidejohnsoncreek.com/
276192,The Grand at Cibolo,211 Grand Ave,Cibolo,TX,78108,https://www.grandatcibolo.com/
19396,Alcove at Seahurst,14001 Ambaum Blvd SW,Burien,WA,98166,https://www.hgliving.com/apartments/wa/burien/alcove-at-seahurst/
59698,The Reserve at Whiskey Creek,100 Whiskey Rd,Grovetown,GA,30813,www.reserveatwhiskeycreek.com
38378,Park Northside,1601 Roane St,Richmond,VA,23222,https://www.parknorthsiderva.com/
68991,The Reserve At Water Tower Village,7937 W 54th Ave,Arvada,CO,80002,https://www.thereserveatwatertowervillage.com/
78700,Adley City Springs,6075 Roswell Rd,Sandy Springs,GA,30328,https://livebh.com/apartments/grand-oasis-apartment-homes/
23161,Citation Club,29540 Citation Cir,Farmington Hills,MI,48331,http://www.citationclubapts.com/
259386,Fairmount,585 Newark Ave,Elizabeth,NJ,7208,https://www.fairmount-towers.com/
255737,Vanguard,225 S 6th St,Boise,ID,83702,https://www.vanguardboise.com/
5546,Retreat at Candelaria,3011 Jane Pl NE,Albuquerque,NM,87111,http://www.theretreatnm.com/
61950,250 High,250 S High St,Columbus,OH,43215,https://250high.com/
61721,Villages of Magnolia,29980 FM2978,Magnolia,TX,77354,https://www.villagesofmagnolia.com/
2585,Homestead Apartments,443 Sherwood Rd,La Grange Park,IL,60526,http://www.liveathomestead.com/
258391,Neuhoff,1315 Adams St,Nashville,TN,37208,https://www.neuhoffresidences.com/
38984,Lakeview Arms,800 Magee Dr,Brookhaven,MS,39601,http://www.lakeviewapartmentsms.com/
55709,Vista Pointe Apartments,2981 Ridge Ave,Macon,GA,31204,https://ridgepointeblueridgeapts.com/en/
271195,Indy Flats,1304 N Delaware St,Indianapolis,IN,46202,https://www.indyflatsapts.com/
231107,Crescent Village - Verona,401 River Oaks Pkwy,San Jose,CA,95134,www.irvinecompanyapartments.com/communities/crescent-village
4880,Clairmont Reserve,1575 Clairmont Rd,Decatur,GA,30033,www.clairmontreserve.com
15579,Regency Palm Court,914 S Wilton Pl,Los Angeles,CA,90019,https://www.essexapartmenthomes.com/apartments/los-angeles/regency-palm-court
225610,610 West,6717 Oak Grove Pkwy,Brooklyn Park,MN,55445,http://610west.com/
218580,Harbor Sky,1055 N Anchor Way,Portland,OR,97217,https://www.harbor-sky.com/
269721,Skyview Lofts,2105 3rd Ave E,Kalispell,MT,59901,https://skyview-lofts.com/
220734,Kendrick,7324 Skillman St,Dallas,TX,75231,https://www.liveatthekendrick.com/
46313,Crescent Park Commons,401 Elizabeth Sarah Blvd,Greer,SC,29650,https://www.southwoodrealty.com/community/crescent-park-commons/
274909,The Sinclair II,414 SW Hayworth Dr,Port Orchard,WA,98367,https://www.thesinclair.com/
257702,The Apartments at Kelton Station,901 Shipwright Loop,Williamsburg,VA,23188,https://www.keltonstationapts.com/
271123,Fox Bridge North,7515 Spring Stuebner Rd,Spring,TX,77379,https://www.foxbridgenorth.com/
57918,Chandler,6767 W Windmill Ln,Las Vegas,NV,89139,http://www.chandlerapthomes.com/
58341,Heritage Park,1818 Evergreen Park Dr SW,Olympia,WA,98502,http://heritageparkolympia.com/
271721,The Millennium on Monroe,2002 N Monroe St,Spokane,WA,99205,https://www.millenniumnw.com/
23143,Mira Monte,10360 Maya Linda Rd,San Diego,CA,92126,https://www.essexapartmenthomes.com/apartments/mira-monte?sc_camp=2648D1300BEC431BB11EB86F02F52DBD&utm_source=googlesearch
26946,Bermuda Terrace,9850 Bermuda Rd,Las Vegas,NV,89183,www.bermudaterraceapts.com
10343,Willow Glen,1301 Sycamore School Rd,Fort Worth,TX,76134,http://www.liveatwillowglen.com/
16101,Park Place Townhomes,1005 S Gilbert St,Hemet,CA,92543,https://www.allenproperties.net/parkplacetownhomes-hemet-ca
37983,Eagle Rock Apartments at Towson,5 Stonewain Ct,Towson,MD,21204,https://www.eaglerockproperties.com/apartments/md/towson/eagle-rock-apartments-at-towson/
10929,Highland Park Apartments,5836 Highland Park Dr,Fort Worth,TX,76132,www.hpluxuryapts.com
35966,The Crossings At Hillcroft,13960 Hillcroft Ave,Houston,TX,77085,https://www.crossingsathillcroft.com/
65134,Garnet Creek,5002 Jewel St,Rocklin,CA,95677,http://www.garnetcreekapts.com/
286957,Edison,1833 SE 6th St,Gresham,OR,97080,https://www.edisonapts-gresham.com/
297947,Alexan Montview Plaza,2060 Chester St,Aurora,CO,80010,https://alexanmontview.com/
30657,Pegasus Apartments,612 Flower St,Los Angeles,CA,90017,https://www.equityapartments.com/los-angeles/financial-district/pegasus-apartments
239121,Enclave,1005 W Stassney Ln,Austin,TX,78745,http://www.theenclaveaustin.com/
244533,Lynn Hill,416-201 Hillview Dr,Linthicum,MD,21090,https://www.marylandmanagement.com/linthicum/lynn-hill-apartments
258135,Aven Ridge,1141 Pleasant Hill Rd,Leander,TX,78641,https://www.avenridgeleandertx.com/
12355,THIRTY377,3377 Blackburn St,Dallas,TX,75204,https://www.udr.com/dallas-apartments/uptown-dallas/thirty377/
252880,Broadacre,9598 S. Clubhouse Way,Oak Creek,WI,53154,https://broadacreliving.com/
26523,Concierge Apartments,7620 Penn Ave S,Richfield,MN,55423,https://www.theconciergeapartments.com/
253074,Turquesa,4700 Wagon Rd,Santa Fe,NM,87507,https://www.turquesaapartments.com/
21199,Sky Rock,3226 Lake Park Way,Longmont,CO,80503,https://www.skyrockapartments.com/sky-rock-longmont-co/
7383,Camden Lakeway,7355 Grant Ranch Blvd,Lakewood,CO,80123,https://www.camdenliving.com/apartments/lakewood-co/camden-lakeway
258143,Alleia Long Meadow Farms,5600 Berkeley Knl Cir,Richmond,TX,77407,https://www.alleialongmeadow.com/#hero
68716,The Harrison Collection 330 Angelo Cifelli,330 Angelo Cifelli Dr,Harrison,NJ,7029,https://ironstate.com/property/330-angelo-cifelli/
14538,Mira Santi,800 W Queen Creek Rd,Chandler,AZ,85248,https://www.mark-taylor.com/apartments/az/chandler/mira-santi/
12350,Remi,2217 Ivan St,Dallas,TX,75201,https://www.remiluxuryliving.com/
278953,Ascend at Ventana Lakes,23100 Clay Rd,Katy,TX,77493,https://www.reserveatventanalakes.com/
58386,Medley Row Hoigaard Village,5690 W 36th St,St Louis Park,MN,55416,http://www.hoigaardvillage.com/
38733,Versailles Koreatown Apartments,918 S Oxford Ave,Los Angeles,CA,90006,http://www.equityapartments.com/bbrochure.aspx?PropertyId=2359&utm_source=google&utm_medium=cpc&utm_campaign=losangelesproperties_versailleskoreatown&s_kwcid=TC%7c4015%7cversailles+koreatown+apartments%7c%7cS%7cp%7c9013274593
25357,Timbercreek,614 S 1st St,Austin,TX,78704,https://www.timbercreekaustin.com/
30734,Waterford Village,51 Meadow Ln,Bridgewater,MA,2324,https://www.harborgroupmanagement.com/apartments/MA/Bridgewater/Waterford-Village/
36143,MAA Beaver Creek,1000 Creekside Hills Dr,Apex,NC,27502,https://www.maac.com/north-carolina/raleigh-cary/maa-beaver-creek/
288891,The Parker,5944 Hwy 92,Acworth,GA,30102,https://theparkerga.com/
68505,30Sixty Apartments,3060 W Olympic Blvd,Los Angeles,CA,90006,https://www.30sixtyapts.com/
34909,Polo Downs,1135 London Cir Ln,Fenton,MO,63026,http://www.polodowns.com/
288502,Marlowe Tomoka Village,100 Windflower Ln,Daytona Beach,FL,32117,https://marlowetomokavillage.com/
223517,Vista Brooklyn,200 Riverside Ave,Jacksonville,FL,32202,https://www.livevistabrooklyn.com/
53117,Watersedge Apartments,936 Waterview Way,Champaign,IL,61822,https://www.watersedgeapartments.net/
230081,Vitruvian West II,3737 Vitruvian Way,Addison,TX,75001,www.vitruvianwest.com
19357,Newport Village Apartments,1827 W Gowan Rd,North Las Vegas,NV,89032,https://newportvillageaptslv.com/?utm_knock=g
227790,The Charles,111 S 300 W,Salt Lake City,UT,84101,https://thecharlesslc.com/
41973,Rosewood Park,4500 Mira Loma Dr,Reno,NV,89502,http://www.rosewoodparkreno.com/
6125,Northgreen at Carrollwood,3831 Northgreen Ave,Tampa,FL,33624,https://www.liveatnorthgreen.com/
260117,Apex,7295 Ascent View,Colorado Springs,CO,80923,https://www.apexluxuryliving.com/
268592,Jasper House,1825 E Boston St,Philadelphia,PA,19125,https://live.jasperhousephl.com/
62782,Cortland Alameda Station,415 S Cherokee St,Denver,CO,80223,https://cortland.com/apartments/cortland-alameda-station/
91537,UrbA I,624 N Glebe Rd,Arlington,VA,22203,https://liveurba.com/
284136,Broadstone Oliver,1505 Oliver St,Houston,TX,77007,https://broadstoneoliver.com/
35349,The Redland,18979 Redland Rd,San Antonio,TX,78259,www.livetheredland.com
1352,Pinebrook,109 Pine Knoll Dr,Ridgeland,MS,39157,https://www.northbrookandpinebrookridgeland.com/
39995,South Pointe,6220 N Murray Dr,Hanahan,SC,29410,https://www.southpointehanahan.com/
286725,Kinsley Yards,2801 Grewal Pkwy,Modesto,CA,95356,https://www.kinsleyyardapts.com/
8418,City Gate at Cupertino Apartments,5608 Stevens Creek Blvd,Cupertino,CA,95014,http://www.equityapartments.com/california/san-francisco-bay-apartments/cupertino/archstone-cupertino-apartments.aspx
270897,Avilla Vista Norte,43843 N 43rd Ave,Phoenix,AZ,85087,https://www.avillavistanorte.com/
281837,Railyard I,618 E Sycamore St,Denton,TX,76204,https://www.railyardapts.com/
265402,Elevate at Skyline,1999 Skyline Dr,McKinney,TX,75071,https://www.morgan-properties.com/apartments/tx/mckinney/skyline/
16186,Edgewood Court,649 Prospect St,Chicopee,MA,1020,https://www.aspensquare.com/apartments/massachusetts/chicopee/edgewood-court
53963,Hillside Apartments,9250 Dean Rd,Shreveport,LA,71118,http://hillsideshreveport.com/
37160,Rivers Edge,4339 C1 Riverside Dr,Dayton,OH,45405,http://www.riversedgedayton.com/
234581,Georgetown Crossing,100 Georgetown Rd,Mechanicsburg,PA,17050,https://www.triplecrowncorp.com/company/locations/georgetown-crossing/
23494,Indian Village,930 Old Goddard Rd,Lincoln Park,MI,48146,https://indianvillageapt.wixsite.com/home/apartments
28728,ArtHaus Central,544 Central Ave,Alameda,CA,94501,https://www.arthauscentral.mov/
19995,BellCentre,308 108th Ave NE,Bellevue,WA,98004,https://www.essexapartmenthomes.com/apartments/bellevue/bellcentre
253777,Jayne,360 Acoma St,Denver,CO,80223,https://www.greenleafjayne.com/
273930,West Shire Village,8710 SW 71st Ave Rd,Ocala,FL,34476,https://www.westshireocala.com/
225197,Pine Forest Apartments,14010 Pine Forest Dr,North Royalton,OH,44133,https://homeatpineforest.com/
253966,Aventura at Maryland Oaks,2100 E Aventura Way,St Louis,MO,63146,https://www.avmarylandoaks.com/
273117,The Whitley,460 Wacouta St,St Paul,MN,55101,https://www.whitleyapartmentsmn.com/
263158,Promenade at Irvine Spectrum,1100 Perlita,Irvine,CA,92618,https://www.irvinecompanyapartments.com/locations/orange-county/irvine/spectrum/promenade-at-spectrum.html
30273,Park at Willowbrook,7100 Smiling Woods Ln,Houston,TX,77086,https://www.parkatwillowbrookapts.com/
219959,The Hadley Riverside,6032 Travertine Ln,Fort Worth,TX,76137,https://www.cortlandriverside.com/Home.aspx
56166,Village at Crown Woods,9201 Riverside Pkwy,Tulsa,OK,74137,https://www.crownwoodsvillagelc.com/
9974,Skye at Love,3535 Webb Chapel Ext,Dallas,TX,75220,https://www.skyeatloveapartments.com/
14581,Milano,2500 Woodland Park Dr,Houston,TX,77077,https://www.milanoatwestchase.com/#
67566,The Kennedy at Brooks City Base,7714 Kennedy Hill Dr,San Antonio,TX,78235,https://livebh.com/apartments/the-kennedy-apartments/?utm_source=realpage&utm_medium=referral&utm_campaign=cta
68395,Parkside Residences,808 Crawford St,Houston,TX,77010,https://www.parksideatdg.com/
4296,101 N Ripley,101 N Ripley St,Alexandria,VA,22304,https://www.101nripley.com/
13153,Canyon Creek Apartments,1000 Canyon Village Cir,San Ramon,CA,94583,http://www.equityapartments.com/california/san-francisco-bay-apartments/san-ramon/canyon-creek-apartments.aspx
61979,Villa Milano,13740 Howe Ln,Leawood,KS,66224,https://www.villamilano.us/
247337,Aspire Kenwood,4751 Aspire Blvd,Cincinnati,OH,45236,https://aspirekenwood.com/
53932,Misty Hollow,2826 Misty Ln,Bossier City,LA,71111,http://www.landmarkrealty.org/misty-hollow/
261770,AMLI Broadway Park,357 S Bannock St,Denver,CO,80223,https://www.amli.com/apartments/denver/broadway-park-apartments/amli-broadway-park
1777,Rustic Woods,7901 S Yale Ave,Tulsa,OK,74136,https://www.rusticwoodsapts.com/
265281,The Louise,4151 Viridian Village Dr,Arlington,TX,76005,https://www.equityapartments.com/dallas/arlington/the-louise-apartments##unit-availability-tile
37577,Siena Villas,9130 Nolan St,Elk Grove,CA,95758,https://www.sienavillaapartment.com/
263127,Hickory Grove,11907 Apache Ave,Savannah,GA,31419,https://www.hickorygrovega.com/
73079,The Palazzo,5455 Rowley Rd,San Antonio,TX,78240,https://www.thepalazzoapts.com/
66998,345 Harrison,345 Harrison Ave,Boston,MA,2118,https://www.udr.com/boston-apartments/south-end/345-harrison/
6526,Southwood Acres,342 Southwick Rd,Westfield,MA,1085,https://www.aspensquare.com/apartments/massachusetts/westfield/southwood-acres
268941,Azola South Tampa,7701 Interbay Blvd,Tampa,FL,33616,https://www.azolasouthtampa.com/
37597,Riverset Apartments,100 Riverset Ln,Memphis,TN,38103,www.riversetapts.com/
40986,Gramercy on the Park,4755 Gramercy Oaks Dr,Dallas,TX,75287,http://www.gramercyonthepark.com/
26094,Garrison Square,7 Harcourt St,Boston,MA,2116,https://www.udr.com/boston-apartments/back-bay/garrison-square/
72192,Autumn Oaks,1400 Humphrey Dr,Suisun City,CA,94585,https://www.liveatautumnoaks.com/
50746,Crawford Square,510 Protectory Pl,Pittsburgh,PA,15219,http://www.crawfordsquareapts.com
37545,Camden Cedar Hills,4100 W Slaughter Ln,Austin,TX,78749,https://www.camdenliving.com/apartments/austin-tx/camden-cedar-hills
229295,Camden Farmers Market,2210 Canton St,Dallas,TX,75201,https://www.camdenliving.com/apartments/dallas-tx/camden-farmers-market
94396,The Otis at Fort Ben,9310 Otis Ave,Indianapolis,IN,46216,https://www.theotisfortben.com/
40996,ibex at Uptown,2450 Camellia Ln NE,Atlanta,GA,30324,https://www.castlegateprop.com/apartments/ga/atlanta/ibex-at-uptown/
299847,Mirabella,4224 N McColl Rd,McAllen,TX,78504,https://www.mirabellamcallen.com/
32746,Wildwood off Main,200 Lake Forest Blvd,Kalamazoo,MI,49006,https://www.wildwoodoffmainapts.com/
264397,Linden Ranch,4300 Ranchero Dr,Sachse,TX,75048,https://www.hgliving.com/apartments/tx/sachse/linden-ranch/?utm_source=GBP&utm_medium=organic
5395,Cambridge on Seventh,737 7th St SE,Puyallup,WA,98372,https://www.cambridgeapartmenthomes.com/
217956,Cedar Falls Apartments,385 NW Lost Springs Terrace,Portland,OR,97229,https://www.liveatcedarfalls.com/
67527,Griffin Center City,1338 Chestnut St,Philadelphia,PA,19107,https://griffinphilly.com/
253388,Quattro,385 S 400 E,Salt Lake City,UT,84111,https://www.livequattro.com/
15332,Camden Ashburn Farm,20886 Isherwood Terrace,Ashburn,VA,20147,https://www.camdenliving.com/apartments/ashburn-va/camden-ashburn-farm?utm_source=gmb&utm_medium=local&utm_campaign=camden-ashburn-farm&y_source=1_MTE2NzczODUtNzE1LWxvY2F0aW9uLndlYnNpdGU%3D
62969,Rize at Winter Springs,150 Bear Springs Dr,Winter Springs,FL,32708,https://www.rizeatwintersprings.com/
264077,Novi Flats,25 Barbrick Ave SW,Concord,NC,28025,https://www.noviflats.com/
26967,The Estates at Cougar Mountain,2128 NW Shy Bear Way,Issaquah,WA,98027,http://www.estatesatcougarmountain.com/
14945,Fox Run,2601 S SE Loop 323,Tyler,TX,75701,https://www.foxruntyler.com/
37920,Parc Cameron,41 W 86th St,New York,NY,10024,http://www.equityapartments.com/new-york/new-york-city-apartments/upper-west-side/parc-cameron-apartments.aspx
34275,Bella Rose,4900 Canada Valley Rd,Antioch,CA,94531,www.bellaroseapts.com
30751,Commons at Windsor Gardens,624 Walpole St,Norwood,MA,2062,https://www.udr.com/boston-apartments/norwood/the-commons-at-windsor-gardens/
14155,Waterside at Ocotillo,4800 S Alma School Rd,Chandler,AZ,85248,https://www.mark-taylor.com/apartments/az/chandler/waterside-at-ocotillo/
59649,801 Polaris,801 Polaris Pkwy,Columbus,OH,43240,https://801polaris.com/
118965,16 Bennett,16 Bennett St,Jersey City,NJ,7304,https://www.16bennett.com
269510,The Camden,1915 Tacoma Ave S,Tacoma,WA,98402,https://www.thecamdenapartments.com/
54743,Twin Oaks,3800 14th St NW,Washington,DC,20011,https://www.twinoaksdc.com/
263981,The Lafayette,821 E Main St,Stamford,CT,6902,https://www.lafayettestamford.com/
446,Cottages @ Sanford,3291 Sanford Ave,Sanford,FL,32773,https://www.cottagesatsanford.com/
235996,Stratford Chase,275 Lazelle Rd,Westerville,OH,43081,http://stratfordchase.com/
274384,Bryn House,2490 N Druid Hills Rd,Atlanta,GA,30329,https://brynhouseatl.com/
238380,The Caroline Eastside,1735 N Greenville Ave,Richardson,TX,75081,https://www.livecarolineeastside.com/
19299,Phoenix Orlando,10801 Heather Ridge Cir,Orlando,FL,32817,https://www.livephoenixorlando.com/
37538,Amalie Apartment Homes,5646 Amalie Dr,Nashville,TN,37211,https://www.liveamalie.com/
26785,San Cierra,2400 N Arizona Ave,Chandler,AZ,85225,http://www.liveatsancierra.com/
47164,Satyr Hill Apartments,2005 Lowell Ridge Rd,Parkville,MD,21234,https://www.satyrhillapartments.com/
57192,Park Avenue Lofts,320 S University Ave,Little Rock,AR,72205,http://www.theparkavenuelofts.com/
254556,Park Place,305 W Jack Finney Blvd,Greenville,TX,75402,https://www.parkplacegreenville.com/
38525,Marquis Sonoran Preserve,29675 N North Valley Pkwy,Phoenix,AZ,85085,https://www.mqsonoranpreserve.com/
14907,Boca Winds,530 NE 47th St,Boca Raton,FL,33431,https://www.aspensquare.com/apartments/florida/boca-raton/boca-winds?utm_source=google&utm_medium=referral
34131,Whispering Lake,10415 E 43rd St,Kansas City,MO,64133,https://livebh.com/apartments/whispering-lake/
75744,Newtown Place,101 Cambridge Ln,Newtown,PA,18940,https://www.newtownplace.com/
249898,Bell Alderwood,2927 Alderwood Mall Blvd,Lynnwood,WA,98036,https://www.bellalderwood.com/
262964,The Bellagio,1384 Empire Blvd,Rochester,NY,14609,https://www.bellagio1384.com/
284663,Quail Creek,890 Quail Crk Blvd,Cuyahoga Falls,OH,44221,https://www.quailcreekliving.com/
44754,LivGreen Gardens,3128 Utah Pl,Greensboro,NC,27405,https://www.livgreengardens.com/
14062,Camden Lake Pine,600 Park Summit Blvd,Apex,NC,27523,https://www.camdenliving.com/apartments/apex-nc/camden-lake-pine
234584,The Crescent at Chevy Chase,3929 Landmark Ct,Chevy Chase,MD,20815,https://crescentatchevychase.com/
1084,Black Hawk,3010 Simcoe Dr,Fort Wayne,IN,46815,https://www.theblackhawkapartments.com/
3197,The Atlantic Vinings,3385 Atlanta Rd SE,Smyrna,GA,30080,https://www.atlanticviningsliving.com/
299380,Jodeco Landing,150 Purple Finch Pl,McDonough,GA,30253,https://jodecolandingga.com/
253447,Brickline at the Mercantile,901 Farnam St,Omaha,NE,68102,https://bricklineatthemercantile.com/
17178,Oak Glen,100 Oak Glen,Irvine,CA,92618,https://www.irvinecompanyapartments.com/locations/orange-county/irvine/oak-creek/oak-glen.html
62322,Element 28,100 Commerce Ln,Bethesda,MD,20814,https://www.element28apts.com/
234761,Hanover,3210 SW 185th Ave,Beaverton,OR,97003,http://www.liveathanoverapts.com/
253383,Pullman Lofts,755 Wilson St,Santa Rosa,CA,95401,https://www.pullmansantarosa.com/
292955,3140 Clybourn,3140 N Clybourn Ave,Chicago,IL,60618,https://www.3140clybourn.com/
3181,Cortland Mirror Lake,700 Post Lake Pl,Apopka,FL,32703,https://cortland.com/apartments/cortland-mirror-lake/
46993,Addison Lane,4117 SW 20th Ave,Gainesville,FL,32607,https://www.addisonlaneliving.com/
27725,The Gardens of Pinecrest,8800 SW 68th Ct,Miami,FL,33156,https://www.gardensofpinecrestapartments.com/?rcstdid=MzI%3d-GJOvflXLv8M%3d&_yTrackUser=ODc4MjE0MDU4IzE4OTE0MjUzNDM%3d-q3%2b9PtfoQ%2bo%3d&_yTrackVisit=MTU4OTQ5NDE0MyMxODI1ODI1MTU3-j1vbMVdjJw8%3d&_yTrackReqDT=22311420200708
261739,The Pointe at Palm Bay,205 Valor Dr SE,Palm Bay,FL,32907,https://www.thepointeatpalmbay.com/
16060,Ellyn Crossing,440 Gregory Ave,Glendale Heights,IL,60139,https://www.ellyncrossing.com/?utm_source=Google%20Local%20Listing&utm_medium=Organic
61963,Grand Oak at Town Park,110 Townpark Dr,Smyrna,TN,37167,http://www.grandoakattownpark.com/
228903,Fitchburg Square Apartments,2001 Greenway Cross,Fitchburg,WI,53713,http://www.fitchburgsquare.com/
47710,Adley at 72nd,1214 Applewood Dr,Papillion,NE,68046,https://www.aspensquare.com/apartments/nebraska/papillion/adley-72nd
3896,Preserve At Owings Crossing,10A Brookebury Dr,Reisterstown,MD,21136,https://www.morgan-properties.com/apartments/md/reisterstown/preserve-at-owings-crossing/
218378,The Terraces Apartments,1330 Bush St,San Francisco,CA,94109,http://www.equityapartments.com/california/san-francisco-bay-apartments/lower-nob-hill/the-terraces-apartments.aspx
39961,88 Leonard Street,88 Leonard St,New York,NY,10013,http://www.88leonard.com
64360,Kinects Tower,1823 Minor Ave,Seattle,WA,98101,http://www.kinectstower.com
56750,SB1K,1000 S Broadway,Denver,CO,80209,https://www.liveatsb1k.com/
259357,Cypress McKinney Falls,7000 Janes Ranch Rd,Austin,TX,78744,https://www.cypressmckinneyfalls.com/
257946,Parc View I,7865 S Bingham Jct Blvd,Midvale,UT,84047,https://www.parcviewisyourhome.com/?rcstdid=Mg%3D%3D-YRjTEizZPgM%3D&utm_source=GMB&utm_medium=organic
24562,Frank Estates,7510 SW Aloma Way,Portland,OR,97223,http://www.thefrankestate.com/
62743,Residences at Falcon North,6416 Honey Grove,Colorado Springs,CO,80923,http://www.residencesatfalconnorth.com/
254859,The Brooke on Bagley,2420 Bagley St,Detroit,MI,48216,http://www.thebrookedetroit.com/
263788,Autumn Breeze,301 Mars Rd,Wilmer,TX,75172,https://www.autumnbreezeapt.com/
25494,La Casita,313 Sunnyside St,Houston,TX,77076,http://www.mylacasita.com/
290592,Colina Ranch Hill,28882 Renda Ln,San Antonio,FL,33576,https://colinaranchhill.com/
36925,View 14,2303 14th St NW,Washington,DC,20009,http://www.view14.com/
17541,Greentree Gardens,2618 Flint Way,San Bernardino,CA,92408,https://www.allenproperties.net/greentree-gardens-san-bernardino-ca/
18379,Bromley House,6901 Old York Rd,Philadelphia,PA,19126,https://www.lindyproperty.com/property/bromley-house/
14325,The Berkley,1809 W Rundberg Ln,Austin,TX,78758,https://www.theberkleyatx.com/
17329,Finley at Fairfax Corner,4457 Oakdale Crescent Ct,Fairfax,VA,22030,https://www.finleyfairfaxcorner.com/
24577,Magnolia Crossing,2824 S Burnside Ave,Gonzales,LA,70737,https://www.liveatmagnoliacrossingapts.com/
16953,Serrano Highlands,25421 Alta Loma,Lake Forest,CA,92630,https://www.serranohighlandsapts.com/
15361,Hidden Springs,5220 Pearblossom Dr,Riverside,CA,92507,https://www.allenproperties.net/hidden-springs-riverside-ca/floorplans
301567,Enby Gardens,50 New Plainville Rd,New Bedford,MA,2745,https://enbygardens.com/
223579,Settler's Landing,725 Bridgeport Ave,Streetsboro,OH,44241,www.settlerslanding.com
34548,Marbella,2504 Marron Rd,Carlsbad,CA,92010,https://www.irvinecompanyapartments.com/communities/marbella/
242360,Oaks Vernon,5400 Vernon Ave S,Edina,MN,55436,http://www.oaksvernon.com/
259919,Compass at the Grove,1001 Compass Wy,Newark,DE,19711,https://www.compassatthegrove.com/
42179,Avalon Hoboken,800 Madison St,Hoboken,NJ,7030,https://new.avaloncommunities.com/new-jersey/hoboken-apartments/avalon-hoboken/
78724,Camden North End,6800 E Mayo Blvd,Phoenix,AZ,85054,https://www.camdenliving.com/apartments/phoenix-az/camden-north-end?utm_source=gmb&utm_medium=local&utm_campaign=camden-north-end&y_source=1_MTE2Nzc1MjAtNzE1LWxvY2F0aW9uLndlYnNpdGU%3D
234936,Amber Ridge Apartments,2312 55th St S,Fargo,ND,58104,https://www.prg.propertyresourcesgroup.com/amber-ridge-apartments
33987,Villages at Lost Creek,15302 Judson Rd,San Antonio,TX,78247,www.villagesatlostcreekapts.com
239397,Soco On The Lake,222 E Riverside Dr,Austin,TX,78704,http://www.socoapartments.com/
47982,Dwell at Greenridge,7910 Crossroads Dr,North Charleston,SC,29406,https://www.dwellatgreenridge.com/
55381,Summit Pointe,701 E Summit View Pl,Bloomington,IN,47401,https://www.summittpointe-apts.com/
5091,Rise Broadway,945 W Broadway Rd,Mesa,AZ,85210,https://www.risebroadway.com/
35365,Independence Place,75 Independence Way,Cranston,RI,2921,www.independenceplaceapts.com
14332,IMT Desert Palm Village,1215 E Vista Del Cerro Dr,Tempe,AZ,85281,https://www.imtresidential.com/imtdesertpalmvillage/
225321,Residences at La Colombe d'Or,3411 Yoakum Blvd,Houston,TX,77006,https://livelacolombedor.com/
254167,Harbisons Dairy,2041 Coral St,Philadelphia,PA,19125,https://www.harbisonsdairy.com/
60386,The Paramount at South Market,611 O'Keefe Ave,New Orleans,LA,70113,https://www.paramountnola.com/
38551,5 Oaks,18203 Westfield Pl Dr,Houston,TX,77090,https://www.liveatfiveoaks.com/
18187,KRC Reserve,4200 Jimmy Carter Blvd,Norcross,GA,30093,http://www.krcreserveapts.com/
24366,Bay Terrace,3204 Casa De Campo Way,San Mateo,CA,94403,http://www.udr.com/san-francisco-bay-area-apartments/san-mateo/bay-terrace/
254143,Christopher Todd Communities On Camelback,12350 W Camelback Rd,Litchfield Park,AZ,85340,https://www.christophertodd.com/community/christopher-todd-communities-on-camelback/
6485,Skye At Conway,3149 Landtree Pl,Orlando,FL,32812,https://www.skyeatconway.com/
232470,Madison at Ballston Station I,4400 4th St N,Arlington,VA,22203,http://madisonatballstonstation.com/
64618,70 Pine,70 Pine St,New York,NY,10005,http://www.70pine.com/
14906,Weston Place,16000 S Post Rd,Weston,FL,33331,https://www.westonplaceapartments.com/
43299,Windsail,9808 E 73rd St,Tulsa,OK,74133,https://www.caseusa.com/apartments/ok/tulsa/windsail/
52140,MAA Wade Park,5443 Wade Park Blvd,Raleigh,NC,27607,https://www.maac.com/north-carolina/raleigh-cary/maa-wade-park/
296586,Summerwell,1121 Duet Dr,Wendell,NC,27591,https://www.summerwellharmony.com/
54769,Emerson Park Apartment Homes,1701 E Don Carlos Ave,Tempe,AZ,85281,https://www.emersonparkapartmenthomes.com/
230598,The Ridge,17940 Garden Ln,Hagerstown,MD,21740,https://www.theridgehagerstown.com/
69153,Axis Hamilton,5039 Hamilton Wolfe Rd,San Antonio,TX,78229,https://www.axishamilton.com/
67581,The Aria at Woodlands South,7541 S Mingo Rd,Tulsa,OK,74133,https://www.theariatulsa.com/
36786,Hawthorne Village,3900 Yorktowne Blvd,Port Orange,FL,32129,http://www.hawthornevillageapartments.com/
75158,The Glen at Oldtown,7979 E Camelback Rd,Scottsdale,AZ,85251,https://www.theglenatoldtown.com/?utm_source=GoogleLocalListing&utm_medium=organic#
61548,AMLI Dadeland,8250 SW 72nd Ct,Miami,FL,33143,https://www.amli.com/apartments/southeast-florida/dadeland-apartments/amli-dadeland
224139,Meadows Apartments,4300 Meyers Ln,Waco,TX,76705,https://www.themeadows-waco.com/
8565,Brookbend,3420 Country Square Dr,Carrollton,TX,75006,https://www.livebrookbend.com/
6147,Spark Pax River,46860 Hilton Dr,Lexington Park,MD,20653,https://besparkliving.com/spark-pax-river/
62778,AMLI Dry Creek,7471 S Clinton St,Englewood,CO,80112,https://www.amli.com/apartments/denver/englewood-centennial-apartments/amli-dry-creek
293154,Kinsley,36 Stony Hill Rd,Bethel,CT,6801,https://www.kinsleyct.com/
267574,Bridge at Heritage Woods,12205 N Lamar Blvd,Austin,TX,78753,https://www.bridgeatheritagewoods.com/
266891,The Grove at La Frontera,8100 S Collins St,Arlington,TX,76002,https://thegrovelf.com/
245501,Luna Upper Westside Apartments,2265 Marietta Blvd NW,Atlanta,GA,30318,https://www.equityapartments.com/atlanta/upper-westside/luna-upper-westside-apartments#/
63462,Telfair Lofts,7500 Branford Pl,Sugar Land,TX,77479,https://apartmentssugarlandtexas.com/
235407,Bonterra,660 Bonterra Blvd,Fort Wayne,IN,46845,https://www.liveatbonterra.com/
58311,Winchester Park,4080 Waderidge Trail,Groveport,OH,43125,https://gowinchesterparkapts.com/
217578,Acadia Court,2995 S Acadia Ct,Bloomington,IN,47401,https://www.acadiacourtapts.com/
270909,Union Mill,2023 N Broadmoor Ave,Wichita,KS,67206,https://www.liveunionmill.com/
55194,Village,3661 River Rd N,Keizer,OR,97303,https://www.thevillagekeizer.com/
33986,South City Station Apartments,101 McLellan Drive,South San Francisco,CA,94080,http://www.equityapartments.com/california/san-francisco-bay-apartments/south-san-francisco/archstone-south-san-francisco-apartments.aspx
24049,River Bluff of Lexington,300 Palmetto Park Blvd,Lexington,SC,29072,https://www.aspensquare.com/apartments/south-carolina/lexington/river-bluff-of-lexington?utm_source=google&utm_medium=referral
60750,The Meyden,10333 Main St,Bellevue,WA,98004,http://www.themeydenbellevue.com/
94295,Silver,333 Sunol St,San Jose,CA,95126,https://www.essexapartmenthomes.com/apartments/san-jose/silver
222197,The Mariner I,4000 S Lake Dr,Saint Francis,WI,53235,https://www.themarinerapts.com/
97837,Five Points Northshore,328 Cherokee Blvd.,Chattanooga,TN,37405,https://www.missionrockresidential.com/apartments/tn/chattanooga/5-points-northshore/?utm_source=GBP&utm_medium=organic
14795,Emerson Apartments,1919 Burton Dr,Austin,TX,78741,https://www.emersonaustin.com/
232538,Woodman Apartment Homes,8811 Woodman Ave,Arleta,CA,91331,https://www.woodmanapartments.com/
23798,The Columns at Hiram,6736 Bill Carruth Pkwy,Hiram,GA,30141,https://www.thecolumnsathiram.com/
12260,Essence at North Dallas,4200 Horizon N Pkwy,Dallas,TX,75287,https://www.essencenorthdallas.com/#
5774,River Oak,2400 Mellwood Ave,Louisville,KY,40206,http://www.riveroakapartments-prg.com/
71385,Pine Meadow Townhomes,14202 W 63rd Terrace,Shawnee,KS,66216,www.pinemeadowshawnee.com
52697,Clearview,12100 Clearview Ln,Holland,MI,49424,https://www.liveatclearview.com/
77949,Viridian Central,9436 Ulysses St NE,Blaine,MN,55434,https://viridiancentral.com/
291337,Vasari at Ventana,4800 Citrus Ave,Fontana,CA,92336,https://livingatvasari.com/
52961,The Villages at Fort Town,304 Fort Town Dr,Fort Oglethorpe,GA,30742,http://www.villagesatforttown.com
239392,Blair Mill Village East,100 Upland Ave,Horsham,PA,19044,https://www.morgan-properties.com/apartments/pa/horsham/blair-mill-village-east/
279758,Tisdale at Lakeline Station,13621 Lyndhurst St,Austin,TX,78717,https://www.irtliving.com/Apartments-In/Austin-TX/Tisdale-at-Lakeline-Station
253780,Banner At Westfield,1000 Banner Dr,Nashville,TN,37066,https://www.banneratwestfield.com/
75392,Hickory Point Townhomes,399-A Hickory Point Blvd,Newport News,VA,23608,https://www.livehickorypoint.com/
22382,4418 Spruce Street,4418 Spruce St,Philadelphia,PA,19104,https://www.livecampusapts.com/property/4418-spruce-street/?search-parameters=1&start_date=0&end_date=9999999999&price_min=0&price_max=10000
12557,Bridge Pointe Landing,1090 Lang Rd,Portland,TX,78374,https://bridgepointelanding.com/
55940,Eleven by Windsor,811 E 11th St,Austin,TX,78702,www.elevenbywindsor.com
273160,Bowery West,2314 Berryhill Rd,Charlotte,NC,28208,https://livebowerywest.com/
229616,93 East,2565 Shallowford Rd,Atlanta,GA,30345,https://93east.prospectportal.com/
231315,Hickory Heights,4221 Hickory Ave,Baltimore,MD,21211,https://www.brooksmanagementcompany.com/hampden
29448,Manor Homes of Fox Crest,3151 NW 90th St,Kansas City,MO,64154,http://www.manorhomesapts.com/
21381,Summit Park Village,8563 Lake Murray Blvd,San Diego,CA,92119,https://www.essexapartmenthomes.com/apartments/summit-park-village
28596,Stonehill at Pipers Creek,7940 Pipers Creek St,San Antonio,TX,78251,http://www.stonehillatpiperscreek.com/
253571,The Kent,301 American Way N,Carmel,IN,46032,https://www.thekentcarmel.com/
20189,Wilderness Village,22435 SE 240th St,Maple Valley,WA,98038,https://www.wildernessvillageapts.com/
40710,Chloe on Union,1408 E Union St,Seattle,WA,98122,https://www.equityapartments.com/seattle/pike-pine/chloe-apartments
26274,Catalina Gardens,6363 Clarice Ave,Las Vegas,NV,89107,http://www.catalinagardenslv.com
40193,AMLI South Shore,1620 E Riverside Dr,Austin,TX,78741,https://www.amli.com/apartments/austin/downtown-austin-apartments/amli-south-shore
31743,Boston Woods,800 Gentleman Rd,Balcones Heights,TX,78201,https://www.bostonwoodsapartments.com/
283126,Tara Ridge,412 SW Stone Blvd,Bentonville,AR,72713,https://www.trulohomes.com/tara-ridge
238171,230 Ash,230 SW Ash St,Portland,OR,97204,https://live230ash.com
258550,Aviara East Pompano,1621 S Dixie Hwy,Pompano Beach,FL,33060,https://www.aviaraproperties.com/communities/aviaraeastpompano
222988,Arlo West End,1325 Utica Ave S,St Louis Park,MN,55416,https://www.arlowestend.com/
23281,Mill Bridge,1045 Sanger Ave,New Braunfels,TX,78130,https://www.millbridgeapartments.com/
5119,Embarc at West Jordan,6885 S Redwood Rd,West Jordan,UT,84084,http://www.embarcatwestjordan.com/
235871,Elmtree Park Apartments,11023 Elmtree Park Dr,Indianapolis,IN,46229,https://www.hgliving.com/apartments/in/indianapolis/elmtree-park/#/
88115,HighPoint Town Square,160 S Highpoint Dr,Romeoville,IL,60446,https://marquettemanagement.reslisting.com/highpoint-town-square/floorplans.aspx
290807,Meri Palm Bay,1880 Mogra Cir NE,Palm Bay,FL,32905,https://www.meripalmbay.com/
23367,Broadway Towers,1601 Broadway St,Concord,CA,94520,https://www.broadwayconcord.com/
61343,Paragon at Columbia Overlook,8151 Robinson-Jefferson Dr,Elkridge,MD,21075,http://www.paragoncolumbia.com/
254122,Avril Cambridge Village,1332 Holly Rush Lane,Denver,NC,28037,https://www.pedcorliving.com/apartments/avril-cambridge-village
231524,Harbor Blu,209 Chandler St,Cape Canaveral,FL,32920,https://www.liveharborblu.com/
264994,The Fitzgerald,3914 Monona Dr,Madison,WI,53716,https://primeurbanproperties.com/property/the-fitzgerald/
276734,5Line,2005 Empire St,Charlotte,NC,28217,https://liveatfiveline.com/
25730,Ellery at Lake Sherwood,8008 Balasands Blvd,Orlando,FL,32818,https://www.elleryapartments.com/
67678,Crossroads Westside,601 Avenida Cesar E Chavez,Kansas City,MO,64108,http://www.crossroadswestside.com/
270484,The Casco,201 Federal St,Portland,ME,4101,https://liveredfern.com/buildings/aucocisco/
1783,Madison at Largo,601 Rosery Rd NE,Largo,FL,33770,https://gscapts.com/apartments/florida/madison-at-largo/
260340,Linden At The Rim,15022 Vance Jackson Rd,San Antonio,TX,78249,https://www.hgliving.com/apartments/tx/san-antonio/linden-at-the-rim
26312,Creekwood Estates,1328 Lake St NE,Hopkins,MN,55343,https://highlandapts.com/Property%20Details/?pid=6
24998,Liberty Park Apartments,1 Matthew Ln,Braintree,MA,2184,https://www.equityapartments.com/south-boston/braintree/liberty-park-apartments
269985,Resia Tributary,1851 Market St,Douglasville,GA,30135,https://www.resiatributary.com/
218757,The Village Drey,5630 Village Glen Dr,Dallas,TX,75206,https://www.thevillagedallas.com/properties/the-village-drey/
738,Cross Creek,22 Creek Rd,Irvine,CA,92604,https://www.irvinecompanyapartments.com/communities/cross-creek
540,Bridgepoint I,1500 Monument Rd,Jacksonville,FL,32225,https://www.hgliving.com/apartments/fl/jacksonville/bridgepoint/#/
71143,The Cedars at Johns Creek,2100 Addison Ln,Johns Creek,GA,30005,https://www.cedarsatjohnscreek.com/
221098,Ayla Stonebriar,3030 Ohio Dr,Frisco,TX,75035,https://www.equityapartments.com/dallas/frisco/ayla-stonebriar-apartments##neighborhood-tile
147,West of Eastland,3752 Knightsway Ln,Columbus,OH,43232,https://www.westofeastlandbyelon.com
2594,The Reserve At Capital Center,3466 Data Dr,Rancho Cordova,CA,95670,https://www.elevatetosequoia.com/apartments/ca/rancho-cordova/reserve-at-capital-center-apartment-homes/
241432,Cricket Flats,65 Cricket Ave,Ardmore,PA,19003,http://cricketflats.com/
252947,Gage Crossing,5927 Avery Woods Ave,Dublin,OH,43016,https://www.ardentcommunities.com/apartments/dublin/gage-crossing
37388,Villas At Wylie,600 Woodbridge Pkwy,Wylie,TX,75098,http://www.villasatwylie.com/
46179,East Hampton,2901 N Governeour St,Wichita,KS,67226,https://www.hayloftapartmenthomes.com/east-hampton-estates
14117,Marquis at Great Hills,10050 Great Hills Trl,Austin,TX,78759,www.mqgreathills.com
266951,Seven Oaks,2332 N 7th St,Phoenix,AZ,85006,https://www.livesevenoaks.com/
37716,Ten20,10710 NE 10th St,Bellevue,WA,98004,https://www.udr.com/seattle-apartments/bellevue/ten20/
63771,Apex,1102 S Abel St,Milpitas,CA,95035,https://www.essexapartmenthomes.com/apartments/milpitas/apex?sc_camp=2648D1300BEC431BB11EB86F02F52DBD&utm_source=googlesearch
1165,Tustin View,2002 & 2010 N Ponderosa St,Santa Ana,CA,92705,https://www.allenproperties.net/tustin-view-santa-ana-ca/
5194,The Nathaniel,9220 Nathaniel St,Houston,TX,77075,https://www.thenathanielapartments.com/
48092,Edgewater Village,5500 Weslo Willow Dr,Greensboro,NC,27409,https://www.edgewatervillageapts.com/
60578,1105 Town Brookhaven,1105 Town Blvd,Atlanta,GA,30319,http://www.1105townbrookhaven-apts.com/
3106,Woodhollow,4502 Lake Shore Dr,Waco,TX,76710,http://www.woodhollowwaco.com/
4167,The Hilltop,2402 S 61st St,Temple,TX,76502,https://www.the-hilltop.com/
260872,Balsa,1313 L St NW,Washington,DC,20005,https://livebalsa.com/
3749,Highlands of Marin,1001 Cresta Way,San Rafael,CA,94903,https://www.udr.com/san-francisco-bay-area-apartments/san-rafael/highlands-of-marin/
246757,V2,250 Vale St,Chelsea,MA,2150,https://www.v2apts.com/
30918,Cortland Bear Creek,1401 TX-360,Euless,TX,76039,https://cortland.com/apartments/cortland-bear-creek/
4101,Ocean Oaks,1645 Dunlawton Ave,Port Orange,FL,32127,http://www.oceanoaksapts.com/
294569,Mihir Taylor,201 Gatehouse Way,Taylor,TX,76574,https://www.mihirtaylor.com/
13305,Portola Redlands,1250 N University St,Redlands,CA,92374,https://www.portolaredlands.com/
27999,Echo Pointe,4300 Echo Ct,La Mesa,CA,91941,https://www.liveatechopointe.com/
119144,Windsor Burnet,10301 Burnet Rd,Austin,TX,78758,https://www.windsorburnet.com/
269311,Link Apartments Calyx,55 Maxwell Rd,Chapel Hill,NC,27517,https://www.linkapartmentscalyx.com/
17966,Terraces at Clearwater Beach,1121 Druid Rd,Clearwater,FL,33756,https://www.terracesatclearwaterbeach.com/
36175,Chocolate Works,231 N 3rd St,Philadelphia,PA,19106,https://chocolateworks-living.com/
269594,Marlowe Place,1226 Bexton St,Charlotte,NC,28273,https://livemarloweplace.com/home
2507,Terrain,5112 S 1st St,Austin,TX,78745,www.terrainaustin.com
27190,The Park at Palermo,4302 Gunn Hwy,Tampa,FL,33618,https://theparkatpalermo.com/
261116,Copper Pointe,6410 S New Braunfels Ave,San Antonio,TX,78223,https://copperpointeapts.com/
43372,Water's Edge,23951 Lakeshore Blvd,Euclid,OH,44123,http://www.thewatersedgeapts.com/
221389,Troy Apartment Homes,602 Folmar St,Troy,AL,36081,https://www.troyal.net/
246152,Oxford at Lake View,3300 S Garrison Rd,Corinth,TX,76210,http://www.oxfordlakeview.com/
217796,Old Shell Lofts,1706 Old Shell Rd,Mobile,AL,36604,https://themobilelofts.com/apartments/al/mobile/the-old-shell-lofts/
3307,The Lake House at Martins Landing,1500 Harbor Landing,Roswell,GA,30076,https://www.lakehouseatmartinslanding.com/
297075,Tribute Verdae,810 Woodruff Rd,Greenville,SC,29607,https://tributeverdae.com/
298632,Churchwoods,320 Chapel Dr,Lafayette,IN,47909,https://www.topelitehomes.com/churchwoods-apartments/
263992,Rivermont Park,2935 Rivermont Ave,Lynchburg,VA,24503,https://www.rivermontparkapts.com/
5974,Promenade at Aventura Apartments,19680 E Country Club Dr,Aventura,FL,33180,https://www.promenadeataventuraapartments.com/
2955,2501 Porter Apartments,2501 Porter St NW,Washington,DC,20008,http://www.equityapartments.com/washington-dc/washington-dc-apartments/cleveland-park/2501-porter-apartments.aspx
265110,Bexley Sugarloaf,1290 Old Peachtree Rd NW,Duluth,GA,30097,https://www.bexleysugarloaf.com/
37386,AMLI Quadrangle,2717 Howell St,Dallas,TX,75204,https://www.amli.com/apartments/dallas/downtown-dallas-apartments/amli-quadrangle
241655,Encore Skyline,2001 S Hudson Ave,Boise,ID,83705,https://encoreskyline.com/
12370,Rockbrook Creek I,2200 Uecker Dr,Lewisville,TX,75067,https://www.hgliving.com/apartments/tx/lewisville/rockbrook-creek/
46561,Preserve at Creekside,1299 Antelope Creek Dr,Roseville,CA,95678,http://www.thepreserveatcreeksideapts.com/
1765,Annaberg,2905 Arrowhead Dr,Augusta,GA,30909,https://www.augustarentalhomes.net/_system/listings/56/2905-Arrowhead-Drive---D3-Augusta-GA-30909-US
36268,Stoney Creek,570 Stowell Dr,Rochester,NY,14616,http://www.stoneycreekapthomes.com/
259784,Reflection Pointe,4720 Ardmore Dr,Ooltewah,TN,37363,https://www.southwoodrealty.com/community/reflection-pointe-tn/
17320,The Villas of Renaissance,5280 Fiore Terrace,San Diego,CA,92122,https://www.irvinecompanyapartments.com/communities/the-villas-of-renaissance
24180,Pinnacle at Otay Ranch,1310 Santa Rita E,Chula Vista,CA,91913,https://www.essexapartmenthomes.com/california/san-diego-area-apartments/chula-vista-apartments/pinnacle-otay-ranch
3116,Lakeside Terraces,44525 Pine Dr,Sterling Heights,MI,48313,www.lakesideterracesapts.com
262292,Camelot at Marlboro,98 Lukas Blvd,Morganville,NJ,7751,https://www.kaplanatmarlboro.com/
25781,Mayflower,205 34th St,Virginia Beach,VA,23451,https://www.iliveonthebeach.com/
71345,Westgate Village Townhouses,680 Pinckney Ct,Comstock Park,MI,49321,https://www.westgate-village-townhouses.com/
246304,Vista Creek Apartments,22432 Center St,Castro Valley,CA,94546,https://www.vistacreekaptliving.com/
44153,Arlo of Olathe,1890 N Lennox St,Olathe,KS,66061,http://www.thelennoxofolathe.com/
2982,Cortland on Pike,1850 Columbia Pike,Arlington,VA,22204,https://cortland.com/apartments/cortland-on-pike/
231711,Williamsburg on the Lake,302 Village Dr,Mishawaka,IN,46545,www.williamsburgmishawaka.com
35256,Camden Manor Park,4000 Manor Club Dr,Raleigh,NC,27612,https://www.camdenliving.com/apartments/raleigh-nc/camden-manor-park
218177,Mill & Main,501 SE Main St,Minneapolis,MN,55414,www.millandmain.com
35968,Westheimer,2001 Westheimer Rd,Houston,TX,77098,http://www.thewestheimer.com/
9394,Sun Ridge Apartments,6608 South Fwy,Fort Worth,TX,76134,https://www.cethron.com/sunridge
63498,Hanover Montrose,3400 Montrose Blvd,Houston,TX,77006,http://www.hanovermontrose.com/
37805,The Gentry's Landing,400 N 4th St,St. Louis,MO,63102,http://www.gentryslanding.com/
292753,TerraLane at Campo del Sol,51046 Agave Ct,El Paso,TX,79934,https://www.tlcatcampodelsol.com/
240745,The Allure at Jefferson I,4660 Monroe Way,Fredericksburg,VA,22407,https://www.liveallureva.com/
13181,Park Hill at Issaquah,22500 SE 56th St,Issaquah,WA,98029,https://www.essexapartmenthomes.com/apartments/park-hill-at-issaquah
32540,Stonegate at Devon,300 Avon Rd,Devon,PA,19333,https://www.morgan-properties.com/apartments/pa/devon/avon-road/
23870,The Park at London,2445 Rex Rd,Ellenwood,GA,30294,https://www.liveattheparkatlondon.com/
278167,Aspen Vista at Anchor Pointe,548 Aurora Vw Dr,Reno,NV,89506,https://www.aspenvistaliving.com/
281369,Dupont Meadows,2131 Sweet Breeze Way,Fort Wayne,IN,46818,https://www.dupontmeadows.com/
9133,Lane at Towne Crossing,4035 Towne Crossing Blvd,Mesquite,TX,75150,https://www.hgliving.com/apartments/tx/mesquite/lane-at-towne-crossing/?utm_knock=g
276351,The Parkline,4250 Oregon St,San Diego,CA,92104,https://www.parkline.live/
289463,Redwood Norton I,3599 Redwood Blvd,Norton,OH,44203,https://www.byredwood.com/apartments/oh/norton/redwood-norton?_yTrackUser=MjI1MTUzMTQ2NSMxMDQ3NzUzMDQx-LF%2bgERuLXyU%3d&_yTrackVisit=Mzc4NTY2MjM1MyMyMTQ1Nzk2NjM2-vjUYWiODWkI%3d
218296,Park 7,201 Wimberly St,Fort Worth,TX,76107,https://park7tx.com/
264139,Continuum 115,102 Pullman Ln,Mooresville,NC,28115,https://www.continuum115.com/
19108,Canopy,923 112th St SW,Everett,WA,98204,https://www.canopyeverett.com/
48762,Whitnall Garden Apartments,9571 W Forest Home Ave,Hales Corners,WI,53130,https://www.wimmercommunities.com/apartments/wi/hales-corners/whitnall-gardens/?utm_knock=gmb
224788,Progress Terrace,12230 SW Horizon Blvd,Beaverton,OR,97007,https://www.liveatprogressterrace.com/
3185,Rosemont Chamblee,3311 Flowers Rd S,Chamblee,GA,30341,https://rosemontchamblee.com/
16961,Creek at 2645 Apartments,2645 Stonecreek Dr,Sacramento,CA,95833,https://www.thecreekat2645.com/
67150,Harbor Vista at Crawford Street,800 Crawford St,Portsmouth,VA,23704,https://www.liveharborvista.com/
7483,West End Flats,200 NC-54,Carrboro,NC,27510,https://www.livewestendflats.com
243936,Centennial Gardens,7841 N Garden Manor Dr,Memphis,TN,38125,http://www.centennialgardensapts.com
