apartmentid,name,address,city,state,zip,website,prior_adapter,prior_property_type,prior_winning_tier,prior_detected_pms,prior_unit_count,prior_plan_count,selection_layers,finding_ids,finding_adapters,route_coverage_adapters,selection_sha256
57761,Bell Knox District,3030 Hester Ave,Dallas,TX,75205,https://www.bellknoxdistrict.com/?utm_source=google+local&utm_medium=organic&utm_campaign=website+link,rentcafe,SUCCESS,TIER_1_API_RENTCAFE_SECURECAFE,rentcafe,19,0,proportional_adapter_type_fill,,,,22fea4952a5a55827276b8b091d334b334411d1e443e14b1e5a95a78600b4599
17362,Congressional Towers,261 Congressional Ln,Rockville,MD,20852,https://www.congressionaltowers.net,rentcafe,SUCCESS,TIER_1_API_RENTCAFE_SECURECAFE,rentcafe,20,0,proportional_adapter_type_fill,,,,024e94fbee45d62bdbdb7b75f8c6515485ef56a704fc2667b4c386b3ba131e36
46986,Mountain Ridge Manor,820 Monroe Blvd,Ogden,UT,84404,http://www.mountainridgemanor.com,marketapts,SUCCESS,TIER_1_DOM_MARKETAPTS_D_UNIT_LEVEL,marketapts,3,0,finding_evidence_census,40,marketapts,,1f15caef262dd0ef2c91da6ce87408b26d508d0d03a392512a92d3ee033aa132
74592,Crosswynde Apartments,1502 Marsh Cove Ct,Tampa,FL,33619,http://www.crosswyndeapts.com/,sightmap,SUCCESS,TIER_1_API_SIGHTMAP_DIRECT,,24,0,proportional_adapter_type_fill,,,,a586ac4ea4f5861d558f9c9c46d88cd9fb0240e5b0d3304c704e84aba9e4c044
281751,The Franklin Marlboro,2 Jayden Rd,Marlboro,NJ,7746,https://www.thefranklinmarlboro.com/,rentcafe_layout_tab,SUCCESS,TIER_1_DOM_RENTCAFE_LT,rentcafe,2,11,finding_evidence_census,42,rentcafe_layout_tab,,c91ce9f59c44d2670b7da91a9de3260981b2bc9105d058dbd3f4ba587d90c28a
12190,Eaves North Dallas,4141 Horizon N Pkwy,Dallas,TX,75287,https://www.wimberlyapthome.com/,avalonbay,SUCCESS,TIER_1_API_AVALONBAY,avalonbay,20,0,proportional_adapter_type_fill,,,,928653f991f09cd3005a77e5c3246c8f67abf9d6de29f23ecb20a7618282775a
68956,266 Lofts,266 S Front St,Memphis,TN,38103,https://www.266lofts.com/,g5,FAILED_NO_DATA,TIER_1_API_G5_API_ERROR,g5,0,0,observed_adapter_type_stratum,,,,0beceed07a1f92e1f4319e96cf59e3a76549f3ee8156ad0febc942b87f4fbd64
53164,Arbor Pointe Townhomes,420 Arbor Pointe Dr,Battle Creek,MI,49037,www.arborpointe-townhomes.com,rentcafe,SUCCESS,TIER_1_DOM_RENTCAFE_NESTIN,rentcafe,6,0,proportional_adapter_type_fill,,,,53506004de70fc27dc77872655982e3c1fc0cfd0ad5c73578ed9dbf1dafbe7b5
64938,Lake Vue,7119 Sand Lake Reserve Dr,Orlando,FL,32819,http://www.lakevueorlando.com/,rentcafe,SUCCESS,TIER_1_API_RENTCAFE_SECURECAFE,rentcafe,18,0,proportional_adapter_type_fill,,,,49722e61a15b81f8b394a2b5b5d13d9de144e849576a512c8bc41cabb9b9dd34
27950,Marquis Parkside,12820 N Lamar Blvd,Austin,TX,78753,https://www.marquisparkside.com/?utm_medium=organic&utm_source=google&utm_campaign=gbp-website-button,repli360,SUCCESS,TIER_1_API_REPLI360,repli360,50,0,proportional_adapter_type_fill,,,,3c424f04727117f297354927208edc13f478e644a9d58c688f5f334266255739
6194,MAA Rocky Point,3101 N Rocky Point Dr E,Tampa,FL,33607,https://www.maac.com/florida/tampa/maa-rocky-point/,maac,SUCCESS,TIER_1_API_MAAC,maac,79,0,finding_evidence_census,28,maac,,b3b06eb95dc38f8ade492d384aa0f836ed65ebc31ccc3c63f39b3eba7862ad2d
267118,The Spoke at McCullough Station,8340 N Tryon St,Charlotte,NC,28262,https://www.thespokemcs.com/,apts247,SUCCESS,TIER_1_API_APTS247,knock,31,0,proportional_adapter_type_fill,,,,598ca3f9db12049ca4794118a18ab8fb26bb2fa0afdf6c40a6ab7f24663787ea
35717,Bridges on Kinsey,4411 Kinsey Dr,Tyler,TX,75703,www.livebridgesonkinsey.com,rentcafe,SUCCESS,TIER_1_RENTCAFE_SECURECAFE_DIRECT,,17,0,proportional_adapter_type_fill,,,,985086a1018ad2b3b995bd63d8d28eaf807a7a9606ace75b73c44648a5405f53
29154,Cardinal Hill,420 River Rd,Chatham,NJ,7928,https://jcmliving.com/apartment-rentals/nj/chatham/cardinal-hill/,generic,SUCCESS,TIER_1_EMBEDDED_MITS_ILS,generic_plan_text,3,46,proportional_adapter_type_fill,,,,c5dbcc8805776662e28330a97cd42176f3062287b19460baf05329acbb4441d2
52105,The District,10015 Madison Square Pl,Charlotte,NC,28216,http://www.alapts.com/apartments/nc/charlotte/the-district/,knock,SUCCESS,TIER_1_KNOCK_API,knock,20,0,proportional_adapter_type_fill,,,,c07c523f44f72a8b0d25fac348dc6bf3118ff105e509572d87ed175c790007d9
1060,Bolton Estates,5400 Lindbergh Blvd,Columbus,OH,43228,www.boltonestatesapts.com,rentcafe,SUCCESS,TIER_1_DOM_RENTCAFE_AVAILABLEUNITS_ROSTER,rentcafe,6,0,proportional_adapter_type_fill,,,,57516b380dc2f277a1c31292d8a8fceb98ac6ebb90e6236555a8a83c2964e8fe
236598,Vault Apartments,120 Towne St,Stamford,CT,6902,https://www.vaultapts.com/,rentcafe,SUCCESS,TIER_1_API_RENTCAFE_SECURECAFE,knock,11,0,proportional_adapter_type_fill,,,,a774c14c1ac1b91e26b068f034e83b49824a2024e9a9d2583ff3b81927d97a63
48177,The Metropolitan,2612 Whitehall Terrace,Louisville,KY,40220,https://venterraliving.com/apartments/the-metropolitan/,sightmap,SUCCESS,TIER_1_API_SIGHTMAP_DIRECT,sightmap,14,0,finding_evidence_census,7,venterra,,dfb082e6cd0f6dcd6c5598b752ea9681d3e5621d2fb95466ca4cd58867d94d10
97778,Brookview at Navarre Sound,7381 Navarre Pkwy,Navarre,FL,32566,https://www.brookviewatnavarresound.com/,entrata,SUCCESS,TIER_1_DOM_ENTRATA_PP_HYPERBROWSER_UNIT_LEVEL,entrata,9,0,proportional_adapter_type_fill,,,,91b47a45034fe734262ab2469ee3e28e1b7d5aff20714170421c3ba12bc1fc69
12927,Wyvernwood Garden,2901 E Olympic Blvd,Los Angeles,CA,90023,http://www.wyvernwoodla.com,onsite_apply,SUCCESS,TIER_1_API_ONSITE_APPLY,onsite_apply,24,0,finding_evidence_census,32,onsite_apply,,1f7b62edc0566ee36ae05736d11a62ffb45dfc65af9cfc74c51f2189f7007abc
78693,Cortland Peachtree Corners,510 Guthridge Ct NW,Peachtree Corners,GA,30092,https://cortland.com/apartments/cortland-peachtree-corners/,cortland,SUCCESS,TIER_1_API_CORTLAND,cortland,25,0,proportional_adapter_type_fill,,,,65ad04beb32c332bf06670a203a467bc8b6be370f850e9906fc55f29988b4886
239369,Easton,714 Due W Ave N,Madison,TN,37115,https://eastonapartmentstn.com/,rentcafe,SUCCESS,TIER_1_API_RENTCAFE_APPLICANT_FLOORPLANS_V2_HYPERBROWSER,rentcafe,8,1,proportional_adapter_type_fill,,,,b09da586c4c1c5933542535ef07c454d2641214501a091a92f29642d84b79ed3
22383,Curren Terrace,1011 New Hope St,Norristown,PA,19401,https://www.morgan-properties.com/apartments/pa/norristown/curren-terrace/,rentcafe,SUCCESS,TIER_1_API_RENTCAFE_APPLICANT_FLOORPLANS_V2_HYPERBROWSER,rentcafe,14,0,proportional_adapter_type_fill,,,,a24bb9c89fc3e665a1cb2da3236f7be766666e9e684d143b0e1f2aeea7f2037a
74523,Charter Club,1040 Windward Dr,London,OH,43140,http://www.charterclubapts.com/,mri_prospectconnect,SUCCESS,TIER_1_API_MRI_PROSPECTCONNECT,generic_plan_text,1,0,proportional_adapter_type_fill,,,,02dd3617376dd7a31a7c51ffab803c391482041b6ec641f258e47c88364d829e
37143,Village of Cross Creek,7536 Hillcrest Dr,Florence,KY,41042,www.villageofcrosscreek.com,resman,SUCCESS,TIER_1_API_RESMAN,resman,239,2,finding_evidence_census,15|22,shared_formatter|resman,,02df0a5597f1f14ea334202457e559920bc0f83a44bc4e60ab6614fbc72bab20
34661,San Paloma,1255 Eldridge Pkwy,Houston,TX,77077,www.sanpaloma-houston.com,funnel,SUCCESS,TIER_1_API_RENTCAFE_SECURECAFE,funnel,22,0,proportional_adapter_type_fill,,,,cf881bf9736884550ea5ce0faf56110ff8dba10908ead58951af87f03ca8851f
19713,Elmhurst Terrace,100 Fellows Ct,Elmhurst,IL,60126,https://www.elmhurstterrace.com/,realpage_oll,SUCCESS,TIER_1_API_REALPAGE_ONLINELEASING_GETUNITS,realpage_cws,10,5,proportional_adapter_type_fill,,,,644edf135192b6688f690ae8c2b19e7cfdb1e124611ccdb69b050999c071b03b
65562,Lantower Waverly,6101 Ardrey Kell Rd,Charlotte,NC,28277,https://www.lantower.com/properties/nc/charlotte/lantower-waverly/,UNATTRIBUTED,FAILED_UNREACHABLE,generic:no_body_short_circuit,,0,0,proportional_adapter_type_fill,,,,4c18e7970f19b1860f20b64d0fe72458c707c2206d1d1aa1903c84b1a5697c7a
232480,Vintage at 425 Broadway,1455 4th St,Santa Monica,CA,90401,https://www.equityapartments.com/los-angeles/santa-monica/vintage-at-425-broadway-apartments,equity,SUCCESS,TIER_1_API_EQUITY,equity,4,0,finding_evidence_census,33,equity,,a5e719a1ac57016769eb00fc1f509deb10f564e979525dd9614fad63ce286411
56903,The Landmark,550 Washington St,Braintree,MA,2184,https://www.fxmessina.com/the-landmark?rq=The%20Landmark,squarespace_nopms,FAILED_NO_DATA,SYNDICATION_ONLY_SQUARESPACE,squarespace_nopms,0,0,finding_evidence_census,45,squarespace_nopms,,11d86dd4109b04d70735853b1a8dbe00cea32fa6c2b52ee49643b8d19df31e73
245903,Green Leaf Jasper,5325 N Interstate Ave,Portland,OR,97217,https://www.greenleafjasper.com/,entrata,SUCCESS,TIER_1_DOM_ENTRATA_PP_HYPERBROWSER_UNIT_LEVEL,entrata,4,0,proportional_adapter_type_fill,,,,16a29ab378b00a649b800bc45780ebf05f297a2fe9729f367739087a983869f6
282696,Allen Ranch Estates,1893 SW Hungry Hill Dr,Grants Pass,OR,97527,https://www.ishranchestates.com/allen-ranch,wix_nopms,FAILED_NO_DATA,SYNDICATION_ONLY_WIX,wix_nopms,0,0,finding_evidence_census,47,wix_nopms,,f72436899a9cd68f7e2d99cea751250d89168a8ac401a0ff175151b91d03ceb7
94940,The Liberty Lofts,400 S Culberson,Gainesville,TX,76240,https://www.thelibertyapts.com/,rentcafe,SUCCESS,TIER_1_DOM_RENTCAFE_NESTIN,rentcafe,24,0,proportional_adapter_type_fill,,,,5442404096852d7bc8421c532821efc99904e9543b212c169f232ff7bf5a9dad
243746,Ventana Hills,1350 Ventana Dr,Coraopolis,PA,15108,https://www.ventanahillsliving.com/,g5,SUCCESS,TIER_1_API_G5,g5,26,0,proportional_adapter_type_fill,,,,02d100f6f33f65aab7efbcb4d426289db89e3ddb76925615a62a47b8f4ed25e1
76589,Palm Bay Club,13050 Gran Bay Pkwy,Jacksonville,FL,32258,https://www.palmbayclubjax.com,rentcafe,SUCCESS,TIER_1_DOM_RENTCAFE_NESTIN,rentcafe,11,0,proportional_adapter_type_fill,,,,80f6e60f7012bbce442f109670441e93c2ea0c2f0d42b6309146647c6c79739d
225934,KD Place,1601 E Katie Ave,Las Vegas,NV,89119,https://www.kdplaceapartmentslv.com/,marketapts,SUCCESS,TIER_1_DOM_MARKETAPTS_B_UNIT_LEVEL,marketapts,5,0,finding_evidence_census,40,marketapts,,6fea14b9deda10c96193022d4c2d64b9310518925de6a4ac025eb7d677c2ec6d
72593,Slade at Channelside,1190 E Washington St,Tampa,FL,33602,https://www.udr.com/tampa-apartments/tampa/the-slade-at-channelside/,generic_plan_text,SUCCESS,TIER_1_JSONLD_UDR,generic_plan_text,9,0,finding_evidence_census,16,udr,,abff1806e9b75b12eda5b30402c4fabeb23989b972ad541e9d5752ed9a2891ac
28372,Las Ventanas,3819 Vineyard Ave,Pleasanton,CA,94566,www.lasventanasapt.com,onsite_apply,SUCCESS,TIER_1_API_ONSITE_APPLY,onsite_apply,12,0,finding_evidence_census,32,onsite_apply,,fa6549a94cb6c14313af85b0b2c3a4e4d47a9d516765c2b843526eec0d7c8eca
30997,Camden Fallsgrove,719 Fallsgrove Dr,Rockville,MD,20850,https://www.camdenliving.com/apartments/rockville-md/camden-fallsgrove,camden,SUCCESS,TIER_1_DOM_CAMDEN,camden,6,0,finding_evidence_census,44,camden,,3ebf7f6717e5ef7e2849fecfb5caca9a3bbfd0f3444d4ef4f83666bff6083072
6371,The Place at Barker Cypress -Enclave,1822 Barker Cypress Rd,Houston,TX,77084,https://theplaceatbarkercypress.com/,rentcafe,SUCCESS,TIER_1_API_RENTCAFE_SECURECAFE,rentcafe,42,0,proportional_adapter_type_fill,,,,e76349c36911eec54dfdb8f8affa77c009276aa65aced95782701e0f5d9ba87d
37721,Belcarra,10688 NE 10th St,Bellevue,WA,98004,https://www.essexapartmenthomes.com/apartments/bellevue/belcarra?sc_camp=2648D1300BEC431BB11EB86F02F52DBD&utm_source=googlesearch,essex,FAILED_NO_DATA,TIER_1_API_ESSEX,essex,0,0,finding_evidence_census,34,essex,,dd0a330d31b23648578e721419023bac04a028d8b93056d2704b4b2ecbcfd863
69154,The Mark Huebner Oaks,11138 Huebner Oaks,San Antonio,TX,78230,http://themarksanantonio.com/,rentcafe,SUCCESS,TIER_1_RENTCAFE_SECURECAFE_DIRECT,,25,0,proportional_adapter_type_fill,,,,c9e088aeb418f9756fe9d231d300fe54e52c59fb1f18b275fc1b1991ba851cb5
41185,Gallery 421,421 W Broadway,Long Beach,CA,90802,https://www.imtresidential.com/imtgallery421/,sightmap,SUCCESS,TIER_1_API_SIGHTMAP_IFRAME,sightmap,1,4,route_candidate:imt_spaces,,,imt_spaces,9df09ffd3d97298505a4173bc6fd27a3a072a305790c00000a78b8b7f4678f61
266348,Solasta,7606 Klotz Ranch Ct,Sacramento,CA,95831,https://www.livesolasta.com/,generic_plan_text,SUCCESS,TIER_1_API_SIGHTMAP,onsite_apply,19,1,finding_evidence_census,32,onsite_apply,,b185a46619b81541489d47e4c5f88e5d032e571ecef94b832eae1968539322d2
61168,Greylyn Estates,9415 Lucy Jane Ln,Charlotte,NC,28270,https://greylynestates.com/,rentcafe,SUCCESS,TIER_1_RENTCAFE_SECURECAFE_DIRECT,,14,0,proportional_adapter_type_fill,,,,e190bb4267c95e06275f66c854709348b94e8db512f14506de648869d5e6eeff
1752,Kensington Park,11651 Norbourne Dr,Forest Park,OH,45240,www.kensingtonparkaptsoh.com,fortresstech,SUCCESS,TIER_1_SSR_FORTRESSTECH,fortresstech,3,0,finding_evidence_census,35,fortresstech,,e53d35715fda1fb5e82ed5b31e49fe2dce06075722fe3c63ec351d28f40a937a
68148,AMLI Midtown 29,180 NE 29th St,Miami,FL,33137,https://www.amli.com/apartments/southeast-florida/miami-apartments/amli-midtown-29,amli,SUCCESS,TIER_1_API_AMLI_NEXT_DATA,amli,92,0,finding_evidence_census,31,amli,,00e21b4bd02329a4c47ec7dc96b4e8bf1fdf9413421f1426b102a288e06ae34e
230542,Santa Clara Square,3320 Montgomery Dr,Santa Clara,CA,95054,https://www.irvinecompanyapartments.com/locations/northern-california/santa-clara/santa-clara-square.html,irvine,SUCCESS,TIER_1_API_IRVINE,irvine,81,0,finding_evidence_census,30,irvine,,e26401d3daca5b47c082c8627fa85b93ca5b23e12ca1d0eea2271186b4f72ae4
65468,Red Tail Apartments,121 E Victory Rd,Meridian,ID,83642,www.redtailapartments.com,entrata,SUCCESS,TIER_1_DOM_ENTRATA_PP_HYPERBROWSER_UNIT_LEVEL,entrata,4,0,proportional_adapter_type_fill,,,,2919b812beb786000bf1f280df7bd83a83cef810d482a2e7f5296b8f97cfd7e5
227981,Sixth & Alder,3118 6th Ave,Tacoma,WA,98406,https://www.6thandalderapartments.com,knock,SUCCESS,TIER_1_KNOCK_API,knock,3,0,proportional_adapter_type_fill,,,,9169fe8a01eff0f06197f6e2402195e4f6d430866e4342c33ddb5daad2c03b1a
16387,The Colony at Fashion Island,5100 Colony Plaza,Newport Beach,CA,92660,https://www.irvinecompanyapartments.com/locations/orange-county/newport-beach/colony-at-fashion-island.html,irvine,SUCCESS,TIER_1_API_IRVINE,irvine,3,0,finding_evidence_census,30,irvine,,2027e36f22fa32e917768e49dc1f2f2c25d027874de286b9619e6359ed3eeb42
36964,Avalon Meydenbauer,10410 NE 2nd St,Bellevue,WA,98004,https://www.avaloncommunities.com/washington/bellevue-apartments/avalon-meydenbauer,avalonbay,SUCCESS,TIER_1_HTML_AVALONBAY_FUSION,avalonbay,27,0,finding_evidence_census,2,avalonbay,,ec446dc58d7a58d490096b827d0a329f8784380c6db9e1509d716c009b0868ca
290551,The Asher,100 Chestnut St,Ashland,MA,1721,https://theasher.com/,knock,SUCCESS,TIER_1_KNOCK_API,knock,1,0,proportional_adapter_type_fill,,,,5eef347b5a91141b82e6d9289882649b3872b76ecc2eb3c5fa02e8b12038d4f6
1845,Sterling Place,5399 Coachman Rd,Columbus,OH,43220,https://sterlingplaceapartments.com/,g5,SUCCESS,TIER_1_API_G5,g5,16,0,proportional_adapter_type_fill,,,,7306a33fbd217c83a38b762e615273d185bdac5aa55042350939571257036359
74193,Summerhill Terrace,15267 Hesperian Blvd,San Leandro,CA,94578,https://www.summerhillterraceaptliving.com/,generic,SUCCESS_PLAN_LEVEL,TIER_3_DOM,onsite_apply,0,6,finding_evidence_census,32,onsite_apply,,d2cbcce35eae233d0c522b6bb435dbeefde9762cc6e690c86799576b124d0544
232992,The Paddock Club at Providence,685 Providence Main St NW,Huntsville,AL,35806,https://www.maac.com/alabama/huntsville/the-paddock-club-at-providence/,maac,SUCCESS,TIER_1_API_MAAC_HTML,maac,55,0,finding_evidence_census,28,maac,,6f2f25cbd6768a59b498e58ec2959381a5702e8af0f1da030529cb5c161eeb80
32722,Rivergate Meadows,100 Rivergate Meadows Dr,Goodlettsville,TN,37072,http://www.rivergatemeadows.com/,rentcafe,SUCCESS,TIER_1_DOM_RENTCAFE_AVAILABLEUNITS_ROSTER,rentcafe,19,0,proportional_adapter_type_fill,,,,4ca4258ed7260101a59c26f43b181f11954c0304b6a5d435cb1bd27292b7a0af
42361,Winston Apartments,1260 Rossiter Ave,Baltimore,MD,21239,https://www.liveatwinston.com/,rentcafe,SUCCESS,TIER_1_API_RENTCAFE_SECURECAFE,rentcafe,32,0,proportional_adapter_type_fill,,,,27db3bbfba5c09ff9b0e73a1b94609d013289fb5307e28b7528ed63e8b1594c4
2598,Shore Park at Riverlake,7952 Pocket Rd,Sacramento,CA,95831,https://www.elevatetosequoia.com/apartments/ca/sacramento/shore-park-at-riverlake/,repli360,SUCCESS,TIER_1_API_REPLI360,repli360,34,0,finding_evidence_census,27,repli360,,5a8dfa26ce0a58752ebb80c5e8bf5740c8feb632f23cfa02f738f495945d2219
68465,The Morgan Sandy Springs,6125 Roswell Rd,Atlanta,GA,30328,https://www.themorgansandysprings.com/,entrata,SUCCESS,TIER_1_DOM_ENTRATA_PP_HYPERBROWSER_UNIT_LEVEL,entrata,19,0,proportional_adapter_type_fill,,,,07eacfeabea826226f1c513aa4111982e895d7917c585cc9b2b642c58025d898
245526,The Bridgewater Apartments,14916 Riverdale Dr S,Carmel,IN,46033,http://thebridgewaterapartments.com,onesite,SUCCESS,TIER_1_API_REALPAGE_ONLINELEASING_GETUNITS,onesite,25,0,proportional_adapter_type_fill,,,,640f2dabfcfd0001d31079d89513944716b93908cbdf6ab71c3f61f59e2533f8
251165,The Overland,2065 S Cherokee St,Denver,CO,80223,https://www.theoverlandbyavanti.com/,sightmap,SUCCESS,TIER_1_API_SIGHTMAP_DIRECT,,17,0,proportional_adapter_type_fill,,,,e5f169b9534a99f6d6cedb3e9de2490be2ba90c16d998fefc27d66166367206a
16754,Waterford Point,8960 SW 122nd Ave,Miami,FL,33186,https://waterfordpoint.us/,resman,SUCCESS,TIER_1_API_RESMAN,resman,15,11,proportional_adapter_type_fill,,,,d8cb53b9e4f752ccd16f05b04817aaef36baa23a55c1de8c60fa83496bb0f8e9
78373,Fenway Apartments,7112 Fenway Dr,Westminster,CA,92683,https://www.allenproperties.net/fenway-apartments-westminster-ca/,generic,SUCCESS_PLAN_LEVEL,TIER_3_DOM,onsite_apply,0,2,finding_evidence_census,32,onsite_apply,,d37b97d029ed793372da749ec90836800aced12deaf5be004dcc7197d9f4668a
220345,Vestawood Apartments,1716 Vestawood Ct,Vestavia Hills,AL,35216,https://www.vestawood.com/,wix_floor_plans,SUCCESS,TIER_1_DOM_APPFOLIO_SSR,wix_floor_plans,18,0,finding_evidence_census,43,wix_floor_plans,,f0cfc73f1bf9fdefa058ba80aff588dcc44efa0fc18c66d04f74c628a54b2da5
75912,TGM Creekside Village,303 Maple Tree Dr,Glen Burnie,MD,21060,www.tgmcreeksidevillage.com,generic_plan_text,SUCCESS_PLAN_LEVEL,TIER_1_DOM_GENERIC_PLAN_TEXT_EMPTY_FALLBACK,generic_plan_text,0,7,proportional_adapter_type_fill,,,,557dacf3b0846942c5666f62e09a1b40f24803107285ee2922ee00d80c8a0394
33327,The Parker,14140 N Broadway Ext,Edmond,OK,73013,https://venterraliving.com/apartments/the-parker/,sightmap,SUCCESS,TIER_1_API_SIGHTMAP_DIRECT,sightmap,18,1,finding_evidence_census,7,venterra,,1dfb03c5ec5df453ffb935041dc33ff1cb98ced413df63d9c4ea513567e1b15b
255548,Redbud Ranch,2701 N 23rd St,Broken Arrow,OK,74012,https://www.caseusa.com/apartments/ok/broken-arrow/redbud-ranch/#/,rentcafe,SUCCESS,TIER_1_API_RENTCAFE_SECURECAFE,rentcafe,10,0,proportional_adapter_type_fill,,,,1c6cd16b9ac015c36b37eebe09c1232a54cc71edc696a1784a13ddd7f7f14525
37712,The Enclave,507 NE Northgate Way,Seattle,WA,98125,https://www.enclavenorthgate.com/,rentcafe,SUCCESS,TIER_1_DOM_RENTCAFE_AVAILABLEUNITS_ROSTER,onsite_apply,38,0,finding_evidence_census,32,onsite_apply,,ef225287492136a6248f3f88932ff79f73f6481ed5cb2dc92fb499c1735a0b84
40178,Park Plaza,1969 SW Park Ave,Portland,OR,97201,https://www.parkplazapdx.com/,onesite,SUCCESS,TIER_1_API_REALPAGE_ONLINELEASING_GETUNITS,onesite,4,0,proportional_adapter_type_fill,,,,c0532f331035614f0f6f97ec6f6e19180134013a1a5fe9faa6533dcd9e93bcc8
60038,Velo,115 N 2nd St,Minneapolis,MN,55401,https://www.velonorthloop.com/,knock,SUCCESS,TIER_1_KNOCK_API,knock,12,0,proportional_adapter_type_fill,,,,f7711d1db42b1361a857f474b265a7026beac7aa1f36aae635e9226129f30fbc
1312,Knoll Crest,5700 N Knoll,San Antonio,TX,78240,https://knollcrestsa.com/,rentcafe,SUCCESS,TIER_1_RENTCAFE_SECURECAFE_DIRECT,,26,0,proportional_adapter_type_fill,,,,cc075b98b1a9aafb2ddc60480e19b72b4f8310bcaa31c3b1be65aea154944c3a
1156,Northview Southview Apartment Homes,8111 Reseda Blvd,Reseda,CA,91335,https://www.northview-southview.com/,rentcafe_layout_tab,SUCCESS,TIER_1_DOM_RENTCAFE_LT,onsite_apply,5,0,finding_evidence_census,42,rentcafe_layout_tab,,6ce4b065151b1511721c08b9927525763e6b81eae59d312d543959f885493ddd
51775,Aspen Meadow,1050 Denzil Dr,Hopkinsville,KY,42240,https://www.aspenmeadowky.com/,resman,FAILED_NO_DATA,TIER_1_API_RESMAN_NO_PORTAL,resman,0,0,observed_adapter_type_stratum,,,,9c24c5f1e1f682a56d10976d78a79a1b5baf0e60ed124024d6045c7b372f4074
269642,Veranda,1000 W Girard Ave,Philadelphia,PA,19123,https://www.verandaphilly.com/,entrata,SUCCESS,TIER_1_DOM_ENTRATA_PP_HYPERBROWSER_UNIT_LEVEL,entrata,36,0,proportional_adapter_type_fill,,,,000c66729805f13996f742454e9578dbf86017f15f32b28f235dae44630169f5
16326,Dawson,15501 Bruce B Downs Blvd,Tampa,FL,33613,https://thedawsontampa.com/property/the-dawson/,rentcafe,SUCCESS,TIER_1_API_RENTCAFE_SECURECAFE,sightmap,93,0,proportional_adapter_type_fill,,,,ef9533331a8100d36a7580048b615b2ec37cc7ee312002f522d82662805ee3b9
229594,Stoneridge on the 8,6160 East Sam Houston Pkwy N,Houston,TX,77049,https://venterraliving.com/apartments/stoneridge-on-the-8/?id=TX4SKGOO,venterra,SUCCESS,TIER_1_DOM_VENTERRA,venterra,41,0,observed_adapter_floor,,,,261227b5ae58b0f3b7aa7813819de4e8f3c962d92a03443801de20d1c32f5111
255637,Tuscany at Gabriella Pointe,3545 E Warner Rd,Gilbert,AZ,85296,https://www.rentanapt.com/apartments/az/gilbert/e-warner-rd/,knock,SUCCESS,TIER_1_KNOCK_API,knock,11,0,proportional_adapter_type_fill,,,,5718dad44952d30929d4fc68ceb0d9ca811a1ca483a125ee985f03b2074016ed
247383,Vanguard at 16 Tech,1410 Breedlove Ln,Indianapolis,IN,46202,https://www.vanguardat16tech.com/,repli360,SUCCESS,TIER_1_API_REPLI360,repli360,72,0,proportional_adapter_type_fill,,,,4b6b94714fa0e00682d65329b275ee2706b52d1a34e11035eefa29af75c9a553
21169,Montebello at Summit Ridge,5200 Summit Ridge Dr,Reno,NV,89523,https://www.montebelloatsummitridge.com/,onsite_apply,SUCCESS,TIER_1_API_ONSITE_APPLY,onsite_apply,6,0,finding_evidence_census,32,onsite_apply,,d54224260421b5c9899ba92c4f244126958486002a135b9ca1f2e9b8c25eb708
48517,Foxboro,15551 Adams St,Omaha,NE,68137,https://www.foxboroomaha.com/,appfolio,SUCCESS,TIER_1_DOM_APPFOLIO_VANITY,appfolio,2,0,proportional_adapter_type_fill,,,,78f346bfd597062c0d9e41525cc31bea2ea8f8d3d8f0e51aae9f91eeb42045e5
16796,Santa Rosa,500 Cardiff,Irvine,CA,92606,https://www.irvinecompanyapartments.com/locations/orange-county/irvine/westpark/santa-rosa.html,irvine,SUCCESS,TIER_1_API_IRVINE,irvine,32,0,finding_evidence_census,30,irvine,,75ed32a42a5fe4f294173fe85ee4c00eb9742b0842b6ede2a666977612ea986a
27577,Park Catalina,690 S Catalina St,Los Angeles,CA,90005,https://www.essexapartmenthomes.com/california/los-angeles-area-apartments/los-angeles-apartments/park-catalina,essex,SUCCESS,TIER_1_API_ESSEX,essex,6,0,finding_evidence_census,34,essex,,f337aae226a0469a97aba80c286831d67fa0c67fe4958092a14dbd48958ba6f1
62512,Camden Chandler,2777 S Arizona Ave,Chandler,AZ,85286,https://www.camdenliving.com/apartments/chandler-az/camden-chandler,camden,SUCCESS,TIER_1_DOM_CAMDEN,camden,7,0,finding_evidence_census,44,camden,,cd3d4541efc89290e5016ef3f086e32274267d615a1b949a13594484ec1cac06
30796,Eden Prairie Apartments,303 L W Besinger Dr,Carpentersville,IL,60110,https://www.aptsedenprairie.com/,appfolio,SUCCESS,TIER_1_DOM_APPFOLIO_VANITY,appfolio,1,0,proportional_adapter_type_fill,,,,f88528dde49a5ee31e8daa8c28320cb283e3e064b61ec241d347de8dd637675e
285397,Vistas Palmetto Bay,18300 SW 98th Ave,Palmetto Bay,FL,33157,https://www.vistaspalmettobay.com/,onesite,SUCCESS,TIER_1_API_REALPAGE_ONLINELEASING_GETUNITS,generic_plan_text,1,5,proportional_adapter_type_fill,,,,a949b628ca7a77ac4319b6149709b1259f792b00c54b77816567b03e8c8d0316
4904,Saybrooke,100 Old MacDonald Rd,Gaithersburg,MD,20877,https://www.saybrookeapartments.com/,rentcafe,SUCCESS,TIER_1_API_RENTCAFE_SECURECAFE,rentcafe,9,0,finding_evidence_census;route_candidate:rentcafe_unit_roster,18,securecafe,rentcafe_unit_roster,9975e2fff7fcc452de2931a3276f6de9fd5467d3af0c8f8a501d8cd0c14bf60e
24928,Summer Winds,2725 W Wigwam Ave,Las Vegas,NV,89123,https://lasvegasliving.com/properties/summer-winds/,sightmap,SUCCESS,TIER_1_API_SIGHTMAP_DIRECT,,27,0,route_candidate:touchtour,,,touchtour,5f44a276bd3a61250bd960737f70310bb960ccfee9955ff26f75fa17309a0523
48769,Spring Gate,1500 Springate Dr,Panama City,FL,32404,https://www.hgliving.com/apartments/fl/panama-city/spring-gate/#/,knock,SUCCESS,TIER_1_KNOCK_API,knock,6,0,finding_evidence_census,41,mri_prospectconnect,,0f755d6c1318be232215e5f697c8414c36ba00ac5819994e2bc60f847c2e2fd0
25551,Morada Grande,5421 W Indian School Rd,Phoenix,AZ,85031,www.MoradaGrande.com,knock,SUCCESS,TIER_1_API_G5,knock,26,0,proportional_adapter_type_fill,,,,51cb1fa0126443246bac5d78da9ac751ee8324f0d51ba63388af0d8309859202
24776,Hidden Lakes,5800 Deepwood Ct,Village of Clarkston,MI,48346,https://www.livehiddenlakesapts.com/,rentcafe,SUCCESS,TIER_1_API_RENTCAFE_SECURECAFE,rentcafe,20,0,proportional_adapter_type_fill,,,,4490ae385598717b640c567eb86319f475f8a59c87fd46bb8a266223ff17a90f
1740,Camden Fairview,8738 Fairview Rd,Charlotte,NC,28226,https://www.camdenliving.com/apartments/charlotte-nc/camden-fairview?utm_source=gmb&utm_medium=local&utm_campaign=camden-fairview&y_source=1_MTE2Nzc0MTctNzE1LWxvY2F0aW9uLndlYnNpdGU%3D,camden,SUCCESS,TIER_1_DOM_CAMDEN,camden,3,0,finding_evidence_census,44,camden,,3d534756cbaa8781ba49f9d7ca18d7243e3f91139dd5a0a238878b75a5ed2f5e
258119,Timber Falls,120 Mary Ann Rd,Beaver Dam,WI,53916,https://timberfallsapartments.com/,rentcafe,SUCCESS,TIER_1_API_RENTCAFE_SECURECAFE,rentcafe,2,0,proportional_adapter_type_fill,,,,cccc266ffa13882fe844322b7b41ca241b6ee9ec66402bdacf657ade8e0aef11
65327,Beacon Harbor Point,1 Harbor Point Rd,Stamford,CT,6902,http://www.beaconharborpt.com,encoreskyline_template,SUCCESS,TIER_1_DOM_JONAH_SSR_UNITS,encoreskyline_template,13,0,proportional_adapter_type_fill,,,,e850b4eb2355462174eedaf7aa43910e428e093fe9d31f69317534ec7aac3164
10629,The Oakley,501 Green Oaks Ct,Arlington,TX,76006,https://livebh.com/apartments/the-oakley-apartment-homes/,sightmap,SUCCESS,TIER_1_API_SIGHTMAP_DIRECT,,5,0,proportional_adapter_type_fill,,,,180591f705c39d60ba4cad5db1ce422a7b822e054d34fb28fa6f465a1e4d622d
12963,The Blake LA,733 N Kings Rd,Los Angeles,CA,90069,https://www.essexapartmenthomes.com/apartments/the-blake-la,essex,SUCCESS,TIER_1_API_ESSEX,essex,5,0,finding_evidence_census,34,essex,,4d89846793ee06276f20f7925457a63fadd905f38c607a1a196d8186d4c6b78c
258543,Alta Wren,3000 Orchid St,Cary,NC,27519,https://www.altawren.com/,rentcafe,SUCCESS,TIER_1_API_RENTCAFE_SECURECAFE,rentcafe,13,0,proportional_adapter_type_fill,,,,8ff1b09a1a2de9af1a51bc27e0112ec4fc80a3d611b5a3f7965a14f47e5ff89b
257860,Quin,1010 Santa Fe Dr,Denver,CO,80204,https://www.hollandresidential.com/co/denver/quin,rentcafe,SUCCESS,TIER_1_API_RENTCAFE_SECURECAFE,rentcafe,22,0,proportional_adapter_type_fill,,,,aa705ae086305414af82c923f463f6c288d4953642316321b399dcab8cda8334
48514,The Avenue,300 Chapel Ridge Dr,Cabot,AR,72023,https://www.aspensquare.com/apartments/arkansas/cabot/the-avenue,aspensquare,SUCCESS,TIER_1_API_ASPENSQUARE_KNOCK,aspensquare,8,0,finding_evidence_census,38,aspensquare,,04b83cf4ea771a0ddc3fb36795d1810fc3c3f4181050bd5ed3bf91b78192c22a
21149,Pinnacle at MacArthur Place,31 E Macarthur Cres,Santa Ana,CA,92707,https://www.essexapartmenthomes.com/apartments/santa-ana/pinnacle-at-macarthur-place,essex,SUCCESS,TIER_1_API_ESSEX,essex,17,0,finding_evidence_census,34,essex,,8bdd3a9b053e6b2868a766da6246b74be0d4f68046d7c6305f10d5c2275e8b1d
264764,East Bend,1111 W 6th St,Houston,TX,77007,https://www.eastbendapartments.com/east-bend-houston-tx/,rentcafe,SUCCESS,TIER_1_API_RENTCAFE_SECURECAFE,rentcafe,19,0,proportional_adapter_type_fill,,,,dafa7b4cb63eed83a647a9d75019c4d2c456b5ff17a005f26ffbcb39c808a3df
226350,1250 Lakeside,1250 Lakeside Dr,Sunnyvale,CA,94085,https://www.essexapartmenthomes.com/apartments/sunnyvale/1250-lakeside,essex,SUCCESS,TIER_1_API_ESSEX,essex,10,0,finding_evidence_census,34,essex,,1ac52bdfc203975ecc11aeb15f15f0a6d778faa5fbfcffa0f62db0855381b43b
64634,Retreat at Fremaux,1303 Town Center Pkwy,Slidell,LA,70458,https://livebh.com/apartments/retreat-at-fremaux-town-center-apartments/?utm_source=realpage&utm_medium=referral&utm_campaign=cta,sightmap,SUCCESS,TIER_1_API_SIGHTMAP_IFRAME,sightmap,11,4,proportional_adapter_type_fill,,,,5d8498e2530910509d359b80b89f004260093002671839c2dbfde5f71023f095
32793,The Reserve,1930 Ridge Ave,Evanston,IL,60201,www.reserveatevanston.com,onsite_apply,SUCCESS_PLAN_LEVEL,TIER_3_DOM_GENERIC,onsite_apply,0,13,finding_evidence_census,32,onsite_apply,,b47f86cbf616fae181862c1ced698e2e07c3b28af56eddff16f12662167772ec
71558,The Bishop,1115 Springwood Connector,Sandy Springs,GA,30328,https://www.equityapartments.com/atlanta/sandy-springs/the-bishop-apartments,sightmap,SUCCESS,TIER_1_API_SIGHTMAP_IFRAME,sightmap,27,16,finding_evidence_census,33,equity,,df1c34b6900d839be06d93ae0f45b279eab5f69900ab6a9b528bab17c21e864e
26194,Ventana Palms,7021 W McDowell Rd,Phoenix,AZ,85035,http://www.ventanapalmsapartments.com/,marketapts,SUCCESS,TIER_1_DOM_MARKETAPTS_B_UNIT_LEVEL,marketapts,5,2,finding_evidence_census,40,marketapts,,badaf725342d4bd5189d706faa0f0cdef735cc5968374491dae9050f0c22a072
45986,Aaron Lake Apartments,4325 40th St W,Bradenton,FL,34205,https://www.pedcorhomes.com/Apartments/Home/419,generic_plan_text,SUCCESS_PLAN_LEVEL,TIER_1_DOM_GENERIC_PLAN_TEXT_PLAN_LEVEL,generic_plan_text,0,6,proportional_adapter_type_fill,,,,6fe987eba19089cbeac5eb88bdc4c0b6088772945f47a86227afc8d225f609a7
288197,Redwood Copley Heritage Woods Drive,581 Amber Ln,Copley,OH,44321,https://www.byredwood.com/apartments/oh/copley/redwood-copley-heritage-woods-drive/,rentcafe,SUCCESS,TIER_1_API_RENTCAFE_SECURECAFE,rentcafe,3,0,proportional_adapter_type_fill,,,,f00bb40b0c6df5cf3b2824d0eb3f3f8ef0433d53a5c9111fb3f61c1fb0ba507b
24584,Westchase Apartments,1013 Manhattan Blvd,Harvey,LA,70058,https://www.livewestchaseapartments.com/,rentcafe,SUCCESS,TIER_1_API_RENTCAFE_SECURECAFE,knock,69,0,proportional_adapter_type_fill,,,,67a7abb4619583976e42ebcacc4a243d340f4ea81a9f7b80aaba255366b0acdd
218586,Cedar Ridge,4945 Mack Rd,Sacramento,CA,95823,https://cedarridgeapts.rentaladdress.com/,rentaladdress,SUCCESS_PLAN_LEVEL,TIER_1_DOM_RENTALADDRESS_PLAN_LEVEL,rentaladdress,0,2,finding_evidence_census,37,rentaladdress,,62a53459db48c82df6d638b740d28e8346ce26df7c65e973d23aaa74e11ec5e4
14934,Country Manor,59 S Westfield St,Feeding Hills,MA,1030,https://www.aspensquare.com/apartments/massachusetts/feeding-hills/country-manor,aspensquare,SUCCESS,TIER_1_API_ASPENSQUARE_KNOCK,aspensquare,3,0,finding_evidence_census,38,aspensquare,,f21deac6239ecb7a28e1bf3a319defa23b2f8b0a91ba35e84aae9fc51eb10c3f
38897,Halstead Haverhill,40 Locke St,Haverhill,MA,1830,https://www.halsteadhaverhill.com/,rentcafe,SUCCESS,TIER_1_RENTCAFE_SECURECAFE_DIRECT,,18,0,proportional_adapter_type_fill,,,,7c5eba035ad9503e61502de687e2f08d3d35534019199fb9b237f93583ba821c
217343,Eagle Harbor II,220 Marsh Landing,Carrollton,VA,23314,https://www.liveeagleharbor.com/,wix_nopms,SUCCESS,TIER_1_DOM_APPFOLIO_SSR,wix_nopms,11,0,finding_evidence_census,47,wix_nopms,,9738b5aba246221743001f91cc6679a3c089ae787e922f697da471bbb0a90a4b
218359,Old Farm,2500 Old Farm Rd,Houston,TX,77063,https://livebh.com/apartments/old-farm/?utm_source=realpage&utm_medium=referral&utm_campaign=cta,sightmap,SUCCESS,TIER_1_API_SIGHTMAP_IFRAME,sightmap,71,3,proportional_adapter_type_fill,,,,49ea65ea86586b944d4c034ddda806a0c7a3f7a29ef26b19d686d08fdae34065
263110,Briley,10731 Surrey Green Ln,Matthews,NC,28105,https://www.simpsonpropertygroup.com/apartments/matthews-north-carolina/briley-matthews,rentcafe,SUCCESS,TIER_1_RENTCAFE_SECURECAFE_DIRECT,,34,0,proportional_adapter_type_fill,,,,ea0b16311224eed7d48a0ccc9654b29eb24dc7bb753a38854cc030f439eb5045
42662,Highlands North,10020 W 80th St,Overland Park,KS,66204,http://www.thehighlandsapartments.com,g5,SUCCESS,TIER_1_API_G5,g5,35,0,proportional_adapter_type_fill,,,,0ce79fcb99c6773d3a4e0002c61e5f6f13f88d356e64ebde68b688b162572d3e
28696,Ellinwood,400 Longbrook Way,Pleasant Hill,CA,94523,https://www.ellinwoodapartments.com/,onsite_apply,SUCCESS,TIER_1_API_ONSITE_APPLY,onsite_apply,7,3,finding_evidence_census,32,onsite_apply,,e4c8eea1aeee6a2623f64dc660b270df2250ad90ab6aa7458bb7dfc0389a9441
24544,Bexley Park,100 Summer Sky Dr,Morrisville,NC,27560,http://www.bexleyparkapartments.com/,rentcafe,SUCCESS,TIER_1_RENTCAFE_SECURECAFE_DIRECT,,14,0,proportional_adapter_type_fill,,,,497a0a7e38c5aed880984275ed6bb57b595d3511c273f683a51a14556b14333c
278904,Mirra,8320 Church St,Frisco,TX,75034,https://www.mirrafrisco.com/,rentcafe,SUCCESS,TIER_1_API_RENTCAFE_SECURECAFE,rentcafe,15,0,proportional_adapter_type_fill,,,,d201e0dbafd8bd83d293253c6d17e668a3c9bddfa14ef2f82a051df1045ab651
32747,Pleasant Woods,11800 Pleasant Ridge Rd,Little Rock,AR,72223,http://www.pleasantwoodsapts.com/,rentcafe,SUCCESS,TIER_1_API_RENTCAFE_SECURECAFE,rentcafe,14,0,proportional_adapter_type_fill,,,,993d95508f25e46cd7f08cb2ce19edd695b81f9d8c26008bf8d00a735b3c0dc0
12525,MAA Boulder Ridge,1515 Cannon Pkwy,Roanoke,TX,76262,https://www.maac.com/texas/dallas/maa-boulder-ridge/,maac,SUCCESS,TIER_1_API_MAAC,maac,44,0,finding_evidence_census,28,maac,,1201400df0792bf561c273d3d648f3de1f88fc12316145b2197b50ccb2576f80
78758,Vance At Bishop Union,111 W Davis St,Dallas,TX,75208,https://www.vanceatbishopunion.com/,g5,SUCCESS,TIER_1_API_G5,g5,33,0,proportional_adapter_type_fill,,,,a3e41ebc2c5f413935b1f393d9333d5d2e0867b5652cf415a31743ea2cf98b37
285247,The Clark Lofts,350 N Reid Pl,Sioux Falls,SD,57103,https://www.pendarproperties.com/the-clark,sightmap,SUCCESS,TIER_1_API_SIGHTMAP,sightmap,12,12,state_floor,,,,ed06b83bec99a49fc90d562c7cdf2118d12d99a5dab4c7aba50a742007b1a2bd
3785,Shadowbrook,3852 S 1845 W,West Valley City,UT,84119,http://www.shadowbrookapartments.com/,g5,SUCCESS,TIER_1_API_G5,g5,13,0,finding_evidence_census,10,g5,,f83ecd7182858c944345dbfa8ad9eb574afc480c05a0daa20f14474fce773a5c
269136,Coventry Townhomes,2323 S 800 W,Woods Cross,UT,84087,https://www.liveatcoventry.com/?_yTrackUser=MTI0NDc2MzY0OSMxMjE3MjEzNDA2-%2foPyM8O4Dko%3d&_yTrackVisit=MjIwNjgxNzA3NSMxNTk0MTk2MTgz-rdkjryyrv%2fE%3d&_yTrackReqDT=35491920210707,marketapts,SUCCESS,TIER_1_DOM_MARKETAPTS_B_UNIT_LEVEL,marketapts,4,1,finding_evidence_census,40,marketapts,,a9aeed9223a3a2e955c1fe7b95eb85dc7d5bce0d772ca31ce9de1dfb9066ef62
30472,Beach,2525 Tingley Dr SW,Albuquerque,NM,87104,https://www.thebeachapts.com/,realpage_cws,SUCCESS,TIER_1_API_REALPAGE_CWS_UNITS,realpage_cws,31,0,proportional_adapter_type_fill,,,,7ca0e72ebc1c2e06640b8e52b9ca5c57619297a91db24509d5a431ca59f84b21
38314,Coppermill,2217 Edenborn Ave,Metairie,LA,70001,https://www.coppermillaptsbytonti.com/,rentcafe,SUCCESS,TIER_1_API_RENTCAFE_SECURECAFE,rentcafe,2,0,proportional_adapter_type_fill,,,,f4c4fcc9dda6cd377ac313358be414e63f921b25addc3fda21478710a4000505
49102,Parkview Apartments,1244 Hazelwood St,Saint Paul,MN,55106,https://pmsi.biz/details/?pid=30,generic_plan_text,SUCCESS_PLAN_LEVEL,TIER_1_DOM_GENERIC_PLAN_TEXT_EMPTY_FALLBACK,rentmanager,0,21,proportional_adapter_type_fill,,,,cb6ebae184629f84a6dbddfa6ab60e90c16f23d4df730510e11ed5b5b8ef78fc
30237,Forest View,4545 S Panther Creek Dr,The Woodlands,TX,77381,https://venterraliving.com/apartments/forest-view/,venterra,SUCCESS,TIER_1_DOM_VENTERRA,venterra,20,0,finding_evidence_census,7,venterra,,1aa14257a5886dee070c531fe7566dc8fe157748523b46fc79bc04c484587828
292744,Chartwell Commons at Green Lea,2076 Chartwell Way,Gallatin,TN,37066,https://www.chartwellcommonsatgreenlea.com/,UNATTRIBUTED,FAILED_UNREACHABLE,generic:no_body_short_circuit,,0,0,proportional_adapter_type_fill,,,,ad4ea7fad40c352798c484c308257b1bf392380a23ad04a32b002df519d83aef
27390,The Willows,600 S 1st St,Austin,TX,78704,http://rainieratx.com/listing/the-willows/,appfolio,SUCCESS,TIER_1_DOM_APPFOLIO_VANITY,appfolio,5,0,proportional_adapter_type_fill,,,,4e6b50ba3bb410fff1d0d55d6b426cf8f8c9b4cab36e7bc21814703c7fdcb9ee
29583,Norcross Crossings,3400 Peachtree Corners Cir,Norcross,GA,30092,https://www.hgliving.com/apartments/ga/peachtree-corners/norcross-crossing/,UNATTRIBUTED,DEAD_URL,generic:no_body_short_circuit,,0,0,finding_evidence_census,41,mri_prospectconnect,,b387c3f82137a2e0b15f4aa41a67a473e0ea885f81b371a3366f95c875e0c339
47346,Pembroke Crossing,825 Crossing Ct,Virginia Beach,VA,23455,https://www.pembrokecrossingapartments.com/contact-us,appfolio,SUCCESS,TIER_1_DOM_APPFOLIO_VANITY,appfolio,9,0,proportional_adapter_type_fill,,,,9ef188b5b15bb237e602fb2f71e9c1a84cd137af9a191e71c6d08a85d7c0453d
265147,Aura Delray Beach,2095 W Atlantic Ave,Delray Beach,FL,33445,https://auradelraybeach.com/,UNATTRIBUTED,FAILED_UNREACHABLE,generic:no_body_short_circuit,,0,0,proportional_adapter_type_fill,,,,97f18e74c636706f500f7d8130eb47881fb3975067e5b17861beb3f94bf6084b
277774,Redwood Superior Township,1725 Cardiff Row,Superior Charter Township,MI,48198,https://www.byredwood.com/apartments/mi/superior-township/redwood-superior-township/,rentcafe,SUCCESS,TIER_1_API_RENTCAFE_SECURECAFE,rentcafe,4,0,proportional_adapter_type_fill,,,,a99f2063d065cce3ac1af4446e71877d6ca838f73f3d8214502968877a4686c9
294552,Red Hawk Laurel Grey,2031 NE Holliday Ave,Bend,OR,97701,https://www.redhawklaurelgrey.com/,onsite_apply,SUCCESS,TIER_1_API_ONSITE_APPLY,onsite_apply,3,0,finding_evidence_census,32,onsite_apply,,e9e4c4d276fc3d974f91472b50391b93bbe8f789497a09147ea9398d9ef66b84
29739,Gateway at Ellington,15603 Gulf Fwy,Webster,TX,77598,https://www.gatewayatellington.com/,entrata,SUCCESS,TIER_1_DOM_ENTRATA_PP_HYPERBROWSER_UNIT_LEVEL,entrata,14,0,proportional_adapter_type_fill,,,,dc8097c39d04147c200249cb3f4c30be462e5b241b6754b590e67640dee600ae
97765,Icon One Daytona Rise Collection,1820 Legends Ln,Daytona Beach,FL,32114,https://www.icononedaytona.com/,rentcafe,SUCCESS,TIER_1_DOM_RENTCAFE_AVAILABLEUNITS_ROSTER,rentcafe,5,0,proportional_adapter_type_fill,,,,7099ae8aec9abbd5861c50eac4e10a9c94fef5fa1b471d391e9cd1fc27b30b15
244705,Devine District,2712 Lee St,Columbia,SC,29205,https://devinedistrict.com/,encoreskyline_template,SUCCESS,TIER_1_DOM_JONAH_SSR_UNITS,encoreskyline_template,3,0,proportional_adapter_type_fill,,,,fe18eb805abd485cf237287146675a3bccbfc08b0a808c401c6c8aa55a35df62
23296,Clinton Manor,24666 Katherine Ct,Harrison Township,MI,48045,https://www.clintonmanor-apts.com,entrata,SUCCESS,TIER_1_DOM_ENTRATA_PP_HYPERBROWSER_UNIT_LEVEL,entrata,7,0,proportional_adapter_type_fill,,,,c3579a6ef746c55a2d1ada7f42e88814780af12ca7ee6c6ef78d17148d9fd4ef
218893,Volta at Voyager I,11275 Nahcolite Pt,Colorado Springs,CO,80921,https://www.voltaatvoyager.com/volta-at-voyager-colorado-springs-colorado/,repli360,DEAD_URL,TIER_1_API_RENTCAFE_SECURECAFE,repli360,14,0,observed_adapter_type_stratum,,,,6f40222df9ebd3f01fe2fa1930b15c47b72b7f69fd8d14c2df49b732e39b0467
241643,Jade at North Hills,N72W12727 Good Hope Rd,Menomonee Falls,WI,53051,https://www.movetojade.com/,appfolio,SUCCESS,TIER_1_DOM_APPFOLIO_VANITY,appfolio,22,0,finding_evidence_census,6,appfolio,,8a0e7577cac71240cdc4d3a8060db1eea5313070557e3383235b6077ed6e51ec
19877,Advenir at Magnolia,210 Welcome Way,Fern Park,FL,32730,http://www.adveniratmagnolia.com/,entrata,SUCCESS_PLAN_LEVEL,TIER_1_DOM_ENTRATA_PP_SSR_PLAN_LEVEL,entrata,0,6,proportional_adapter_type_fill,,,,040bf1c84fc4d216c6b46b14c0a6db90c8160922e0eb6cf03af0c024c1969240
273919,Avon Commons,597 Collins St,Avon,NY,14414,https://www.morgan-properties.com/apartments/ny/avon/avon-commons/,rentcafe,SUCCESS,TIER_1_API_RENTCAFE_APPLICANT_FLOORPLANS_V2_HYPERBROWSER,rentcafe,2,6,proportional_adapter_type_fill,,,,e415cd406bbcb99a769453bc7339627630965642b50c951fd1e1b67ae399ffd3
1721,Hidden Valley Club,600 Hidden Valley Club Dr,Ann Arbor,MI,48104,https://www.hvca2.com/,rentmanager,SUCCESS,TIER_1_DOM_RENTMANAGER_INLINE_UNITCOUNT,rentmanager,60,0,proportional_adapter_type_fill,,,,be1c758e38848b23cc616267630c754cc239579115725e0ff4bc126de3dda7b3
26151,Madera,2600 S Town Center Dr,Las Vegas,NV,89135,https://lasvegasliving.com/properties/madera/,sightmap,SUCCESS,TIER_1_API_SIGHTMAP_DIRECT,,26,0,route_candidate:touchtour,,,touchtour,fb3cee5123b0e35f4d6a2c513ff2f84b8aff6a3e0d5ad073d7fec7c8e66009f9
28386,Greenback Ridge,7566 Greenback Ln,Citrus Heights,CA,95610,www.thegreenbackridge.com,generic,SUCCESS_PLAN_LEVEL,TIER_3_DOM,onsite_apply,0,3,finding_evidence_census,32,onsite_apply,,96c781024a26780d290c61f455dba4841f8498613e2dd1b415b0be07386b247f
14524,Canton Mill Lofts,550 Riverstone Pkwy,Canton,GA,30114,https://venterraliving.com/apartments/canton-mill-lofts/,sightmap,SUCCESS,TIER_1_API_SIGHTMAP_DIRECT,sightmap,14,115,finding_evidence_census,7,venterra,,d42cb759c104cb96d52f66e9f42b512102f23509dbb8b0ea848351731bcedd6a
284598,Sunrise Station,11260 Point E Dr,Rancho Cordova,CA,95742,https://www.liveatsunrisestation.com/,marketapts,SUCCESS,TIER_1_DOM_MARKETAPTS_C_UNIT_LEVEL,marketapts,16,0,finding_evidence_census,40,marketapts,,5859488fe30fd06508d16026232627d6d500906a55d503c1e6e163ec0729829e
37919,Parc Coliseum Apartments,228 W 71st St,New York,NY,10023,http://www.equityapartments.com/New-York/New-York-City-apartments/Upper-West-Side/Parc-Coliseum-apartments.aspx,equity,SUCCESS,TIER_1_API_EQUITY,equity,5,0,finding_evidence_census,33,equity,,be926943161b05a5bd65d9dc9e9d72304dd3ccfb8cc5f451f0de142bda9bdd48
270574,Satori West Ashley,211 Satori Way,Johns Island,SC,29455,https://www.satoriwestashley.com/,rentcafe,SUCCESS,TIER_1_API_RENTCAFE_SECURECAFE,rentcafe,23,0,proportional_adapter_type_fill,,,,ba26a93c0ae409f6621a146180292cd1fc5c5e3cf3019f7c436e9c51338ec937
227366,Stazione:25,2715 25th Ave S,Seattle,WA,98144,https://www.stazione25.com/,onsite_apply,SUCCESS,TIER_1_API_ONSITE_APPLY,onsite_apply,14,0,finding_evidence_census,32,onsite_apply,,f14284ec2f17fdc7530e1b2a3865dcd8a831042045d5b70c6c947b4f2dcce657
486,Rosewood,8525 N Armenia Ave,Tampa,FL,33604,https://rwoodapts.prospectportal.com/,entrata,SUCCESS,TIER_1_DOM_ENTRATA_PP_HYPERBROWSER_UNIT_LEVEL,entrata,6,0,proportional_adapter_type_fill,,,,367a6c095d8d14793850454429bf90b5606a1ffcc5bcbc82b57f1659d418bf3b
48118,Oceanaire,16016 Lemoyne Blvd,Biloxi,MS,39532,http://www.liveatoceanaire.com,rentcafe,SUCCESS,TIER_1_API_RENTCAFE_SECURECAFE,knock,14,0,proportional_adapter_type_fill,,,,69ebccc1bb87514215b65c81ff40e993bb3571f75bdd9cae8fb1ed2f72f2c630
243523,The Elaine,1000 Skokie Blvd,Northbrook,IL,60062,https://www.theelaine.com/,knock,SUCCESS,TIER_1_KNOCK_API,knock,3,0,proportional_adapter_type_fill,,,,a3b038904cb824bb934896399e607ddebf8b29759fa68373e74c3d029bec554d
49726,Landmark of D'Iberville,11059 Lamey Brg Rd,D'Iberville,MS,39540,www.landmarkdiberville.com,rentvision,SUCCESS,TIER_3_DOM_RENTVISION_UNIT_LEVEL,rentvision,11,0,observed_adapter_floor,,,,972a590818323db9d86c42c3d25495c89f05906dea66200ccd9ebf12c01f1af3
4939,Grove at St Andrews,716 Zimalcrest Dr,Columbia,SC,29210,www.groveatstandrews.com,rentcafe,FAILED_NO_DATA,TIER_1_API_RENTCAFE_NO_RESPONSE,rentcafe,0,0,proportional_adapter_type_fill,,,,dad9a30cd669a2986d30612eb5409a8a51cf938b38106a8a2a9c3198b3eaffff
38167,The Villas on Brightside,1645 Brightside Dr,Baton Rouge,LA,70820,http://www.livethevillas.com/,appfolio,SUCCESS,TIER_1_DOM_APPFOLIO_VANITY,appfolio,1,0,proportional_adapter_type_fill,,,,dfb7c5138b75812cf9fe244de2e047695113f716eef6bbaa733b3dc459e40f59
239250,Sweetwater,21300 Cotton Creek Dr,Gulf Shores,AL,36542,www.sweetwaterapts.net,entrata,SUCCESS,TIER_1_DOM_ENTRATA_PP_HYPERBROWSER_UNIT_LEVEL,entrata,7,0,proportional_adapter_type_fill,,,,dfbcd20598f4d83d06fdddee7b89f40d5b021d78f9a63d25a0089b51fbf7c18b
5488,Arcadia 4127,4127 E Indian School Rd,Phoenix,AZ,85018,https://www.4127arcadia.com/,apts247,SUCCESS,TIER_1_API_APTS247,appfolio,13,0,proportional_adapter_type_fill,,,,3b319167c10765d7a241de89b62887a1527eb262d9f18094d0f546c81f415843
275151,Hamlet at MidCity,100 Chawston Ave,Huntsville,AL,35806,https://www.hamletatmidcity.com/?utm_source=GBP&utm_medium=organic&utm_knock=gmb#/,knock,SUCCESS,TIER_1_KNOCK_API,knock,19,0,proportional_adapter_type_fill,,,,a4c58f666d7b6c0fe9e92a5d3ec2ef19353be0316b8019bb38acd7c00a1e5e81
37476,Cole,300 S Lamar Blvd,Austin,TX,78704,https://www.coleapts.com/cole-apartments-austin-tx/,rentcafe,SUCCESS,TIER_1_RENTCAFE_SECURECAFE_DIRECT,,6,0,proportional_adapter_type_fill,,,,07d9140b3a601715a6b0e5a1c168161afb060fb821b37712956871b9a2903d4c
220763,Northwoods I-II,4051 E Olive Rd,Pensacola,FL,32514,https://northwoodsapts.com/,appfolio,SUCCESS,TIER_1_DOM_APPFOLIO_VANITY,appfolio,17,0,proportional_adapter_type_fill,,,,8cfd47305777792a2fd510cf4c2ac5b41df54de3c4c29417bb319bbd215d2723
23549,Landmark,6303 Indian School Rd NE,Albuquerque,NM,87110,https://www.thelandmark-apartments.com/,marketapts,SUCCESS,TIER_1_DOM_MARKETAPTS_B_UNIT_LEVEL,marketapts,6,5,finding_evidence_census,40,marketapts,,7bfd0998bccbbe70fe0f9264637936080f6fbac4833f772568d5a62355211849
16104,Twin Springs Apartments,1012 Harbins Rd NW,Norcross,GA,30093,https://www.twinspringsapts.com/,rentcafe,SUCCESS,TIER_1_API_RENTCAFE_SECURECAFE,rentcafe,7,0,proportional_adapter_type_fill,,,,1e34ffb7b1f845f3c665dd9e1523932f2b491f7ca8731c72f29b81f9ac4c4acf
44304,LaSalle Villas,2104 La Salle Ave,Lubbock,TX,79407,http://www.lasallevillas.com/,appfolio,SUCCESS,TIER_1_DOM_APPFOLIO_VANITY,appfolio,2,0,proportional_adapter_type_fill,,,,394b57ee020bc9ffb9edf323c8e6182e7212b7ba2fdb3e188870915a584aa912
27125,Tudor Place,5801 Peabody St,Hyattsville,MD,20783,https://www.tudorplaceapts.com/,rentcafe_layout_tab,SUCCESS,TIER_1_DOM_RENTCAFE_LT,rentcafe,14,0,finding_evidence_census,42,rentcafe_layout_tab,,6f6bdfbcfc44f200c4a217cfb6262c7ba48a91835183921346a5d5e4ea5f046c
280797,Aspire,6611 Seahurst Dr,Canal Winchester,OH,43110,https://www.aspireapthomes.com/,entrata,SUCCESS,TIER_1_DOM_ENTRATA_PP_UNIT_LEVEL,entrata,9,0,proportional_adapter_type_fill,,,,6585d4760e9690f07b03939c4ab9b5af17e1bb73eff5db3a70404fc7d4cd48d8
239318,Legacy Fort Mill,700 Gates Mills Dr,Fort Mill,SC,29708,http://www.legacyfortmill.com/,rentcafe,SUCCESS,TIER_1_RENTCAFE_SECURECAFE_DIRECT,,26,0,finding_evidence_census,13,securecafe,,76b51afe86c57453730dc2c6be9106887d71b119e3848459b007e93f36a57cad
2282,City View,25200 Carlos Bee Blvd,Hayward,CA,94542,https://www.essexapartmenthomes.com/california/san-francisco-bay-area-apartments/hayward-apartments/city-view,essex,SUCCESS,TIER_1_API_ESSEX,essex,19,0,finding_evidence_census,34,essex,,e933ce73448f3ca271ae5105192a6e10aefb2d830f677d7363f050df9d1efab2
40144,Riverside Villas,8828 Old Denton Rd,Fort Worth,TX,76244,http://www.liveatriversidevillas.com,rentcafe,SUCCESS,TIER_1_API_RENTCAFE_SECURECAFE,rentcafe,7,0,proportional_adapter_type_fill,,,,f3b3353e2b961feecba59ce92041547b6de212c50c888655ece54746f0174225
40493,Bristol Park at Oak Ridge,790 Emory Valley Rd,Oak Ridge,TN,37830,http://www.bristolparkoakridge.com/,realpage_oll,SUCCESS_PLAN_LEVEL,TIER_1_API_REALPAGE_OLL_PLAN_LEVEL,realpage_oll,0,7,observed_adapter_type_stratum,,,,3208dcae4008744ab588b520f77e6f9cb0aa4d62aeb957baf1244c23c163306d
218589,Main Street Lofts,715 N Main St,Mansfield,TX,76063,https://www.mainstreetlofts.com/,rentcafe,SUCCESS,TIER_1_API_RENTCAFE_SECURECAFE,rentcafe,14,0,proportional_adapter_type_fill,,,,ac8220527b624c914bb67c8d1321b0b45be0349c391417bd18df14e67b044856
47909,Westerville Park Apartment Homes,4565 Northland Square Dr E,Columbus,OH,43231,https://www.capcityapartments.com/westerville-park,wix_floor_plans,FAILED_NO_DATA,TIER_1_DOM_WIX_FLOOR_PLANS,wix_floor_plans,0,0,finding_evidence_census,43,wix_floor_plans,,1d8c5733cadc1247b94f57125b24e8632bfae9081c4f20ed14afd78278ed67fb
226992,Forest Ridge,790 S Basswood Dr,Bloomington,IN,47403,https://www.forestridgebloomington.com/forest-ridge-bloomington-in/,knock,DEAD_URL,TIER_1_KNOCK_API,knock,10,0,observed_adapter_type_stratum,,,,04922d1380fdd12de00efbdb74fe29bf0d15505c88349c9d1ef5174879cf1005
7370,Morganton Place,5650 Netherfield Pl,Fayetteville,NC,28314,https://www.morgan-properties.com/apartments/nc/fayetteville/morganton-place/,rentcafe,SUCCESS,TIER_1_API_RENTCAFE_APPLICANT_FLOORPLANS_V2_HYPERBROWSER,rentcafe,15,0,proportional_adapter_type_fill,,,,525d1dc32bf956c1e16ef59e048806b4ef4ccced32ababb7d81324a2e43db8a0
51123,Oak Hill Apartments,22 Strayhorn Wy,Pittsburgh,PA,15213,http://www.oakhillapts.com/,onesite,SUCCESS,TIER_1_API_REALPAGE_ONLINELEASING_GETUNITS,onesite,23,0,proportional_adapter_type_fill,,,,5c3f7229d9ac0d92529c660cfdd43f4a5aa781ab4541be17ab1a564d31eb1cc6
235693,79 West,102 Cabana Cay Cir,Panama City Beach,FL,32413,www.79westapartments.com,rentcafe,SUCCESS,TIER_1_API_RENTCAFE_SECURECAFE,rentcafe,24,0,proportional_adapter_type_fill,,,,38804aa7c543fe2e87f8c97f3b2509aa4ed7bfc3fa361f79605c3398e2903012
34482,Abberly Grove,1160 Auston Grove Dr,Raleigh,NC,27610,www.abberlygrove.com,entrata,SUCCESS,TIER_1_DOM_ENTRATA_PP_UNIT_LEVEL,entrata,9,0,finding_evidence_census,3,entrata,,94c970b3d663aed2d5d999824769414b1ace2fb38ee5d84042be9479fe897e74
44985,The Park at Whispering Pines,3030 E Fountain Blvd,Colorado Springs,CO,80910,https://www.theparkwpapts.com/,appfolio,SUCCESS,TIER_1_DOM_APPFOLIO_VANITY,appfolio,11,0,proportional_adapter_type_fill,,,,455d00d6f16177c30d88b6854789457c857eb25f9c62de926063cfa619d7e42a
11524,Casa De Arroyo,8360 W Spring Valley Rd,Dallas,TX,75240,http://www.casadearroyoapts.com,resman,SUCCESS,TIER_1_API_RESMAN,resman,1,4,proportional_adapter_type_fill,,,,d1d1a0db535ae381b6b0a140830694fc0efb243176f6fa6af551dbec6a53c6ae
238944,Eagle Rock Apartments At Woodbury,92 Fairhaven Blvd,Woodbury,NY,11797,https://www.eaglerockmanagement.com/apartments/new-york/woodbury/eagle-rock-11797,spherexx,SUCCESS,TIER_1_API_G5,spherexx,38,0,finding_evidence_census,17,g5,,6949b95198c6ff4d70eba17af71cc8746c06df96066f2a35bb6ce89eb6d20154
32307,Bear Valley Park,5775 W Dartmouth Ave,Denver,CO,80227,https://www.rentbearvalleypark.com/,rentcafe,SUCCESS,TIER_1_DOM_RENTCAFE_AVAILABLEUNITS_ROSTER,rentcafe,13,0,proportional_adapter_type_fill,,,,44efa92807f6e069c8bd0b7ffaf09da6ba1cd8ae41b24f729260077a93a55bf4
25996,Lumberton Apartment Homes,1401 Windmill Way,Lumberton,NJ,8048,https://www.morgan-properties.com/apartments/nj/lumberton/lumberton-homes/,rentcafe,SUCCESS,TIER_1_API_RENTCAFE_APPLICANT_FLOORPLANS_V2_HYPERBROWSER,rentcafe,18,0,proportional_adapter_type_fill,,,,a7a911f1bbe4d78b954d14854569833ba1ff4f9db7a68e1e5f835503c9b701a2
27161,Huntington Gardens,4901 Heil Ave,Huntington Beach,CA,92649,https://www.allenproperties.net/huntington-gardens-huntington-beach-ca/,generic,SUCCESS_PLAN_LEVEL,TIER_3_DOM,onsite_apply,0,4,finding_evidence_census,32,onsite_apply,,d77c368ac7af1b7ea010d9c8b54d43cfbcd9a320ff4305752ec8c537ab89abf4
16373,The Villages At Montpelier,11686 S Laurel Dr,Laurel,MD,20708,https://www.morgan-properties.com/apartments/md/laurel/villages-at-montpelier/,rentcafe,SUCCESS,TIER_1_API_RENTCAFE_APPLICANT_FLOORPLANS_V2_HYPERBROWSER,rentcafe,45,2,proportional_adapter_type_fill,,,,f966e0e18af640f4e69d5118510643fe177f10537fa1d6aba9bc7ff9c65cb35d
261349,Broadstone Centennial,2 City Pl,Nashville,TN,37209,https://broadstonecentennial.com/,onesite,SUCCESS,TIER_1_DOM_JONAH_SSR_UNITS,onesite,18,0,proportional_adapter_type_fill,,,,ffc0d4f52ff5fd20ef2026012b721c5010fca6bbfde4cfd9d35635ca5f3b95a7
256972,Pottery Creek,2000 SE Sedgwick Rd,Port Orchard,WA,98366,http://www.potterycreek.com/,onsite_apply,SUCCESS,TIER_1_API_SIGHTMAP,onsite_apply,19,17,finding_evidence_census,32,onsite_apply,,1179711ba70326a964b842705bc8694d5eb22ccdc4049c6e61c3235e921cd93d
57976,One India Street,1 India St,Boston,MA,2109,https://www.oneindiastreetapartments.com/,rentcafe,SUCCESS,TIER_MERGED_CROSS_PAGE,rentcafe,6,0,proportional_adapter_type_fill,,,,d376350d4e44cc5a1d158b496fe268740fe74814c95f62da286aa0d97d2aaf31
70179,Woodington West,402 Colleen Rd,Baltimore,MD,21229,https://www.woodingtonwest.com/,realpage_cws,SUCCESS,TIER_1_API_REALPAGE_CWS_UNITS,realpage_cws,6,0,proportional_adapter_type_fill,,,,11638ff469dfe03d1a017bfef6f1b960e6c2a5e3bf3493fcc0f09ac661a26365
66979,Ascent Uptown,225 S Poplar St,Charlotte,NC,28202,http://www.liveascentuptown.com/,rentcafe,SUCCESS,TIER_1_API_RENTCAFE_SECURECAFE,rentcafe,38,0,proportional_adapter_type_fill,,,,df561c729bb6b7553da171d76f377772c01ef0b03274458f94d97f1e9aabb877
62144,South Ridge,823 S Church St,Greenville,SC,29601,http://www.southridgeliving.com/,knock,SUCCESS,TIER_1_API_G5,knock,17,0,proportional_adapter_type_fill,,,,43e74411ceb8d6bc9173b72b43334296fc755b96cae80b7b23f9de16008bfc80
3748,Brookside Oaks,1651 Belleville Way,Sunnyvale,CA,94087,https://www.essexapartmenthomes.com/apartments/sunnyvale/brookside-oaks,essex,FAILED_NO_DATA,TIER_1_API_ESSEX,essex,0,0,finding_evidence_census,34,essex,,ef674ddf3f77e6b162c374f9e156c74369bff1d060d2293f06f1e7c4a77eca47
229189,Harrison Park Apartments,565 W 1st Ave,Columbus,OH,43215,https://www.harrisonpark-apts.com/#Home,rentcafe,SUCCESS,TIER_1_API_RENTCAFE_SECURECAFE,rentcafe,12,0,proportional_adapter_type_fill,,,,331185ef88c200f7a361fefdc24c983e34a899a015ca03945505e81d69501215
236188,Monticello Lee,620 Jefferson St,Alexandria,VA,22314,https://monticellolee.com/,realpage_oll,SUCCESS_PLAN_LEVEL,TIER_1_API_REALPAGE_OLL,onesite,0,1,proportional_adapter_type_fill,,,,462dc6a0aa8dc43961b871e4b482d3e877e994f197a43cefcc630466b099f9a2
11317,Dixon at Stonegate,2501 Oak Hill Cir,Fort Worth,TX,76109,https://www.dixonatstonegate.com/,realpage_oll,SUCCESS,TIER_1_API_REALPAGE_ONLINELEASING_GETUNITS,realpage_cws,68,11,finding_evidence_census,26,realpage_getunits,,753e33be291fcf192d8eb6defc947d78e6e1edeba80c36ab8dce6665fbc86385
268552,14 Lincoln Place,14 Lincoln Pl,Madison,NJ,7940,https://thelincolnmadison.com/,knock,SUCCESS,TIER_1_KNOCK_API,knock,2,0,proportional_adapter_type_fill,,,,93acfc5ee35f189d3d097e722ac2c11aa65ced4ae4fabdae0eaec88e78cd56d8
294493,Ashland,657 Ashland Ave,St Paul,MN,55104,https://krcapartments.com/property-detail/?propid=587&propname=Ashland%20Apartments,UNATTRIBUTED,FAILED_UNREACHABLE,generic:no_body_short_circuit,,0,0,proportional_adapter_type_fill,,,,3215ec463263b1875967e877f1baf83d41c7a9673c1f40aca4076a8bd008804a
262540,AvalonBay Montville,85 Old Bloomfield Ave,Pine Brook,NJ,7058,https://www.avaloncommunities.com/new-jersey/montville-apartments/avalon-montville/,avalonbay,SUCCESS,TIER_1_API_AVALONBAY,avalonbay,25,0,finding_evidence_census,2,avalonbay,,7a6ef79485ed752c644effcbe2149cc78c68cd992c0f3c841fe52213d384f37d
50339,Parc At Denham Springs I,31050 LA-16,Denham Springs,LA,70726,https://www.parcatdenhamsprings.com/,realpage_cws,SUCCESS,TIER_1_API_REALPAGE_CWS_UNITS,realpage_cws,25,0,observed_adapter_floor,,,,904c4ad46c1d9b704e77ebe64c808fbaa183df70fa1e7cd92e647386f9b2d7ca
4599,Paramont,4201 Pleasant Lake Village Ln,Duluth,GA,30096,https://www.theparamontapts.com/,rentcafe,SUCCESS,TIER_1_RENTCAFE_SECURECAFE_DIRECT,,29,0,proportional_adapter_type_fill,,,,4384a32a5d7d24ab07e23fe24f9a8c842b7bafe331ab773e9ad3f993ed8d482f
26278,The Park at Morella,4300 Flat Shoals Rd,Union City,GA,30291,www.theparkatmorella.com,generic,SUCCESS_PLAN_LEVEL,TIER_3_DOM,rentvision,0,6,proportional_adapter_type_fill,,,,54a740766e3bed448f39a0958ee5e120ce3dbe0af4cda8739f4110388d44d870
294926,The Collier at Clift Farm,560 Jack Clift Blvd,Madison,AL,35757,https://www.thecolliercliftfarm.com/,repli360,SUCCESS,TIER_1_API_REPLI360,repli360,8,0,proportional_adapter_type_fill,,,,0e4e058b608bb184fb07a59d1b5e73277beb7044bff0b13a016c860d92bd35d6
21347,River Oaks,1000 Allison Dr,Vacaville,CA,95687,https://www.elevatetosequoia.com/apartments/ca/vacaville/river-oaks-apartment-homes/,repli360,SUCCESS_PLAN_LEVEL,TIER_1_API_REPLI360,repli360,29,0,finding_evidence_census,27,repli360,,2fe402c416b6fae0802171b601102d6aeb5fb86ecf9227944400c2710915c89c
60125,Cumberland Links,130 Cumberland Way,Pataskala,OH,43062,https://www.cumberlandlinksapts.com/,rentcafe,SUCCESS_PLAN_LEVEL,TIER_1_API_RENTCAFE_SECURECAFE,rentcafe,2,0,proportional_adapter_type_fill,,,,a0ca56d4cb8eb69fa36da420e89f05074298f7bf0ddb133fce1e2c9df64766ab
118445,Mara Pacific Beach Apartments,4275 Mission Bay Dr.,San Diego,CA,92109,https://www.equityapartments.com/san-diego/pacific-beach/mara-pacific-beach-apartments,equity,SUCCESS,TIER_1_API_EQUITY,equity,7,0,finding_evidence_census,33,equity,,1c3d8a07b88c4a09a5c5a3cc4f6bc63a48fe5a571b46b4066aeda26bb8807e21
13095,Trails at Dominion Park,200 Dominion Park Dr,Houston,TX,77090,https://trailsatdominion.com/,UNATTRIBUTED,FAILED_UNREACHABLE,generic:no_body_short_circuit,,0,0,proportional_adapter_type_fill,,,,3ca92e0dff793a0ed6ad568af4fb260b6589fc1327017fa41f229db9ee1c311b
44765,Aero Place Apartments,3885 Lakehurst Drive,Colorado Springs,CO,80916,https://www.aeroplaceliving.com/,onsite_apply,SUCCESS,TIER_1_API_ONSITE_APPLY,onsite_apply,14,0,finding_evidence_census,32,onsite_apply,,2c2afebcf9992aa0b5a26e918c0b63342440b27b37c30a4a4420665d5a708b77
297381,Rainier View,5106 Parker Rd E,Sumner,WA,98390,https://rainierviewsumner.com/,appfolio,SUCCESS_PLAN_LEVEL,TIER_1_API_APPFOLIO_EMPTY_PLAN_LEVEL,appfolio,0,2,proportional_adapter_type_fill,,,,d0070aca539db500ef87586f493884734adfe7b983a77e83846b052507e9d20b
224962,Perse,8151 Patterson Woods Dr,Orlando,FL,32821,https://www.perseapartments.com/,rentvision,SUCCESS,TIER_3_DOM_RENTVISION_UNIT_LEVEL,rentvision,18,0,proportional_adapter_type_fill,,,,019f0e3270c77cee8cf72ceff17f463e8bf563d98d469e8d635b9340ca55b078
7744,Ascent Apartment Homes,1151 E 6720 S,Cottonwood Heights,UT,84121,https://www.ascentapthomesut.com/,rentcafe,SUCCESS,TIER_1_API_RENTCAFE_SECURECAFE,onsite_apply,8,0,proportional_adapter_type_fill,,,,5128fea730f7a60ade082f3164f71eb83d6d666044bb5aaf5d77c3c51c6b65fa
48116,Crown Park,900 Crowne Park Dr,Winston-Salem,NC,27106,http://crownepark.com/,resman,SUCCESS,TIER_1_API_RESMAN,resman,12,5,proportional_adapter_type_fill,,,,40b27d77008696202deb6fa0ba85a87713e8a09223f854a940921fbdcc4ab416
75126,Hawthorne House,2811 Loop 250 Frontage Rd,Midland,TX,79705,http://www.hawthornehouseapartmenthomes.com,rentcafe,SUCCESS,TIER_1_API_RENTCAFE_SECURECAFE,rentcafe,9,0,proportional_adapter_type_fill,,,,a13cebebeb68759543745d35e82018dff17e93ee9b598b742e85365a091f9fa9
63933,Vercanta Riverfront,4949 S Landing Dr,Portland,OR,97239,http://www.oxbow49.com/,onsite_apply,SUCCESS,TIER_1_API_SIGHTMAP,onsite_apply,11,15,finding_evidence_census,32,onsite_apply,,4a76367e8a9120962682af4155741ea0016750c3a070056d6237ef8fe25650f6
281928,Mosby Citrus Ridge,130 Orlando Breeze Cir,Davenport,FL,33897,https://www.mosbycitrusridge.com/?utm_source=GBP&utm_medium=organic&utm_knock=g,knock,SUCCESS,TIER_1_KNOCK_API_DIRECT,,75,0,finding_evidence_census,5,knock,,57e43b0846c9133cede10c17a0be8dae8ada8744218e1fad46685b215362ac0e
5752,Regency Woods,1137 11th St,West Des Moines,IA,50265,https://www.regency-woods.com/,rentcafe,SUCCESS,TIER_1_DOM_RENTCAFE_NESTIN,rentcafe,3,0,proportional_adapter_type_fill,,,,fe9c723514588545453db00f6c74b45864bac6aa3a2a8e01d1ea24c48ba64b57
240595,Stockbridge Trails,319 E Hill Pkwy,Madison,WI,53718,https://www.stockbridgetrailsapartments.com/,rentcafe,SUCCESS,TIER_1_API_RENTCAFE_APPLICANT_FLOORPLANS_V2_HYPERBROWSER,rentcafe,4,12,finding_evidence_census,1,rentcafe_applicant,,d6379214bbf7d77cdea836d01b1f50544c36af01e1a8809924c358da0f63d434
14338,Granite Bay,14230 N 19th Ave,Phoenix,AZ,85023,http://www.granitebayapts.com/,rentcafe,SUCCESS,TIER_1_DOM_RENTCAFE_AVAILABLEUNITS_ROSTER,rentcafe,1,0,proportional_adapter_type_fill,,,,63a0ac2f76dfce620337399840c5bf9aed0214c22e4de70f5f25d46614be1b10
61396,The Grain Belt,1215 Marshall St NE,Minneapolis,MN,55413,http://www.thegrainbeltmpls.com/,generic,SUCCESS,TIER_3_DOM,appfolio,4,0,proportional_adapter_type_fill,,,,4bb41d8a05beb3d3f9dbb32a29907d178e7cec223b78c8528585810bbbe6ab14
54550,MAA West Village,4600 W Village Pl,Smyrna,GA,30080,https://www.maac.com/georgia/atlanta/maa-west-village/,maac,SUCCESS,TIER_1_API_MAAC_HTML,maac,42,0,finding_evidence_census,28,maac,,d11f640789d5e88d8001d43b97f5f7e256fde58db8584d8356d8b80d86f9054a
73713,Briarcliff Manor,93 Westgate Dr,Wheeling,WV,26003,https://www.briarcliffmanorapts.com/,knock,SUCCESS,TIER_1_KNOCK_API_DIRECT,,2,0,state_floor,,,,c5fe6253ab110c2878f71df4a4617970aae9f19da330d875b047a0c4eac1313a
39154,ReNew on Ridgewood,5000 Ridgewood Rd,Jackson,MS,39211,https://www.renewonridgewood.com/,entrata,SUCCESS,TIER_1_DOM_ENTRATA_PP_HYPERBROWSER_UNIT_LEVEL,entrata,29,0,proportional_adapter_type_fill,,,,6ec697257dd6e83bf09bd047383a049a6d74d15e93211ec6cf7864921fff1874
267958,Pinnacle,7 New York Ave NE,Washington,DC,20002,https://pinnaclenomaapartments.com/,rentcafe,SUCCESS,TIER_1_API_RENTCAFE_SECURECAFE,rentcafe,23,0,proportional_adapter_type_fill,,,,eb9de9d063a4f6e61bbdb8cb667dc77dfb4703db9f7c0fd0111e19492403019b
219390,Confluence at Harvest Hills,3701 Prairie Commons St,Williston,ND,58801,https://northdakota.weidner.com/apartments/nd/williston/confluence-at-harvest-hills/index.aspx,rentcafe,SUCCESS,TIER_1_API_RENTCAFE_SECURECAFE,rentcafe,13,0,proportional_adapter_type_fill,,,,6077a88bed6cec432cfc9a3e96c173c10706ea4ed7909d7bd4cd6dc843c3c9ba
281149,Irondale at Wharton,47 Kossuth St,Wharton,NJ,7885,http://irondaleatwharton.com/,rentmanager,SUCCESS,TIER_1_DOM_SPHEREXX_LEGACY_AVAILABILITY,rentmanager,6,0,finding_evidence_census,14,generic_spherexx,,ba1898cef47414cbc7a41f492fff35f185bea71e7776f2e4a140c2f539449373
66940,AMLI Riverfront Green,1750 Little Raven St,Denver,CO,80202,https://www.amli.com/apartments/denver/lodo-apartments/amli-riverfront-green,amli,SUCCESS,TIER_1_API_AMLI_NEXT_DATA,amli,46,0,finding_evidence_census,31,amli,,7069f0d472e848da6851ee5ccd69b906171b0e4dc23b2e52a28da6e208234519
64158,Allure by Windsor,6750 Congress Ave,Boca Raton,FL,33487,https://www.allurebywindsor.com/,rentcafe,SUCCESS,TIER_1_API_RENTCAFE_SECURECAFE,funnel,9,0,proportional_adapter_type_fill,,,,4c1f13a169f71f4f68346e2a25a708ec6dabf74eb1407891f199b8a062378ccb
69928,The Azlee,3480 S 300 E,Salt Lake City,UT,84115,https://www.theazleeapartments.com/,marketapts,SUCCESS,TIER_1_DOM_MARKETAPTS_D_UNIT_LEVEL,marketapts,1,0,finding_evidence_census,40,marketapts,,d2fe11cb891123aa3dea6f0f5ea10871bf4b283709100bb21edee67c96d564b4
246641,Passenger Flats,1362 Passenger St,Chattanooga,TN,37408,http://www.passengerflats.com/,entrata,SUCCESS,TIER_1_DOM_ENTRATA_PP_HYPERBROWSER_UNIT_LEVEL,entrata,10,7,proportional_adapter_type_fill,,,,c07fd987ed715a0f256616164698475a3a89cb819337a7eeb20a187f73ebad7e
268764,Cadia Grand Praire,3950 Dechman Dr,Grand Prairie,TX,75052,https://yardlydechman.com/?utm_source=GoogleLocalListing&utm_medium=organic,UNATTRIBUTED,FAILED_UNREACHABLE,generic:no_body_short_circuit,,0,0,proportional_adapter_type_fill,,,,b74979b049289b1614db621b35c531d639975dda24406fb0763a2cc7f5bb4d36
10291,The Mirage Apartments,504 Dudley Cir,Arlington,TX,76010,https://liveatthemirage.com/,entrata,SUCCESS,TIER_1_DOM_SWIFTY_UNIT_AJAX,entrata,36,0,proportional_adapter_type_fill,,,,a0950ff9b433b0e556df57c1b05f19a91195d5e26c921c7037c1d4aca64e0358
56182,Acorn Acres,3605 Brandywine Ct,Lafayette,IN,47905,https://www.liveatacornacres.com/,rentvision,SUCCESS,TIER_3_DOM_RENTVISION_UNIT_LEVEL,rentvision,6,0,observed_adapter_floor,,,,044c5fa1bd68a831c757fb7a1f4af2d22f14cfeebed7a47731f2c31b9726cd5f
268747,Arthur On Aberdeen,210 N Aberdeen St,Chicago,IL,60607,https://arthuronaberdeen.com/,rentcafe,SUCCESS,TIER_1_API_RENTCAFE_SECURECAFE,rentcafe,22,0,proportional_adapter_type_fill,,,,fe6e2fd8b26c3029ddcfab3ef881d3e8fda0b82d9f12ca15dc990ed47f06e267
4724,MiraBella,40300 Washington St,Bermuda Dunes,CA,92203,www.mirabellalifestyle.com,onsite_apply,SUCCESS,TIER_1_API_G5,onsite_apply,15,0,finding_evidence_census,32,onsite_apply,,548295ace21734abe3292b118808a9a014e1526016a4f0900632ffc066b5d878
30723,Mountain Ridge,2605 Verde Dr,Colorado Springs,CO,80910,http://www.mountainridge-apts.com/,marketapts,SUCCESS,TIER_1_DOM_MARKETAPTS_B_UNIT_LEVEL,marketapts,5,1,finding_evidence_census,40,marketapts,,a1fc65d7ed8d7d2ae7d3f8fc90e55941af522efade75949ffba435a8f12ed7fe
258497,Casa Blanca I,1100 N Sonora St,Coolidge,AZ,85128,https://www.grandviewmanagementaz.com/casa-blanca-coolidge-az/,generic,SUCCESS_PLAN_LEVEL,TIER_3_DOM_PLAN_LEVEL,unknown,0,2,proportional_adapter_type_fill,,,,7f6e891cc1f378cc7e85f48abbf914a2af7367862651a4f33ebf5a26cd9a7bb0
36972,The Kennedy Building,907 NE 45th St,Seattle,WA,98105,https://www.udr.com/seattle-apartments/downtown-seattle/the-kennedy-building/.,generic_plan_text,SUCCESS,TIER_1_JSONLD_UDR,generic_plan_text,7,0,finding_evidence_census,16,udr,,cd2c3e99faab9fd210bf2c17835042ddcfd95a76752b888c7ca805b4022af67f
27574,Belle Fontaine Apartments,4077 Glencoe Ave,Marina Del Rey,CA,90292,https://www.equityapartments.com/los-angeles/marina-del-rey/belle-fontaine-apartments?propertyid=4035&s_kwcid=TC|4015|marina%20del%20rey%20apartments||S|e|15154714153,equity,SUCCESS,TIER_1_API_EQUITY,equity,3,0,finding_evidence_census,33,equity,,46753f74aaad816618e75e5df71403732731a6d79d3f3ad4dc308dfa22f817f3
49752,Revolve,3945 S 700 W,Murray,UT,84123,https://www.revolveapts.com/,knock,SUCCESS,TIER_1_KNOCK_API,knock,3,0,proportional_adapter_type_fill,,,,8970d14ca9a51d9e1c4a257074c7b2840baf49ee7e34bd13042f2c1a58ab8f7d
244546,Sterlington,4105 Sterlington Dr,Grovetown,GA,30813,https://www.sterlingtonapts.com,rentcafe,SUCCESS,TIER_1_API_RENTCAFE_SECURECAFE,rentcafe,12,0,proportional_adapter_type_fill,,,,dbc96daf22a4409c303cdcefaedf951e811ea6fd957b80d5c052f5528c470a58
239094,Zander Place,1300 Main St,Cross Plains,WI,53528,http://www.zanderplace.com/,rentcafe,SUCCESS,TIER_1_API_RENTCAFE_APPLICANT_FLOORPLANS_V2_HYPERBROWSER,rentcafe,7,4,finding_evidence_census,1,rentcafe_applicant,,ed9e78214226adea2ab85adc3fde9d673b1b2d094f3c95aaebbf01f9100240a8
242191,AMLI West Loop,205 S Peoria St,Chicago,IL,60607,https://www.amli.com/apartments/chicago/west-loop-apartments/amli-west-loop,amli,SUCCESS,TIER_1_API_AMLI_NEXT_DATA,amli,28,0,finding_evidence_census,31,amli,,1e2f59757f03be413028191156c9f98395f231d3b0fd7a78ecd6a35c40715456
2196,Hickory Highlands,100 Hickory Highlands Dr,Antioch,TN,37013,https://www.hickoryhighlandsapts.com/,sightmap,SUCCESS,TIER_1_DOM_SWIFTY_UNIT_AJAX,sightmap,14,0,proportional_adapter_type_fill,,,,6aa86c24b1fe84eafad766b414d9749323b4ec0c124c713dbf5acdea1e52ad37
68537,SYMBOL Scotts Addition,1814 Highpoint Ave,Richmond,VA,23230,http://symbolrva.com/,knock,SUCCESS,TIER_1_KNOCK_API,knock,13,0,proportional_adapter_type_fill,,,,e96f7ab06c4b578530e550ee5bb60a8acbdd3d6d253ce47cfc2c5a8b7a761e10
51921,Deer Run,9957 Darrow Park Dr,Twinsburg,OH,44087,https://www.liveatdeerrunapts.com/,thinkreside,SUCCESS_PLAN_LEVEL,TIER_3_DOM_GENERIC,thinkreside,0,7,finding_evidence_census,46,thinkreside,,9b7e0b8c38422ba676367cfcf0af70097a9d1bb68d96a426712a0aae77aef364
298547,Allora Creekbend,7001 Clementine Trl,Fairburn,GA,30213,https://alloracreekbendapartments.com/,rentcafe,SUCCESS,TIER_1_API_RENTCAFE_SECURECAFE,rentcafe,22,0,proportional_adapter_type_fill,,,,656c8eff0df20b4cb180bc27c3297afd7b50686a08292e2cb479fa7520e44a57
64789,Spectrum Majestic,120 Paramount Park Dr,Gaithersburg,MD,20879,http://www.spectrum270.com/gaithersburg-gaithersburg/spectrum-majestic/,UNATTRIBUTED,FAILED_UNREACHABLE,generic:no_body_short_circuit,,0,0,proportional_adapter_type_fill,,,,d6afc12c6a35db2571a7771f6c595fb2e25734633ad7bf617485db31ba074025
62159,Cottages on Tazewell,5120 Andover Green Way,Knoxville,TN,37918,https://www.dlhproperties.net/property/cottages-on-tazewell/,appfolio,SUCCESS,TIER_1_DOM_APPFOLIO_VANITY,appfolio,1,0,proportional_adapter_type_fill,,,,e72b0b3bdcba7fb9501638ea4e7bbfdd71499df422e23a802ccdf4d6721195e5
57195,Tribeca,720 W 3rd Ave,Columbus,OH,43212,https://tribecacolumbus.com/,squarespace_nopms,SUCCESS,TIER_1_API_LEASELEADS,squarespace_nopms,21,0,finding_evidence_census,45,squarespace_nopms,,46a28996ab1227ca7df16587b7bd0c76e45efbdd4a53957f54a140786f385c88
223507,The West Living,6620 W National Ave,West Allis,WI,53214,https://mandelgroup.com/apartments/the-west-living/,generic,DEAD_URL,TIER_1_API,unknown,0,0,observed_adapter_type_stratum,,,,3cadb1827122ce032b3d68309523d6d75c2569aaf1eeed14bccf55e3f96b5bdf
68313,The Maxwell,7777 Adelaide St,Frisco,TX,75034,https://www.themaxwellfrisco.com/,apts247,SUCCESS,TIER_1_API_APTS247,onsite_apply,37,0,finding_evidence_census,24,apts247,,e564e470f871b95aa02e8b9f22edf6f199351eac868ad7ba10bb9cecf5da693b
63770,1000 Kiely,1000 Kiely Blvd,Santa Clara,CA,95051,https://www.essexapartmenthomes.com/apartments/1000-kiely?sc_camp=2648D1300BEC431BB11EB86F02F52DBD&utm_source=googlesearch,essex,SUCCESS,TIER_1_API_ESSEX,essex,6,0,finding_evidence_census,34,essex,,48b6698909c5b9cdb9aeae7674976590bbd322ace977e8c88a75e0aaa08b96f3
295254,Broadstone Overlands,5000 Collina Ter,Clermont,FL,34711,https://broadstoneoverlands.com/,encoreskyline_template,SUCCESS,TIER_1_DOM_JONAH_RESOURCE_JSON,encoreskyline_template,3,0,finding_evidence_census,29,encore_jonah,,5f2d945e87aed7be7b052bdaeee14b73abfccb16d96e22800629d9ef64e93485
28538,The Mark,24650 Amador St,Hayward,CA,94544,https://www.experiencethemark.com/,onsite_apply,SUCCESS,TIER_1_API_ONSITE_APPLY,onsite_apply,7,3,finding_evidence_census,32,onsite_apply,,8bca606cdf6266b694b7c7fd9ed3189f056ac5e52c5077d214d859b7dd7110b6
12566,High Point Crossing,524 Richmond Hill Rd W,Augusta,GA,30906,https://www.highpointcrossingapts.com/index.php,g5,DEAD_URL,TIER_1_API_G5_PLAN_LEVEL,g5,0,3,observed_adapter_type_stratum,,,,2e01ba815f0e8cad55fc1e0ccea9d4d4b00a383ffd3d2221612b3cea1c8d755c
252585,Titletown Flats,1162 Brookwood Dr,Green Bay,WI,54304,https://titletownflats.com/,rentcafe,SUCCESS,TIER_1_API_RENTCAFE_APPLICANT_FLOORPLANS_V2_HYPERBROWSER,rentcafe,9,10,proportional_adapter_type_fill,,,,9138012932e190fe9b79aa131a21d16e6b5b6cbb6becd82e3f597987ca9d54b4
238797,Revere at Hidden Creek,2067 Springdale Ln,Gallatin,TN,37066,https://www.reverehiddencreek.com/,realpage_cws,SUCCESS,TIER_1_API_REALPAGE_CWS_UNITS,realpage_cws,44,0,proportional_adapter_type_fill,,,,c5c6b64e351f212800c042eb1787847b2e23aa59f669f1b5844eb1c2fb4e954c
43,Centennial Place,7001 S Congress Ave,Austin,TX,78745,http://www.centennialplaceapts.com/,entrata,SUCCESS,TIER_1_DOM_ENTRATA_PP_HYPERBROWSER_UNIT_LEVEL,entrata,15,0,proportional_adapter_type_fill,,,,9258a7418122b039cc42ffc6d46b10190eff1f69c7f588bfc95ef8e5f7e9bc15
17965,Laguna Park,4014 W Waters Ave,Tampa,FL,33614,https://lagunapark.pmiflorida.com/,resman,SUCCESS,TIER_1_API_RESMAN,resman,1,4,proportional_adapter_type_fill,,,,241cb22ebb8df24379a0bcf417665a400e8d4ffdd93f56d1613dab45637be685
252153,District at 54,700 Corporate Center Dr,Raleigh,NC,27607,https://www.districtat54.com/,knock,SUCCESS,TIER_1_KNOCK_API,knock,27,0,proportional_adapter_type_fill,,,,2d10839a17fc1ed5462048371fcc2941bd013bbd0739fdd758a78dd2fb55a54f
33764,Haven at Birkdale Village,16725 Birkdale Commons Pkwy,Huntersville,NC,28078,https://havenbirkdalevillage.com/,entrata,SUCCESS,TIER_1_DOM_JONAH_SSR_UNITS,entrata,32,0,proportional_adapter_type_fill,,,,8246be9259eeabb661b0b2b19277af4f975f83c5f5a467280e02def986b2c780
239952,AMLI Toscana Place,5971 Toscana Dr,Davie,FL,33314,https://www.amli.com/apartments/southeast-florida/fort-lauderdale-apartments/amli-toscana-place,amli,SUCCESS,TIER_1_API_AMLI_NEXT_DATA,amli,52,0,finding_evidence_census,31,amli,,98bd2dab301da5f4709ea9a9e701848f9394cf8978516b5cfcdd05efccdab70c
217716,Taylor Pointe Residences,4-6 Sanders St,Nashua,NH,3060,https://www.taylorpointeresidences.com/,realpage_oll,SUCCESS,TIER_1_API_REALPAGE_ONLINELEASING_GETUNITS,onesite,10,9,proportional_adapter_type_fill,,,,6682402d4d014f210128c2a3cf947ac3ff30a503cdf29fb8c0f940210958dac4
282952,Melissa Ranch,4500 Pue Rd,San Antonio,TX,78245,https://www.melissaranchapartments.com/,realpage_oll,SUCCESS,TIER_1_API_REALPAGE_ONLINELEASING_GETUNITS,realpage_cws,29,9,proportional_adapter_type_fill,,,,a4ffa639b4ea2c1b663091f2cf4100e418a60db6a0435e680941242c14640e06
14314,Copper Terrace,6550 S Dayton St,Centennial,CO,80111,https://www.copperterraceapartments.com/?rccustomid=Mzc5Mjg%3d-PD8Nk26WIAE%3d&gad_source=1&gclid=EAIaIQobChMIzced0d6DhgMVG6VmAh3B2AVPEAAYASAAEgK2m_D_BwE,knock,SUCCESS,TIER_1_KNOCK_API_DIRECT,,23,0,proportional_adapter_type_fill,,,,861a5349918d2d749e26b8cbe0eb759964d07e518aa28fb414c7e7c548762a29
56775,Avalon Hill Country,3499 Ranch Rd 620 S,Austin,TX,78738,https://www.avaloncommunities.com/texas/austin-apartments/avalon-hill-country/,avalonbay,SUCCESS,TIER_1_API_AVALONBAY,avalonbay,48,0,proportional_adapter_type_fill,,,,8eacad09ffaf487b789003f6b05d51a2b815a9bde9a2d917f8818faa5ec644e9
50950,Bishops Gate,8075 Somerset Chase,Cincinnati,OH,45249,http://www.bishopsgateapts.com/,rentcafe,SUCCESS,TIER_1_API_RENTCAFE_SECURECAFE,rentcafe,10,0,proportional_adapter_type_fill,,,,3e18aa99770867a893d220d40a174a5e9315ae41051f85e50c799a4d1bafbfb0
9168,The Lake Lofts,2795 N Buckner Blvd,Dallas,TX,75228,https://www.thelakeloftsapts.com/,apts247,SUCCESS,TIER_1_API_APTS247,knock,61,0,finding_evidence_census,24,apts247,,0a1afd8307ba809890485ea2983db8fee1d50bc2e6da0ddbd76cde34707ea4ee
251974,Domain at Founders Parc,880 W Euless Blvd,Euless,TX,76040,https://www.domainatfoundersparc.com/,onesite,SUCCESS,TIER_1_API_REALPAGE_ONLINELEASING_GETUNITS,onesite,7,0,proportional_adapter_type_fill,,,,36a99df26a0b3c8ef5cfe8fc8c161629163e3872f6f4c69bd9f61d5474af2e22
19851,One Superior Place,1 W Superior St,Chicago,IL,60654,https://onesuperiorplace.com/,onesite,SUCCESS,TIER_1_DOM_JONAH_SSR_UNITS,onesite,35,0,proportional_adapter_type_fill,,,,844b3608404559bdacd5bb1cb5e8c74f280599f4c65ada147533e1b069f91f23
67516,The Eastland,1035 W Eastland Ave,Nashville,TN,37206,https://www.theeastlandnashville.com/,fortresstech,SUCCESS,TIER_1_SSR_FORTRESSTECH,fortresstech,2,0,finding_evidence_census,35,fortresstech,,9019c88bf685bf6b568dc9586dae288f7b2e7d97e2d9bb18ee2b10290ea8e79d
1310,Green Oaks at Medical,5903 Danny Kaye Dr,San Antonio,TX,78240,https://www.colinasatmedical.com/,apts247,SUCCESS,TIER_1_API_APTS247,apts247,4,5,proportional_adapter_type_fill,,,,dbd9b0c61a8f7e6ca809fc33bbe66a84f17726d2280d0ddc649115f6e67886e8
222652,Turtle Dove I,3516 Matilda St,Dallas,TX,75206,https://liveatturtledove.com/,edificecms,SUCCESS,TIER_1_API_EDIFICECMS,edificecms,5,49,finding_evidence_census,39,edificecms,,a9f75f96883d8a9eb26136b3ce9fb3f4186225f514a9fa88bb4a65a34fe85660
52967,Seville at Mace Ranch,4501 Alhambra Dr,Davis,CA,95618,http://www.liveattheseville.com/,onsite_apply,SUCCESS,TIER_1_API_ONSITE_APPLY,onsite_apply,6,0,finding_evidence_census,32,onsite_apply,,12ba2a90b7ebfd4093c35ced9aa790c9501a3f8c1d2d7ad2075e3b7b99d71aba
17161,Monterey Villas,7000 La Praix St,Highland,CA,92346,https://www.allenproperties.net/monterey-villas-highland-ca/,generic,SUCCESS_PLAN_LEVEL,TIER_3_DOM,onsite_apply,0,3,finding_evidence_census,32,onsite_apply,,74be1ba70fa5dd2f7cb78fcead103e1b5866533da477f4b52ef6f110423e0703
257792,Moana Vista Apartments,1720 Ala Moana Blvd,Honolulu,HI,96815,https://www.moanavista.com,rentcafe,SUCCESS,TIER_1_DOM_RENTCAFE_AVAILABLEUNITS_ROSTER,knock,1,0,state_floor,,,,5da2eb1efb8d532b32acf8778a0d4bd21953758d284b97f524ce917938989391
32995,2400 M Apartments,2400 M St NW,Washington,DC,20037,http://www.equityapartments.com/washington-dc/georgetown/2400-m-apartments,equity,SUCCESS,TIER_1_API_EQUITY,equity,28,0,finding_evidence_census,33,equity,,4d8aed993d64600a926888bfdd763a9e5b367d09506c5cce56fe810326a135d9
8366,Brookside 112,4619 NE 112th Ave,Vancouver,WA,98682,https://www.brookside112.com/,rentcafe,SUCCESS,TIER_1_DOM_RENTCAFE_AVAILABLEUNITS_ROSTER,rentcafe,28,0,proportional_adapter_type_fill,,,,b1ba6a741c4cc6490e269f3200d8d073c8fd504dd9ce08338210b2cd128c9721
262539,Modera Montville,340 Changebridge Rd,Pine Brook,NJ,7058,https://www.moderamontville.com/,entrata,SUCCESS_PLAN_LEVEL,TIER_1_DOM_ENTRATA_PP_SSR_PLAN_LEVEL,entrata,0,10,proportional_adapter_type_fill,,,,9d6d7501283033382def40fcb1e6a5f547061315f59f816d9be279f0c623541a
220976,The Summit at Rivery Park I,1400 Rivery Blvd,Georgetown,TX,78628,http://riveryparkapts.com/,fortresstech,SUCCESS,TIER_1_SSR_FORTRESSTECH,fortresstech,35,0,finding_evidence_census,35,fortresstech,,9bb630ec682ecfa98304936d2000baa3d305804b5357ef34e245988027cdd2b3
299535,Alpine Landing,8925 W State St,Garden City,ID,83714,https://www.livealpinelanding.com/,rentcafe,SUCCESS,TIER_1_API_RENTCAFE_SECURECAFE,rentcafe,7,0,proportional_adapter_type_fill,,,,1e35fe60f46145d56e2a9ba7b902519858d8cbbbcc80936f7665d52671ac7b19
55165,Legacy Oaks,675 White Oak Cir,Independence,OR,97351,http://legacyoaksapts.com/,rentmanager,SUCCESS,TIER_1_DOM_RENTMANAGER_WP_CARDS,rentmanager,9,0,proportional_adapter_type_fill,,,,b26455eeaaab62e092f791b6a27f540de4e8196faa9b3ee66aca769da93256c3
73916,Riverbank Apartments,4433 Continental Way,Stockton,CA,95207,https://www.riverbankapartments.com/,marketapts,SUCCESS,TIER_1_DOM_MARKETAPTS_D_UNIT_LEVEL,marketapts,4,2,finding_evidence_census,40,marketapts,,cfcc6491efb2983ed74305b66618add0b627887c4ad5a53dfd0703b43ace6a5a
269320,Collection Champions Circle,15901 Championship Pkwy,Fort Worth,TX,76177,https://www.collectionchampionscircle.com/,rentcafe,SUCCESS,TIER_1_API_RENTCAFE_SECURECAFE,rentcafe,29,0,proportional_adapter_type_fill,,,,bf836e1df531abbe5ddff48a23631ed658cbdbfbe588275a992e1cce3d8adca9
300551,AVIA Liberty Ridge,8365 Dix Ellis Trail,Jacksonville,FL,32256,https://www.avialibertyridge.com/,rentcafe,SUCCESS,TIER_1_API_RENTCAFE_SECURECAFE,rentcafe,7,0,proportional_adapter_type_fill,,,,ece085b66cd0dee5bf6338fefd3934022dc6fa821eb7a95fb37675af7c8da1f6
52348,The Vue,110 Somerset St,New Brunswick,NJ,8901,http://thevuenj.com/,rentcafe,SUCCESS,TIER_1_RENTCAFE_SECURECAFE_DIRECT,,12,0,finding_evidence_census,36,residentservices365,,625d361aecf3ab786962d69da87f9a9724dea65cc30ce1c700921dd3b9019b9f
297341,Colina WeHo,80 W Oxmoor Rd,Birmingham,AL,35209,https://colinaweho.com/,rentcafe,SUCCESS,TIER_1_API_RENTCAFE_SECURECAFE,rentcafe,26,0,proportional_adapter_type_fill,,,,b9d5bab200930c2d9a46a56b0ba71dd2463a6fed55f39297a5d46d807b1eeee1
16758,Sonoma at Oak Creek,700 Sonoma Aisle,Irvine,CA,92618,https://www.irvinecompanyapartments.com/locations/orange-county/irvine/oak-creek/sonoma.html,irvine,SUCCESS,TIER_1_API_IRVINE,irvine,7,0,finding_evidence_census,30,irvine,,0f18c26c51d03cb7e243ee70a8b8518e836105b4e02b208debb1e6f14ac87e5a
2957,Arbor Park of Alexandria,6340 Wingate St,Alexandria,VA,22312,http://arborparkofalexandria.com,generic_plan_text,SUCCESS,TIER_1_JSONLD_UDR,generic_plan_text,92,0,finding_evidence_census,16,udr,,d89665723050080e08c3dfe713ad8de649cd61511699de6fc09fd7951c87ff5d
271348,Alta Rochelle,1021 South St,Nashville,TN,37203,https://altarochelle.com/,funnel,SUCCESS,TIER_1_API_RENTCAFE_SECURECAFE,funnel,89,0,proportional_adapter_type_fill,,,,de8358319c2956bb92aa21f40532569c29648308d510f4d772894a24446d6d32
48897,Brittany Place of LaGrange,1235 Hogansville Rd,LaGrange,GA,30241,https://www.southwoodrealty.com/community/brittany-place-apartments-of-lagrange/,UNATTRIBUTED,FAILED_UNREACHABLE,generic:no_body_short_circuit,,0,0,proportional_adapter_type_fill,,,,dac3454307d00bc6029796f8aa5a978c007c8808605d41db530a424d22a061df
282381,Mission Ranch,FM Rd 16,Lindale,TX,75771,https://www.missionmanagementlindale.com/,appfolio,FAILED_NO_DATA,TIER_1_API_APPFOLIO_EMPTY,appfolio,0,0,observed_adapter_type_stratum,,,,94fb327f9aac4992f773d986fc6880dbc81303f801fcd90844a75ceb082d12a3
67689,Adara Overland Park,13401 Westgate St,Overland Park,KS,66213,https://www.adaraoverlandpark.com/,rentcafe,SUCCESS,TIER_1_DOM_RENTCAFE_AVAILABLEUNITS_ROSTER,rentcafe,1,0,proportional_adapter_type_fill,,,,107c4e8ef7ac56076a06afa9d1a8990662207e2895ec2aaf007a2f55bc1732cb
19535,Windsor Court,614 Cedar Ln #2,Knoxville,TN,37912,https://www.livewindsorcourt.com/,rentcafe,SUCCESS,TIER_1_API_RENTCAFE_SECURECAFE,rentcafe,19,0,proportional_adapter_type_fill,,,,49961222a35c36801136cd170e687ca191fdb6ecb2928b6feb1f29422b8dc0bf
70238,Grace Apartments,1002 SW Gaines st,Portland,OR,97239,http://www.graceapartmentscr.com/,entrata,SUCCESS_PLAN_LEVEL,TIER_1_DOM_ENTRATA_PP_SSR_PLAN_LEVEL,entrata,0,7,proportional_adapter_type_fill,,,,8c1212bbae55664d04ad9078031ce2359619262d95a0e0c5039de4c08b91f1bf
33996,Hampshire Green,15 Iron Horse Dr,Bedford,NH,3110,https://www.hampshiregreenapartments.com/,rentcafe,SUCCESS,TIER_1_API_RENTCAFE_SECURECAFE,rentcafe,15,0,proportional_adapter_type_fill,,,,70db815ef83a0ed2e6f9607973a91e9b5d8108061e6f6fa4a88d99141d99983e
302570,The Landings at Gateway,19290 E 59th Ave,Denver,CO,80249,https://www.landingsatgateway.com/,apts247,SUCCESS,TIER_1_API_APTS247,apts247,2,1,proportional_adapter_type_fill,,,,2ae523f25afd378c54c4cfd9f178ef2cbd99d04499f07eb9883f3bbc28d2274a
47991,Rose Vista,1223 1/2 Rose Vista Ct,Roseville,MN,55113,https://www.myrosevistahome.com/,realpage_cws,SUCCESS,TIER_1_API_REALPAGE_CWS_UNITS,realpage_cws,7,0,observed_adapter_type_stratum,,,,542493e396c50cdc9f7d5b22df1fa3431a3b471219b519a39c09db99b09455dd
261530,Waterline Square,400 W 61st St,New York,NY,10069,https://www.waterlinesquare.com/,rentcafe,SUCCESS,TIER_1_API_RENTCAFE_SECURECAFE,funnel,44,0,finding_evidence_census,18,securecafe,,53978de3daeaac1261e85390336e81077b7ec1705dc1480b6c0d24885d33f2a2
12586,Avondale at Warner Center,22222 Victory Blvd,Woodland Hills,CA,91367,https://www.essexapartmenthomes.com/apartments/woodland-hills/avondale-at-warner-center,essex,FAILED_NO_DATA,TIER_1_API_ESSEX,essex,0,0,finding_evidence_census,34,essex,,d15e19eb0e6d1c0119dce87a090515800b7ebc00773efe471867eecdd6469253
13607,Casa Del Mar,5101 Palm Hill Dr,West Palm Beach,FL,33415,https://www.casadelmarwpb.com/,appfolio,SUCCESS,TIER_1_DOM_APPFOLIO_VANITY,appfolio,6,0,proportional_adapter_type_fill,,,,31f30bedee1e3e033767f53c855b54faccac2f739fb410202bc966f15b31cc1b
34785,Pepper Tree,2701 Longmire Dr,College Station,TX,77845,http://adaraportal.yottareal.com/pages/HomePage.aspx?Id=55,yotta,SUCCESS,TIER_1_API_YOTTA,yotta,13,0,finding_evidence_census,48,yotta,,8f2942129444d3f8216c97ed53fdf113ca2667593d26db452e657677b10b9013
22138,Greenway Park,2756 Golfside Rd,Ann Arbor,MI,48108,http://www.barnesapts.com/web/,appfolio,SUCCESS,TIER_1_DOM_APPFOLIO_VANITY,appfolio,2,0,proportional_adapter_type_fill,,,,f4fa779bb39e3c9c86a36ef2f5b256b4b18494b506417c1cecb1603904de76fd
62178,Bungalows,9755 Silver Sky Pkwy,Reno,NV,89506,https://thebungalowsatskyvista.com/,onsite_apply,SUCCESS,TIER_1_API_G5,onsite_apply,7,0,finding_evidence_census,32,onsite_apply,,b07c8f48c04e1a69d3d22b66921596a1b0e4ab00f19c7558986291926e521225
73949,Diamond Ridge,5235 Glen Ridge Dr,San Antonio,TX,78229,www.livediamondridgeapt.com,rentcafe,DEAD_URL,TIER_1_API_RENTCAFE_SHAPE_REJECTED,rentcafe,0,0,observed_adapter_type_stratum,,,,33f8e5208ab007ab32631241416729880ebd19d686fe329f4279c4d1430d62db
269664,The Pinnacle at Stone Creek Falls,2269 Stone Falls Rd,Republic,MO,65619,https://www.stonecreekfalls.com/apartments/mo/brookline/the-pinnacle#/,entrata,FAILED_NO_DATA,TIER_1_API_ENTRATA_SHAPE_REJECTED,entrata,0,0,observed_adapter_type_stratum,,,,6435f9b07ddf61b0e782e886340b6373029d9030e5aaebec36215d74e5b2545c
36168,Bennington Hills,340 Bennington Hills Ct,West Henrietta,NY,14586,http://www.benningtonhillsapartments.com/amenities.html,encoreskyline_template,DEAD_URL,TIER_1_DOM_JONAH_SSR_UNITS,encoreskyline_template,4,0,observed_adapter_type_stratum,,,,d4376b7291cbf1d9d83dca83304912dd455c2b3daafd9a5422bd3582fb6c0b61
32336,1210 Mass Apartments,1210 Massachusetts Ave NW,Washington,DC,20005,http://www.equityapartments.com/washington-dc/washington-dc-apartments/northwest-dc/1210-mass-apartments.aspx,generic,SUCCESS_PLAN_LEVEL,TIER_1_5_EMBEDDED,equity,0,2,finding_evidence_census,33,equity,,4a05c24a4776e395154ac59b72375afaea6b517d21882de069f0a2a7e5c75540
20050,Carmel Creek,11724 Carmel Creek Rd,San Diego,CA,92130,https://www.essexapartmenthomes.com/apartments/san-diego/carmel-creek?sc_camp=2648D1300BEC431BB11EB86F02F52DBD&utm_source=googlesearch,essex,FAILED_NO_DATA,TIER_1_API_ESSEX,essex,0,0,finding_evidence_census,34,essex,,efe5e197f9f97c33310d084c6ddcb7cfa412329dba5f8e6a1f0b86f0736e3fc4
252218,The Piedmont Raleigh,7621 Triangle Promenade Dr,Raleigh,NC,27616,https://thepiedmontraleigh.com/,rentcafe,SUCCESS,TIER_1_API_RENTCAFE_SECURECAFE,rentcafe,83,0,proportional_adapter_type_fill,,,,85082ece2dc0ad7fc83987abd96ad8e4c8d6bb360a445b93eed7c51b478132f3
3108,Woodman Park,4996 Woodman Park Dr,Dayton,OH,45432,www.woodmanpark.com,knock,SUCCESS,TIER_1_KNOCK_API,knock,4,0,proportional_adapter_type_fill,,,,a6b6292fa6f787905b11280157c5be0273b15529b810c8b8fed852ab45729a75
8740,Parc Plaza,333 E Denton Dr,Euless,TX,76039,https://livebh.com/apartments/parc-plaza-apartments/,sightmap,SUCCESS_PLAN_LEVEL,TIER_1_API_SIGHTMAP_IFRAME_PLAN_LEVEL,sightmap,0,1,observed_adapter_type_stratum,,,,e4e89f06882f0ad7dbbc1fa8c2bda09ed643d86f5bf74f8a1c03f1ca2bc9c699
267117,Azure Carnes Crossroads,900 Conway Circle,Summerville,SC,29486,https://www.azurecarnescrossroads.com/,onesite,SUCCESS,TIER_1_API_REALPAGE_ONLINELEASING_GETUNITS,onesite,9,0,proportional_adapter_type_fill,,,,15954af2be7bac2e80e4a04d1bbd7f4c337c68b40bda7f1947d1e6926d3ed136
71651,Waterfront at the Marina,375 Harbour Cove Dr,Sparks,NV,89434,http://www.waterfrontmarinaliving.com/,onsite_apply,SUCCESS,TIER_1_API_ONSITE_APPLY,onsite_apply,6,0,finding_evidence_census,32,onsite_apply,,75e3633fa07ee5024548191f1b9ad8bfca1bcdb9410a73cfae67e13a900bf4bb
15541,Palms at Clear Lake,1300 Gemini St,Houston,TX,77058,https://livebh.com/apartments/the-palms-at-clear-lake-apartments/,sightmap,SUCCESS,TIER_1_API_SIGHTMAP_DIRECT,,26,0,proportional_adapter_type_fill,,,,ac5dbf539840763c990535abb1208a347992b318933187cb135a405fc6eb4409
39346,Bella Mirage,3800 N El Mirage Rd,Avondale,AZ,85392,https://www.bellamirageapts.com/,realpage_oll,SUCCESS,TIER_1_API_REALPAGE_CWS_UNITS,realpage_cws,73,0,finding_evidence_census,26,realpage_getunits,,42e1636005f57909f21b9808298e55ed2fc448480e22554962ba6df35b03d7e6
38517,Auxo at Memorial,7777 Katy Fwy,Houston,TX,77024,https://www.auxoatmemorial.com/,funnel,SUCCESS,TIER_1_DOM_JONAH_SSR_UNITS,funnel,26,0,proportional_adapter_type_fill,,,,fc7738cc585cb2b0259d5950356c9f60d369f2b65f286ee8bbf58de20813fd2f
69323,Fusion 355,355 Eldorado Blvd,Broomfield,CO,80021,https://www.fusion355.com/,onsite_apply,SUCCESS,TIER_1_API_ONSITE_APPLY,onsite_apply,17,0,finding_evidence_census,32,onsite_apply,,405ac5bc5c8b9504aef86b246b063d92614131faa67fca7047e6623df207b554
60941,Link Brookstown,150 Peters Creek Pkwy,Winston-Salem,NC,27101,https://www.linkbrookstown.com/,rentcafe,SUCCESS,TIER_1_API_RENTCAFE_SECURECAFE,rentcafe,18,0,proportional_adapter_type_fill,,,,aca8c0b6436304216eb471fe181368361ecb25f94391c0ce028e690e9879aceb
272772,Hawkeye Village,1422 Irish Dr,Waterloo,IA,50701,http://hawkeyevillageapartments.com/,generic,FAILED_NO_DATA,TIER_1_API,unknown,0,0,proportional_adapter_type_fill,,,,0e07e0edaada12848d6e37a4d69d54a01709e8991af0498fb2ffc876ad85ac87
12727,Riverway,1909 Hamman Rd,Bay City,TX,77414,https://riverway.3cmmultifamily.com/,generic,SUCCESS,TIER_MERGED_CROSS_PAGE,resman,19,11,proportional_adapter_type_fill,,,,2bc5bdb501acea6930c82160c017e71e4167aea673fd131659224939eb741fdf
265383,Monterey Garden,150 W 3rd Ave,San Mateo,CA,94402,https://www.themontereygarden.com/,onsite_apply,SUCCESS,TIER_1_API_ONSITE_APPLY,onsite_apply,1,0,finding_evidence_census,32,onsite_apply,,b0b95af56165b803d43188e0b568f4489b52d875597c476183ce76bf65eafc71
3379,Atwater Cove,425 Merrimac Way,Costa Mesa,CA,92626,https://www.atwatercove.com/,marketapts,SUCCESS,TIER_1_DOM_MARKETAPTS_B_UNIT_LEVEL,marketapts,5,5,finding_evidence_census,40,marketapts,,3d02f5fdfa354d566c90853069f72e4f298f391df3d63801c6d5783ad859e1ea
217605,Bennett Pointe,930 S Blvd,Edmond,OK,73034,https://www.livebennettpointe.com/,residentservices365,SUCCESS,TIER_1_DOM_365RESIDENTSERVICES_UNIT_LEVEL,residentservices365,10,0,finding_evidence_census,36,residentservices365,,8a818d24925cd51b25975f5f53ec12f8cadca098090c3ae98e695a9609fdc1bd
237704,AMLI on Aldrich,2401 Aldrich St,Austin,TX,78723,https://www.amli.com/apartments/austin/mueller-apartments/amli-on-aldrich,amli,SUCCESS,TIER_1_API_AMLI_NEXT_DATA,amli,53,0,finding_evidence_census,31,amli,,44ba90192152f24a4a7c45e4162b1cd4869487ad7e5d5c8eef9411de03017769
46920,Arbor Park Gainesville,309 SW 16th Ave,Gainesville,FL,32601,https://arborpark.com/,entrata,SUCCESS,TIER_1_DOM_ENTRATA_PP_HYPERBROWSER_UNIT_LEVEL,entrata,15,8,proportional_adapter_type_fill,,,,e32727b17a12e17139b8fa978456909196e7281586b87deb129e1f85917ee565
64390,Broadway Palace,1026 S Broadway,Los Angeles,CA,90015,http://www.broadwaypalaceapartments.com,apts247,SUCCESS,TIER_1_API_APTS247,knock,68,0,finding_evidence_census,24,apts247,,8b91ec19be9400a3f62849d501b90167bd2e192d1b11b3c5661d9d8edafe0ad7
61951,Ellis at Germantown,1600 Rosa L Parks Blvd,Nashville,TN,37208,https://www.ellisgermantown.com/,fortresstech,SUCCESS,TIER_1_SSR_FORTRESSTECH,fortresstech,7,0,finding_evidence_census,35,fortresstech,,0b135310f5c1df62b4f04435a3e8eda305bb7b67b2e9c8694cef79d5e214fbba
37972,Eagle Rock Apartments at West Hartford,1248 Farmington Ave,West Hartford,CT,6107,https://www.eaglerockproperties.com/apartments/ct/west-hartford/eagle-rock-apartments-of-west-hartford/,spherexx,SUCCESS,TIER_1_API_G5,spherexx,7,0,finding_evidence_census,17,g5,,50a67ffe508dc6fa03296bf7360b7eb9e5eecc54da9e29b956b155525ea9a4ba
62177,Estate at Woodmen Ridge,5520 Woodmen Ridge View,Colorado Springs,CO,80923,www.liveatestate.com,rentcafe,SUCCESS,TIER_1_API_RENTCAFE_SECURECAFE,rentcafe,20,0,proportional_adapter_type_fill,,,,b76317150d6615f27e647aafb2162f8cb55ac2d7e1807d4ecb532e694241f2dd
252794,Vintage Station North,2099 N Mt Juliet Rd,Mt. Juliet,TN,37122,https://www.stationnorthapts.com/,UNATTRIBUTED,FAILED_UNREACHABLE,generic:no_body_short_circuit,,0,0,proportional_adapter_type_fill,,,,1d45e227548c3d42c1f639a1987e9afcf5e53971365f04a3fd2ef57e08097fe6
245185,Parkwood Apartments,826 S Schumaker Dr,Salisbury,MD,21804,https://www.parkwoodsby.com/,g5,SUCCESS,TIER_1_API_G5,g5,21,0,proportional_adapter_type_fill,,,,88ef40bcb35325a71946a4de9a4f31186fcc3880199bda3f805ff181fe02bf75
11342,The Village Lakes,5605 Village Glen Dr,Dallas,TX,75206,https://www.thevillagedallas.com/properties/the-village-lakes/,entrata,SUCCESS,TIER_1_DOM_ENTRATA_PP_DATA_ATTR,entrata,23,0,proportional_adapter_type_fill,,,,ce3ac80f37696cf88cff44875c0e8f955c55fcc5a7af85fcef7cc6e8edd75962
250124,One Clinton Park,55 Clinton Pl,New Rochelle,NY,10801,https://oneclintonpark.com/,rentcafe,SUCCESS,TIER_1_API_RENTCAFE_SECURECAFE,rentcafe,18,0,finding_evidence_census,18,securecafe,,595415a3a1a968280dca61dcf0a4f59e159699df0a4efeec93b2a93ddf06f822
228582,1274 at Towson,1274 E Joppa Rd,Towson,MD,21286,https://www.udr.com/baltimore-apartments/towson/1274-at-towson/,generic_plan_text,SUCCESS,TIER_1_JSONLD_UDR,generic_plan_text,20,0,finding_evidence_census,16,udr,,a28e826806f04d9ee2c953148c8e617b9f18431c289d7174051b5e9a54f68d66
47523,Luma Apartments,2600 W Ina Rd,Tucson,AZ,85741,https://www.villageatthefoothills.com/?utm_knock=gmb,rentcafe,SUCCESS,TIER_1_API_RENTCAFE_SECURECAFE,rentcafe,11,0,proportional_adapter_type_fill,,,,84f90c43fec21f58369bf311579e55288ce84bee6738c78cbc7d5044ffd5e230
33267,Brookside Village,28700 34th Ave S,Auburn,WA,98001,https://www.brooksidevillageapts.com/,g5,SUCCESS,TIER_1_API_G5,g5,13,0,finding_evidence_census,10,g5,,2688b0dbd17dce163844246ef4291a4e6d966f67e782eeb0fb3bf5d4b0be0a29
52328,The Fort Apartments,9230 Memorial Park Dr,Indianapolis,IN,46216,http://www.livethefort.com,rentcafe,SUCCESS,TIER_1_DOM_RENTCAFE_NESTIN,rentcafe,5,0,proportional_adapter_type_fill,,,,a66c64e99b2fd6c8be7c33167f273d6476aae52bf2c96e2a6a7e91cd94389174
2587,The Palms at Laguna Niguel,28188 Moulton Pkwy,Laguna Niguel,CA,92677,https://www.essexapartmenthomes.com/california/orange-county-area-apartments/laguna-niguel-apartments/the-palms-laguna-niguel,essex,FAILED_NO_DATA,TIER_1_API_ESSEX,essex,0,0,finding_evidence_census,34,essex,,f9a8c51cc1f32805120b5f453836a62750e66df674ac784910989c46536426c4
27941,MAA Twin Lakes,11500 Myrtlewood Dr,Sanford,FL,32771,https://www.maac.com/florida/orlando/maa-twin-lakes/,maac,SUCCESS,TIER_1_API_MAAC,maac,26,0,proportional_adapter_type_fill,,,,7d76212b931ccf0a47a42fc3a57db53c386003b6c329e7cf5a947fcf00544dc9
293735,Pelican Crossing,311 Hope Bird Ln,Longs,SC,29568,https://pelicancrossingapartments.com/,rentcafe,SUCCESS,TIER_1_API_RENTCAFE_SECURECAFE,rentcafe,157,0,proportional_adapter_type_fill,,,,b28260c20645cdb46d9368c7370e2558b58efcce11980363465a9c085d47c7c3
40566,The Courts at Huntington Station I,5950 Grand Pavilion Way,Alexandria,VA,22303,http://www.udr.com/washington-dc-apartments/alexandria/the-courts-at-huntington-station/,generic_plan_text,SUCCESS,TIER_1_JSONLD_UDR,generic_plan_text,35,0,finding_evidence_census,16,udr,,b897781f2a0ff495163373edffc880e82c2d6d5809b66e83a04d334de42cca21
34880,The Morehead,5518 W Market St,Greensboro,NC,27409,http://www.morehead-apts.com/,apts247,SUCCESS,TIER_1_API_APTS247,apts247,12,0,proportional_adapter_type_fill,,,,457b3317d1e4fbd59c4ff73e1b60cc98762a75f36cac11766d2d7436637e4374
265769,Signal,397 N Central Ave,Hapeville,GA,30354,https://livesignalapartments.com/,repli360,SUCCESS,TIER_1_API_REPLI360,repli360,25,0,proportional_adapter_type_fill,,,,1c2177d7481a81925eaef112ed559edcd0a6cb75622dc92f9e81337704c8b60c
78381,Rose Park Commons,1634-1635 W Eldridge Ave,Roseville,MN,55113,https://krcapartments.com/property-detail/?propid=148&propname=1634EA%20Rose%20Park,rentmanager,SUCCESS,TIER_1_DOM_RENTMANAGER_ILOVELEASING,rentmanager,4,0,finding_evidence_census,20,rentmanager_iloveleasing,,a2f483a5aa3450e2e264180c906541b32465c7a888993f9e5735f3fa8765e029
45318,Tall Oaks Apartment Homes,6675 Tall Oaks Dr,Kalamazoo,MI,49009,https://www.talloaks-apartments.com,rentcafe,SUCCESS,TIER_1_DOM_RENTCAFE_AVAILABLEUNITS_ROSTER,rentcafe,12,0,proportional_adapter_type_fill,,,,1f50f04baadd2ff18ad7bfa9f2df080a14d5eea75440f3f1f887fe673ed35a59
75722,Birch Pond,5 Birch Pond Dr,Shallotte,NC,28470,http://www.birchpondapts.com/,rentvision,SUCCESS,TIER_3_DOM_RENTVISION_UNIT_LEVEL,rentvision,6,0,finding_evidence_census,21,rentvision,,1ccb0eb1953d75664afb0540939b438edd8f41f2e3a9ee10d0e91cd97ccc28eb
220088,Ashbrooke,415 NE Delaware Ave,Ankeny,IA,50021,http://www.ashbrookeapts.com/,entrata,SUCCESS,TIER_1_DOM_ENTRATA_PP_HYPERBROWSER_UNIT_LEVEL,entrata,4,0,proportional_adapter_type_fill,,,,66a95b1ba52d4886ef00312c358d5053797fbf97e62f22b66e16018002a2b4be
236195,Walnut Crossing,3300 Union Deposit Rd,Harrisburg,PA,17109,https://parkrunmgt.com/listing/walnut-crossing/#,generic,FAILED_UNREACHABLE,TIER_3_DOM,appfolio,0,16,observed_adapter_type_stratum,,,,1a264f8b48c73b55596843cf0cb4017f58ec6ed7207cd2bc01f642cfa1b63af2
37065,Pointe Inverness,7051 Pointe Inverness Way,Fort Wayne,IN,46804,https://www.ptinverness.com/,entrata,SUCCESS,TIER_1_DOM_ENTRATA_PP_HYPERBROWSER_UNIT_LEVEL,entrata,2,0,proportional_adapter_type_fill,,,,e8c61e972cda04ce3c32728153e7a774122bb2c6e139a09c65b3850ba14cd74d
229748,Chestnut Street,143 Chestnut St,Santa Cruz,CA,95060,https://www.essexapartmenthomes.com/apartments/chestnut-street,essex,SUCCESS,TIER_1_API_ESSEX,essex,12,0,finding_evidence_census,34,essex,,08332ad5701196f30311c6cb3540348ff58530d1f596ed815a673373d3bb1171
23306,Villas Willow Glen,850 Meridian Way,San Jose,CA,95126,www.villaswillowglen.com,onsite_apply,SUCCESS,TIER_1_API_ONSITE_APPLY,onsite_apply,5,0,finding_evidence_census,32,onsite_apply,,f388cf740fb36361542552d07696d7647550815970970bbcce295526ec12e447
252997,The Eddy,555 1st St,Harrison,NJ,7029,https://ironstate.com/property/the-eddy/,rentcafe,SUCCESS,TIER_1_RENTCAFE_SECURECAFE_DIRECT,,15,0,proportional_adapter_type_fill,,,,301549cc64d1dd8ab4f0e7124192c11cf75af071b73e4ffb3eb6f68f2bc4a2d1
255578,Circa Fitzsimons,11700 E 26th Ave,Denver,CO,80238,https://www.equityapartments.com/denver/central-park/circa-fitzsimons-apartments,equity,SUCCESS,TIER_1_API_EQUITY,equity,26,0,finding_evidence_census,33,equity,,c8eb31695e38ee8fba21952fed71842345420c304ee4fcce831f80b3a75b204d
27595,Positano,10115 Jeffreys St,Las Vegas,NV,89183,http://lasvegasliving.com/community/positano,sightmap,SUCCESS,TIER_1_API_SIGHTMAP_IFRAME,sightmap,31,0,route_candidate:touchtour,,,touchtour,7f98bf686ec3378ac37e7c08afdfe0df75aa5cd978bf1d4de3e022a942b213e1
217511,Soleste SeaSide,4 N Federal Hwy,Dania Beach,FL,33004,https://solesteseaside.com/,knock,SUCCESS,TIER_1_KNOCK_API,knock,48,0,proportional_adapter_type_fill,,,,f789f4d37cb99568c7096fa9da903601fd2f9c718ff1b07bc4370900e1b13f28
20349,Loma Palisades,2799 Adrian St,San Diego,CA,92110,http://www.lomapalisades.com/,generic,SUCCESS,TIER_1_API_APTS247,onsite_apply,7,0,finding_evidence_census,32,onsite_apply,,5027356739c3e23ae7692115525156eb3be922ae8be7b0ee0e24f29c55c2ad88
74872,Heather Ridge,454 Heather Dr N,Mantua,NJ,8051,http://heatherridgeapts.net/,onesite,SUCCESS,TIER_1_API_ONESITE_WORKFLOW,entrata,9,0,proportional_adapter_type_fill,,,,acb724a10db978a00f9f146fe64d8d8474beb28d9160702cdce3b8d9464801dd
77585,The Willows at Ashley Park,300 Ashley Park Blvd,Newnan,GA,30265,www.willowsashleypark.com,entrata,SUCCESS,TIER_1_DOM_JONAH_SSR_UNITS,entrata,39,0,proportional_adapter_type_fill,,,,9d4a3d6575d1beda03fca2ba28a098eaa9395262643766960215f3c80ad93757
297957,James Run,2786 Megan Way,Bel Air,MD,21015,https://www.jamesrunapartments.com/,onesite,SUCCESS,TIER_1_API_REALPAGE_ONLINELEASING_GETUNITS,onesite,23,0,proportional_adapter_type_fill,,,,82a090d565c9a7cff5a2196388b347a330e93b5806e3c054fac102d2ac5708a5
229986,The Adley Lakewood Ranch Waterside,2401 Lakewood Ranch Blvd N,Sarasota,FL,34240,https://www.theadleylife.com?utm_source=realpage&utm_medium=referral&utm_campaign=cta,rentcafe,SUCCESS,TIER_1_API_RENTCAFE_APPLICANT_FLOORPLANS_V2_HYPERBROWSER,rentcafe,27,0,proportional_adapter_type_fill,,,,8e95e1062af4d8c36734ed2a5ea9512bcd3d5a60b976fa74ed16fa86eb7622ef
13925,Sterling Glen,1121 Indian Trail Lilburn Rd NW,Norcross,GA,30093,http://www.sterlingglenapthomes.com/,generic,SUCCESS,TIER_3_PLAN_TEXT,rentmanager,4,13,proportional_adapter_type_fill,,,,dda244b147eaf69c62ba688c78fe924ec486512f293d415f92be861c845eb28b
16969,Hidden Hills,30041 Tessier St,Laguna Niguel,CA,92677,https://www.elevatetosequoia.com/apartments/ca/laguna-niguel/hidden-hills-condominium-rentals/,repli360,SUCCESS,TIER_1_API_REPLI360,repli360,24,0,finding_evidence_census,27,repli360,,c9a4d63dd30346c2ae1b5dc44fe0c28e8c51d0b84968f0bd4101f7f6cb287c1c
39573,Prime at Gardenside,2044 Georgian Way,Lexington,KY,40504,https://www.liveprimegardenside.com/,residentservices365,SUCCESS,TIER_1_DOM_365RESIDENTSERVICES_UNIT_LEVEL,residentservices365,21,0,finding_evidence_census,36,residentservices365,,db29f4c7f6413c2d06bff71b066a85d44ec5242f9578f98ddbc9c590698eda4c
253788,Legacy Cool Springs,2000 Aureum Dr,Franklin,TN,37067,https://www.goldbergcompanies.com/legacy-cool-springs-franklin-tn/,rentcafe,SUCCESS,TIER_1_API_RENTCAFE_SECURECAFE,rentcafe,67,0,proportional_adapter_type_fill,,,,d930be67d9a317ca8f404decc19925068f65392dd64477f61182f92d7ea8d829
72988,River Springs at Barge Ranch,3300 N Main St,Belton,TX,76513,http://www.riverspringsatbargeranchapts.com/,appfolio,SUCCESS,TIER_1_DOM_APPFOLIO_VANITY,appfolio,25,0,proportional_adapter_type_fill,,,,c609abc2d0e37fba8af47b6bea84c49a635319250e4d9c452dcd05b37d7556ba
275548,Redwood Kannapolis Parkway,5476 Milestone Ave,Kannapolis,NC,28081,https://www.byredwood.com/apartments/nc/kannapolis/redwood-kannapolis-parkway/,rentcafe,SUCCESS,TIER_1_RENTCAFE_SECURECAFE_DIRECT,,9,0,proportional_adapter_type_fill,,,,39557659af858354c3b481614b3606c95c5c877a1f25ee29e7cfb682762c5d0d
60316,Highland Park,1625 S Marion Ave,Springfield,MO,65807,https://www.highlandparkapartmenthomes.com/,apts247,SUCCESS_PLAN_LEVEL,TIER_1_DOM_APPFOLIO_SSR,appfolio,2,0,observed_adapter_type_stratum,,,,bc034c8a7316497c8171d5951e283ca59d18edb121390290478be8bf058dad0c
36198,Lion's Gate,10101 Northeast Ave,Philadelphia,PA,19116,https://galmangroup.com/property/lions-gate-apartments/,generic,SUCCESS,TIER_3_DOM,onsite_apply,7,2,proportional_adapter_type_fill,,,,f558800dbceffc6676faed1069bedd1b3e520528797c6d0be53f463d0205c466
46355,Kickingbird Hills,1900 Kickingbird Rd,Edmond,OK,73034,https://kickingbirdapts.com/,knock,SUCCESS,TIER_1_KNOCK_API,knock,17,0,proportional_adapter_type_fill,,,,73d263d09131c0b4a4afe4fcd82bef96fd117d69f8ec984fc4c869135ad653b2
237769,Avalon Frisco North,12050 Research Rd,Frisco,TX,75033,https://www.avaloncommunities.com/texas/frisco-apartments/avalon-frisco-north/?utm_source=vurl&utm_campaign=valefrisco&utm_medium=redirect,avalonbay,SUCCESS,TIER_1_API_AVALONBAY,avalonbay,34,0,proportional_adapter_type_fill,,,,e215200792b5247745429fd032dfeb6be7b15d2eddd0873be812af2b5b64ff53
4079,The View at Waters Edge,6175 Reflections Blvd,Lantana,FL,33462,https://www.aspensquare.com/apartments/florida/lantana/the-view-at-waters-edge?utm_source=google&utm_medium=referral,aspensquare,SUCCESS,TIER_1_API_ASPENSQUARE_KNOCK,aspensquare,31,0,finding_evidence_census,38,aspensquare,,c4df024bb6397e7271c779b981d2c8eb070cc5b1078d946597cd114f95d00b05
24542,Archstone Fremont Center Apartments,39410 Civic Center Dr,Fremont,CA,94538,http://www.equityapartments.com/california/san-francisco-bay-apartments/fremont/archstone-fremont-center-apartments.aspx,equity,SUCCESS,TIER_1_API_EQUITY,equity,6,0,finding_evidence_census,33,equity,,51fd896ad5ebfd6ab75f6784e51996635644dce9b939244ad2ecf7024151abeb
58156,District at Seven Springs,300 Seven Springs Way,Brentwood,TN,37027,http://www.districtsevensprings.com/,fortresstech,SUCCESS,TIER_1_SSR_FORTRESSTECH,fortresstech,16,0,finding_evidence_census,35,fortresstech,,0c42a757e13eb931bcd5b99a0115720a7b3f18dea0c267896ddf2c3c0f7e10a2
232876,MAA Denton Pointe,5951 NW 63rd Terrace,Kansas City,MO,64151,https://www.maac.com/available-apartments/?propertyId=780165&Bedroom=undefined%20Bed,maac,SUCCESS,TIER_1_API_MAAC,maac,49,0,proportional_adapter_type_fill,,,,fd93404a1ea42516d6a2342fdbd96a162d873dc05ffa4f9d1331b7ab5eb63d0f
14336,Mountain View Casitas,1130 E Grovers Ave,Phoenix,AZ,85022,https://www.mountainviewcasitas.com/,marketapts,SUCCESS,TIER_1_DOM_MARKETAPTS_B_UNIT_LEVEL,marketapts,15,0,finding_evidence_census,40,marketapts,,5e72a86da782433e9c1e9cccc565b40d3f968b2ff340dcf7c3886681567a86cd
58969,Cirrus,2030 8th Ave,Seattle,WA,98121,https://www.cirrusseattle.com/,funnel,SUCCESS,TIER_1_DOM_FUNNEL_SPACES,funnel,16,0,finding_evidence_census,25,funnel_spaces,,5a472d0ed17bf995c3a9133937379499f1f7a371f8f92f0e4f2ed9d56b779a7c
258188,Springs at Lakeville,17400 Glacier Wy,Lakeville,MN,55044,https://www.springsapartments.com/apartments/mn/lakeville/springs-at-lakeville/,onesite,SUCCESS,TIER_1_API_REALPAGE_ONLINELEASING_GETUNITS,unknown,23,0,observed_adapter_type_stratum,,,,421868a37f8a30e71ae498c5addd7959b1ec1d806f0a83bb469ebfbc59368439
2709,Wellington Place at Olde Town,10303 7th Regiment Dr,Manassas,VA,20110,https://www.udr.com/washington-dc-apartments/manassas/wellington-place-at-olde-town/,generic_plan_text,SUCCESS,TIER_1_JSONLD_UDR,generic_plan_text,38,0,finding_evidence_census,16,udr,,58a4abf69ee5844a368ff815c5c0cd46d8997ebe417420769f90f57d0371095b
261603,Wellspring,2327 S Arizona Ave,Pecos,TX,79772,https://www.wellspringpecos.com/,entrata,SUCCESS_PLAN_LEVEL,TIER_1_DOM_ENTRATA_PP_HYPERBROWSER_PLAN_LEVEL,entrata,0,5,proportional_adapter_type_fill,,,,293a0e48c21005e4d8cdb0eec6ea5beb2b7f9dcc5b194964ffef1c1d3dd8e2a1
12377,Metropolitan at Cityplace,2802 N Carroll Ave,Dallas,TX,75204,https://www.metropolitancityplace.com/,edificecms,SUCCESS,TIER_1_API_EDIFICECMS,edificecms,3,7,finding_evidence_census,39,edificecms,,75affb120a194a423128e3f09c4473285fed1e74649daefdb352fdd3f546add0
95149,HQ @ 1532 Harrison,1532 Harrison St,San Francisco,CA,94103,https://www.udr.com/san-francisco-bay-area-apartments/west-soma/hq-apartments/,generic_plan_text,SUCCESS,TIER_1_JSONLD_UDR,generic_plan_text,10,0,finding_evidence_census,16,udr,,c3391d6aba392b0321ff0181a3e36550a7ccc8fc812aed241c0116a4ab996b5d
42525,Park Place Apartments,7514 Hogan Rd,Jacksonville,FL,32216,http://www.parkplacejville.com/,rentcafe,SUCCESS,TIER_1_DOM_RENTCAFE_NESTIN,rentcafe,2,0,proportional_adapter_type_fill,,,,75a2df9ba42862ca0f5fe2c1a82b78f1f1dab242b581601907bd478f789917bc
292894,Lenox Timbergrove,2825 W 11th St,Houston,TX,77008,https://www.lenoxtimbergroveapts.com/,sightmap,SUCCESS,TIER_1_API_SIGHTMAP_IFRAME,sightmap,47,4,proportional_adapter_type_fill,,,,edc3aec69bffeae4823d0d1dfc3e1568fad3d79a69d70e318c76da4415b1a3b2
257557,The Salado at Red Berry,902 Gembler Rd,San Antonio,TX,78219,https://thesaladoredberry.com,rentcafe,SUCCESS,TIER_1_RENTCAFE_SECURECAFE_DIRECT,,12,0,proportional_adapter_type_fill,,,,89b1d804b561f60260f99692cb9c4400d298514d2e883205e017f35c1e662d08
23963,Luna Bear Arcos,1637 E Missouri Ave,Phoenix,AZ,85016,http://www.arcosphx.com/,wix_nopms,SUCCESS_PLAN_LEVEL,SYNDICATION_ONLY_WIX_PLAN_LEVEL,wix_nopms,0,2,finding_evidence_census,47,wix_nopms,,2170d3f20fc1e1857809c4172a358fc8352759a4a8f37dd3340362bbf8c7d3c7
61392,Arcata,901 Xenia Ave S,Golden Valley,MN,55416,https://www.arcataapts.com/?rcstdid=MzI%3d-GJOvflXLv8M%3d&_yTrackUser=MTUzMjg2OTE3MSMxMDY1NTY0NDMw-9pP/Dv/V3lw=&_yTrackVisit=MjY3MTA1OTMwNyMxNjU1MDY2NzA2-lh+SCtG9cEw=&_yTrackReqDT=30551620222202&_ga=2.45461732.1112719589.1645548303-290798097.1645548303,rentcafe,SUCCESS,TIER_1_RENTCAFE_SECURECAFE_DIRECT,,8,0,proportional_adapter_type_fill,,,,1aaf276820bfd63c5490ea53f07780f2f66de2021b96e072eff75032d38e0f6a
49248,Sandpiper,1496 Spring Ln,Holladay,UT,84117,https://www.sandpiperapartmentssaltlakecity.com/,marketapts,SUCCESS,TIER_1_DOM_MARKETAPTS_A_UNIT_LEVEL,marketapts,11,1,finding_evidence_census,40,marketapts,,361b2c59f636fd584b0e7d61889f9deefb5da9de006f56175e54f8c478899cf6
17984,Alessio,5700 W Centinela Ave,Los Angeles,CA,90045,https://www.essexapartmenthomes.com/apartments/los-angeles/alessio,essex,SUCCESS,TIER_1_API_ESSEX,essex,21,0,finding_evidence_census,34,essex,,3c70d753b136b9e07c2271538e767329db553c56d259a32ef5b411103060a041
40117,Sofi at 50 Forest,50 Forest St,Stamford,CT,6901,https://www.sofiat50forest.com/,funnel,SUCCESS,TIER_1_API_RENTCAFE_SECURECAFE,funnel,19,0,proportional_adapter_type_fill,,,,0301a844d6547e0200ada7b3f7bc1410728661a449a5878ddac034bc73e6df0d
279103,Shade,10340 S Decatur Blvd,Las Vegas,NV,89141,https://shadeapartments.com/,realpage_oll,SUCCESS,TIER_1_API_REALPAGE_ONLINELEASING_GETUNITS,sightmap,42,0,finding_evidence_census,26,realpage_getunits,,f07e7cce8f5cb50c0aa3000babf51209aa0f14f64d505c8bcaaa9ed95b080e53
67327,Windsong Estates,4500 Bluestem Dr,Prosper,TX,75078,https://windsongestatesprosper.com/,rentcafe,SUCCESS,TIER_1_API_RENTCAFE_SECURECAFE,rentcafe,16,0,proportional_adapter_type_fill,,,,f19dfe6f27e6ba1f89c41fdbc7a800f73ad56d81aa3f390b23f532dc6ee548bf
33318,Riverstone,7459 Rush River Dr,Sacramento,CA,95831,http://www.riverstoneaptliving.com/,generic,SUCCESS,TIER_1_API,onsite_apply,2,0,finding_evidence_census,32,onsite_apply,,737d9d35258f126deda03072fa7bbf65ff943f2383297fa569676363f632ccc2
7797,Village at Del Mar Heights,13138 Kellam Ct,San Diego,CA,92130,https://www.equityapartments.com/san-diego/del-mar/the-village-at-del-mar-heights-apartments,equity,SUCCESS,TIER_1_API_EQUITY,equity,7,0,finding_evidence_census;route_candidate:equity_apartments,33,equity,equity_apartments,8bbeb5d738d2363bd66dfdbe356196c8093f730b42811347aa87161f9b11c8db
50160,Costa Azul,3404 9th Ave N,Texas City,TX,77590,https://www.costaazulapts.net/,generic_plan_text,SUCCESS_PLAN_LEVEL,TIER_1_DOM_GENERIC_PLAN_TEXT_PLAN_LEVEL,generic_plan_text,0,12,proportional_adapter_type_fill,,,,7c05ca8916994dc3ff36e34d5fc62b02db77cc221b9ac477f6bea29a946ac39c
259786,Viking Lakes I,710 Vikings Pkwy,Eagan,MN,55121,https://vikinglakesresidences.com/,encoreskyline_template,SUCCESS,TIER_1_DOM_JONAH_RESOURCE_JSON,encoreskyline_template,22,0,proportional_adapter_type_fill,,,,6ff9124e9fc432a11c4b10d74e0f571b993b74bae0cfefbfb27fb4bbe33f8a51
2537,Bothell Ridge,19928 Bothell Everett Hwy,Bothell,WA,98012,https://www.essexapartmenthomes.com/apartments/bothell-ridge,essex,SUCCESS,TIER_1_API_ESSEX,essex,13,0,finding_evidence_census,34,essex,,fe2ab094610494fff02babf38b2792141ee10a5bd386b23e6f48c74e904bffaa
49529,Enclave,13300 Enclave Dr,Midlothian,VA,23114,https://www.enclaverichmond.com/,rentcafe,SUCCESS,TIER_1_API_RENTCAFE_SECURECAFE,rentcafe,8,0,proportional_adapter_type_fill,,,,859c79d7e894d23c3a79b55016895ec09c60dcbbe409b305e1a772f3c9ed9d80
51080,Verandas at Taylor Oaks,7701 Taylor Oaks Cir,Montgomery,AL,36116,https://www.liveattayloroaks.com/,rentcafe,SUCCESS,TIER_1_DOM_RENTCAFE_AVAILABLEUNITS_ROSTER,rentcafe,1,0,proportional_adapter_type_fill,,,,ffd1b36b957f734c829ed3af3758a4970f338a47f4a4aafd007487dea5813e2a
4579,Laurel Crossing,203 Laurie Meadows Dr,San Mateo,CA,94403,https://www.laurelcrossingapthomes.com/en/apartments/floor-plans.html,entrata,DEAD_URL,TIER_1_DOM_ENTRATA_PP_UNIT_LEVEL,entrata,5,0,observed_adapter_type_stratum,,,,5dc91956e3f6f57603831d6fa1fe98feaa8f40cf80519ee35bcbe456753d487d
304379,Crossings at Windsong,3830 N Windsong Dr,Prescott Valley,AZ,86314,https://www.crossingswindsong.com/,rentcafe,SUCCESS,TIER_1_API_RENTCAFE_SECURECAFE,rentcafe,8,0,proportional_adapter_type_fill,,,,0e55ea165c1c355d84a6a2945f965d16bc4a3bff600b8370a221b35b057c87d3
29673,Le Montreaux,3605 Steck Ave,Austin,TX,78759,www.lemontreaux.com,rentcafe,SUCCESS,TIER_1_API_RENTCAFE_SECURECAFE,rentcafe,17,0,proportional_adapter_type_fill,,,,4016db6d995bffd38d3bde8352b3a9b1adb3fbc3eb0c9263c0f6a85b39e1ecd3
70938,Maybrook,325 Penn Rd,Wynnewood,PA,19096,http://maybrook.com/,sightmap,SUCCESS,TIER_1_API_SIGHTMAP_DIRECT,,54,0,proportional_adapter_type_fill,,,,f63e5761f19c9c5446e4410688309ab72c3e428cd647935f14b445def336843d
259569,Beaumont Oaks,115 Beaumont Oaks Dr,Wilmington,NC,28411,https://beaumontoaksatportersneck.com/floorplans/,sightmap,SUCCESS,TIER_1_API_SIGHTMAP,sightmap,14,2,proportional_adapter_type_fill,,,,7a134e12a557b87d6be9899bd4c8ac57e5bc7e73daf5c2d13f1aeda7ebfa9566
77713,Pure Redmond Apartments,17634 NE Union Hill Rd,Redmond,WA,98052,https://www.essexapartmenthomes.com/apartments/pure-redmond,essex,SUCCESS,TIER_1_API_ESSEX,essex,2,0,finding_evidence_census,34,essex,,052d80a19e1ca993cbc8abdd876703aaa854fcf8fa5c0f5618afd9175e626087
26730,Camden Brookwood,147 26th St NW,Atlanta,GA,30309,https://www.camdenliving.com/apartments/atlanta-ga/camden-brookwood,camden,SUCCESS,TIER_1_DOM_CAMDEN,camden,8,0,finding_evidence_census,44,camden,,88ae9870d7698e96362f686f0546fcf657cc7cd48637cf09c7d29ecd7e0e401c
254488,Gathering at Arbor Greens,13514 NW 1st Ln,Newberry,FL,32669,https://www.thegatheringapartments.com/,rentcafe,SUCCESS,TIER_1_API_RENTCAFE_SECURECAFE,rentcafe,20,0,proportional_adapter_type_fill,,,,0510630a6871a8a4d0fc094a3fe9b517537c3816e53fa0f0fbe03baa586e25f0
56151,Brandon Place,6700 W Memorial Rd,Oklahoma City,OK,73142,www.brandonplaceapthome.com,resman,SUCCESS,TIER_1_API_RESMAN,resman,207,1,finding_evidence_census,22,resman,,5c67e88824ee0a622fbd202aea54bb1257fd7be1a3602965a076d995a19f7eb9
69203,The Marq,4781 Alicia Dr,Virginia Beach,VA,23462,https://www.livemarqvb.com/,wix_nopms,SUCCESS,TIER_1_DOM_APPFOLIO_SSR,wix_nopms,9,0,finding_evidence_census,47,wix_nopms,,0946051359ab4802c884d981fb9d9ce67585a964dd428812405edff6de72cf26
12985,Meadowood,1733 Cochran St,Simi Valley,CA,93065,https://www.essexapartmenthomes.com/california/ventura-county-apartments/simi-valley-apartments/meadowood,essex,SUCCESS,TIER_1_API_ESSEX,essex,19,0,finding_evidence_census,34,essex,,a467210aa3e2e48dc3600a0d512186db77dff49aa1a678754a4824b78959c43a
20977,Cobblestone,15449 N 25th Ave,Phoenix,AZ,85023,https://www.cobblestonephx.com/,edificecms,SUCCESS,TIER_1_API_EDIFICECMS,edificecms,20,6,finding_evidence_census,39,edificecms,,c55c39cbdb7ad4369a0948d11a305d08dfe800340f3fcec2d6214f21c0dcdad8
28085,Canyon Square Townhomes,8030 Old Kings Rd S,Jacksonville,FL,32217,http://www.canyonsquare.com/,entrata,SUCCESS,TIER_1_DOM_ENTRATA_PP_HYPERBROWSER_UNIT_LEVEL,entrata,12,0,proportional_adapter_type_fill,,,,7611b1cee3f689beab5e536dce0453222e3d45342848893b7cf8418ef2ee6aa4
11805,Woodland Hills,3541 W Northgate Dr,Irving,TX,75062,http://www.thewoodlandhills411.com/,rentcafe_layout_tab,SUCCESS,TIER_1_DOM_RENTCAFE_LT,rentcafe,1,8,finding_evidence_census,42,rentcafe_layout_tab,,13aa69dfb25355e1ef503cfb7f3ccac04d461d15eae005779105209f16eedd87
1973,Rosslyn Heights,1800 N Quinn St,Arlington,VA,22209,http://www.rosslynheights.com/,rentcafe,SUCCESS,TIER_1_API_RENTCAFE_SECURECAFE,rentcafe,29,0,proportional_adapter_type_fill,,,,4460e49839333a5a7beb80ee22c9b833d2a849a57002c1acc5bc4758ce91c973
261358,Edge Avenue G,100 Ave G,Bayonne,NJ,7002,https://www.edgebayonne.com/avenueg/,rentcafe,SUCCESS,TIER_1_API_RENTCAFE_SECURECAFE,sightmap,58,0,proportional_adapter_type_fill,,,,db298a837a3b3fcecbb3d9294b67be8df5f3ba45153482226a35e79c4fd20d32
253743,Walcott Jeffersonville,222 W Maple St,Jeffersonville,IN,47130,https://www.thewalcottjeffersonville.com/,rentcafe,SUCCESS,TIER_1_API_RENTCAFE_SECURECAFE,rentcafe,22,0,proportional_adapter_type_fill,,,,91498cf53112a8b7a680be86ec4e2ccff5b21b27019839c946abcfad4573f44e
238662,The Hydro,101 Manchester Rd,Richmond,VA,23224,https://www.lifeathydro.com/,rentcafe,SUCCESS,TIER_1_API_RENTCAFE_SECURECAFE,rentcafe,20,0,proportional_adapter_type_fill,,,,0bc60e94a2c029ebf311fea5b8f6969c95a22aa52864fb4801c286a1bdcde63f
241798,Waterford Landings,135 Westfield Ct,Clarksville,TN,37040,https://www.waterfordlandingsapartments.com/,generic,SUCCESS,TIER_MERGED_CROSS_PAGE,resman,71,18,proportional_adapter_type_fill,,,,851246391f2bab31f4f833abb8928d9acfcd2c40cba5035c0515064660810bf1
26901,Bordeaux,1 Ambroise,Newport Beach,CA,92657,https://www.irvinecompanyapartments.com/communities/bordeaux,irvine,SUCCESS,TIER_1_API_IRVINE,irvine,13,0,finding_evidence_census,30,irvine,,926b214c404d848899f96ffd19d6583461834b28a2a35bbfade37deb6f8e0f6c
24315,Riley Square,3707 Poinciana Dr,Santa Clara,CA,95051,https://www.essexapartmenthomes.com/apartments/santa-clara/riley-square,essex,SUCCESS,TIER_1_API_ESSEX,essex,3,0,finding_evidence_census,34,essex,,160d771a7bcd858be48d17504b88fb919e524fe6b34296dfb940127a68351164
218985,MAA Trinity II,1140 Trinity Pine Ln,Raleigh,NC,27607,https://www.maac.com/north-carolina/raleigh-cary/maa-trinity/,maac,SUCCESS,TIER_1_API_MAAC_HTML,maac,43,0,finding_evidence_census,28,maac,,140f65210ff41464d8699d4f876ae37471369f14ab2de3e4566f2cbbe414fbe6
19924,Maybeck at the Bend,13830 SW Chinn Ln,Tigard,OR,97224,https://www.maybeckapartments.com/,rentcafe,SUCCESS,TIER_1_DOM_RENTCAFE_AVAILABLEUNITS_ROSTER,rentcafe,8,0,proportional_adapter_type_fill,,,,16d05f1cc4bb5d700b2a33a58a1d5057a3fdb3e15b1d7c4efd2b1c6faad1368b
255134,Cortland Royal Palm Beach,11200 Nicole Dr,Royal Palm Beach,FL,33414,https://cortland.com/apartments/the-villas-at-tuttle-royale/,cortland,SUCCESS,TIER_1_API_CORTLAND,cortland,27,0,finding_evidence_census,8,cortland,,47b84a42b2b4cb74d48c5f567739660a926ec6882230587c327c05beaa057247
38541,Camden Brushy Creek,1101 Brushy Creek Rd,Cedar Park,TX,78613,https://www.camdenliving.com/apartments/cedar-park-tx/camden-brushy-creek#overview,camden,SUCCESS,TIER_1_DOM_CAMDEN,camden,7,0,finding_evidence_census,44,camden,,e02a9f905510ab483688bd4354bc61fe3d8c7f4acfe50da1dbcd53371d7cf839
74571,Stoney Park Place,56114 Stoney Pl Dr,Shelby Township,MI,48316,http://stoneyparkplace.com/,appfolio,SUCCESS,TIER_1_DOM_APPFOLIO_VANITY,appfolio,5,0,proportional_adapter_type_fill,,,,66af92dbbc8e0fe5debcf6bf3e716f9979cceec71f23e368a34bd7fcf197afe3
227989,Camden Riverwalk,3800 Grapevine Mills Pkwy,Grapevine,TX,76051,https://www.camdenliving.com/apartments/grapevine-tx/camden-riverwalk,camden,SUCCESS,TIER_1_DOM_CAMDEN,camden,10,0,finding_evidence_census,44,camden,,cc409889c265677a905c22e54ddb32d504eb978004ba3210577b1aaa95536bb6
238540,29 WYN,2828 NW 1st Ave,Miami,FL,33127,https://29wyn.com/,rentcafe,SUCCESS,TIER_1_API_RENTCAFE_SECURECAFE,rentcafe,26,0,proportional_adapter_type_fill,,,,861091b793843bd5f7eee4be4f9d9c73d5fbe1f9ffd37ede414fc64101e8f599
241680,Blu on Farrington,5840 Farrington Rd,Chapel Hill,NC,27517,https://www.bluonfarrington.com/blu-on-farrington-chapel-hill-nc,rentcafe,SUCCESS,TIER_1_API_RENTCAFE_SECURECAFE,rentcafe,40,0,proportional_adapter_type_fill,,,,e2230151fda68b089ab78e7b12a4f7adc8c9a78b4eeec246b6357b6d65c9e429
51998,Thousand Oaks,6900 Sumner St,The Colony,TX,75056,http://toapts.com/,onesite,SUCCESS,TIER_1_API_REALPAGE_ONLINELEASING_GETUNITS,sightmap,107,0,proportional_adapter_type_fill,,,,e4735604755753b995510659a283d11340a0a2cc92389c052f15cc0a051160c5
17102,Woodbridge Willows,344 Knollglen,Irvine,CA,92614,https://www.irvinecompanyapartments.com/locations/orange-county/irvine/woodbridge/woodbridge-willows.html,irvine,SUCCESS,TIER_1_API_IRVINE,irvine,11,0,finding_evidence_census,30,irvine,,f37cebda6e1629842fab0f333e5c7f35bbe70c4929f21164a926cbf22f4cb920
59063,CityScape Residences,11 S Central Ave,Phoenix,AZ,85004,https://www.cityscaperesidences.com,sightmap,SUCCESS,TIER_1_API_SIGHTMAP_DIRECT,,27,0,proportional_adapter_type_fill,,,,bf66582cd8c59efc73bcfa1eadd8d76b79a3c02cbd26cf230802714735afeceb
19940,Portola Biltmore,2323 E Flower St,Phoenix,AZ,85016,https://www.portolabiltmore.com/,marketapts,SUCCESS,TIER_1_DOM_MARKETAPTS_B_UNIT_LEVEL,marketapts,3,0,finding_evidence_census,40,marketapts,,c10b76af7a0acdce34fc1fb4f3886ddf773d74391b7e8056a0ed33c22bc77d99
24648,Camden Overlook,4703 Summit Overlook Dr,Raleigh,NC,27612,https://www.camdenliving.com/apartments/raleigh-nc/camden-overlook,camden,SUCCESS,TIER_1_DOM_CAMDEN,camden,6,0,finding_evidence_census,44,camden,,5a2153bd2817f9fa2aceda835c4b134e5420fe849848087b96da2b9ebeb6dd42
35540,The Flats At Dupont Circle Apartments,2000 N St NW,Washington,DC,20036,https://www.equityapartments.com/washington-dc/dupont-circle/the-flats-at-dupont-circle-apartments,equity,SUCCESS,TIER_1_API_EQUITY,equity,12,0,finding_evidence_census,33,equity,,b7cbb4b666ba1dbebe5473e3ee536e9e74dc6ad8abb2082f23897d2e87947b99
15049,Verandah at Lakepointe,8300 Farm to Market 1960 Rd E,Humble,TX,77346,https://verandahlake.com/,yotta,SUCCESS,TIER_1_API_YOTTA,generic_plan_text,18,0,finding_evidence_census,48,yotta,,5e6abf6629613770188eb69c44fb5a9349d484974d33791dda45e4cfc310a0e6
258309,Atlee Square,200 Middletown Blvd,Langhorne,PA,19047,https://www.liveatleesquare.com/,rentcafe,SUCCESS_PLAN_LEVEL,TIER_1_API_RENTCAFE_SHAPE_REJECTED,sightmap,0,5,proportional_adapter_type_fill,,,,30dd5b67671f431785e3c50e0c0ade5f99ad4da7a6280405c24cea64bd465455
26892,Avalon at Arlington Square,2350 26th Ct S,Arlington,VA,22206,https://new.avaloncommunities.com/virginia/arlington-apartments/avalon-at-arlington-square/?utm_source=gmb&utm_medium=organic&utm_campaign=gmblist,avalonbay,SUCCESS,TIER_1_HTML_AVALONBAY_FUSION,avalonbay,81,0,finding_evidence_census,2,avalonbay,,8e97b575a2bd9a4b4766aff29a2fce1b798bd30ac43aa2273c61a5f09a89c856
262518,Bloom,13120 NE 85th St,Kirkland,WA,98033,https://www.bloomkirkland.com/,onsite_apply,SUCCESS,TIER_1_DOM_JONAH_SSR_UNITS,onsite_apply,6,0,finding_evidence_census,32,onsite_apply,,ae00f769994f931b30efe675eeb4797ce6854fa3a14741600093d5f4dd01496c
240168,Parker Hilltop,19600 Clubhouse Dr,Parker,CO,80138,www.parkerhilltopapartments.com,rentcafe,SUCCESS,TIER_1_API_RENTCAFE_SECURECAFE,rentcafe,63,0,proportional_adapter_type_fill,,,,9c9d7a36d4f12cf43dc4d735dc29540cc6d34e66cc6006e73bc071bf375feeac
19538,Stadium Apartments,2999 Woodway Dr SW,Huntsville,AL,35805,http://www.stadiumapartmentshuntsville.com/,wix_nopms,SUCCESS,TIER_1_DOM_APPFOLIO_SSR,wix_nopms,3,0,finding_evidence_census,47,wix_nopms,,f3353cd57bfc10fc9d7a1c472c85f4a0aff26cf9a56ce1f8f4665070456aa685
303514,The Arno at Coventry,6711 S 206th Plaza,Omaha,NE,68022,https://thearno.com/,rentcafe,SUCCESS,TIER_1_API_RENTCAFE_APPLICANT_FLOORPLANS_V2_HYPERBROWSER,rentcafe,50,0,proportional_adapter_type_fill,,,,fc802a84d5f5c3d62fce3ac585bda19024e144add206f5c94acc665c4ac90479
78910,Hawthorne at Friendly,900 Hobbs Rd,Greensboro,NC,27410,http://www.hawthorneatfriendly.com/,rentcafe,SUCCESS,TIER_1_API_RENTCAFE_SECURECAFE,knock,27,0,proportional_adapter_type_fill,,,,822d25aa1b964ede89927380035de09bbd8f45589aa999e2b8c399144cee3884
13736,The Langston,2301 Godby Rd,Atlanta,GA,30349,https://thelangstonapt.com/?fbclid=IwAR2uEIPisZyXyAqyGBlftuomKvu-bD-YGOw_3kZ5CqLqiGIYRL0rLIJ-aZE,appfolio,SUCCESS,TIER_1_DOM_APPFOLIO_VANITY,appfolio,2,0,proportional_adapter_type_fill,,,,4480ec53834693cc72c5f46cf16cf79b9b557481791c1f642eb71d506d0cae47
228359,Milo,4109 E 10th Ave,Denver,CO,80220,https://www.equityapartments.com/denver/congress-park/milo-apartments,equity,SUCCESS,TIER_1_API_EQUITY,equity,21,0,finding_evidence_census,33,equity,,aa26d12a653d6e740b3c4bb9861a25a08a6c6b39ca12b22f06f03e42fca59e80
257779,38 North,1020 Kawana Springs Rd,Santa Rosa,CA,95404,https://www.rent38north.com/?utm_source=apartmentseo&utm_medium=gmb&utm_campaign=organicmaplisting,rentcafe,SUCCESS,TIER_1_API_RENTCAFE_SECURECAFE,onsite_apply,25,0,finding_evidence_census,32,onsite_apply,,9045b8ff80f349d20b44dfda82506dd4cffd67544a3a63ad73ecd4c0a8325ff9
12380,McDermott Place,8900 Independence Pkwy,Plano,TX,75025,https://www.mcdermottplace.com/,rentcafe,SUCCESS,TIER_1_RENTCAFE_SECURECAFE_DIRECT,,21,0,proportional_adapter_type_fill,,,,cf5e9c7d71fef96b7726a01fff80b02ee8d04c543c1382c38fbd0a675f11d189
46576,Campus Pointe,1601 NW 30th St,Oklahoma City,OK,73118,https://www.proresidential.com/oklahoma-properties/campus-pointe-,appfolio,SUCCESS,TIER_1_DOM_APPFOLIO_VANITY,appfolio,7,0,proportional_adapter_type_fill,,,,fc7c1d609131dc3035b8b05dd42d88359f15a18d7fd404f88e08c7a057f86ff8
11793,The Laney,7474 Skillman St,Dallas,TX,75231,https://livethelaney.com/,resman,SUCCESS,TIER_1_API_RESMAN,resman,8,14,proportional_adapter_type_fill,,,,51b45c00e0b0b0dfd2715353e91e2f56e251ebef0390426b5059ab90a834c62a
33550,Princeton Bradford Apartment Homes,28 Forest Acres Dr,Haverhill,MA,1835,https://www.princetonbradford.com/,entrata,SUCCESS,TIER_1_DOM_ENTRATA_PP_HYPERBROWSER_UNIT_LEVEL,entrata,13,0,proportional_adapter_type_fill,,,,0c349f5d3a4f5d7e7ea29850a1199b003254d5aa7339c064eedbab4891748d7e
75314,Village Park at Paladin,101 Clifton Park Cir,Wilmington,DE,19802,https://pettinaro.com/village-park-paladin/,mri_prospectconnect,SUCCESS,TIER_1_API_MRI_PROSPECTCONNECT,unknown,8,0,observed_adapter_floor,,,,929bf08300e0cc17d0d45d49a087cb208fc2c77171ad7c213aedbebac23048a0
60727,The Reserves at Alafaya,3715 Alafaya Heights Rd,Orlando,FL,32828,https://www.liveatreservesatalafaya.com/,rentcafe,SUCCESS,TIER_1_API_RENTCAFE_SECURECAFE,rentcafe,12,0,proportional_adapter_type_fill,,,,8fa196ccfe8c4ce15e1a3f15a60059f744756c13d17f9721ca02f5658fce48a1
278113,Ascend NonaWest I,4000 Nona West Blvd,Orlando,FL,32824,https://ascendnonawest.com/?utm_source=gbp&utm_medium=organic&utm_campaign=website_clicks,encoreskyline_template,SUCCESS,TIER_1_DOM_JONAH_SSR_UNITS,encoreskyline_template,54,0,finding_evidence_census,29,encore_jonah,,17769ea54a11bd65e8a9fac343ba0ac09fe6851afada9d27a2e1a86535bc8915
43097,Big Creek Apartments and Townhomes,11540 Apache Dr,Parma Heights,OH,44130,https://www.goldbergcompanies.com/big-creek-apartments-parma-heights-oh/?utm_source=GMB&utm_medium=Website,rentcafe,SUCCESS,TIER_1_API_RENTCAFE_SECURECAFE,rentcafe,34,0,finding_evidence_census,13,securecafe,,8f20049302a4d3d3ed6f9cfcc802edab7ba77a28100007fb5fda5198d38cb671
39779,Riverpark Apartments,15803 Bear Creek Pkwy,Redmond,WA,98052,https://www.lifeatriverparkapartments.com/riverpark-apartments-redmond-wa/,rentcafe,SUCCESS,TIER_1_RENTCAFE_SECURECAFE_DIRECT,,27,0,proportional_adapter_type_fill,,,,8ca9704ced33bb08616e977a627d79e3819176fa8168699454771611143f53f1
48075,Edgefield,5699 Craneybrook Ln,Portsmouth,VA,23703,https://www.edgefieldaptsva.com/,onesite,SUCCESS,TIER_1_API_REALPAGE_ONLINELEASING_GETUNITS,onesite,3,0,proportional_adapter_type_fill,,,,c164d519e760fba7171ced8481a2cba6d71aa74bdc6fe143902f013b6137443a
2958,Newport Village I,4757 W Braddock Rd,Alexandria,VA,22311,https://www.udr.com/washington-dc-apartments/alexandria/newport-village,generic_plan_text,SUCCESS,TIER_1_JSONLD_UDR,generic_plan_text,69,0,finding_evidence_census,4|16,udr,,be73e9de93da7adff5c5e1728cb0725cdd59cf295c0ce83a0a405c05a27c148d
16196,Village Square Apartments,12011 Veirs Mill Rd,Wheaton,MD,20906,http://www.villagesquarewheaton.com/Home/Index/36189,residentservices365,SUCCESS,TIER_1_DOM_365RESIDENTSERVICES_UNIT_LEVEL,residentservices365,7,0,finding_evidence_census,36,residentservices365,,2338fea6874cd7f16d34e3a89e896a98a71dd9780df9e95b123e2accbce37967
34523,Constellation Ranch,500 W Loop 820 S,Fort Worth,TX,76108,https://www.constellationranchtx.com/,wix_nopms,SUCCESS_PLAN_LEVEL,SYNDICATION_ONLY_WIX_PLAN_LEVEL,wix_nopms,0,9,finding_evidence_census,47,wix_nopms,,8a636dbbb6d46b4967064696f73ba4ef291ac919a3cb4b38eba95c07a55e173a
16198,Rose Luxury Apartments,10853 Rose Ave,Los Angeles,CA,90034,https://www.theroseapts.com/,rentcafe,SUCCESS,TIER_1_API_RENTCAFE_SECURECAFE,onsite_apply,1,0,finding_evidence_census,32,onsite_apply,,0cafab16bdc34975a08c6d6383b9550b323e7cb76925c9016296857f6c5c38b7
234916,Camden Vanderbilt,7171 Buffalo Speedway,Houston,TX,77025,https://www.camdenliving.com/apartments/houston-tx/camden-vanderbilt?utm_source=gmb&utm_medium=local&utm_campaign=camden-vanderbilt&y_source=1_MTE2Nzc0ODMtNzE1LWxvY2F0aW9uLndlYnNpdGU%3D,camden,SUCCESS,TIER_1_DOM_CAMDEN,camden,10,0,finding_evidence_census,44,camden,,73d63afcf19275d248e793d4c5fdedbf17bf1c1c84cecca0015560a0309588af
20192,Twelve Central Square,10290 NE 12th St,Bellevue,WA,98004,https://www.12centralsquare.com/,rentcafe,SUCCESS,TIER_1_API_RENTCAFE_SECURECAFE,rentcafe,15,0,proportional_adapter_type_fill,,,,9e1df4379cea3ac66fe7edfdec89cfbdbfc674968268d3fd29c4782bc411d303
41556,Steeplechase on Maple,14949 Manderson Plaza,Omaha,NE,68116,https://www.steeplechase-apartments.com/,knock,SUCCESS,TIER_1_KNOCK_API,knock,25,0,proportional_adapter_type_fill,,,,bf585ec7a5fb9aba0b0f958dcb5d69a04d5e16098e63b3e2dc77dfae755f426a
15064,Camden Holly Springs,680 W Sam Houston Pkwy S,Houston,TX,77042,https://www.camdenliving.com/apartments/houston-tx/camden-holly-springs,camden,SUCCESS,TIER_1_DOM_CAMDEN,camden,10,0,finding_evidence_census,44,camden,,7f867f7bd0756fcc2a21e60401b594322bae17f1b38719b65ac0cedf5bb0fbcd
14596,Portola South Mountain,7611 S 36th St,Phoenix,AZ,85042,https://www.portolasouthmountain.com/,marketapts,SUCCESS,TIER_1_DOM_MARKETAPTS_B_UNIT_LEVEL,marketapts,2,4,finding_evidence_census,40,marketapts,,7e3a89b851dbde84e379314e1806fcb56a5eb3acb2956b56ddec8c67fdcdb24b
280355,Town Center Apartments,4653 S Amherst Hwy,Madison Heights,VA,24572,https://www.mhtowncenter.com/,squarespace_nopms,SUCCESS,TIER_1_DOM_MANAGEBUILDING,squarespace_nopms,17,0,finding_evidence_census,45,squarespace_nopms,,8ecda9b22c0a084bbae1b6d28d6a39d29ab08d26220b6991cf33a9f345708d2c
292887,Horizon Apartments and Villas,4750 Innovation Dr,Lincoln,NE,68521,https://www.horizonlivingtoday.com/,appfolio,SUCCESS,TIER_1_DOM_APPFOLIO_VANITY,appfolio,5,0,proportional_adapter_type_fill,,,,20284e8ca257dd01f2b5a060f1706a48413fd6f4eb69223f10fb4a726c0374ea
27096,The Summit at Avent Ferry,1025 Avent Hill,Raleigh,NC,27606,http://www.summitaventferry.com/,funnel,SUCCESS_PLAN_LEVEL,TIER_1_API_FUNNEL_NO_RESPONSE_PLAN_LEVEL,funnel,0,5,observed_adapter_type_stratum,,,,591d45e10e553e6252269d5826d6c185ebe47e457d58135365728d02fa79156b
261648,The Larson,3706 Larson Ln W,University Place,WA,98466,https://www.larsonapts.com/,onsite_apply,SUCCESS_PLAN_LEVEL,TIER_1_API_ONSITE_APPLY_NO_DATA,onsite_apply,0,3,finding_evidence_census,32,onsite_apply,,153ebaa864dce00ac2176ffb653b212c4237a6a63ecd8b405e053c62357f8dd7
263732,Hoyt Tower,50-54 Sussex Ave,Newark,NJ,7103,https://www.hoyttowernewark.com/,wix_nopms,FAILED_NO_DATA,SYNDICATION_ONLY_WIX,wix_nopms,0,0,finding_evidence_census,47,wix_nopms,,3e8cafc9797341a3532009bd9365f1ba1b43e77576c669d16f8f0663973fd32d
120503,The Bridges Lofts,1501 State St,Bettendorf,IA,52722,https://bettendorflofts.com/,realpage_oll,SUCCESS,TIER_1_API_REALPAGE_CWS_UNITS,realpage_cws,6,0,proportional_adapter_type_fill,,,,8548697790592895e65c5210aec410e736a356183602f06a211c9478776d7e9e
253774,27Seventy Lower Heights,2770 Summer St,Houston,TX,77007,https://www.27seventylowerheights.com/,rentcafe_layout_tab,SUCCESS,TIER_1_DOM_RENTCAFE_LT,rentcafe_layout_tab,28,0,finding_evidence_census,42,rentcafe_layout_tab,,d75b1b679493e099a2452170f9e793f6e1fc6c3c7a6bdb343ca459e0d33cca77
32097,Clemmons Trace Village,114 Willow Trace Cir,Clemmons,NC,27012,http://www.clemmonstracevillage.com/,resman,SUCCESS_PLAN_LEVEL,TIER_1_API_RESMAN_NO_PORTAL,resman,0,1,observed_adapter_type_stratum,,,,248f18617da9b16ec38ccc34fae63f7167922a41e94d0d3ddf280d6bed7cb241
72374,Alderwood Park,277 Junction Ave,Livermore,CA,94551,https://www.alderwoodparkaptliving.com/,onsite_apply,SUCCESS,TIER_1_API_ONSITE_APPLY,onsite_apply,1,1,finding_evidence_census,32,onsite_apply,,14a90c432a97c85e7e130d3cd5d9774bd436013782c4aff9b477ec0907a8b0ca
73728,Rockside Park Towers,25400 Rockside Rd,Bedford Heights,OH,44146,https://www.ownerslive.com/apartments/oh/bedford-heights/rockside-park-towers/?utm_source=GBP&utm_medium=organic,knock,SUCCESS,TIER_1_KNOCK_API_DIRECT,,1,0,proportional_adapter_type_fill,,,,da1533efa58fb0d9ec93f6e42a2ad676cf92f47ba8bddbaee56f85395e133d47
60939,Greenarch,10 N Greenwood Ave,Tulsa,OK,74120,http://www.greenarchtulsa.com/,residentservices365,SUCCESS,TIER_1_DOM_365RESIDENTSERVICES_UNIT_LEVEL,residentservices365,8,0,finding_evidence_census,36,residentservices365,,2a575dc1d6206ecd204fd042ab04468be9f10ed629c6304c42a617aba855463f
221319,Royal Park,501 HWY 54 Bypass,Carrboro,NC,27510,https://gscapts.com/apartments/north-carolina/royal-park/,knock,SUCCESS,TIER_1_KNOCK_API,knock,30,0,finding_evidence_census,5,knock,,c3558183ed8217a6cdedaa2bd0921df5fce2314abe5b8d4a4b3671775b0b7c47
234945,IMT Belasera at Superior,17720 Superior St,Northridge,CA,91325,https://www.imtresidential.com/imtbelaseraatsuperior/,imt_spaces,FAILED_NO_DATA,TIER_1_DOM_IMT_SPACES,imt_spaces,0,0,observed_adapter_type_stratum,,,,00551b237c2c1cae4987255fe749872edcf8f1da83291e5ce35772a7947a5596
32561,Pacific View,5162 Whitman Way,Carlsbad,CA,92008,https://www.irvinecompanyapartments.com/locations/san-diego/carlsbad/pacific-view.html,irvine,SUCCESS,TIER_1_API_IRVINE,irvine,19,0,finding_evidence_census,30,irvine,,cb65750dacdf63d14c8b8a6eb4a85513557e1245e8dd9d91f52de9c02f71a851
48052,Summerville Station,1660 Old Trolley Rd,Summerville,SC,29485,https://www.summervillestationapts.com/,entrata,SUCCESS,TIER_1_DOM_ENTRATA_PP_HYPERBROWSER_UNIT_LEVEL,entrata,16,0,proportional_adapter_type_fill,,,,08c93b09070e7c34eba021dfcabe4d8362e43a5aa473d14d082fe075cb1e782f
250342,Station House,16550 NE 79th St,Redmond,WA,98052,https://www.stationhouseredmond.com/,onsite_apply,SUCCESS,TIER_1_API_G5,onsite_apply,2,0,finding_evidence_census,32,onsite_apply,,89af96d22875e9c61294058978655bfc60fc0c1a5be90009134ad84dfc7970f9
2305,Sun Lake Apartments,420 Sun Lake Cir,Lake Mary,FL,32746,www.livesunlake.com,knock,SUCCESS,TIER_1_KNOCK_API,knock,49,0,finding_evidence_census,5,knock,,ecf600ea60f0244da7e3a6b2cf7b4b095d327593a69e4c21ff35921d0db21e5a
217564,Altitude,2769 Palmer Ave,Glenwood Springs,CO,81601,https://www.altitudeglenwoodsprings.com/,generic,SUCCESS_PLAN_LEVEL,TIER_3_PLAN_TEXT,apts247,0,2,proportional_adapter_type_fill,,,,05a3d9ba009f483143fc27def166c023b2142925123357195fb4a30977d8800a
67146,Aria at Millenia,5000 Millenia Palms Dr,Orlando,FL,32839,https://ariaatmillenia.com/,rentcafe,SUCCESS,TIER_1_API_RENTCAFE_SECURECAFE,rentcafe,29,0,proportional_adapter_type_fill,,,,1d6da39ba1a06e64209bfb988106e4f871450107ad8368f095497b12847a68a4
23788,The Aspect,4900 E Oltorf St,Austin,TX,78741,https://www.theaspectaustin.com/,rentvision,SUCCESS,TIER_3_DOM_RENTVISION_UNIT_LEVEL,rentvision,12,0,proportional_adapter_type_fill,,,,d26f7a9d387351a5ab7e11282d63bf1e374b6f5bb37f3b1f5bb80f3dcd027e9f
34500,Cortland Brier Creek,7920 Oak Estate St,Raleigh,NC,27617,https://cortland.com/apartments/cortland-brier-creek/,cortland,SUCCESS,TIER_1_API_CORTLAND,cortland,9,0,finding_evidence_census,8|9,cortland,,e6c6b55688f8a5f7168520662735ed746dbb390f2ac3318f539bda35c629dbe1
268521,The Lucy,2063 Marshall Ave,St Paul,MN,55104,https://thelucystpaul.com/,onesite,SUCCESS,TIER_1_API_REALPAGE_ONLINELEASING_GETUNITS,knock,1,0,proportional_adapter_type_fill,,,,2ecd9ec37d494f43c614994284be9c2976b2de90d8162442d66937dad45cfb75
274886,Aster Village Two,1251 Aster Dr,Tiffin,IA,52340,https://parkplace380.com/listings/aster-village-two/,generic_plan_text,FAILED_NO_DATA,TIER_1_DOM_GENERIC_PLAN_TEXT,generic_plan_text,0,0,observed_adapter_type_stratum,,,,b2ac2a3d341ba50bf8377fe334fd925f0147157eed837c09de49d2e9da5456cd
243907,Tall Oaks Apartments,2330 N Oliver St,Wichita,KS,67220,http://www.talloaksapt.com/,onesite,SUCCESS,TIER_1_API_G5,g5,17,0,proportional_adapter_type_fill,,,,d16cc6b38f82a59c96f3bb7faf20aa74f1e24cde3dab1199ae330936b87767d8
54553,AMLI Evanston,737 Chicago Ave,Evanston,IL,60202,https://www.amli.com/apartments/chicago/near-north-suburbs-apartments/amli-evanston,amli,SUCCESS,TIER_1_API_AMLI_NEXT_DATA,amli,36,0,finding_evidence_census,31,amli,,8abe31c69980940a9f02da5b67dc3e9d7ee4c6da607a1e81de6e005ea8961f90
40989,Savoye,3850 Vitruvian Way,Addison,TX,75001,http://www.savoyeaddison.com/,generic_plan_text,SUCCESS,TIER_1_JSONLD_UDR,generic_plan_text,39,0,finding_evidence_census,16,udr,,99baa0916e41dee73f6be7ee4596eb9789c071bc18f6a4b46ebdc1932e5e182e
53165,Foxwood and The Hermitage,4805 Fox Valley Ave Dr,Portage,MI,49024,https://www.foxwood-apartments.com/?utm_source=GMB&utm_medium=organic,rentcafe,SUCCESS,TIER_1_API_RENTCAFE_SECURECAFE,rentcafe,19,0,proportional_adapter_type_fill,,,,f37ea1c5b4a4b45de67829b822da93d719b75c1bbc29aec3ef844073fbddec1b
261580,1515 Park Place,1515 Park Pl,Brooklyn,NY,11213,https://www.1515parkplace.com/,static_residence_table,SUCCESS,TIER_1_DOM_STATIC_RESIDENCE_TABLE,generic_plan_text,3,0,finding_evidence_census,49,non_registry,,9bb1b5d5108cc4d5754eaadfde4c3b572587f49c266bf464edf45e4962ff5b10
35934,Hawthorn Village,3663 Solano Ave,Napa,CA,94558,http://www.hawthornvillageapts.com,g5,SUCCESS,TIER_1_API_G5,g5,12,0,finding_evidence_census,10,g5,,57dfbbff9c231544971badf62e905d91cc35d1958df14b03f760498afa683946
221973,The Park,4690 Log Cabin Dr,Macon,GA,31204,https://www.thepark4690.com/,apts247,SUCCESS,TIER_1_API_APTS247,apts247,4,1,proportional_adapter_type_fill,,,,2771d1885222ce51885ee57a0e0b7f6bb2f5a096bb1421edc796d7e2f0c5b82e
6281,Wildwood,7610 Cameron Rd,Austin,TX,78752,http://www.wildwoodaustin.com/,rentcafe_layout_tab,SUCCESS,TIER_1_DOM_RENTCAFE_LT,rentcafe,25,0,finding_evidence_census,42,rentcafe_layout_tab,,8872d04a72eafc4fd676be22ca8d673a68f980ba5e156f83b045c2b47c0dbad6
1767,Waverly Place,1900 Waverly Pl Ln,North Charleston,SC,29418,http://www.waverlyplace-apts.com/,realpage_oll,SUCCESS,TIER_1_API_REALPAGE_ONLINELEASING_GETUNITS,realpage_cws,24,0,proportional_adapter_type_fill,,,,6351544767a213dd7ae652aca10ffe6d73345ec6779a3008b66537966603418c
84757,Meridia Transit Plaza,1 W Dickerson St,Dover,NJ,7801,https://www.meridiatransitplaza.com/,appfolio,SUCCESS,TIER_1_DOM_APPFOLIO_VANITY,appfolio,8,0,proportional_adapter_type_fill,,,,77e4956ea05dc1c0abfef0f3d2f9ceb119234d8f315741d3e609875e138f2fbf
45720,Piper Lofts at Crossroads,117 W 20th St,Kansas City,MO,64108,http://www.piperlofts.com,rentcafe,SUCCESS,TIER_1_API_RENTCAFE_APPLICANT_FLOORPLANS_V2_HYPERBROWSER,rentcafe,9,5,proportional_adapter_type_fill,,,,7048a10d93ebacf8ae57fd0ad54548a4233dae8ce024ed3929b0ff4a7942ab97
3535,Aspire Thunderbird,5150 W Eugie Ave,Glendale,AZ,85304,https://www.aspirethunderbird.com/,marketapts,SUCCESS,TIER_1_DOM_MARKETAPTS_B_UNIT_LEVEL,marketapts,10,9,finding_evidence_census,40,marketapts,,4af9f7ed0bd7194b5ff6e86562e0896272d57b5afd8aef1a75f0f613378bd3a2
219128,The Curb,200 Glover Ave,Norwalk,CT,6850,https://www.thecurbapts.com/,appfolio,SUCCESS,TIER_1_DOM_APPFOLIO_VANITY,appfolio,43,0,proportional_adapter_type_fill,,,,62112c1e452b6e1040d107d212287f9f3e71f29192d28c1a1c91949539bf1c91
74067,The Huntington,913 Lilly Rd NE,Olympia,WA,98506,https://sites.google.com/site/huntingtonapartments,generic,SUCCESS_PLAN_LEVEL,TIER_1_API,unknown,0,4,proportional_adapter_type_fill,,,,6ecd60e1e388aa3a543e4c1aa77badd57fecdd1a21132b5d9fbdf0a560ec72e7
296916,Vivo Living Port Royal,1660 Ribaut Rd,Port Royal,SC,29935,https://www.vivolivingportroyal.com/,fortresstech,SUCCESS,TIER_1_SSR_FORTRESSTECH,fortresstech,9,0,finding_evidence_census,35,fortresstech,,f858b874971ca8e8c70a786917d35b6927da4c77683c80980f7f01424172919c
60146,Woodmont Place at Palmer,100 Woodmont Cir,Easton,PA,18045,http://www.woodmontpalmer.com/Lehigh-Valley-PA-apartments.asp,rentcafe,SUCCESS,TIER_1_API_RENTCAFE_SECURECAFE,rentcafe,10,0,proportional_adapter_type_fill,,,,9d613fdd23cd49c11a959ce5cd1800b0127064339c96f3a8de682e5c2475ff62
36341,CenterPointe Apartments and Townhomes,5570 Centerpointe Blvd,Canandaigua,NY,14424,https://www.ctpapts.com/,rentcafe,SUCCESS,TIER_1_API_RENTCAFE_SECURECAFE,rentcafe,5,0,proportional_adapter_type_fill,,,,c80d2f3897aa2dff937f38d4e095b73e8fb25791e552dfbb908f72019e891e51
63122,The Artessa,1000 Artessa Cir,Franklin,TN,37067,https://www.artessafranklin.com/?utm_knock=g,knock,SUCCESS,TIER_1_KNOCK_API,knock,22,0,proportional_adapter_type_fill,,,,c4be7679f997f06f316c512f66460593015fef45fa73cce55f7779ead2485490
61459,Oak Street Townhomes,417 15th Ave SE,St Cloud,MN,56304,http://www.thiestalle.com/properties/oakstreet-st-cloud.html,knock,FAILED_NO_DATA,TIER_1_KNOCK_API,knock,0,0,observed_adapter_type_stratum,,,,d492f8ae6ed9e981ec3d5e2c66d8aff5fc800ba7277472278e5867d45dae8136
18194,Parke Place Townhomes,44 New Zealand Rd,Seabrook,NH,3874,https://www.forestproperties.net/property/availabilities/parke-place-village,onesite,FAILED_NO_DATA,TIER_1_API_ONESITE_NO_RESPONSE,onesite,0,0,observed_adapter_type_stratum,,,,35118a33be64253ba2485d36eee4302890976a698170d7dc42849eca538e3400
25063,Highgrove at Big Bend,747 Westbrooke Village Dr,Manchester,MO,63021,https://www.highgroveatbigbend.com,realpage_oll,SUCCESS,TIER_MERGED_CROSS_PAGE,realpage_cws,2,6,proportional_adapter_type_fill,,,,442b98c4cc40e6507e7be039c84c575eb934b633cab337859b5a330c0472d615
240525,RiverMark Northern Liberties,501 N Christopher Columbus Blvd,Philadelphia,PA,19123,https://rivermarknorthernliberties.com/,knock,SUCCESS,TIER_1_KNOCK_API,knock,115,0,proportional_adapter_type_fill,,,,ff93f4f604174d1d15ea1d7f5de2be8ff9461d503e53594d0704737251324574
67598,Lofts At Little Creek,1315 Creekshire Way,Winston-Salem,NC,27103,http://www.loftsatlittlecreek.com/,generic,SUCCESS_PLAN_LEVEL,TIER_3_DOM,rentvision,0,6,proportional_adapter_type_fill,,,,a27fe6fbd6bf81dfc030d7d784c413852c171ac2beff73b763629deb592334b1
242344,Franklin Flats,3208 W 7th St,Greeley,CO,80634,www.franklinflatsapts.com,marketapts,SUCCESS,TIER_1_DOM_MARKETAPTS_B_UNIT_LEVEL,marketapts,4,0,finding_evidence_census,40,marketapts,,8c5365a847126f6d021372b073b389d1a054576fffd76d44327a93653e2b9aea
32065,Carlisle Park Apartments,525 3rd St,Carlisle,PA,17013,http://www.rentcarlislepark.com/,entrata,SUCCESS,TIER_1_DOM_ENTRATA_PP_HYPERBROWSER_UNIT_LEVEL,entrata,6,2,proportional_adapter_type_fill,,,,80dca481bf09333872b1dd86764f9129fdf63aae5a604c8d4df0615a40fc74c1
5791,Greens at Hollymead,1950 Powell Creek Ct,Charlottesville,VA,22911,https://www.thegreensathollymead.com/,rentcafe,SUCCESS,TIER_1_RENTCAFE_SECURECAFE_DIRECT,,8,0,proportional_adapter_type_fill,,,,13a74ef4790a9bd3c1f5c88cc991f8e224e8273b707556c18e747ca711503cb7
241986,West Lake Quarter - The Gateway,3420 List Pl,Minneapolis,MN,55416,https://www.thegatewayatwlq.com/,rentcafe,SUCCESS,TIER_1_DOM_RENTCAFE_AVAILABLEUNITS_ROSTER,rentcafe,2,0,proportional_adapter_type_fill,,,,e5577b62c7d437c376705603713c9f3c2262ee8574e5868dcb224be59f3dd289
37360,Goldstone Place,1200 S 1500 E,Clearfield,UT,84015,http://www.goldstoneplace.com,rentcafe_layout_tab,SUCCESS,TIER_1_DOM_RENTCAFE_LT,rentcafe,28,2,finding_evidence_census,42,rentcafe_layout_tab,,7a2135a63bdd7ab4659b9053f2b66dd40a2e90b3ed47ec676e7e510ebaba64f7
286698,The Southerly at Shipyards,130 Shipyard Way,St Augustine,FL,32084,https://www.thesoutherlyattheshipyard.com/,spherexx,SUCCESS,TIER_1_DOM_SPHEREXX_ZRS,spherexx,20,4,proportional_adapter_type_fill,,,,925682f050b1901b7e11117dbc0715fdfa6f63a48b03907065904d258bceecb0
53440,The Reserves Of Thomas Glen,123 Thomas Glen Dr,Shepherdsville,KY,40165,http://www.thomasglenapartments.com/,venterra,SUCCESS,TIER_1_DOM_VENTERRA,venterra,13,0,observed_adapter_floor,,,,b253dd3440a92d206f40b45474daa026c7dbf9d7d4038c9c14330bd4783327f5
78713,Amorance,2001 Commerce St,Alpharetta,GA,30009,https://www.liveamorance.com/,rentcafe,SUCCESS,TIER_1_DOM_RENTCAFE_AVAILABLEUNITS_ROSTER,rentcafe,1,0,proportional_adapter_type_fill,,,,cb314ed3e6f8f955e79d26c527918d6a533994dedd959e0dc25adeb317ee82b1
283780,Riverwalk Luxe,115 Wilcox St,Castle Rock,CO,80104,https://www.livingrw.com/,rentcafe,SUCCESS,TIER_1_API_RENTCAFE_SECURECAFE,rentcafe,15,0,proportional_adapter_type_fill,,,,266c36c9201253ff8f006e19d6052b8751b22c25f49625cdbae67ac8c740a834
27165,Regatta Apartments Homes,1315 E NASA Pkwy,Houston,TX,77058,https://www.regatta-apts.net/,UNATTRIBUTED,SUCCESS_PLAN_LEVEL,,,0,11,proportional_adapter_type_fill,,,,2d36d90b8b86e563ffc09dc5ba8b7efbe0e22a2aae258f27075e806ef4bb5e84
271190,The Millstone Commons,2200 S Daylight Dr,Sioux Falls,SD,57110,https://www.millstonecommons.com/,appfolio,SUCCESS,TIER_1_DOM_APPFOLIO_VANITY,appfolio,9,0,proportional_adapter_type_fill,,,,31256a188f04c157b2010efc185a9b8cfaaf8cfa822f2e3ccb20669f4d3a5e3c
65138,The Thornton,1953 NW Overton St,Portland,OR,97209,https://www.thethorntonpdx.com/,knock,SUCCESS,TIER_1_KNOCK_API_DIRECT,,17,0,proportional_adapter_type_fill,,,,a30ab500ca82283ea810fb49716a92ca762f4ed2372fbbeae5a4926da5db7704
16078,San Cervantes,400 N Coronado St,Chandler,AZ,85224,https://www.mark-taylor.com/apartments/az/chandler/san-cervantes/,generic_plan_text,SUCCESS_PLAN_LEVEL,TIER_1_DOM_GENERIC_PLAN_TEXT_EMPTY_FALLBACK,rentcafe,0,3,finding_evidence_census,12,onesite_workflow,,dee2daca5a7cd78c366bb2622d775518237742d9c5767d7a21387772bc0d553d
37991,Wynnewood Park,855 N Park Rd,Wyomissing,PA,19610,https://www.wynnewoodparkapartments.com,rentcafe,SUCCESS,TIER_1_API_RENTCAFE_SECURECAFE,rentcafe,12,0,proportional_adapter_type_fill,,,,cb842b070a68c0c52d7a8b0583343acbb0223d6d084c3aa1752e2272e5e97643
233692,Residences,177 Market St,Westlake,OH,44145,https://www.crockerparkliving.com/,apts247,SUCCESS,TIER_1_API_APTS247,apts247,12,0,proportional_adapter_type_fill,,,,f68efa20506ffec753e7694a77a8a5a3c97c405549b894af865897920a7fa0a5
16499,Palm Flats,1550 University Woods Pl,Tampa,FL,33612,https://www.palmflats.com/,appfolio,SUCCESS,TIER_1_DOM_APPFOLIO_VANITY,appfolio,8,0,proportional_adapter_type_fill,,,,77859991eeb6633b55139f6d7df33d4a5bf6664284a31b3356463e0a3d0ebefc
31564,The 1856 Apartments,1703 S I-35 South Frontage Rd,San Marcos,TX,78666,https://www.the1856apartments.com/,apts247,SUCCESS,TIER_1_API_APTS247,apts247,38,0,finding_evidence_census,24,apts247,,7e3f64d9c2698150f539c967b2db1614137919e92830a0715576d0eec2905f3d
46108,Stratford Mill,110 Stratford Mill Blvd,St. Augustine Beach,FL,32084,http://www.stratfordmill.com/home.html,realpage_oll,DEAD_URL,TIER_1_API_REALPAGE_CWS_UNITS,realpage_cws,68,0,observed_adapter_type_stratum,,,,44f477b008cc4ed7ee1363ce82006561b378e0cf46ffc97477a054a15d6f5c7b
227350,King's Manor,2161 Camelot Dr,Harrisburg,PA,17110,https://www.morgan-properties.com/apartments/pa/harrisburg/kings-manor-apartments/,rentcafe,SUCCESS,TIER_1_API_RENTCAFE_APPLICANT_FLOORPLANS_V2_HYPERBROWSER,rentcafe,15,1,proportional_adapter_type_fill,,,,07b7b6990ff979abf2111eaf3ddb6fa33dc37fbcefa1767c1b1734ff53356e11
238082,The Bexley,1300 Clinton St,Hoboken,NJ,7030,http://www.livebexley.com/,rentcafe,SUCCESS,TIER_1_RENTCAFE_SECURECAFE_DIRECT,,5,0,proportional_adapter_type_fill,,,,9ecbbcc8a8998c8ebd38b15de7a42a3567044b6a276efbf673db415460ed17c2
244906,Sterling Heights,2010 27th St SE,St. Cloud,MN,56304,https://sterlingheights-stcloud.com/,UNATTRIBUTED,FAILED_UNREACHABLE,generic:no_body_short_circuit,,0,0,proportional_adapter_type_fill,,,,cafafdd360a6a2abb80d5d013b844c7ed343258d6597e2091cb47771fbe5b922
1340,Waterway Crossing,685 Burcale Rd,Myrtle Beach,SC,29579,https://www.boltpm.com/waterway-crossing,appfolio,SUCCESS,TIER_1_DOM_APPFOLIO_VANITY,appfolio,3,0,proportional_adapter_type_fill,,,,9b2eb750616fc1c1f0e68cec7c2dcb8be7c40ba86c36d33525b340fee1e8fc39
26782,Stonebridge Ranch,575 W Pecos Rd,Chandler,AZ,85225,http://www.stonebridgeranchapartments.com/,rentcafe,SUCCESS,TIER_1_API_RENTCAFE_SECURECAFE,rentcafe,25,0,proportional_adapter_type_fill,,,,83aaa86437e6fc0d429ac7961d224cabecbdd2946e63246a0a8ebea737b49d31
242565,One Six Six,166 N Aberdeen St,Chicago,IL,60607,https://onesixsixchicago.com/,encoreskyline_template,SUCCESS,TIER_1_DOM_JONAH_RESOURCE_JSON,encoreskyline_template,11,0,proportional_adapter_type_fill,,,,bbff22e6d0b22822d91cab28d6ea8098b8a7f3c5d5072bf39892e49cdc903c17
273516,The Abbey at Sonterra,20710 Huebner Rd,San Antonio,TX,78258,https://www.abbeyresidential.com/apartments/tx/san-antonio/abbey-at-sonterra/?utm_source=GMB&utm_medium=organic,knock,SUCCESS,TIER_1_KNOCK_API,knock,19,0,proportional_adapter_type_fill,,,,6a6fa5ad7d43ab6c3562eabcccea856dec4f7c5577d9d08b73757df9c42b84dd
52934,Davis Creek,5419 Meredith St,Portage,MI,49002,https://daviscreekapartments.com/,generic_plan_text,SUCCESS_PLAN_LEVEL,TIER_1_DOM_GENERIC_PLAN_TEXT_PLAN_LEVEL,generic_plan_text,0,8,proportional_adapter_type_fill,,,,b9c4b721d6905385ec428f1da648ed61f255b21ebaab01c997da34a384980958
4170,Beechwood,2700 Cottage Pl,Greensboro,NC,27455,www.beechwoodnc.net,generic,SUCCESS,TIER_3_DOM,rentaladdress,36,2,proportional_adapter_type_fill,,,,265815b6a99554b808a07cb0afe659349de5a1f3e335ee874fd9d2de66ae8cb1
77547,Main Street Flats II,10575 Main St,Bellevue,WA,98004,https://www.mainstreetbellevue.com,rentcafe,SUCCESS,TIER_1_API_RENTCAFE_SECURECAFE,rentcafe,27,0,proportional_adapter_type_fill,,,,f58895a38938a6151158729c902c484d3174951ed334ca1b2de2690682970866
28391,Hill Country Villas,9032 Dugas Rd,San Antonio,TX,78251,http://www.hillcountryvillasapartments.com/,marketapts,SUCCESS,TIER_1_DOM_MARKETAPTS_B_UNIT_LEVEL,marketapts,14,0,finding_evidence_census,40,marketapts,,656a1d236a5ea7fe840f4ba5bcee422f082919a53704f68311decf2a5b65cdf1
4767,The Pointe at South Mountain,8809 S Pointe Pkwy E,Phoenix,AZ,85044,https://www.pointeatsouthmountain.com/,knock,SUCCESS,TIER_1_KNOCK_API,knock,35,0,proportional_adapter_type_fill,,,,47cdb45a1657107881d28549fce26fa8a9c5c53311c8732e29676bdd25e7449b
11130,Mercer Park,2014 Remington Dr,Arlington,TX,76010,https://www.mercerparkapts.com/,generic,SUCCESS,TIER_MERGED_CROSS_PAGE,resman,18,4,proportional_adapter_type_fill,,,,93ffe1d6f2157e9a3dfec8a9aa45f757c9ae316c81ada29a0db6e373fce68e67
62949,Midtown on the Rail,2310 Main St,Houston,TX,77002,https://www.midtownontherail.com/,rentcafe,SUCCESS,TIER_1_DOM_RENTCAFE_AVAILABLEUNITS_ROSTER,rentcafe,10,0,proportional_adapter_type_fill,,,,8a3af5163ba5857fe814f774e5759dc9e61fa6b221ae06d6837b2d99780ebda0
67524,Riverworks,45 N Main St,Phoenixville,PA,19460,https://www.hgliving.com/apartments/pa/phoenixville/riverworks,generic,SUCCESS,TIER_3_DOM,knock,28,0,finding_evidence_census,11,harbor_group,,cf877cf5601c20f3653326c44d9dbb5b9a58c56197186ea322ab8b9c52cbdca1
74369,Local 1896,1896 Lorca Dr,Santa Fe,NM,87505,https://www.local1896apts.com/?utm_source=GoogleLocalListing&utm_medium=organic,knock,SUCCESS,TIER_1_KNOCK_API,knock,18,0,proportional_adapter_type_fill,,,,a7fb92c6672b2aa606b23499ad1ed9feb9419796921e1e578727629512ef8ee2
272802,The Residences at Water Square,222 Third Ave,Detroit,MI,48226,https://watersquareresidences.com/,sightmap,SUCCESS,TIER_1_API_SIGHTMAP_IFRAME,rentcafe,18,3,proportional_adapter_type_fill,,,,cf7ec224e20a05c2025b0ec9bab523fcfeeda9175eee2ea4f1d55f9672c2772f
8179,Cambridge Woods,14138 Monterey Pines Dr,Tampa,FL,33613,https://www.udr.com/tampa-apartments/university-center/cambridge-woods/contact-us/,generic_plan_text,SUCCESS,TIER_1_JSONLD_UDR,generic_plan_text,11,0,finding_evidence_census,4|16,udr,,2cedcaac2ea43b9df77b1661d51037e82d1d57b1f8400180521db98a860e076b
285096,Century Plaza,124 E 3rd Ave,Anchorage,AK,99501,https://alaska.weidner.com/apartments/ak/anchorage/century-plaza-0/index.aspx,rentcafe,SUCCESS,TIER_1_API_RENTCAFE_SECURECAFE,rentcafe,3,0,state_floor,,,,1b09634d3f57f29124b39183ae8edc0e9363cc7109c1ca573d471c8ce64304f6
21996,Marsh Creek Village,25010 Marsh Creek Blvd,Woodhaven,MI,48183,https://www.marshcreekresidential.com/home.aspx,realpage_cws,SUCCESS,TIER_1_API_REALPAGE_CWS_UNITS,realpage_cws,10,0,observed_adapter_floor,,,,1073cc4768d2056ace404705d93c772934c24e6c30fb8b4bd4c35ffd9ad76a1e
16377,Westshore,4601 W Gray St,Tampa,FL,33609,www.westshoretampabay.com/,residentservices365,SUCCESS_PLAN_LEVEL,TIER_1_DOM_365RESIDENTSERVICES,residentservices365,0,4,finding_evidence_census,36,residentservices365,,b39667e18ed4be87b21fe31a37ff0cdc9277d888294f33adffe98b388807e735
31701,Arcadia Villa,3915 E Camelback Rd,Phoenix,AZ,85018,https://www.maxxproperties.com/az/phoenix/arcadia-villa-apartments/amenities.aspx,rentcafe,SUCCESS,TIER_1_API_RENTCAFE_SECURECAFE,rentcafe,15,0,proportional_adapter_type_fill,,,,809e414c8192e58ebbfb5e78d5ebf15d269ced140fd53c6c5f43619d4ad7afe8
35166,Signature Pointe,25102 62nd Ave S,Kent,WA,98032,http://www.signaturepointe.com/,rentcafe,SUCCESS,TIER_1_RENTCAFE_SECURECAFE_DIRECT,,12,0,proportional_adapter_type_fill,,,,5c1a9fd3140f068218ef46465e9010ce41d8c2f39f354acf45b97b4eb4d3ecfe
31197,The Village at Toluca Lake I,211 N Valley St,Burbank,CA,91505,https://www.essexapartmenthomes.com/apartments/burbank/the-village-at-toluca-lake,essex,FAILED_NO_DATA,TIER_1_API_ESSEX,essex,0,0,finding_evidence_census,34,essex,,76741255ec5dab27e69a572f3467bc596461036b39b4a10cca1b0bdfcc936f2f
45353,Mall,83 Edbert St,Chicopee,MA,1020,https://www.mall-apartments.com/,appfolio,SUCCESS,TIER_1_DOM_APPFOLIO_VANITY,appfolio,4,0,proportional_adapter_type_fill,,,,1e53f904ec8f013b7b3bc896af0361531fea9dd37f692a2b5ef5ff5e79d45593
44339,Pronghorn Apartments,1700 W 25th St,Casper,WY,82604,https://www.pronghorncasper.com/?utm_source=GMB&utm_medium=organic,entrata,SUCCESS,TIER_1_DOM_ENTRATA_PP_HYPERBROWSER_UNIT_LEVEL,entrata,3,0,state_floor,,,,697238c0fad1fe5c1fdbd9770cdf51360a899f0c597961a985fde8a63cb589f4
2405,Foster's Landing,700 Bounty Dr,Foster City,CA,94404,https://www.essexapartmenthomes.com/apartments/foster-city/fosters-landing,essex,FAILED_NO_DATA,TIER_1_API_ESSEX,essex,0,0,finding_evidence_census,34,essex,,1ec796604402359330967baa4050bd092e08fbf7e1bd2951c867aec79c082a3e
4907,The Jaxon,4659 Dawson Blvd,Atlanta,GA,30340,https://www.livethejaxon.com/,resman,SUCCESS,TIER_1_API_RESMAN,resman,53,4,proportional_adapter_type_fill,,,,fa2867826f48bab59cf4282f6aead2c666b75df2d7d305862344be192f8a1c03
70255,Coventry Square,20 Charles St,Westwood,NJ,7675,https://coventrysquareapartments.com/,generic,SUCCESS,TIER_1_DOM_SPHEREXX_LEGACY_AVAILABILITY,generic_plan_text,8,0,finding_evidence_census,14,generic_spherexx,,bcee2f1211ab068a4d5ed79932725fd7b32bcc600577ce9e28d93652cc53c564
278706,The Prairie Villas,210 Dogwood Prairie Dr,Dardenne Prairie,MO,63368,https://www.theprairievillas.com/,rentcafe,SUCCESS,TIER_1_API_RENTCAFE_SECURECAFE,rentcafe,6,0,proportional_adapter_type_fill,,,,eb95ac7a7c514e180a99c766d3bdcf5ec98f17e786f41b2a6bfccb65d2f859bc
271682,Princeton Place,4344 Wyoga Lake Rd,Cuyahoga Falls,OH,44224,https://livebh.com/apartments/princeton-place/?utm_source=gbp&utm_medium=organic&utm_campaign=gbp,sightmap,SUCCESS,TIER_1_API_SIGHTMAP_IFRAME,sightmap,1,8,proportional_adapter_type_fill,,,,0a4b666e553ecf016c0a3e719f9d0aa8913037a5aa8ae6d359c431f5af5b55a8
46915,Barberton,605 Barberton Dr,Virginia Beach,VA,23451,https://www.barbertonapt.com/,rentcafe,SUCCESS_PLAN_LEVEL,TIER_1_API_RENTCAFE_SHAPE_REJECTED_PLAN_LEVEL,rentcafe,0,3,proportional_adapter_type_fill,,,,9bdb6a6cbf3433e8d380ba4d57b062ad62dad6ed4057e118fd3e472139a05046
224746,Upshore Residences,4555 N Sheridan Rd,Chicago,IL,60640,https://upshoreresidences.com/,rentcafe,SUCCESS,TIER_1_API_RENTCAFE_SECURECAFE,rentcafe,11,0,proportional_adapter_type_fill,,,,04f36e36db6d829d565c35cd3abea56dd9a457be78fd0a95601cbb80954e29b3
224538,The Toluca Lofts,4605 Cahuenga Blvd,Toluca Lake,CA,91602,http://www.tolucalofts.com/index.aspx,rentcafe,SUCCESS,TIER_1_API_RENTCAFE_SECURECAFE,onsite_apply,2,0,finding_evidence_census,32,onsite_apply,,48fc020b4d62be84742b09bbcb57bb3ad0e5d5aee90890e7b705fae2431f17aa
5157,The Sycamores,1815 A Sycamore Valley Dr,Reston,VA,20190,https://www.wm-thesycamores.com/,rentcafe,SUCCESS,TIER_1_RENTCAFE_SECURECAFE_DIRECT,,9,0,proportional_adapter_type_fill,,,,8ff7809fa9ec20b9b2b78b9b975f042c8bbba71198229737cec3e453f9a95ea7
255949,Magnolia South,1000 Sweet Almond Dr,Holly Springs,NC,27540,https://www.southwoodrealty.com/community/magnolia-south/,UNATTRIBUTED,FAILED_UNREACHABLE,generic:no_body_short_circuit,,0,0,proportional_adapter_type_fill,,,,2766d4f760eb8e8444d2ad30f5e576c28916eeaf3a87dc48c801af3f48f48ff2
225914,Fox Glen,6301 Fox Glen Dr,Saginaw,MI,48638,www.foxglen-apts.com,rentcafe,FAILED_NO_DATA,TIER_1_API_RENTCAFE_SHAPE_REJECTED,rentcafe,0,0,observed_adapter_type_stratum,,,,fba81e8ff4cd3b3db4577fd437aa2e14ff629c87e3fc2b025aa592a7211a325d
35919,Murray Hill Tower,245 E 40th St,New York,NY,10016,http://www.equityapartments.com/new-york/new-york-city-apartments/gramercy-park-murray-hill/archstone-murray-hill-apartments.aspx,equity,SUCCESS,TIER_1_API_EQUITY,equity,7,0,finding_evidence_census,33,equity,,0497cab86ca3bd89b42ee5b2ba0b2d66554fc940322b3aeff35eded0e02cb77e
13756,Ellis Midtown,3117 N 7th Ave,Phoenix,AZ,85013,www.ellismidtown.com,marketapts,SUCCESS,TIER_1_DOM_MARKETAPTS_B_UNIT_LEVEL,marketapts,7,8,finding_evidence_census,40,marketapts,,6907c5f3f3e9646157f314f9ffd1819f4351c958e044fbadb73226de4a16aa1e
257328,Seasons at Mount Pleasant,4301 Yates Dr,Mt Pleasant,WI,53403,https://www.seasonsmtpleasant.com/,entrata,SUCCESS,TIER_1_DOM_ENTRATA_PP_HYPERBROWSER_UNIT_LEVEL,entrata,13,0,finding_evidence_census,3,entrata,,eec68c5f72a9a5c72646d5e34bfad74c08e7ca1f786eb42000bcf67bc79424b9
63732,HighLine,13201 Legendary Dr,Austin,TX,78727,http://www.highlineaustin.com,entrata,SUCCESS,TIER_1_DOM_JONAH_SSR_UNITS,entrata,33,0,proportional_adapter_type_fill,,,,978a9d5c7e7d360336e56b7100c41e7ae7d4b34dc46ffb547dcfdc9c8988febe
293332,Taverna at the Forum,3240 Champion Ring Rd,Fort Myers,FL,33905,https://livetavernaftmyers.com/,realpage_oll,SUCCESS,TIER_1_API_REALPAGE_CWS_UNITS,realpage_cws,69,0,finding_evidence_census,26,realpage_getunits,,04a05d361eae3a31af837c9197f22ce3d28a3a81628df30bfd6fb8c92a9aea6f
4944,Triangle Place,2800 Bainbridge Dr,Durham,NC,27713,https://www.hgliving.com/apartments/nc/durham/triangle-place/,knock,SUCCESS,TIER_1_KNOCK_API,knock,17,0,finding_evidence_census,11,harbor_group,,8adbcc88796e551d122b3b44f54b35cbc15e92ac40adf3d1ceba4ba290e31583
255884,Tin Top at the Creamery,847 E Ashby Pl,San Antonio,TX,78212,https://www.tintopsa.com/,rentcafe,SUCCESS,TIER_1_API_RENTCAFE_SECURECAFE,rentcafe,44,0,proportional_adapter_type_fill,,,,cdb9b98fafb13a858e72edf462f1680dae11b31b45f9006b33053d1c7281dce0
36173,Wedgewood on the Green,161 Green Moor Way,Henrietta,NY,14467,https://wg.barringtonresidential.com/,entrata,SUCCESS,TIER_1_DOM_ENTRATA_PP_HYPERBROWSER_UNIT_LEVEL,entrata,5,0,finding_evidence_census,3,entrata,,c8f8a2bac825429213ca54cde2ae471914a6f28d2cfbdb9860d29c9ff7517aee
94494,Highbridge,2512 Q St NW,Washington,DC,20007,https://highbridgedc.com/,knock,SUCCESS,TIER_1_KNOCK_API,knock,7,0,proportional_adapter_type_fill,,,,230e3f207a34f16d31cb9ad022290f6e28fb5375ceee5b0b7888b254018354bb
43547,Reserve Bartram Springs,14951 Walden Springs Way,Jacksonville,FL,32258,www.reservebartramsprings.com,encoreskyline_template,SUCCESS,TIER_1_DOM_JONAH_RESOURCE_JSON,encoreskyline_template,15,0,proportional_adapter_type_fill,,,,235ddfa9d857b3b7b7d4a7fbddccc51fd4fb2f8f48df6eea835c51d3fdaae272
291150,Carlson Place,7954 Jacks Way,Horace,ND,58047,https://www.prg.propertyresourcesgroup.com/carlson-place-apartments,fortresstech,SUCCESS,TIER_1_SSR_FORTRESSTECH,fortresstech,3,0,finding_evidence_census,35,fortresstech,,ab6ad9a7f0935feb2fc53bd1bacc0eb19195ac4a919d525febde360222f79106
49986,Echelon,5101 88th St Ct SW,Lakewood,WA,98499,http://www.echelonapts.com/,knock,SUCCESS,TIER_1_KNOCK_API,knock,14,0,proportional_adapter_type_fill,,,,7d11ae9b8636069320bb319423f025dec12c4d88293b4891589d87140c13e96d
34079,The Village Westside,6541 Shady Brook Ln,Dallas,TX,75206,https://villagewestside.prospectportal.com/dallas/the-village-westside/conventional/,entrata,SUCCESS,TIER_1_DOM_ENTRATA_PP_HYPERBROWSER_UNIT_LEVEL,entrata,9,0,proportional_adapter_type_fill,,,,c778ac9bb1df9b6736763b9dc7ebde74815834d220e047d9ba0c1f38364d6574
75340,1005 Grove Avenue,1005 Grove Ave,Richmond,VA,23220,https://www.liveatvcu.com/,sightmap,SUCCESS,TIER_1_API_G5,sightmap,4,0,proportional_adapter_type_fill,,,,11631aaa62ea053df2b580abb5e3736bf3cbf8f62a845bf9d9f316b12839da4a
13339,Woodstone,4021 Steck Ave,Austin,TX,78759,https://www.woodstoneaustin.com,rentcafe,SUCCESS,TIER_1_API_RENTCAFE_APPLICANT_FLOORPLANS_V2_HYPERBROWSER,rentcafe,19,2,proportional_adapter_type_fill,,,,4e06537e28677e874ad8e99f187541d3ba54d9064588e198102779f8b01f0d2d
4752,Regatta Shores,2335 W Seminole Blvd,Sanford,FL,32771,https://www.udr.com/orlando-apartments/north-sanford/regatta-shores/,generic_plan_text,SUCCESS,TIER_1_JSONLD_UDR,generic_plan_text,14,0,finding_evidence_census,16,udr,,d41a6d30fe38aecbe67f05a48943075ecf48269f6a4a1477e31cd89dcc6405f4
18752,Brookstone Apartments,1401 N Lamb Blvd,Las Vegas,NV,89110,https://www.liveatbrookstoneapartments.com/?utm_source=GMB&utm_medium=organic,marketapts,SUCCESS,TIER_1_DOM_MARKETAPTS_D_UNIT_LEVEL,marketapts,6,0,finding_evidence_census,40,marketapts,,7d1185186d7ed4c600b0ebd8dbf23db8292933f065f52c3eb4ae357e0ff78613
3811,Vista Del Sol,7100 Louisiana Blvd NE,Albuquerque,NM,87109,www.vista-del-sol.com,rentcafe_layout_tab,SUCCESS,TIER_1_DOM_RENTCAFE_LT,rentcafe_layout_tab,12,0,finding_evidence_census,42,rentcafe_layout_tab,,70cb34a3c5108797028161a0f74fe69da48dc6971615e032d43c12b74c5c5663
37376,The Retreat at Mountain Brook,1600 Sharpsburg Cir,Birmingham,AL,35213,http://retreatatmountainbrook.net/,rentcafe,SUCCESS,TIER_1_API_RENTCAFE_SECURECAFE,rentcafe,46,0,proportional_adapter_type_fill,,,,81dc12fd24280d4008ea975bc6fda33ca130c71e57612700d37214e874135159
230770,Lake Haven,732 Bluff St,Carol Stream,IL,60188,http://www.lakehavenluxury.com/,rentcafe,SUCCESS,TIER_1_DOM_JONAH_SSR_UNITS,rentcafe,48,0,finding_evidence_census,19,jonah_ssr,,a02b42823262adcf618284335acd2916c82c88d044b20527e9c7bb6589c931dc
73500,Reserve at Oakleigh,3562 Pin Hook Rd,Antioch,TN,37013,https://www.reserveatoakleighapts.com/,knock,SUCCESS,TIER_1_KNOCK_API,knock,18,0,proportional_adapter_type_fill,,,,d41c3e8d33551469730050323dfee7bc565d406b56b4034ea836793f57c87732
39387,High Rock 5300,5300 Los Altos Pkwy,Sparks,NV,89436,www.highrock5300.com,generic,SUCCESS,TIER_1_API,onsite_apply,9,3,finding_evidence_census,32,onsite_apply,,d1a1674d22d413cd9a74c2adb62ab55087e4fd053936691f296404e0d1cd3e27
14956,Mill Creek,1823 Stadium Rd,Wharton,TX,77488,https://www.millcreektx.com/,onsite_apply,SUCCESS,TIER_1_API_ONSITE_APPLY,apts247,2,6,finding_evidence_census,32,onsite_apply,,2dba702cd9186071ca706641f03c4bc9585581c042dec21e4d0ad32fedd943c2
7763,Scottsdale 5th Ave,6405 E Indian School Rd,Scottsdale,AZ,85251,https://www.scottsdale5th.com/,appfolio,SUCCESS,TIER_1_DOM_APPFOLIO_VANITY,appfolio,11,0,proportional_adapter_type_fill,,,,76f7ddfade44b8bb0ca4236c2d7cdefca3686dabd3fd594a641389d0e2141068
8098,Heights of Kennesaw,1950 Barrett Lakes Blvd,Kennesaw,GA,30144,https://livebh.com/apartments/heights-of-kennesaw-apartments/?utm_source=realpage&utm_medium=referral&utm_campaign=cta,sightmap,SUCCESS,TIER_1_API_SIGHTMAP_IFRAME,sightmap,29,7,proportional_adapter_type_fill,,,,aa2ff0897b0443e7c9ccfe7f0e1ac2bc9737e6b6ce0a4d63d404eec50d3d22e9
235187,The Beverly,123 Brackenridge Ave,San Antonio,TX,78209,https://www.thebeverlysanantonio.com/?utm_knock=gmb,rentcafe,SUCCESS,TIER_1_API_RENTCAFE_SECURECAFE,rentcafe,9,0,proportional_adapter_type_fill,,,,814c196e457309897e490bfdf5a19b9652068781326a5ef3785f844b26069a84
38398,The Monterey by Windsor,3930 McKinney Ave,Dallas,TX,75204,www.themontereybywindsor.com,rentcafe,SUCCESS,TIER_1_API_RENTCAFE_SECURECAFE,funnel,30,0,proportional_adapter_type_fill,,,,1a086ccb00005e46860e3ab7fc2e61ce649f99b55ca50e9542a8159d951c5246
5855,Meyer Forest,9701 Meyer Forest Dr,Houston,TX,77096,https://www.meyerforest.com/meyer-forest-houston-tx/contact,UNATTRIBUTED,FAILED_UNREACHABLE,generic:no_body_short_circuit,,0,0,proportional_adapter_type_fill,,,,408afb103a3ca26eb45d735863eb5fa31294c4539de14d07a4dce1fe7363b2ac
19955,Brookside,4611 SE Brookside Dr,Milwaukie,OR,97222,https://www.brooksidejohnsoncreek.com/,appfolio,SUCCESS,TIER_1_DOM_APPFOLIO_VANITY,appfolio,3,0,proportional_adapter_type_fill,,,,76043163a59e6d831a2f3c70792364edc344f7bbdfd96e55917b47a776aed340
276192,The Grand at Cibolo,211 Grand Ave,Cibolo,TX,78108,https://www.grandatcibolo.com/,rentcafe,SUCCESS,TIER_1_API_RENTCAFE_SECURECAFE,knock,33,0,proportional_adapter_type_fill,,,,4f197bdf11ce122ad80387732626ee96acf7e90513228ef299f062747b021d6f
19396,Alcove at Seahurst,14001 Ambaum Blvd SW,Burien,WA,98166,https://www.hgliving.com/apartments/wa/burien/alcove-at-seahurst/,knock,SUCCESS,TIER_1_KNOCK_API,knock,53,0,finding_evidence_census,41,mri_prospectconnect,,6523cc114b263a71136701d48c762fbbb5246991b4990a2156cc02040c57a519
59698,The Reserve at Whiskey Creek,100 Whiskey Rd,Grovetown,GA,30813,www.reserveatwhiskeycreek.com,apts247,SUCCESS,TIER_1_API_APTS247,apts247,4,1,proportional_adapter_type_fill,,,,9089e64e594b944599407a51cb1931de38b71330a21a980739574e5440a14098
38378,Park Northside,1601 Roane St,Richmond,VA,23222,https://www.parknorthsiderva.com/,showmojo_public,SUCCESS,TIER_1_PUBLIC_SHOWMOJO_OFFICIAL_MANAGER_CHAIN,rentmanager,13,0,finding_evidence_census,49,non_registry,,29fbe1f8c0905ae6bf4b4882deefa0363eb30542cdef05c6419c657a7df9ec7a
68991,The Reserve At Water Tower Village,7937 W 54th Ave,Arvada,CO,80002,https://www.thereserveatwatertowervillage.com/,marketapts,SUCCESS,TIER_1_DOM_MARKETAPTS_C_UNIT_LEVEL,marketapts,4,0,finding_evidence_census,40,marketapts,,30acbaf2c08e971c613f12d86af965fa895aa87c9daa6a4628b689ebc82fac47
78700,Adley City Springs,6075 Roswell Rd,Sandy Springs,GA,30328,https://livebh.com/apartments/grand-oasis-apartment-homes/,sightmap,FAILED_NO_DATA,TIER_1_API_SIGHTMAP_SHAPE_REJECTED,sightmap,0,0,observed_adapter_type_stratum,,,,4d72e4a0f524c16d5fc56cc26aff186f7023b862e75bff9f12ef7d3b3f8e82f0
23161,Citation Club,29540 Citation Cir,Farmington Hills,MI,48331,http://www.citationclubapts.com/,knock,SUCCESS,TIER_1_KNOCK_API,knock,53,0,proportional_adapter_type_fill,,,,7579410b9d5d1a4d3068b7472ad287f08cbf0ffce17d38b0ad7222f205e85246
259386,Fairmount,585 Newark Ave,Elizabeth,NJ,7208,https://www.fairmount-towers.com/,generic,SUCCESS,TIER_1_DOM_SPHEREXX_LEGACY_AVAILABILITY,generic_plan_text,2,0,finding_evidence_census,14,generic_spherexx,,36e47f4d5a7d120ed19c50986b2873e054bc198d1c29674703fa0a26a4492f7f
255737,Vanguard,225 S 6th St,Boise,ID,83702,https://www.vanguardboise.com/,marketapts,SUCCESS,TIER_1_DOM_MARKETAPTS_B_UNIT_LEVEL,marketapts,4,7,finding_evidence_census,40,marketapts,,346fbf39fd00db338eaa3c118e74432b8406c152d336755069201678482d980c
5546,Retreat at Candelaria,3011 Jane Pl NE,Albuquerque,NM,87111,http://www.theretreatnm.com/,rentcafe,SUCCESS,TIER_1_DOM_RENTCAFE_AVAILABLEUNITS_ROSTER,rentcafe,5,0,proportional_adapter_type_fill,,,,74fb5c0bc0c5cef2a30cc0ec980f7b42902bfa72c28eba52b0af47f832c0390a
61950,250 High,250 S High St,Columbus,OH,43215,https://250high.com/,squarespace_nopms,SUCCESS,TIER_1_API_SIGHTMAP,squarespace_nopms,11,13,finding_evidence_census,45,squarespace_nopms,,e8ecef8cf07f6864c8731b861abd17fc47819ddcd065db130531affe301b65b7
61721,Villages of Magnolia,29980 FM2978,Magnolia,TX,77354,https://www.villagesofmagnolia.com/,rentcafe,SUCCESS,TIER_1_API_RENTCAFE_SECURECAFE,rentcafe,33,0,proportional_adapter_type_fill,,,,ca969541da6566aa59187a5dbe45f93d0b9835719af5cd8845659ae4fd20eef1
2585,Homestead Apartments,443 Sherwood Rd,La Grange Park,IL,60526,http://www.liveathomestead.com/,rentcafe,SUCCESS,TIER_1_RENTCAFE_SECURECAFE_DIRECT,,5,0,proportional_adapter_type_fill,,,,5acb4986519e7c5fade0ac972fe887cc7a425b274da51b71748d61879bee202a
258391,Neuhoff,1315 Adams St,Nashville,TN,37208,https://www.neuhoffresidences.com/,rentcafe,SUCCESS_PLAN_LEVEL,TIER_1_API_RENTCAFE_SHAPE_REJECTED_PLAN_LEVEL,rentcafe,0,10,proportional_adapter_type_fill,,,,2df2be0fd3e5718c8e133732aeb8d9ccea4a1b427b153220081314fa6dba3853
38984,Lakeview Arms,800 Magee Dr,Brookhaven,MS,39601,http://www.lakeviewapartmentsms.com/,rentmanager,FAILED_NO_DATA,TIER_1_API_RENTMANAGER,rentmanager,0,0,observed_adapter_type_stratum,,,,dc5d3d5c4ada7cc15cacfc23a2ec4bbcd794e086fd7ffa7f2f674c488c6a0425
55709,Vista Pointe Apartments,2981 Ridge Ave,Macon,GA,31204,https://ridgepointeblueridgeapts.com/en/,betternoi_public,SUCCESS,TIER_1_PUBLIC_BETTERNOI_API,generic_plan_text,9,0,finding_evidence_census,49,non_registry,,134dfec09c09faf496e0b6401f078443ee0a3cf4333626f32004285c6b9d0fc0
271195,Indy Flats,1304 N Delaware St,Indianapolis,IN,46202,https://www.indyflatsapts.com/,thinkreside,SUCCESS,TIER_1_DOM_THINKRESIDE,thinkreside,46,7,finding_evidence_census,46,thinkreside,,5c8d865f18a626f4b8d211b5b679cf5ddef11a6741bb6be0d16f1da4227d024f
231107,Crescent Village - Verona,401 River Oaks Pkwy,San Jose,CA,95134,www.irvinecompanyapartments.com/communities/crescent-village,irvine,SUCCESS,TIER_1_API_IRVINE,irvine,79,0,finding_evidence_census,30,irvine,,935d57a9bacabe7e104899005b0704f86fbf408f805a173f4d1c4bf9a2b0750e
4880,Clairmont Reserve,1575 Clairmont Rd,Decatur,GA,30033,www.clairmontreserve.com,rentcafe,SUCCESS,TIER_1_API_RENTCAFE_SECURECAFE,rentcafe,7,0,proportional_adapter_type_fill,,,,8477e5fdefd53c33fb6fe54f22723c0e424b2ab10235abb22c9f2f9e0a8489ea
15579,Regency Palm Court,914 S Wilton Pl,Los Angeles,CA,90019,https://www.essexapartmenthomes.com/apartments/los-angeles/regency-palm-court,essex,SUCCESS,TIER_1_API_ESSEX,essex,9,0,finding_evidence_census,34,essex,,30aab49b0a35fa54b78dff2815b494768401724a45724b383543f3db6acb71eb
225610,610 West,6717 Oak Grove Pkwy,Brooklyn Park,MN,55445,http://610west.com/,funnel,SUCCESS,TIER_1_API_RENTCAFE_SECURECAFE,funnel,38,0,proportional_adapter_type_fill,,,,8da75eb4cb3b1ec30f47c0bc4586790d71f81ecf2f8d686b56d3903a15450e88
218580,Harbor Sky,1055 N Anchor Way,Portland,OR,97217,https://www.harbor-sky.com/,apts247,SUCCESS,TIER_1_API_APTS247,apts247,11,0,proportional_adapter_type_fill,,,,aabf02e343f3b111e6071914ae3544381014148814788a6bddf4aa6255a2a3ba
269721,Skyview Lofts,2105 3rd Ave E,Kalispell,MT,59901,https://skyview-lofts.com/,UNATTRIBUTED,SUCCESS_PLAN_LEVEL,,,0,3,observed_adapter_type_stratum,,,,69863ff99d8cf69adad86b50f8cab8366868f76e1bb5e964021b3a75878a2669
220734,Kendrick,7324 Skillman St,Dallas,TX,75231,https://www.liveatthekendrick.com/,resman,SUCCESS,TIER_1_API_RESMAN,resman,51,3,proportional_adapter_type_fill,,,,91de183e9644f7ed45b531417cbb100381fa72fc464655649deadb71567f16e3
46313,Crescent Park Commons,401 Elizabeth Sarah Blvd,Greer,SC,29650,https://www.southwoodrealty.com/community/crescent-park-commons/,UNATTRIBUTED,FAILED_UNREACHABLE,generic:no_body_short_circuit,,0,0,proportional_adapter_type_fill,,,,9b64d8696814f91fe031a8a4dc38b4baab44d6cdea33267b2b8bdef2825ef3d2
274909,The Sinclair II,414 SW Hayworth Dr,Port Orchard,WA,98367,https://www.thesinclair.com/,onsite_apply,SUCCESS,TIER_1_API_ONSITE_APPLY,onsite_apply,4,8,finding_evidence_census,32,onsite_apply,,97a1638086feee8f348f014cc9f670e913921f72effa58718d9d101ecc3acf19
257702,The Apartments at Kelton Station,901 Shipwright Loop,Williamsburg,VA,23188,https://www.keltonstationapts.com/,realpage_oll,SUCCESS,TIER_1_API_REALPAGE_CWS_UNITS,realpage_cws,10,0,proportional_adapter_type_fill,,,,b328aaa2bcc8aeddcb78457e05df0eb89051349a6bda9586e835ec29fd5a958a
271123,Fox Bridge North,7515 Spring Stuebner Rd,Spring,TX,77379,https://www.foxbridgenorth.com/,knock,SUCCESS,TIER_1_KNOCK_API,knock,20,0,proportional_adapter_type_fill,,,,f6b6ee8bdcd0b2b2bb7dd09da851020f41ce8d476a9fe4ef08cdbb21f36bc78d
57918,Chandler,6767 W Windmill Ln,Las Vegas,NV,89139,http://www.chandlerapthomes.com/,rentcafe,SUCCESS,TIER_1_API_RENTCAFE_SECURECAFE,onsite_apply,29,0,finding_evidence_census,32,onsite_apply,,8604d85382e2ad06a7d6dba4addcfbd713193d09781e541abf752801fc10e2ef
58341,Heritage Park,1818 Evergreen Park Dr SW,Olympia,WA,98502,http://heritageparkolympia.com/,onsite_apply,SUCCESS,TIER_1_API_ONSITE_APPLY,onsite_apply,7,0,finding_evidence_census,32,onsite_apply,,74daa56875f34b5a7b76ea16ab2e0081d054a0bf18ae019dffc3ebb5660370d9
271721,The Millennium on Monroe,2002 N Monroe St,Spokane,WA,99205,https://www.millenniumnw.com/,wix_nopms,FAILED_NO_DATA,SYNDICATION_ONLY_WIX,wix_nopms,0,0,finding_evidence_census,47,wix_nopms,,cbaaddcee0027a2859ba5267249e9f817ff099dca3e3a8597b6e2cfaf67d36c2
23143,Mira Monte,10360 Maya Linda Rd,San Diego,CA,92126,https://www.essexapartmenthomes.com/apartments/mira-monte?sc_camp=2648D1300BEC431BB11EB86F02F52DBD&utm_source=googlesearch,essex,FAILED_NO_DATA,TIER_1_API_ESSEX,essex,0,0,finding_evidence_census,34,essex,,7b97afe302df97076aa9a9df3c0029903333b00e0624623cd99fca8bd79efdd3
26946,Bermuda Terrace,9850 Bermuda Rd,Las Vegas,NV,89183,www.bermudaterraceapts.com,rentcafe,SUCCESS,TIER_1_API_RENTCAFE_SECURECAFE,onsite_apply,8,0,finding_evidence_census,32,onsite_apply,,06d4fc34fb91c5c6a8f9f1c1d4ad64b176691527d34cec54b637384fe8d5e00d
10343,Willow Glen,1301 Sycamore School Rd,Fort Worth,TX,76134,http://www.liveatwillowglen.com/,knock,SUCCESS,TIER_1_KNOCK_API_DIRECT,,11,0,proportional_adapter_type_fill,,,,d33e43737597c90ea7236c129fdf8eb191a586eb7ec451fd64716388849c514d
16101,Park Place Townhomes,1005 S Gilbert St,Hemet,CA,92543,https://www.allenproperties.net/parkplacetownhomes-hemet-ca,generic,SUCCESS_PLAN_LEVEL,TIER_3_DOM,onsite_apply,0,2,finding_evidence_census,32,onsite_apply,,71f9de738c5adf559d855fe54f0d07ff6ad18d9f450b62ffb2e9fcca96ba416c
37983,Eagle Rock Apartments at Towson,5 Stonewain Ct,Towson,MD,21204,https://www.eaglerockproperties.com/apartments/md/towson/eagle-rock-apartments-at-towson/,spherexx,SUCCESS,TIER_1_API_G5,spherexx,10,0,finding_evidence_census,17,g5,,9a0af28a2e8f294e3925925b4502cb7347dfb8e0acbd0cbfd867e4d8ee592844
10929,Highland Park Apartments,5836 Highland Park Dr,Fort Worth,TX,76132,www.hpluxuryapts.com,rentcafe,SUCCESS_PLAN_LEVEL,TIER_1_API_RENTCAFE_SHAPE_REJECTED,rentcafe,0,5,proportional_adapter_type_fill,,,,29c6cdd00d8f50dea18fae87f9e6670eac22ede50ef5c5d03ca4e3e54d568032
35966,The Crossings At Hillcroft,13960 Hillcroft Ave,Houston,TX,77085,https://www.crossingsathillcroft.com/,rentcafe,SUCCESS,TIER_1_API_RENTCAFE_SECURECAFE,rentcafe,10,0,proportional_adapter_type_fill,,,,92f32495129915aeed25c2dcc2eabc6da56e33b5899ad4a6250d1e87f42b046c
65134,Garnet Creek,5002 Jewel St,Rocklin,CA,95677,http://www.garnetcreekapts.com/,onsite_apply,SUCCESS,TIER_1_API_ONSITE_APPLY,onsite_apply,22,0,finding_evidence_census,32,onsite_apply,,8db46ad46260da9949c7adcbdf2de4ed50abfaf2ad4d0e91bbfcef714ef57669
286957,Edison,1833 SE 6th St,Gresham,OR,97080,https://www.edisonapts-gresham.com/,rentcafe,SUCCESS,TIER_1_API_RENTCAFE_SECURECAFE,knock,8,0,proportional_adapter_type_fill,,,,4ff098a95759146c2298f659671a2b3b3c77ee9a7fe6417a559c1fb46ba9a92a
297947,Alexan Montview Plaza,2060 Chester St,Aurora,CO,80010,https://alexanmontview.com/,rentcafe,SUCCESS,TIER_1_API_RENTCAFE_SECURECAFE,rentcafe,51,0,proportional_adapter_type_fill,,,,c2e078c1a4490d4ee68d27f84ce09cb6fb84bca47b33656e3fea7990305a66d4
30657,Pegasus Apartments,612 Flower St,Los Angeles,CA,90017,https://www.equityapartments.com/los-angeles/financial-district/pegasus-apartments,equity,SUCCESS,TIER_1_API_EQUITY,equity,10,0,finding_evidence_census,33,equity,,3bab6ef70f74b863cdd29c428392b3e83c642966c67da83b5d6fa03c9786995c
239121,Enclave,1005 W Stassney Ln,Austin,TX,78745,http://www.theenclaveaustin.com/,rentvision,SUCCESS,TIER_3_DOM_RENTVISION_UNIT_LEVEL,rentvision,5,0,proportional_adapter_type_fill,,,,035bba3cff51abb8248ec811d0033d46a592ca6c26953d2cbe04ef3ce767c6d3
244533,Lynn Hill,416-201 Hillview Dr,Linthicum,MD,21090,https://www.marylandmanagement.com/linthicum/lynn-hill-apartments,entrata,SUCCESS,TIER_1_DOM_ENTRATA_PP_HYPERBROWSER_UNIT_LEVEL,entrata,6,0,proportional_adapter_type_fill,,,,10483832ecd3ed68e220da9506131b6644366901c985c3ddd744e01974895fc4
258135,Aven Ridge,1141 Pleasant Hill Rd,Leander,TX,78641,https://www.avenridgeleandertx.com/,realpage_oll,SUCCESS,TIER_1_API_REALPAGE_CWS_UNITS,realpage_cws,40,0,finding_evidence_census,26,realpage_getunits,,d6e436227c5997ff3ced16c9f0ab6e6da6db409327008cab1411922916f90c91
12355,THIRTY377,3377 Blackburn St,Dallas,TX,75204,https://www.udr.com/dallas-apartments/uptown-dallas/thirty377/,generic_plan_text,SUCCESS,TIER_1_JSONLD_UDR,generic_plan_text,26,0,finding_evidence_census,16,udr,,ad0681a1a71d93ef9d1700a050cefed75dcaa714b4295918306d600242131e0e
252880,Broadacre,9598 S. Clubhouse Way,Oak Creek,WI,53154,https://broadacreliving.com/,onesite,SUCCESS,TIER_1_API_REALPAGE_ONLINELEASING_GETUNITS,onesite,11,0,proportional_adapter_type_fill,,,,3af67f2e1c8f846d33a6bac18064f677878425310729bf1a17f556f4aadc51d7
26523,Concierge Apartments,7620 Penn Ave S,Richfield,MN,55423,https://www.theconciergeapartments.com/,entrata,SUCCESS,TIER_1_DOM_ENTRATA_PP_HYPERBROWSER_UNIT_LEVEL,entrata,54,0,proportional_adapter_type_fill,,,,5f221a608abbfbdc89c176395451705db2f259168512dbd7df8ad5586cf54d00
253074,Turquesa,4700 Wagon Rd,Santa Fe,NM,87507,https://www.turquesaapartments.com/,sightmap,SUCCESS,TIER_1_API_SIGHTMAP_DIRECT,,27,0,proportional_adapter_type_fill,,,,87902fb062e22eb0e1f6bda4b8a7d4813ed8a69ea7c72b622395d47611180868
21199,Sky Rock,3226 Lake Park Way,Longmont,CO,80503,https://www.skyrockapartments.com/sky-rock-longmont-co/,rentcafe,SUCCESS,TIER_1_DOM_RENTCAFE_AVAILABLEUNITS_ROSTER,rentcafe,6,0,proportional_adapter_type_fill,,,,5c41b6b21ee4db0ffde88258f54522a49f143e1221d68ae71ae93ce27d90cfcb
7383,Camden Lakeway,7355 Grant Ranch Blvd,Lakewood,CO,80123,https://www.camdenliving.com/apartments/lakewood-co/camden-lakeway,camden,SUCCESS,TIER_1_DOM_CAMDEN,camden,10,0,finding_evidence_census,44,camden,,01dd6be9d606a539e5d94aff66693f0d1cfe494642241e468426a61917e28df3
258143,Alleia Long Meadow Farms,5600 Berkeley Knl Cir,Richmond,TX,77407,https://www.alleialongmeadow.com/#hero,resman,SUCCESS,TIER_1_API_RESMAN,resman,422,7,finding_evidence_census,15,shared_formatter,,0f045b065c66310c5c10648675ea95b63db81d208ba3168474223e61cb9a1119
68716,The Harrison Collection 330 Angelo Cifelli,330 Angelo Cifelli Dr,Harrison,NJ,7029,https://ironstate.com/property/330-angelo-cifelli/,rentcafe,SUCCESS,TIER_1_API_RENTCAFE_SECURECAFE,rentcafe,22,0,proportional_adapter_type_fill,,,,4bad3f8566bc0e2bef1c095d392797e0b4099d4cf8cf00e6373520a7a4b8e07b
14538,Mira Santi,800 W Queen Creek Rd,Chandler,AZ,85248,https://www.mark-taylor.com/apartments/az/chandler/mira-santi/,generic_plan_text,SUCCESS_PLAN_LEVEL,TIER_1_DOM_GENERIC_PLAN_TEXT_EMPTY_FALLBACK,rentcafe,0,6,finding_evidence_census,12,onesite_workflow,,559c4b2e27e2520e826d1d622ccf3358a24117ad380e084d44c3ef57480677de
12350,Remi,2217 Ivan St,Dallas,TX,75201,https://www.remiluxuryliving.com/,knock,SUCCESS,TIER_1_KNOCK_API_DIRECT,,19,0,proportional_adapter_type_fill,,,,5d6cbfd8f274578b66d853c92e0a91c2a7d4c93fcaba413172fc78dd46db7138
278953,Ascend at Ventana Lakes,23100 Clay Rd,Katy,TX,77493,https://www.reserveatventanalakes.com/,rentcafe,SUCCESS,TIER_1_API_RENTCAFE_SECURECAFE,rentcafe,35,0,proportional_adapter_type_fill,,,,dad4dd966b27f96f7b69447abecb09871bd9a1e5b23e2c94e6617881560f20e8
58386,Medley Row Hoigaard Village,5690 W 36th St,St Louis Park,MN,55416,http://www.hoigaardvillage.com/,rentcafe,SUCCESS,TIER_1_API_RENTCAFE_SECURECAFE,rentcafe,21,0,proportional_adapter_type_fill,,,,fc5985d2ca5a942cefd2b5c7119331203a010a6db432701a8ee06d44454f4da2
38733,Versailles Koreatown Apartments,918 S Oxford Ave,Los Angeles,CA,90006,http://www.equityapartments.com/bbrochure.aspx?PropertyId=2359&utm_source=google&utm_medium=cpc&utm_campaign=losangelesproperties_versailleskoreatown&s_kwcid=TC%7c4015%7cversailles+koreatown+apartments%7c%7cS%7cp%7c9013274593,equity,SUCCESS,TIER_1_API_EQUITY,equity,11,0,finding_evidence_census,33,equity,,5b6cbde5e8dbce2f57034b83fccbf83c0244b1c46b6bb3c600492398a642b28d
25357,Timbercreek,614 S 1st St,Austin,TX,78704,https://www.timbercreekaustin.com/,rentcafe,SUCCESS,TIER_1_API_RENTCAFE_SECURECAFE,rentcafe,18,0,proportional_adapter_type_fill,,,,9fa345f9217c3304899c1823b7cade6179b10d93e391d4e528d094d43448c6bb
30734,Waterford Village,51 Meadow Ln,Bridgewater,MA,2324,https://www.harborgroupmanagement.com/apartments/MA/Bridgewater/Waterford-Village/,generic,SUCCESS_PLAN_LEVEL,TIER_3_DOM,knock,20,0,finding_evidence_census,11,harbor_group,,59980bd44f68fbd5ae40858c14ca28273a5a6f56aa9b350dffa8373281fba70e
36143,MAA Beaver Creek,1000 Creekside Hills Dr,Apex,NC,27502,https://www.maac.com/north-carolina/raleigh-cary/maa-beaver-creek/,maac,SUCCESS,TIER_1_API_MAAC_HTML,maac,23,0,proportional_adapter_type_fill,,,,c0be2f1dc446e1cd2bc2d1ea57c85416fde1519cd1ae17b6c424fea8ba4aa33e
288891,The Parker,5944 Hwy 92,Acworth,GA,30102,https://theparkerga.com/,sightmap,SUCCESS,TIER_1_API_SIGHTMAP_DIRECT,,114,0,finding_evidence_census,23,sightmap,,0c1e9ba446ab16be9e60f00b5dd9ac643221601a70d538d789447e3be9a7bbd4
68505,30Sixty Apartments,3060 W Olympic Blvd,Los Angeles,CA,90006,https://www.30sixtyapts.com/,squarespace_nopms,SUCCESS_PLAN_LEVEL,SYNDICATION_ONLY_SQUARESPACE_PLAN_LEVEL,squarespace_nopms,1,0,finding_evidence_census,45,squarespace_nopms,,9fa6724acb2ebdcd244bead050f092d0c2c14ce7208a17d09b207defd5e8d12e
34909,Polo Downs,1135 London Cir Ln,Fenton,MO,63026,http://www.polodowns.com/,residentservices365,SUCCESS,TIER_1_DOM_365RESIDENTSERVICES_UNIT_LEVEL,residentservices365,1,0,finding_evidence_census,36,residentservices365,,bc212c9c96c1a6045fc9ae9b17d87fffc121611f9ad5cadd9df988d05a36a0ca
288502,Marlowe Tomoka Village,100 Windflower Ln,Daytona Beach,FL,32117,https://marlowetomokavillage.com/,encoreskyline_template,SUCCESS,TIER_1_DOM_JONAH_RESOURCE_JSON,encoreskyline_template,102,0,finding_evidence_census,29,encore_jonah,,6579e2bdd3953a29b9e891161e40192e8e1fcbe3e2d49fdc2f7f255a46b2368c
223517,Vista Brooklyn,200 Riverside Ave,Jacksonville,FL,32202,https://www.livevistabrooklyn.com/,rentcafe,SUCCESS,TIER_1_RENTCAFE_SECURECAFE_DIRECT,,32,0,proportional_adapter_type_fill,,,,872c725a4e159605294ee115ba47e36c59bf2d9796b52be24473dc7e4ac297c7
53117,Watersedge Apartments,936 Waterview Way,Champaign,IL,61822,https://www.watersedgeapartments.net/,g5,SUCCESS_PLAN_LEVEL,TIER_1_API_G5_PLAN_LEVEL,g5,0,3,observed_adapter_type_stratum,,,,04fbfddbd9aa31f578a6b3a09c0062bbc1ebf184203eb68ba85e84749283d4ae
230081,Vitruvian West II,3737 Vitruvian Way,Addison,TX,75001,www.vitruvianwest.com,generic_plan_text,SUCCESS,TIER_1_JSONLD_UDR,generic_plan_text,90,0,finding_evidence_census,16,udr,,3720eab24bf7b188ceb5145f62d6bb25cf6f2c052f0656a76bf5c7cabc1feb16
19357,Newport Village Apartments,1827 W Gowan Rd,North Las Vegas,NV,89032,https://newportvillageaptslv.com/?utm_knock=g,edificecms,SUCCESS,TIER_1_API_EDIFICECMS,edificecms,26,2,finding_evidence_census,39,edificecms,,93798b0fdf773c64c0e1f817cb74228c30b8371aff75031b918fa8d94eb21c54
227790,The Charles,111 S 300 W,Salt Lake City,UT,84101,https://thecharlesslc.com/,rentcafe,SUCCESS,TIER_1_API_RENTCAFE_SECURECAFE,rentcafe,30,0,proportional_adapter_type_fill,,,,942e951f99fbf884298fe0fb4e6ba84ffc6ac6ba87c28d4dd8201f236252bdf5
41973,Rosewood Park,4500 Mira Loma Dr,Reno,NV,89502,http://www.rosewoodparkreno.com/,onsite_apply,SUCCESS,TIER_1_API_ONSITE_APPLY,onsite_apply,19,0,finding_evidence_census,32,onsite_apply,,f03226606e88d5f929083f3aae5b0ec013310295a48fa9bc963337ddc4b05eac
6125,Northgreen at Carrollwood,3831 Northgreen Ave,Tampa,FL,33624,https://www.liveatnorthgreen.com/,rentcafe,SUCCESS,TIER_1_RENTCAFE_SECURECAFE_DIRECT,,42,0,proportional_adapter_type_fill,,,,f97c93a42d239eaf1303a75a529a49f728161b166d3b7380b8680e39f26d1645
260117,Apex,7295 Ascent View,Colorado Springs,CO,80923,https://www.apexluxuryliving.com/,rentcafe,SUCCESS,TIER_1_DOM_RENTCAFE_AVAILABLEUNITS_ROSTER,rentcafe,15,0,proportional_adapter_type_fill,,,,becdd01728c99e3ae9edd0acd21576d0ff744b2c811773a05412eb5670c0b490
268592,Jasper House,1825 E Boston St,Philadelphia,PA,19125,https://live.jasperhousephl.com/,rentcafe_layout_tab,SUCCESS,TIER_1_DOM_RENTCAFE_LT,rentcafe,2,0,finding_evidence_census,42,rentcafe_layout_tab,,77691af9bd9096019e36f00a13b079eaf33b95ea69acf0b698787e4a7ab719a3
62782,Cortland Alameda Station,415 S Cherokee St,Denver,CO,80223,https://cortland.com/apartments/cortland-alameda-station/,cortland,SUCCESS,TIER_1_API_CORTLAND,cortland,7,0,finding_evidence_census,9,cortland,,15169fb2a5a4381832f3ff6cf06f5e6e6b2426e73ad18993c9a018f8c606a7d1
91537,UrbA I,624 N Glebe Rd,Arlington,VA,22203,https://liveurba.com/,onesite,SUCCESS,TIER_1_API_REALPAGE_ONLINELEASING_GETUNITS,onesite,33,0,proportional_adapter_type_fill,,,,88e7a8c9faac7c81635ebfbcf11916575df0f70b45a98a2526f87ed721a1e7d6
284136,Broadstone Oliver,1505 Oliver St,Houston,TX,77007,https://broadstoneoliver.com/,knock,SUCCESS,TIER_1_KNOCK_API,knock,49,0,proportional_adapter_type_fill,,,,2aaf1e92eb945a2c5a5923b485b255b5a1eb20012f64da2ffb17656aade309ed
35349,The Redland,18979 Redland Rd,San Antonio,TX,78259,www.livetheredland.com,yotta,SUCCESS,TIER_1_API_YOTTA,unknown,27,0,finding_evidence_census,48,yotta,,cde830d67e306611526936a50a517bbde6e3b407096c4c73ddecaec7b3655b07
1352,Pinebrook,109 Pine Knoll Dr,Ridgeland,MS,39157,https://www.northbrookandpinebrookridgeland.com/,generic,SUCCESS,TIER_1_API,knock,42,0,proportional_adapter_type_fill,,,,2e86722aa0272aae09094d8adb76c8d115c8595a524783f7c2cd6b8de6178feb
39995,South Pointe,6220 N Murray Dr,Hanahan,SC,29410,https://www.southpointehanahan.com/,onesite,SUCCESS_PLAN_LEVEL,TIER_3_DOM_GENERIC,onesite,0,3,observed_adapter_type_stratum,,,,a80d9c9314ade341057942fe72ee2d67a4fff110e949cac5bc4dbf22ee5d0d82
286725,Kinsley Yards,2801 Grewal Pkwy,Modesto,CA,95356,https://www.kinsleyyardapts.com/,onsite_apply,SUCCESS,TIER_1_DOM_JONAH_SSR_UNITS,onsite_apply,5,0,finding_evidence_census,32,onsite_apply,,a11e672741bb0d3f22bacbbaf6fc9202f8d3a9a46db3e741d94bd223607b1daa
8418,City Gate at Cupertino Apartments,5608 Stevens Creek Blvd,Cupertino,CA,95014,http://www.equityapartments.com/california/san-francisco-bay-apartments/cupertino/archstone-cupertino-apartments.aspx,equity,SUCCESS,TIER_1_API_EQUITY,equity,19,0,finding_evidence_census;route_candidate:equity_apartments,33,equity,equity_apartments,f8c2ab7b61381584f338dd6c8692aee12b9dbf7a2ac30db52f9051faf893b6bb
270897,Avilla Vista Norte,43843 N 43rd Ave,Phoenix,AZ,85087,https://www.avillavistanorte.com/,rentcafe,SUCCESS,TIER_1_DOM_RENTCAFE_AVAILABLEUNITS_ROSTER,rentcafe,2,0,proportional_adapter_type_fill,,,,db89b1eed73326fe2c849d10853beb33b7adc6b0fcc5f567d28e181bb5fee331
281837,Railyard I,618 E Sycamore St,Denton,TX,76204,https://www.railyardapts.com/,spherexx,SUCCESS,TIER_1_DOM_SPHEREXX_ZRS,spherexx,18,4,proportional_adapter_type_fill,,,,50b6355a7a5797d11c1b9b4b9198ecf76837de65d6539c6ba86f58ba5bf50066
265402,Elevate at Skyline,1999 Skyline Dr,McKinney,TX,75071,https://www.morgan-properties.com/apartments/tx/mckinney/skyline/,rentcafe,SUCCESS,TIER_1_API_RENTCAFE_SECURECAFE,rentcafe,7,0,proportional_adapter_type_fill,,,,f985180d49d3b5af590679a8a73a692b4167d70dadfbfbfc2a6b3a787aa224c5
16186,Edgewood Court,649 Prospect St,Chicopee,MA,1020,https://www.aspensquare.com/apartments/massachusetts/chicopee/edgewood-court,aspensquare,SUCCESS,TIER_1_API_ASPENSQUARE_KNOCK,aspensquare,1,0,finding_evidence_census,38,aspensquare,,095d0855b9ed8f17958035f70d63850bd3758d993eea944a20454b034c2ce4ee
53963,Hillside Apartments,9250 Dean Rd,Shreveport,LA,71118,http://hillsideshreveport.com/,resman,SUCCESS,TIER_1_API_RESMAN,resman,218,1,proportional_adapter_type_fill,,,,ca33aea86ad80cce2913746d1aa305c956e0a50d9ce0bb76a9209a3407769d42
37160,Rivers Edge,4339 C1 Riverside Dr,Dayton,OH,45405,http://www.riversedgedayton.com/,rentcafe,SUCCESS,TIER_1_DOM_RENTCAFE_AVAILABLEUNITS_ROSTER,rentcafe,2,0,proportional_adapter_type_fill,,,,3c4ce8e290ad1757533391063241484e200e32055f8088e6c6a9c79845c026f1
234581,Georgetown Crossing,100 Georgetown Rd,Mechanicsburg,PA,17050,https://www.triplecrowncorp.com/company/locations/georgetown-crossing/,rentcafe,SUCCESS_PLAN_LEVEL,TIER_1_API_RENTCAFE_NO_RESPONSE_PLAN_LEVEL,rentcafe,0,6,finding_evidence_census,1,rentcafe_applicant,,10dfffd020be7c05baddf75d431e795037f9df5d75ad24e5956463686396e918
23494,Indian Village,930 Old Goddard Rd,Lincoln Park,MI,48146,https://indianvillageapt.wixsite.com/home/apartments,wix_nopms,FAILED_NO_DATA,SYNDICATION_ONLY_WIX,wix_nopms,0,0,finding_evidence_census,47,wix_nopms,,11ab041ed2c8956b0cb84138aa9db194767a2e4418d51ed36bc0c58e81b9119a
28728,ArtHaus Central,544 Central Ave,Alameda,CA,94501,https://www.arthauscentral.mov/,onsite_apply,SUCCESS,TIER_1_API_ONSITE_APPLY,onsite_apply,3,0,finding_evidence_census,32,onsite_apply,,cc7e8c852de9a1927a3f530b32631a4f86adcb7e3329a745fb1673f5c90146f0
19995,BellCentre,308 108th Ave NE,Bellevue,WA,98004,https://www.essexapartmenthomes.com/apartments/bellevue/bellcentre,essex,SUCCESS,TIER_1_API_ESSEX,essex,12,0,finding_evidence_census,34,essex,,3b5422503c049043874187afe46590327ad3e628347ec9a6975f059812593a19
253777,Jayne,360 Acoma St,Denver,CO,80223,https://www.greenleafjayne.com/,entrata,SUCCESS,TIER_1_DOM_ENTRATA_PP_HYPERBROWSER_UNIT_LEVEL,entrata,11,0,proportional_adapter_type_fill,,,,3caed795d9c1a589a763e602e2e99d0fca82015f2443f17dc2c93359a09bfb32
273930,West Shire Village,8710 SW 71st Ave Rd,Ocala,FL,34476,https://www.westshireocala.com/,apts247,SUCCESS,TIER_1_API_APTS247,rentcafe,27,0,proportional_adapter_type_fill,,,,7671023fc3bd900c82b076fa83bf4d6ee63a9ed40cf9a7962f2ed615a62b7280
225197,Pine Forest Apartments,14010 Pine Forest Dr,North Royalton,OH,44133,https://homeatpineforest.com/,realpage_oll,SUCCESS,TIER_1_API_REALPAGE_CWS_UNITS,realpage_cws,20,0,proportional_adapter_type_fill,,,,17491530ad46546ab1feac2ccb17595011ba281b10d49f84ccf17e6305df35c9
253966,Aventura at Maryland Oaks,2100 E Aventura Way,St Louis,MO,63146,https://www.avmarylandoaks.com/,rentcafe,SUCCESS,TIER_1_API_RENTCAFE_SECURECAFE,rentcafe,6,0,proportional_adapter_type_fill,,,,d1367a180b3f48c19cdcd6d3abbdd477e2631af1f7e6af5fc4a50a3759d73045
273117,The Whitley,460 Wacouta St,St Paul,MN,55101,https://www.whitleyapartmentsmn.com/,rentcafe,SUCCESS,TIER_1_API_RENTCAFE_SECURECAFE,rentcafe,26,0,proportional_adapter_type_fill,,,,368fffca235ef54bce31bfa1e3ea4db9a0825d7df1bd25e746296ab481c599d4
263158,Promenade at Irvine Spectrum,1100 Perlita,Irvine,CA,92618,https://www.irvinecompanyapartments.com/locations/orange-county/irvine/spectrum/promenade-at-spectrum.html,irvine,SUCCESS,TIER_1_API_IRVINE,irvine,316,0,finding_evidence_census,30,irvine,,a4262219d4fc4c4e00adfc560ec41cf28ad9f3f1ab02fbd13a1485a52cd58575
30273,Park at Willowbrook,7100 Smiling Woods Ln,Houston,TX,77086,https://www.parkatwillowbrookapts.com/,apts247,SUCCESS,TIER_1_API_APTS247,apts247,15,1,proportional_adapter_type_fill,,,,bfb1501c48aa5a6d7c30db8a935c21e2844ae1719402d1d00b3d301be233f7b1
219959,The Hadley Riverside,6032 Travertine Ln,Fort Worth,TX,76137,https://www.cortlandriverside.com/Home.aspx,UNATTRIBUTED,FAILED_UNREACHABLE,generic:no_body_short_circuit,,0,0,proportional_adapter_type_fill,,,,ff4102fbb5105251c531c24e8aae4e3db56c58f5362f87766647ff411cb5e4ff
56166,Village at Crown Woods,9201 Riverside Pkwy,Tulsa,OK,74137,https://www.crownwoodsvillagelc.com/,generic,SUCCESS,TIER_1_5_EMBEDDED,resman,389,0,finding_evidence_census,15,shared_formatter,,99e0abf389c6ea9b19253796529e3e265200832651303bda0ae81161b319b469
9974,Skye at Love,3535 Webb Chapel Ext,Dallas,TX,75220,https://www.skyeatloveapartments.com/,knock,SUCCESS,TIER_1_KNOCK_API,knock,67,0,proportional_adapter_type_fill,,,,46f3b5cc73c343da9cf5393e66e1048f4905d90a422b4bcefda0eec915fbe8e5
14581,Milano,2500 Woodland Park Dr,Houston,TX,77077,https://www.milanoatwestchase.com/#,generic,SUCCESS,TIER_1_5_EMBEDDED,resman,318,0,finding_evidence_census,15,shared_formatter,,d2b21a0f03d48f27e7588d221e7b437065a26ac7bedb3b06441819bba8871a09
67566,The Kennedy at Brooks City Base,7714 Kennedy Hill Dr,San Antonio,TX,78235,https://livebh.com/apartments/the-kennedy-apartments/?utm_source=realpage&utm_medium=referral&utm_campaign=cta,sightmap,SUCCESS,TIER_1_API_SIGHTMAP_IFRAME,sightmap,30,3,proportional_adapter_type_fill,,,,db0a8066d84cbafc131302a6308c2b02bcaa962cf68b810ce4b55e13a0e99a67
68395,Parkside Residences,808 Crawford St,Houston,TX,77010,https://www.parksideatdg.com/,funnel,SUCCESS,TIER_1_API_SIGHTMAP,funnel,29,14,proportional_adapter_type_fill,,,,a2cf2d4ea70b9462b51c8bdb8aaebf1eb59016230a33a5d3130ac89bfe9be72d
4296,101 N Ripley,101 N Ripley St,Alexandria,VA,22304,https://www.101nripley.com/,rentcafe,SUCCESS,TIER_1_DOM_RENTCAFE_INLINE_AVAILUNITROW,rentcafe,6,4,proportional_adapter_type_fill,,,,d67ae45322660c001a71a3dbf440717f074e3e285655a2a6de97f07bbdc09bbd
13153,Canyon Creek Apartments,1000 Canyon Village Cir,San Ramon,CA,94583,http://www.equityapartments.com/california/san-francisco-bay-apartments/san-ramon/canyon-creek-apartments.aspx,equity,SUCCESS,TIER_1_API_EQUITY,equity,12,0,finding_evidence_census,33,equity,,39a13eb9d27239bc19c31124ade7689117764560546755c541f70e5f5e95c1a5
61979,Villa Milano,13740 Howe Ln,Leawood,KS,66224,https://www.villamilano.us/,rentcafe,FAILED_NO_DATA,TIER_1_API_RENTCAFE_NO_RESPONSE,rentcafe,0,0,proportional_adapter_type_fill,,,,626e275ec731961b3027c4e52eef001e179888a31aae707961ddf2e1158341a2
247337,Aspire Kenwood,4751 Aspire Blvd,Cincinnati,OH,45236,https://aspirekenwood.com/,resman,SUCCESS,TIER_1_API_RESMAN,spherexx,259,16,proportional_adapter_type_fill,,,,1fb53df0973deb73d48f5093fea427ffe79e42604bdb06c0122c046069e5c341
53932,Misty Hollow,2826 Misty Ln,Bossier City,LA,71111,http://www.landmarkrealty.org/misty-hollow/,generic,FAILED_NO_DATA,TIER_1_API,unknown,0,0,observed_adapter_type_stratum,,,,aca66631c42048f75c8ebe7ce83802f8cc6784e4a33c7be35383c40829aff129
261770,AMLI Broadway Park,357 S Bannock St,Denver,CO,80223,https://www.amli.com/apartments/denver/broadway-park-apartments/amli-broadway-park,amli,SUCCESS,TIER_1_API_AMLI_NEXT_DATA,amli,31,0,finding_evidence_census,31,amli,,4566edfc4a8713591d027e4f62b291aa2158890c0fdb7fd1abff59b5794c5e1c
1777,Rustic Woods,7901 S Yale Ave,Tulsa,OK,74136,https://www.rusticwoodsapts.com/,residentservices365,SUCCESS,TIER_1_DOM_365RESIDENTSERVICES_UNIT_LEVEL,residentservices365,4,4,finding_evidence_census,36,residentservices365,,998e0c03e59dc5cdb594bcab2e7b852c2ebe9a0e0e8a22b291490e0c8b175420
265281,The Louise,4151 Viridian Village Dr,Arlington,TX,76005,https://www.equityapartments.com/dallas/arlington/the-louise-apartments##unit-availability-tile,equity,SUCCESS,TIER_1_API_EQUITY,equity,23,0,finding_evidence_census,33,equity,,dcbd581f9127db41cd7afa7b47bbeb5ad3abf3755ecf3aad18f37f586bc28757
37577,Siena Villas,9130 Nolan St,Elk Grove,CA,95758,https://www.sienavillaapartment.com/,onsite_apply,SUCCESS,TIER_1_API_ONSITE_APPLY,onsite_apply,13,0,finding_evidence_census,32,onsite_apply,,57a4ea86e0ba2633ed20a91d794349a427ea853c69d07dee9fa8a41c1cab1b71
263127,Hickory Grove,11907 Apache Ave,Savannah,GA,31419,https://www.hickorygrovega.com/,rentmanager,SUCCESS_PLAN_LEVEL,TIER_1_API_RENTMANAGER_NO_ENDPOINT,rentmanager,0,1,proportional_adapter_type_fill,,,,0be621863408b70d74857c282298f7e8f1787881d58457e494f8f3b073ca0967
73079,The Palazzo,5455 Rowley Rd,San Antonio,TX,78240,https://www.thepalazzoapts.com/,apts247,SUCCESS,TIER_1_API_APTS247,knock,10,0,proportional_adapter_type_fill,,,,8fbf55185527be2c5a07d00b944b9741949e3fada1a8dc106731a6049987b0bc
66998,345 Harrison,345 Harrison Ave,Boston,MA,2118,https://www.udr.com/boston-apartments/south-end/345-harrison/,generic_plan_text,SUCCESS,TIER_1_JSONLD_UDR,generic_plan_text,24,0,finding_evidence_census,16,udr,,e9eb708eef2e20c9fdd529e2addaafb2b90dee443ae68335f035c7c84dfd79cc
6526,Southwood Acres,342 Southwick Rd,Westfield,MA,1085,https://www.aspensquare.com/apartments/massachusetts/westfield/southwood-acres,aspensquare,SUCCESS,TIER_1_API_ASPENSQUARE_KNOCK,aspensquare,15,0,finding_evidence_census,38,aspensquare,,28326146dbbf6bcd99b89972bc28ee0ec43843390e824f98f886a8959d382417
268941,Azola South Tampa,7701 Interbay Blvd,Tampa,FL,33616,https://www.azolasouthtampa.com/,sightmap,SUCCESS,TIER_1_API_SIGHTMAP_IFRAME,sightmap,24,1,proportional_adapter_type_fill,,,,7743ab033072358d805a3a20a14ebbdadcf305bd6a8001e3715ef53c57140fa9
37597,Riverset Apartments,100 Riverset Ln,Memphis,TN,38103,www.riversetapts.com/,rentcafe,SUCCESS,TIER_1_API_RENTCAFE_SECURECAFE,rentcafe,40,0,proportional_adapter_type_fill,,,,78ad319f7fd8f36cf45c7e6e03630df5f646030b51e10432c28b5c52f9dca98f
40986,Gramercy on the Park,4755 Gramercy Oaks Dr,Dallas,TX,75287,http://www.gramercyonthepark.com/,rentcafe,SUCCESS,TIER_1_API_RENTCAFE_SECURECAFE,rentcafe,57,0,proportional_adapter_type_fill,,,,108879ef3ee218e7b64401666129c3ae7cd728a7ea43a03e06ba6e3103f72117
26094,Garrison Square,7 Harcourt St,Boston,MA,2116,https://www.udr.com/boston-apartments/back-bay/garrison-square/,generic,SUCCESS,TIER_1_5_EMBEDDED,generic_plan_text,6,0,finding_evidence_census,16,udr,,51f2edd01c27e24db45ccf32bc4e775685b5f24091ea473dc0cc82dbe030055f
72192,Autumn Oaks,1400 Humphrey Dr,Suisun City,CA,94585,https://www.liveatautumnoaks.com/,onsite_apply,SUCCESS,TIER_1_API_G5,onsite_apply,2,0,finding_evidence_census,32,onsite_apply,,65d0713d2b6f3194a901f2e325dc896712284af5babcbaf60a9cb42dd9fa0e8f
50746,Crawford Square,510 Protectory Pl,Pittsburgh,PA,15219,http://www.crawfordsquareapts.com,fortresstech,SUCCESS,TIER_1_SSR_FORTRESSTECH,fortresstech,24,0,finding_evidence_census,35,fortresstech,,bd62741bc34e01b305864ede4f9c4566e1241b847a8599dc773ec283f890839f
37545,Camden Cedar Hills,4100 W Slaughter Ln,Austin,TX,78749,https://www.camdenliving.com/apartments/austin-tx/camden-cedar-hills,camden,SUCCESS,TIER_1_DOM_CAMDEN,camden,9,0,finding_evidence_census,44,camden,,d44937db05eed706c4a40de5c84c4ae1b0f51c90a14189ea8e81955ff5acd317
229295,Camden Farmers Market,2210 Canton St,Dallas,TX,75201,https://www.camdenliving.com/apartments/dallas-tx/camden-farmers-market,camden,SUCCESS,TIER_1_DOM_CAMDEN,camden,10,0,finding_evidence_census,44,camden,,e81528af2997c841ed841436f842554108b53f55d0724813c17172e218557958
94396,The Otis at Fort Ben,9310 Otis Ave,Indianapolis,IN,46216,https://www.theotisfortben.com/,onesite,SUCCESS,TIER_1_API_REALPAGE_ONLINELEASING_GETUNITS,onesite,10,0,proportional_adapter_type_fill,,,,06f326720483661468f70d36a564308fcdf088ff855df3d43105cd7a21abf5a1
40996,ibex at Uptown,2450 Camellia Ln NE,Atlanta,GA,30324,https://www.castlegateprop.com/apartments/ga/atlanta/ibex-at-uptown/,knock,SUCCESS,TIER_1_KNOCK_API,knock,73,0,proportional_adapter_type_fill,,,,711163384f2f3b77bb132184ee02d13e7db7a925ca869e8da3e67947a8ca8977
299847,Mirabella,4224 N McColl Rd,McAllen,TX,78504,https://www.mirabellamcallen.com/,spherexx,FAILED_NO_DATA,TIER_1_API_SPHEREXX_SHAPE_REJECTED,spherexx,0,0,observed_adapter_type_stratum,,,,49a08ae8ad6b1fdd56053399d9922e8619ef556dc55275fa2a00ca44855a3b34
32746,Wildwood off Main,200 Lake Forest Blvd,Kalamazoo,MI,49006,https://www.wildwoodoffmainapts.com/,sightmap,SUCCESS,TIER_1_API_SIGHTMAP_IFRAME,sightmap,188,0,finding_evidence_census,23,sightmap,,e0e8a74f32898f7bcbcea6e20c771bba0b003b3e484754eab09abc688244291b
264397,Linden Ranch,4300 Ranchero Dr,Sachse,TX,75048,https://www.hgliving.com/apartments/tx/sachse/linden-ranch/?utm_source=GBP&utm_medium=organic,knock,SUCCESS,TIER_1_KNOCK_API,knock,34,0,finding_evidence_census,41,mri_prospectconnect,,3866c1c336cc17c1006e8aeeb777168d75f68256ec535879f349240adeb079d2
5395,Cambridge on Seventh,737 7th St SE,Puyallup,WA,98372,https://www.cambridgeapartmenthomes.com/,rentcafe,SUCCESS,TIER_1_API_RENTCAFE_SECURECAFE,rentcafe,3,0,proportional_adapter_type_fill,,,,7a43aa41421e8693fcf531918def210efb773b1b36e30a5f8e4cd507d235d899
217956,Cedar Falls Apartments,385 NW Lost Springs Terrace,Portland,OR,97229,https://www.liveatcedarfalls.com/,marketapts,SUCCESS,TIER_1_DOM_MARKETAPTS_B_UNIT_LEVEL,marketapts,7,1,finding_evidence_census,40,marketapts,,5043f2512bab54e5b824239c966ddb146a1c570d1023be8a8f17a85dfb82f665
67527,Griffin Center City,1338 Chestnut St,Philadelphia,PA,19107,https://griffinphilly.com/,funnel,SUCCESS,TIER_1_API_RENTCAFE_SECURECAFE,funnel,20,0,proportional_adapter_type_fill,,,,5ce860cfd6c299a76e335683e3e81fae7f823c50c9ca7134ce2592644ad6b6a4
253388,Quattro,385 S 400 E,Salt Lake City,UT,84111,https://www.livequattro.com/,encoreskyline_template,SUCCESS,TIER_1_DOM_JONAH_SSR_UNITS,encoreskyline_template,7,0,finding_evidence_census,29,encore_jonah,,1396412cdedd18a7c0f3ee628d52da4203249d99c9cbf46167bbfde5736e61f9
15332,Camden Ashburn Farm,20886 Isherwood Terrace,Ashburn,VA,20147,https://www.camdenliving.com/apartments/ashburn-va/camden-ashburn-farm?utm_source=gmb&utm_medium=local&utm_campaign=camden-ashburn-farm&y_source=1_MTE2NzczODUtNzE1LWxvY2F0aW9uLndlYnNpdGU%3D,camden,SUCCESS,TIER_1_DOM_CAMDEN,camden,4,0,finding_evidence_census,44,camden,,c86ea0f7042e38e7e38e9608617807d40e55e96f767c2429ade188f4ca1d581d
62969,Rize at Winter Springs,150 Bear Springs Dr,Winter Springs,FL,32708,https://www.rizeatwintersprings.com/,apts247,SUCCESS,TIER_1_API_APTS247,apts247,25,0,proportional_adapter_type_fill,,,,c2b037dd6da8acdeedca063c3c72ea25b070e890364e921ade7a9bb7f1fafb2d
264077,Novi Flats,25 Barbrick Ave SW,Concord,NC,28025,https://www.noviflats.com/,sightmap,SUCCESS,TIER_1_API_RENTCAFE_SECURECAFE_PLAN_LEVEL_AMBIGUOUS_UNIT_CODE,sightmap,112,6,proportional_adapter_type_fill,,,,9cb5139852039e7139dcedf3aecd1f012765aa37866354291e6535918da328b0
26967,The Estates at Cougar Mountain,2128 NW Shy Bear Way,Issaquah,WA,98027,http://www.estatesatcougarmountain.com/,funnel,SUCCESS,TIER_1_DOM_FUNNEL_SPACES,funnel,9,0,finding_evidence_census,25,funnel_spaces,,8a9d5b5ba671d526ba85927d4e7a2362ce0bc8f635c18f88ddc98d63be86da6c
14945,Fox Run,2601 S SE Loop 323,Tyler,TX,75701,https://www.foxruntyler.com/,rentcafe,SUCCESS,TIER_1_API_RENTCAFE_SECURECAFE,rentcafe,5,0,proportional_adapter_type_fill,,,,5a252972f379febc027a8f7a2e59214158cc43f35dbe439d2e29a52c214d5574
37920,Parc Cameron,41 W 86th St,New York,NY,10024,http://www.equityapartments.com/new-york/new-york-city-apartments/upper-west-side/parc-cameron-apartments.aspx,equity,SUCCESS,TIER_1_API_EQUITY,equity,8,0,finding_evidence_census,33,equity,,7e331084d7592ad796dece483341465c71adb67e98ea19f4008f8a8c5d54f0df
34275,Bella Rose,4900 Canada Valley Rd,Antioch,CA,94531,www.bellaroseapts.com,onsite_apply,SUCCESS,TIER_1_API_ONSITE_APPLY,onsite_apply,2,0,finding_evidence_census,32,onsite_apply,,629747c273b9800bccc7cf32d75a1485a924571a786589d85396b6b237e2533d
30751,Commons at Windsor Gardens,624 Walpole St,Norwood,MA,2062,https://www.udr.com/boston-apartments/norwood/the-commons-at-windsor-gardens/,generic_plan_text,SUCCESS,TIER_1_JSONLD_UDR,generic_plan_text,60,0,finding_evidence_census,4|16,udr,,4011acc5854fffdd3628758a3cf2923e5ce10d0e912b14aa350d75d041d0a4eb
14155,Waterside at Ocotillo,4800 S Alma School Rd,Chandler,AZ,85248,https://www.mark-taylor.com/apartments/az/chandler/waterside-at-ocotillo/,rentcafe,SUCCESS,TIER_1_API_RENTCAFE_SECURECAFE,rentcafe,21,0,finding_evidence_census,12,onesite_workflow,,93ecfc9a565fa62710e650a24d67ae70eed617bf5bea9f828ba50dd38e9cbb53
59649,801 Polaris,801 Polaris Pkwy,Columbus,OH,43240,https://801polaris.com/,encoreskyline_template,SUCCESS_PLAN_LEVEL,ENCORESKYLINE_NO_PLAN_LINKS,encoreskyline_template,0,10,observed_adapter_type_stratum,,,,533d9e4851c6986d0aaa5bc09d4f6c9c3efb1e39a83eaef908caaa3df8286792
118965,16 Bennett,16 Bennett St,Jersey City,NJ,7304,https://www.16bennett.com,wix_nopms,FAILED_NO_DATA,SYNDICATION_ONLY_WIX,wix_nopms,0,0,finding_evidence_census,47,wix_nopms,,9ce9341c0228c40e4661c36dc9ce61d6c422de755fb819c691dbfd9c4cfb7ef4
269510,The Camden,1915 Tacoma Ave S,Tacoma,WA,98402,https://www.thecamdenapartments.com/,rentcafe,SUCCESS,TIER_1_API_RENTCAFE_SECURECAFE,rentcafe,55,0,proportional_adapter_type_fill,,,,a98855d23290d34149e0061eb6899547442b640633a4596f275ac8841e58c58e
54743,Twin Oaks,3800 14th St NW,Washington,DC,20011,https://www.twinoaksdc.com/,UNATTRIBUTED,FAILED_UNREACHABLE,generic:no_body_short_circuit,,0,0,finding_evidence_census,13,securecafe,,3c59266573e7588bec737ce4634470a5632c6ea6cd327c61e9e020acd2a0cbfb
263981,The Lafayette,821 E Main St,Stamford,CT,6902,https://www.lafayettestamford.com/,rentcafe,SUCCESS,TIER_1_API_RENTCAFE_SECURECAFE,rentcafe,5,0,proportional_adapter_type_fill,,,,5ec1e96772531234e840a72293e422a5b8b77571e9bff73079f6039c37693a9d
446,Cottages @ Sanford,3291 Sanford Ave,Sanford,FL,32773,https://www.cottagesatsanford.com/,generic,SUCCESS_PLAN_LEVEL,TIER_3_PLAN_TEXT,rentmanager,0,4,proportional_adapter_type_fill,,,,12e9518de59b5b0e177f9f9efa9551ec983a12530b05e38a0640fac416355ae9
235996,Stratford Chase,275 Lazelle Rd,Westerville,OH,43081,http://stratfordchase.com/,appfolio,SUCCESS,TIER_1_DOM_APPFOLIO_VANITY,appfolio,3,0,proportional_adapter_type_fill,,,,d5325b48979d3709da4b10024299792a13a75eb45ec3b4d2720623d31d4ef7ec
274384,Bryn House,2490 N Druid Hills Rd,Atlanta,GA,30329,https://brynhouseatl.com/,encoreskyline_template,SUCCESS,TIER_1_DOM_JONAH_SSR_UNITS,encoreskyline_template,40,0,finding_evidence_census,29,encore_jonah,,beb087299f79f6a0a7b6df433b245f214788798600f0959c39e6c4d7ad133621
238380,The Caroline Eastside,1735 N Greenville Ave,Richardson,TX,75081,https://www.livecarolineeastside.com/,rentcafe,SUCCESS,TIER_1_API_RENTCAFE_SECURECAFE,sightmap,149,0,proportional_adapter_type_fill,,,,0794c5080c4befdc5f3c2c1ce5cae0ac02312283e7d1da25fd5b67bdfdea6d1c
19299,Phoenix Orlando,10801 Heather Ridge Cir,Orlando,FL,32817,https://www.livephoenixorlando.com/,entrata,SUCCESS,TIER_1_DOM_ENTRATA_PP_HYPERBROWSER_UNIT_LEVEL,entrata,14,0,finding_evidence_census,3,entrata,,c2bb706d46a5ba6a31ea9357dc7ecec01ad5ede31990f7ec8ccac4b8b54b41f1
37538,Amalie Apartment Homes,5646 Amalie Dr,Nashville,TN,37211,https://www.liveamalie.com/,entrata,SUCCESS_PLAN_LEVEL,TIER_1_DOM_ENTRATA_PP_HYPERBROWSER_PLAN_LEVEL,entrata,0,3,observed_adapter_type_stratum,,,,51f73c8568a0f43a465b07fe0c612a32b22c5616370348b8242a2943c44cfb5a
26785,San Cierra,2400 N Arizona Ave,Chandler,AZ,85225,http://www.liveatsancierra.com/,rentcafe,SUCCESS,TIER_1_API_RENTCAFE_SECURECAFE,funnel,16,0,proportional_adapter_type_fill,,,,5d7c63ef7bf7fa756abd61955b47cdd024ef76e6a45f3d320a64a06de71d7f87
47164,Satyr Hill Apartments,2005 Lowell Ridge Rd,Parkville,MD,21234,https://www.satyrhillapartments.com/,knock,SUCCESS,TIER_1_KNOCK_API,knock,2,0,proportional_adapter_type_fill,,,,23514c2fe96c6c44a707356f4e26c80f956114c39dec6b3c740009be9ff3f30b
57192,Park Avenue Lofts,320 S University Ave,Little Rock,AR,72205,http://www.theparkavenuelofts.com/,onesite,SUCCESS,TIER_1_API_REALPAGE_ONLINELEASING_GETUNITS,knock,20,0,proportional_adapter_type_fill,,,,d8e0ee2d5cb63b22f5f356150cb6ea6677da461d97ccad8aea3052907ffce1eb
254556,Park Place,305 W Jack Finney Blvd,Greenville,TX,75402,https://www.parkplacegreenville.com/,wix_nopms,SUCCESS,TIER_1_API_DOORLOOP_MITS,wix_nopms,9,0,finding_evidence_census,47,wix_nopms,,ba04b9a7dd4f0322b5872f9d9a393011e26696e58eaceeaba57e0f84d3a64d2c
38525,Marquis Sonoran Preserve,29675 N North Valley Pkwy,Phoenix,AZ,85085,https://www.mqsonoranpreserve.com/,repli360,SUCCESS,TIER_1_API_REPLI360,repli360,31,0,finding_evidence_census,27,repli360,,6b8227bebafa1c819198d82dde1fac335ec0d015332f67be7ebc392373351dcb
14907,Boca Winds,530 NE 47th St,Boca Raton,FL,33431,https://www.aspensquare.com/apartments/florida/boca-raton/boca-winds?utm_source=google&utm_medium=referral,aspensquare,SUCCESS,TIER_1_API_ASPENSQUARE_KNOCK,aspensquare,6,0,finding_evidence_census,38,aspensquare,,7a588e97eaaea60e433192491c0b544a458aad32466bfd12a6d6829efe35d43c
34131,Whispering Lake,10415 E 43rd St,Kansas City,MO,64133,https://livebh.com/apartments/whispering-lake/,sightmap,SUCCESS,TIER_1_API_SIGHTMAP_IFRAME,sightmap,20,0,proportional_adapter_type_fill,,,,1c04fb249677ec14a296f080abf7fe662f0b05ff26d95da3af1a2d16b98c961c
75744,Newtown Place,101 Cambridge Ln,Newtown,PA,18940,https://www.newtownplace.com/,realpage_cws,SUCCESS,TIER_1_API_REALPAGE_CWS_UNITS,realpage_cws,7,0,proportional_adapter_type_fill,,,,9ff94463e8eb5694195a5bfe0c0cfd46625ef2f26e63708d2883038b2a7559a1
249898,Bell Alderwood,2927 Alderwood Mall Blvd,Lynnwood,WA,98036,https://www.bellalderwood.com/,rentcafe,SUCCESS,TIER_1_API_RENTCAFE_SECURECAFE,rentcafe,28,0,proportional_adapter_type_fill,,,,9ffa1645536461e1dee62af6baf2a0199beaf671ec5d644509a66dc9ec71bb0f
262964,The Bellagio,1384 Empire Blvd,Rochester,NY,14609,https://www.bellagio1384.com/,wix_floor_plans,FAILED_NO_DATA,TIER_1_DOM_WIX_FLOOR_PLANS,wix_floor_plans,0,0,finding_evidence_census,43,wix_floor_plans,,7ee93d6e5ae7782013deb6fd299a0da5ad48b195f246fc6eccf9abdb5aac9276
284663,Quail Creek,890 Quail Crk Blvd,Cuyahoga Falls,OH,44221,https://www.quailcreekliving.com/,knock,SUCCESS_PLAN_LEVEL,TIER_1_KNOCK_API,knock,0,3,observed_adapter_type_stratum,,,,864067ae5e5892c984d9e6470a189500fe68772e355ca45a54f5ccbf15f992a4
44754,LivGreen Gardens,3128 Utah Pl,Greensboro,NC,27405,https://www.livgreengardens.com/,appfolio,SUCCESS,TIER_1_DOM_APPFOLIO_VANITY,appfolio,6,0,proportional_adapter_type_fill,,,,84aaf496845a66e7fbaf5e7086e2c77e0e532e011508189f3c14580766f09c67
14062,Camden Lake Pine,600 Park Summit Blvd,Apex,NC,27523,https://www.camdenliving.com/apartments/apex-nc/camden-lake-pine,camden,SUCCESS,TIER_1_DOM_CAMDEN,camden,10,0,finding_evidence_census,44,camden,,17e94dfd073e2707ed4bd87dcfad74bfba1bbbe41409c20366264da043a79c6d
234584,The Crescent at Chevy Chase,3929 Landmark Ct,Chevy Chase,MD,20815,https://crescentatchevychase.com/,sightmap,SUCCESS,TIER_1_API_SIGHTMAP_DIRECT,,21,0,proportional_adapter_type_fill,,,,530d666274cca046500a1fdbcafa2c8f5ba82d517a34d5d747009451ab2ed936
1084,Black Hawk,3010 Simcoe Dr,Fort Wayne,IN,46815,https://www.theblackhawkapartments.com/,rentcafe_layout_tab,SUCCESS,TIER_1_API_RENTCAFE_SECURECAFE,rentcafe_layout_tab,9,0,finding_evidence_census,42,rentcafe_layout_tab,,626cc54ef01a1f87ffb6065b599f3f6da6945dc1c90f28b2614513085c911e15
3197,The Atlantic Vinings,3385 Atlanta Rd SE,Smyrna,GA,30080,https://www.atlanticviningsliving.com/,rentcafe,SUCCESS,TIER_1_API_RENTCAFE_SECURECAFE,rentcafe,15,0,proportional_adapter_type_fill,,,,48cc5fe5a429cf33f138e54f519c2ee65b24426c03a479c5049b851513373339
299380,Jodeco Landing,150 Purple Finch Pl,McDonough,GA,30253,https://jodecolandingga.com/,generic_plan_text,SUCCESS,TIER_1_API_RENTLY,generic_plan_text,7,0,proportional_adapter_type_fill,,,,2b19888cfaab9973ec07cadbf540cbc372ae8651ea42dbe21942f09a9090cfbe
253447,Brickline at the Mercantile,901 Farnam St,Omaha,NE,68102,https://bricklineatthemercantile.com/,sightmap,SUCCESS,TIER_1_API_SIGHTMAP,entrata,23,37,proportional_adapter_type_fill,,,,305d0c7e7e3da1d45ba3a18faac1e767de4a4bc1a77adcb86a5cc5b23790df8e
17178,Oak Glen,100 Oak Glen,Irvine,CA,92618,https://www.irvinecompanyapartments.com/locations/orange-county/irvine/oak-creek/oak-glen.html,irvine,SUCCESS,TIER_1_API_IRVINE,irvine,28,0,finding_evidence_census,30,irvine,,e54d7f007d75a60fc896fa393a81826754d24c3fa1b646c9ba9ac6fa607cf327
62322,Element 28,100 Commerce Ln,Bethesda,MD,20814,https://www.element28apts.com/,rentcafe,SUCCESS,TIER_1_RENTCAFE_SECURECAFE_DIRECT,,4,0,proportional_adapter_type_fill,,,,264bf522fa67eb84a88335c99d98b9889490c2bdac45a6289d69f68265923dc6
234761,Hanover,3210 SW 185th Ave,Beaverton,OR,97003,http://www.liveathanoverapts.com/,rentcafe,SUCCESS,TIER_1_API_RENTCAFE_SECURECAFE,rentcafe,4,0,proportional_adapter_type_fill,,,,6dffe166889a8cbe217d2037ae4c8d323ddf322f0c8d7d64d7a29f2408e75bbd
253383,Pullman Lofts,755 Wilson St,Santa Rosa,CA,95401,https://www.pullmansantarosa.com/,onsite_apply,SUCCESS,TIER_1_API_ONSITE_APPLY,onsite_apply,12,0,finding_evidence_census,32,onsite_apply,,b7f9d193a85d9571f4d8bbd41bddc52066e3191aa5f7818e3d1e7919b3c81a94
292955,3140 Clybourn,3140 N Clybourn Ave,Chicago,IL,60618,https://www.3140clybourn.com/,generic,SUCCESS_NO_DATA_PUBLISHED,TIER_1_API,unknown,0,0,proportional_adapter_type_fill,,,,eddc008dcbf246720d11b46fe06bc45ed5137bc477ab3fc67b11c0bbab064ef3
3181,Cortland Mirror Lake,700 Post Lake Pl,Apopka,FL,32703,https://cortland.com/apartments/cortland-mirror-lake/,cortland,SUCCESS,TIER_1_API_CORTLAND,cortland,38,0,finding_evidence_census,8|9,cortland,,8744b4ac1a74df6ce2b4a5d777d035e1971b9b942915f4d504916fee0e7780f0
46993,Addison Lane,4117 SW 20th Ave,Gainesville,FL,32607,https://www.addisonlaneliving.com/,rentcafe,SUCCESS,TIER_1_API_RENTCAFE_SECURECAFE,knock,9,0,proportional_adapter_type_fill,,,,5675622f5967005a970b2b90e87c6ddf17ea21c1adeafd0aae852feda76ad83f
27725,The Gardens of Pinecrest,8800 SW 68th Ct,Miami,FL,33156,https://www.gardensofpinecrestapartments.com/?rcstdid=MzI%3d-GJOvflXLv8M%3d&_yTrackUser=ODc4MjE0MDU4IzE4OTE0MjUzNDM%3d-q3%2b9PtfoQ%2bo%3d&_yTrackVisit=MTU4OTQ5NDE0MyMxODI1ODI1MTU3-j1vbMVdjJw8%3d&_yTrackReqDT=22311420200708,rentcafe,SUCCESS,TIER_1_API_RENTCAFE_APPLICANT_FLOORPLANS_V2_HYPERBROWSER,rentcafe,1,0,proportional_adapter_type_fill,,,,3af6f7f3e47e8bb33d830c9b9e404f57a3fe912047e08b8935d044202f7047aa
261739,The Pointe at Palm Bay,205 Valor Dr SE,Palm Bay,FL,32907,https://www.thepointeatpalmbay.com/,rentcafe,SUCCESS,TIER_1_DOM_RENTCAFE_AVAILABLEUNITS_ROSTER,rentcafe,5,0,proportional_adapter_type_fill,,,,0342c67606c03457a386f31293f609e7d214aff4d1f85d849f39a8e8b1188b20
16060,Ellyn Crossing,440 Gregory Ave,Glendale Heights,IL,60139,https://www.ellyncrossing.com/?utm_source=Google%20Local%20Listing&utm_medium=Organic,entrata,SUCCESS,TIER_1_DOM_ENTRATA_PP_HYPERBROWSER_UNIT_LEVEL,entrata,5,2,proportional_adapter_type_fill,,,,45217db012c091a8edd0b332cb997a92cadeb6166fe0cba39362fe75b55a57a5
61963,Grand Oak at Town Park,110 Townpark Dr,Smyrna,TN,37167,http://www.grandoakattownpark.com/,rentcafe,SUCCESS,TIER_1_API_RENTCAFE_SECURECAFE,rentcafe,31,0,proportional_adapter_type_fill,,,,6e6e7007820cb6bd4746160cd165682dc1a20f9e539a24e435979778dd650ee2
228903,Fitchburg Square Apartments,2001 Greenway Cross,Fitchburg,WI,53713,http://www.fitchburgsquare.com/,entrata,SUCCESS,TIER_1_DOM_ENTRATA_PP_HYPERBROWSER_UNIT_LEVEL,entrata,4,0,proportional_adapter_type_fill,,,,96fae919cea2c455566e9786a839c5108190feee9ba51c5007179db69a146d83
47710,Adley at 72nd,1214 Applewood Dr,Papillion,NE,68046,https://www.aspensquare.com/apartments/nebraska/papillion/adley-72nd,aspensquare,SUCCESS,TIER_1_API_ASPENSQUARE_KNOCK,aspensquare,7,2,finding_evidence_census,38,aspensquare,,a57e5def6f18ec7eb75201b8c835f8585cecc473d602f2b29aa88ca711eede3c
3896,Preserve At Owings Crossing,10A Brookebury Dr,Reisterstown,MD,21136,https://www.morgan-properties.com/apartments/md/reisterstown/preserve-at-owings-crossing/,rentcafe,SUCCESS,TIER_1_API_RENTCAFE_APPLICANT_FLOORPLANS_V2_HYPERBROWSER,rentcafe,49,1,proportional_adapter_type_fill,,,,277325e6dc6b5c0678c90bf5797671a224df59eb777c12b9fe34c61a80710b77
218378,The Terraces Apartments,1330 Bush St,San Francisco,CA,94109,http://www.equityapartments.com/california/san-francisco-bay-apartments/lower-nob-hill/the-terraces-apartments.aspx,equity,FAILED_NO_DATA,TIER_1_API_EQUITY_NO_RESPONSE,equity,0,0,finding_evidence_census,33,equity,,56c59216c3e8af549a5d5d1a12afee73e410f2e9ee9f08a0719e210d978009f3
39961,88 Leonard Street,88 Leonard St,New York,NY,10013,http://www.88leonard.com,rentcafe,SUCCESS,TIER_1_API_RENTCAFE_SECURECAFE,rentcafe,14,0,proportional_adapter_type_fill,,,,bd315045965b96fc04808bc85240e9d6510448856061e5ffe84f3931038b222d
64360,Kinects Tower,1823 Minor Ave,Seattle,WA,98101,http://www.kinectstower.com,rentcafe,SUCCESS,TIER_1_API_RENTCAFE_SECURECAFE,rentcafe,19,0,proportional_adapter_type_fill,,,,5fff55b732c96e24bee7a6b9db1c726f1a7e6ddba0f2e618d778feb51152d6aa
56750,SB1K,1000 S Broadway,Denver,CO,80209,https://www.liveatsb1k.com/,marketapts,SUCCESS,TIER_1_DOM_MARKETAPTS_B_UNIT_LEVEL,marketapts,10,4,finding_evidence_census,40,marketapts,,88fa47f0f26d900ed05cb39343c104debd7eb36c960e4d365f4cd8a1ea96eec5
259357,Cypress McKinney Falls,7000 Janes Ranch Rd,Austin,TX,78744,https://www.cypressmckinneyfalls.com/,rentcafe,SUCCESS,TIER_1_RENTCAFE_SECURECAFE_DIRECT,,12,0,proportional_adapter_type_fill,,,,565d84e9dc18aa69567f76e12300050322d4ba255892ae117213ae029aabc067
257946,Parc View I,7865 S Bingham Jct Blvd,Midvale,UT,84047,https://www.parcviewisyourhome.com/?rcstdid=Mg%3D%3D-YRjTEizZPgM%3D&utm_source=GMB&utm_medium=organic,rentcafe,SUCCESS,TIER_1_API_RENTCAFE_SECURECAFE,rentcafe,15,0,proportional_adapter_type_fill,,,,68a63e3e19ac06e05208519d3fad5daca27d0b4c59cf6289f00a50b3e22c89ff
24562,Frank Estates,7510 SW Aloma Way,Portland,OR,97223,http://www.thefrankestate.com/,realpage_oll,SUCCESS,TIER_1_API_REALPAGE_ONLINELEASING_GETUNITS,realpage_cws,15,0,proportional_adapter_type_fill,,,,19dfcef27fde5fe4f5daee7e98bcf13b0213fe445b3590b563a793b6bbabbcf9
62743,Residences at Falcon North,6416 Honey Grove,Colorado Springs,CO,80923,http://www.residencesatfalconnorth.com/,entrata,SUCCESS,TIER_1_DOM_ENTRATA_PP_HYPERBROWSER_UNIT_LEVEL,entrata,33,0,proportional_adapter_type_fill,,,,791f6ec6fda2f0e477af3ba89d01d81fc48d3f97f043311153590d22571f575d
254859,The Brooke on Bagley,2420 Bagley St,Detroit,MI,48216,http://www.thebrookedetroit.com/,entrata,SUCCESS,TIER_1_DOM_ENTRATA_PP_HYPERBROWSER_UNIT_LEVEL,entrata,5,0,proportional_adapter_type_fill,,,,41b12eb380b4e66859b0151124f63f539b17bf1de7b472d2f45ea21006392379
263788,Autumn Breeze,301 Mars Rd,Wilmer,TX,75172,https://www.autumnbreezeapt.com/,realpage_oll,SUCCESS,TIER_1_API_REALPAGE_ONLINELEASING_GETUNITS,onesite,4,9,proportional_adapter_type_fill,,,,c5cad2a90a1b6cfc0515ae8a54e94fa7eba1a70c5978ab545be7e5cac78a6d0d
25494,La Casita,313 Sunnyside St,Houston,TX,77076,http://www.mylacasita.com/,apts247,SUCCESS,TIER_1_API_APTS247,apts247,17,0,proportional_adapter_type_fill,,,,498c5a300c233cf921aad324fafecbbb359e2677a3f1bbe118604f462154f937
290592,Colina Ranch Hill,28882 Renda Ln,San Antonio,FL,33576,https://colinaranchhill.com/,rentcafe,SUCCESS,TIER_1_API_RENTCAFE_SECURECAFE,rentcafe,28,0,proportional_adapter_type_fill,,,,990c7784719541cf4330be1fb0af3e6aa9f5ec31964851ce561386c3712de0d4
36925,View 14,2303 14th St NW,Washington,DC,20009,http://www.view14.com/,generic_plan_text,SUCCESS,TIER_1_JSONLD_UDR,generic_plan_text,13,0,finding_evidence_census,16,udr,,d6557ac1996fd69d1c972a3ec970f5b5bc3d0040d43222285d7bd5097c570028
17541,Greentree Gardens,2618 Flint Way,San Bernardino,CA,92408,https://www.allenproperties.net/greentree-gardens-san-bernardino-ca/,onsite_apply,SUCCESS,TIER_1_API_ONSITE_APPLY,onsite_apply,5,0,finding_evidence_census,32,onsite_apply,,f73b895af56c32172d2a22fd999e4857a028ed4123402c7dd6ebd0db9d8e9014
18379,Bromley House,6901 Old York Rd,Philadelphia,PA,19126,https://www.lindyproperty.com/property/bromley-house/,rentcafe,SUCCESS,TIER_1_API_RENTCAFE_APPLICANT_FLOORPLANS_V2_HYPERBROWSER,rentcafe,4,2,proportional_adapter_type_fill,,,,011ad06c34db91c84e44b6ac1d3a465d262b495dfeefc034e6d9a2761ee25744
14325,The Berkley,1809 W Rundberg Ln,Austin,TX,78758,https://www.theberkleyatx.com/,apts247,SUCCESS_PLAN_LEVEL,TIER_1_API_APTS247_FETCH_ERROR,apts247,0,2,proportional_adapter_type_fill,,,,de367720fa574a4b5272e737c7df381ab0e5f2a74baad7b9a4e65553871af3b2
17329,Finley at Fairfax Corner,4457 Oakdale Crescent Ct,Fairfax,VA,22030,https://www.finleyfairfaxcorner.com/,rentcafe,SUCCESS,TIER_1_API_RENTCAFE_SECURECAFE,rentcafe,41,0,proportional_adapter_type_fill,,,,8cc223ffeed205f54064715a84fabc8f9a93b8e5f36af8837f0e462b81b744e2
24577,Magnolia Crossing,2824 S Burnside Ave,Gonzales,LA,70737,https://www.liveatmagnoliacrossingapts.com/,knock,SUCCESS,TIER_1_KNOCK_API,knock,11,0,proportional_adapter_type_fill,,,,763fa98b6de50f5b3194c7faf667090fa907d9b50684088e76a708de34ae8005
16953,Serrano Highlands,25421 Alta Loma,Lake Forest,CA,92630,https://www.serranohighlandsapts.com/,rentcafe,SUCCESS,TIER_1_API_RENTCAFE_SECURECAFE,onsite_apply,11,0,finding_evidence_census,32,onsite_apply,,c848f307467ffae59d5fc0fd1385ed5e238533fc150f9774d8700f4196b97e06
15361,Hidden Springs,5220 Pearblossom Dr,Riverside,CA,92507,https://www.allenproperties.net/hidden-springs-riverside-ca/floorplans,generic,SUCCESS_PLAN_LEVEL,TIER_3_DOM,onsite_apply,0,3,finding_evidence_census,32,onsite_apply,,f721a38efb97abff37fe45b0fab151da8580958269ff61ac3bfed04872c41d03
301567,Enby Gardens,50 New Plainville Rd,New Bedford,MA,2745,https://enbygardens.com/,generic,SUCCESS_NO_DATA_PUBLISHED,TIER_1_API,unknown,0,0,proportional_adapter_type_fill,,,,4ef658249f7189d4f350971aebccdb03efb4bc2a95879a8efb6666dacbae9155
223579,Settler's Landing,725 Bridgeport Ave,Streetsboro,OH,44241,www.settlerslanding.com,UNATTRIBUTED,FAILED_UNREACHABLE,generic:no_body_short_circuit,,0,0,proportional_adapter_type_fill,,,,d8d12c97f89fbc20b8e67bf588c656c4e1ab5d2f85a4bd6051140d2f2131cbb4
34548,Marbella,2504 Marron Rd,Carlsbad,CA,92010,https://www.irvinecompanyapartments.com/communities/marbella/,irvine,SUCCESS,TIER_1_API_IRVINE,irvine,4,0,finding_evidence_census,30,irvine,,0b09b38665d0e2d84302d808209ae35252d9c426efd41dc2f83eb42c672cae26
242360,Oaks Vernon,5400 Vernon Ave S,Edina,MN,55436,http://www.oaksvernon.com/,knock,SUCCESS,TIER_1_KNOCK_API_DIRECT,,2,0,proportional_adapter_type_fill,,,,937b4da14bda12b8dfe2085fbff0f2da9ea5234d951ee33cec95885709340972
259919,Compass at the Grove,1001 Compass Wy,Newark,DE,19711,https://www.compassatthegrove.com/,sightmap,SUCCESS,TIER_1_API_SIGHTMAP_DIRECT,sightmap,23,20,proportional_adapter_type_fill,,,,c2f9c6907f25a12cb2fc266369667456da501ccc7328c2fb10f974beb0b58782
42179,Avalon Hoboken,800 Madison St,Hoboken,NJ,7030,https://new.avaloncommunities.com/new-jersey/hoboken-apartments/avalon-hoboken/,avalonbay,SUCCESS_PLAN_LEVEL,TIER_1_API_AVALONBAY,avalonbay,0,6,observed_adapter_type_stratum,,,,3179709a2238c97571a13e176d121d2543322af70fa96a04e1a8da4905657365
78724,Camden North End,6800 E Mayo Blvd,Phoenix,AZ,85054,https://www.camdenliving.com/apartments/phoenix-az/camden-north-end?utm_source=gmb&utm_medium=local&utm_campaign=camden-north-end&y_source=1_MTE2Nzc1MjAtNzE1LWxvY2F0aW9uLndlYnNpdGU%3D,camden,SUCCESS,TIER_1_DOM_CAMDEN,camden,10,0,finding_evidence_census,44,camden,,6db25cf70122f160b78562d45706e59274abfd59b033f32c8d7e9ca99b6a62ff
234936,Amber Ridge Apartments,2312 55th St S,Fargo,ND,58104,https://www.prg.propertyresourcesgroup.com/amber-ridge-apartments,fortresstech,SUCCESS,TIER_1_SSR_FORTRESSTECH,fortresstech,3,0,finding_evidence_census,35,fortresstech,,b70a9691a04a906b8cd40904601c7e10e29e0bede4aaf36f6db8f4d1d481be2e
33987,Villages at Lost Creek,15302 Judson Rd,San Antonio,TX,78247,www.villagesatlostcreekapts.com,rentcafe,SUCCESS_PLAN_LEVEL,TIER_1_API_RENTCAFE_NO_RESPONSE_PLAN_LEVEL,rentcafe,0,5,proportional_adapter_type_fill,,,,ec0048a546078d844316cf196652c9f3a3bf0bd71f08711fd6ef575b97d4d57a
239397,Soco On The Lake,222 E Riverside Dr,Austin,TX,78704,http://www.socoapartments.com/,repli360,SUCCESS,TIER_1_API_REPLI360,repli360,6,9,proportional_adapter_type_fill,,,,f85e0bd5315e22273998d6f5cf1ff35ed650922baf1bcbae81359de0d00b6faa
47982,Dwell at Greenridge,7910 Crossroads Dr,North Charleston,SC,29406,https://www.dwellatgreenridge.com/,rentcafe,SUCCESS,TIER_1_DOM_RENTCAFE_AVAILABLEUNITS_ROSTER,rentcafe,18,0,proportional_adapter_type_fill,,,,563863c78cf9fa7be874ae1ef88e099a8ace7d47dd038d751d820377fde18a73
55381,Summit Pointe,701 E Summit View Pl,Bloomington,IN,47401,https://www.summittpointe-apts.com/,rentcafe,SUCCESS,TIER_1_API_RENTCAFE_SECURECAFE,rentcafe,25,0,proportional_adapter_type_fill,,,,70734c0390be252d1483877b58fe91e8721fa586814a55bd1e0adbb9b2299b00
5091,Rise Broadway,945 W Broadway Rd,Mesa,AZ,85210,https://www.risebroadway.com/,entrata,SUCCESS,TIER_1_DOM_ENTRATA_PP_HYPERBROWSER_UNIT_LEVEL,entrata,24,0,proportional_adapter_type_fill,,,,2ffd7b32dc5772cfaf61caa5b8ff1e8062bd18ab48d42784a5238a8cd924a8ee
35365,Independence Place,75 Independence Way,Cranston,RI,2921,www.independenceplaceapts.com,generic,SUCCESS_PLAN_LEVEL,TIER_1_API,unknown,0,5,state_floor,,,,7374b56e3ad569a0f447003749821ec2444ae9465fa89eb9c88177c7fa1377fe
14332,IMT Desert Palm Village,1215 E Vista Del Cerro Dr,Tempe,AZ,85281,https://www.imtresidential.com/imtdesertpalmvillage/,sightmap,SUCCESS,TIER_1_API_SIGHTMAP_IFRAME,sightmap,18,6,proportional_adapter_type_fill,,,,b55c0819111024c2d929d532c2a3f03d6c21fdbff634f4726a6e7069efc67847
225321,Residences at La Colombe d'Or,3411 Yoakum Blvd,Houston,TX,77006,https://livelacolombedor.com/,entrata,SUCCESS,TIER_1_DOM_JONAH_SSR_UNITS,entrata,21,0,proportional_adapter_type_fill,,,,b0ef49c482050fbb4011acb209a532a754287f980289ac9167dbda9702736249
254167,Harbisons Dairy,2041 Coral St,Philadelphia,PA,19125,https://www.harbisonsdairy.com/,rentcafe_layout_tab,SUCCESS,TIER_1_DOM_RENTCAFE_LT,encoreskyline_template,4,10,finding_evidence_census,42,rentcafe_layout_tab,,51f4be3a21f6c7d7cef00ab0b264a18d87c7de905c16a5729637ae19b9ddf013
60386,The Paramount at South Market,611 O'Keefe Ave,New Orleans,LA,70113,https://www.paramountnola.com/,rentcafe,SUCCESS,TIER_1_RENTCAFE_SECURECAFE_DIRECT,,17,0,finding_evidence_census,13,securecafe,,1b81d9d83c7ffcd8698aa92959f8cd419516d489840482b7e378c9c3e71a08e4
38551,5 Oaks,18203 Westfield Pl Dr,Houston,TX,77090,https://www.liveatfiveoaks.com/,apts247,SUCCESS,TIER_1_API_APTS247,apts247,7,0,proportional_adapter_type_fill,,,,c21acde9ac3c5978a9dd56c029f43059e62068c23d6dbf5b52724a40ca746f85
18187,KRC Reserve,4200 Jimmy Carter Blvd,Norcross,GA,30093,http://www.krcreserveapts.com/,encoreskyline_template,SUCCESS,TIER_1_API_BETTERNOI,encoreskyline_template,25,0,proportional_adapter_type_fill,,,,0ddd8725ba264da38bdedd513e51839934db974d4d197c0924fe7e260cbdd476
24366,Bay Terrace,3204 Casa De Campo Way,San Mateo,CA,94403,http://www.udr.com/san-francisco-bay-area-apartments/san-mateo/bay-terrace/,generic_plan_text,SUCCESS,TIER_1_JSONLD_UDR,generic_plan_text,14,0,finding_evidence_census,16,udr,,367aa1ebd20cb7e29655c1816a3359849faf5458015e6dcae598ae8ebc8b26b2
254143,Christopher Todd Communities On Camelback,12350 W Camelback Rd,Litchfield Park,AZ,85340,https://www.christophertodd.com/community/christopher-todd-communities-on-camelback/,sightmap,DEAD_URL,TIER_3_DOM_GENERIC,sightmap,0,2,observed_adapter_type_stratum,,,,2bd20ea2ec35890b9a5eb29db5171ecbef028bd6756169d655f5d406154d01c1
6485,Skye At Conway,3149 Landtree Pl,Orlando,FL,32812,https://www.skyeatconway.com/,knock,SUCCESS,TIER_1_KNOCK_API_DIRECT,,12,0,proportional_adapter_type_fill,,,,bf135f74c8aaf711282b4c31a14ccba47c6c7ea10487e484003e92693231c9af
232470,Madison at Ballston Station I,4400 4th St N,Arlington,VA,22203,http://madisonatballstonstation.com/,entrata,SUCCESS,TIER_1_DOM_ENTRATA_PP_HYPERBROWSER_UNIT_LEVEL,entrata,31,0,proportional_adapter_type_fill,,,,e3d9de2997f304e3f4c123378befd8632749e1702c86e36645e3247b52a7502f
64618,70 Pine,70 Pine St,New York,NY,10005,http://www.70pine.com/,onsite_apply,SUCCESS,TIER_1_API_ONSITE_APPLY,onsite_apply,17,0,finding_evidence_census,32,onsite_apply,,2bc3df1dc6ee3f2dc47e2c383426a9399a75a2b7f51ff0df512fff10e24b39e7
14906,Weston Place,16000 S Post Rd,Weston,FL,33331,https://www.westonplaceapartments.com/,g5,SUCCESS,TIER_1_API_G5,g5,18,0,proportional_adapter_type_fill,,,,efeee64a2cd73471ed9011b37d9e8ed82a40318018722fea7a3a94c023b13756
43299,Windsail,9808 E 73rd St,Tulsa,OK,74133,https://www.caseusa.com/apartments/ok/tulsa/windsail/,rentcafe,SUCCESS,TIER_1_API_RENTCAFE_SECURECAFE,rentcafe,10,0,proportional_adapter_type_fill,,,,dbd9ac3bcd802b345025776bc809ae8bf1b14a6935f93eeb550cc63e95f64560
52140,MAA Wade Park,5443 Wade Park Blvd,Raleigh,NC,27607,https://www.maac.com/north-carolina/raleigh-cary/maa-wade-park/,maac,SUCCESS,TIER_1_API_MAAC,maac,64,0,finding_evidence_census,28,maac,,46cf569f2f57a14522383c4d774065371384bd47681bfe4e93a9a8f3747b413c
296586,Summerwell,1121 Duet Dr,Wendell,NC,27591,https://www.summerwellharmony.com/,entrata,SUCCESS,TIER_1_DOM_ENTRATA_PP_HYPERBROWSER_UNIT_LEVEL,entrata,9,0,proportional_adapter_type_fill,,,,5a636352f1365c70ee01ca280d6ff935ed242aadd71380dd15fcf11a37455296
54769,Emerson Park Apartment Homes,1701 E Don Carlos Ave,Tempe,AZ,85281,https://www.emersonparkapartmenthomes.com/,marketapts,SUCCESS,TIER_1_DOM_MARKETAPTS_B_UNIT_LEVEL,marketapts,4,1,finding_evidence_census,40,marketapts,,066a1f8a3488f3835730ba8cae8e1ae800330f1162e4c6a399c160eb026281aa
230598,The Ridge,17940 Garden Ln,Hagerstown,MD,21740,https://www.theridgehagerstown.com/,repli360,FAILED_NO_DATA,TIER_1_API_REPLI360_NO_FLOORPLANS,repli360,0,0,observed_adapter_type_stratum,,,,654d5507d08b4cedab41f14641d3cd01fbb75ddb455cc615b8e1a2a97eb375d9
69153,Axis Hamilton,5039 Hamilton Wolfe Rd,San Antonio,TX,78229,https://www.axishamilton.com/,rentcafe,SUCCESS,TIER_1_API_RENTCAFE_SECURECAFE,rentcafe,23,0,proportional_adapter_type_fill,,,,be79145ac10b81605a8dc2470e69c16c1da0d11896c9bf44ddc224bff8298ade
67581,The Aria at Woodlands South,7541 S Mingo Rd,Tulsa,OK,74133,https://www.theariatulsa.com/,rentcafe,SUCCESS,TIER_1_RENTCAFE_SECURECAFE_DIRECT,,17,0,proportional_adapter_type_fill,,,,6ac3c91e0867689d91d40a1dcc1209c3a5d5010bef2ce861b5dbed77e6b3627d
36786,Hawthorne Village,3900 Yorktowne Blvd,Port Orange,FL,32129,http://www.hawthornevillageapartments.com/,realpage_oll,SUCCESS,TIER_1_API_REALPAGE_CWS_UNITS,realpage_cws,16,0,proportional_adapter_type_fill,,,,aa99a126e07df1f47c9e9a10775d2da024a5449734eec3204e267e3cc34c4cc2
75158,The Glen at Oldtown,7979 E Camelback Rd,Scottsdale,AZ,85251,https://www.theglenatoldtown.com/?utm_source=GoogleLocalListing&utm_medium=organic#,funnel,SUCCESS_PLAN_LEVEL,TIER_3_DOM_GENERIC,funnel,0,3,proportional_adapter_type_fill,,,,4d3ddef41d8c3a4052b712a35fe5bb4e1d8b6b019898fee7ce5b5fbb391f0917
61548,AMLI Dadeland,8250 SW 72nd Ct,Miami,FL,33143,https://www.amli.com/apartments/southeast-florida/dadeland-apartments/amli-dadeland,amli,SUCCESS,TIER_1_API_AMLI_NEXT_DATA,amli,44,0,finding_evidence_census,31,amli,,da4560d5f8c322ae16b67ac965a5d324d1202863bdfefc2c7f6f0d184a6172c0
224139,Meadows Apartments,4300 Meyers Ln,Waco,TX,76705,https://www.themeadows-waco.com/,knock,SUCCESS,TIER_1_KNOCK_API_DIRECT,,24,0,proportional_adapter_type_fill,,,,1a78cdf54ffbb14f53a633b6668d343b33c0d5afda389877c18c2a35d027c072
8565,Brookbend,3420 Country Square Dr,Carrollton,TX,75006,https://www.livebrookbend.com/,sightmap,SUCCESS,TIER_1_API_SIGHTMAP_IFRAME,sightmap,22,7,proportional_adapter_type_fill,,,,9e7a37b3396e32bee57b44db25fe28f22b688c133f4dfec498823792f8df0b14
6147,Spark Pax River,46860 Hilton Dr,Lexington Park,MD,20653,https://besparkliving.com/spark-pax-river/,rentcafe,SUCCESS,TIER_1_API_RENTCAFE_SECURECAFE,rentcafe,6,0,proportional_adapter_type_fill,,,,85abc1588f4bcfb146bee7fea96ad6b2156f62870cebbb3e151ab8cd4c36bd3b
62778,AMLI Dry Creek,7471 S Clinton St,Englewood,CO,80112,https://www.amli.com/apartments/denver/englewood-centennial-apartments/amli-dry-creek,amli,SUCCESS,TIER_1_API_AMLI_NEXT_DATA,amli,20,0,finding_evidence_census,31,amli,,8958451df0fe7d7f2b828f0ff80755f4774e49b49927a7c74d52eb2138f973b5
293154,Kinsley,36 Stony Hill Rd,Bethel,CT,6801,https://www.kinsleyct.com/,generic,SUCCESS_NO_DATA_PUBLISHED,TIER_1_API,unknown,0,0,observed_adapter_type_stratum,,,,0d311a70727fdc447ca788f43310863b008546a50b8635d6de2dd3691f76c598
267574,Bridge at Heritage Woods,12205 N Lamar Blvd,Austin,TX,78753,https://www.bridgeatheritagewoods.com/,rentcafe,SUCCESS,TIER_1_API_RENTCAFE_APPLICANT_FLOORPLANS_V2_HYPERBROWSER,rentcafe,17,2,proportional_adapter_type_fill,,,,f558ab76317ab90b4fef9449bfdf89c4cca945f08ee4414aab8c22cc5bdb85eb
266891,The Grove at La Frontera,8100 S Collins St,Arlington,TX,76002,https://thegrovelf.com/,rentcafe,SUCCESS,TIER_1_API_RENTCAFE_SECURECAFE,rentcafe,131,0,proportional_adapter_type_fill,,,,d6a4f7f6ce201910323e049ed2b9670619ab8a7d0a59a4dced74e561b53ed4e4
245501,Luna Upper Westside Apartments,2265 Marietta Blvd NW,Atlanta,GA,30318,https://www.equityapartments.com/atlanta/upper-westside/luna-upper-westside-apartments#/,equity,SUCCESS,TIER_1_API_EQUITY,equity,26,0,finding_evidence_census,33,equity,,59befa00bd626e2bd70529e8e82fc21f6a8a83e37ee47580062e0f8605bc9bcf
63462,Telfair Lofts,7500 Branford Pl,Sugar Land,TX,77479,https://apartmentssugarlandtexas.com/,residentservices365,SUCCESS,TIER_1_DOM_365RESIDENTSERVICES_UNIT_LEVEL,residentservices365,29,0,finding_evidence_census,36,residentservices365,,37d8d3ab9c6351318c1f2823cd054eff468fcd599bd30e895bbe8d23922444f4
235407,Bonterra,660 Bonterra Blvd,Fort Wayne,IN,46845,https://www.liveatbonterra.com/,knock,SUCCESS,TIER_1_KNOCK_API,knock,18,0,proportional_adapter_type_fill,,,,0565e36207f5b4e23f483b78998c2fc7535e9d3cbebddad6738b092e45884b1a
58311,Winchester Park,4080 Waderidge Trail,Groveport,OH,43125,https://gowinchesterparkapts.com/,onesite,SUCCESS,TIER_1_API_G5,onesite,26,0,proportional_adapter_type_fill,,,,f36f186f4bc9b61e61d4643f9451524ccfacb6c0804237ebe45d132a0778b957
217578,Acadia Court,2995 S Acadia Ct,Bloomington,IN,47401,https://www.acadiacourtapts.com/,rentmanager,SUCCESS_PLAN_LEVEL,TIER_1_API_RENTMANAGER,rentmanager,0,1,observed_adapter_type_stratum,,,,83ae5bc8164a354bd743b8abf5ddd495261d1f66e9f08f84f2c491c1c6131278
270909,Union Mill,2023 N Broadmoor Ave,Wichita,KS,67206,https://www.liveunionmill.com/,entrata,SUCCESS,TIER_1_DOM_ENTRATA_PP_HYPERBROWSER_UNIT_LEVEL,entrata,43,0,proportional_adapter_type_fill,,,,22f5747941a9e7cf8307e1dcdc93808d7b83c8147b6c258a5b4ca5b8a616a9cb
55194,Village,3661 River Rd N,Keizer,OR,97303,https://www.thevillagekeizer.com/,onsite_apply,SUCCESS,TIER_1_API_ONSITE_APPLY,onsite_apply,4,1,finding_evidence_census,32,onsite_apply,,ad16429d9c1dd23818fefb4d4aab735ff1c1ae48c7bf2e076d1d6a39240552a6
33986,South City Station Apartments,101 McLellan Drive,South San Francisco,CA,94080,http://www.equityapartments.com/california/san-francisco-bay-apartments/south-san-francisco/archstone-south-san-francisco-apartments.aspx,equity,SUCCESS,TIER_1_API_EQUITY,equity,7,0,finding_evidence_census,33,equity,,56de1249c58285ab8346f470862fb6367c89f1cace22876aacaee2c6927f74c4
24049,River Bluff of Lexington,300 Palmetto Park Blvd,Lexington,SC,29072,https://www.aspensquare.com/apartments/south-carolina/lexington/river-bluff-of-lexington?utm_source=google&utm_medium=referral,aspensquare,SUCCESS,TIER_1_API_ASPENSQUARE_KNOCK,aspensquare,16,0,finding_evidence_census,38,aspensquare,,3177c3185763e835997b0bd488d2b1ad1489282889f7e117bbec0170a736945f
60750,The Meyden,10333 Main St,Bellevue,WA,98004,http://www.themeydenbellevue.com/,rentcafe,SUCCESS,TIER_1_API_RENTCAFE_SECURECAFE,repli360,20,0,finding_evidence_census;route_candidate:rentcafe_unit_roster,18,securecafe,rentcafe_unit_roster,d23b1ca16d2ea8be158ff4962c21068356cdc8f1b33025b8c6eddffa51360645
94295,Silver,333 Sunol St,San Jose,CA,95126,https://www.essexapartmenthomes.com/apartments/san-jose/silver,essex,SUCCESS,TIER_1_API_ESSEX,essex,7,0,finding_evidence_census,34,essex,,399505d65cad82b7145f692e0a36fc016a57675c24a29bcc3d4572b2ffd1a17a
222197,The Mariner I,4000 S Lake Dr,Saint Francis,WI,53235,https://www.themarinerapts.com/,knock,SUCCESS,TIER_1_KNOCK_API_DIRECT,,9,0,proportional_adapter_type_fill,,,,9f88dcd47980193894feb9ae3f7a3b3f983932f39df257ebbd61fb00694991c0
97837,Five Points Northshore,328 Cherokee Blvd.,Chattanooga,TN,37405,https://www.missionrockresidential.com/apartments/tn/chattanooga/5-points-northshore/?utm_source=GBP&utm_medium=organic,g5,SUCCESS,TIER_1_API_G5,g5,17,0,proportional_adapter_type_fill,,,,d5aba186c452854cc28c50a64866a8ed531a7d27bbff8aa095cedf41849fa46b
14795,Emerson Apartments,1919 Burton Dr,Austin,TX,78741,https://www.emersonaustin.com/,generic,SUCCESS_PLAN_LEVEL,TIER_3_DOM_GENERIC,generic_plan_text,0,4,proportional_adapter_type_fill,,,,fd1b84571276c8ed084003272cc5fca0467829b57e8e567b4edf5ecaa0ef000f
232538,Woodman Apartment Homes,8811 Woodman Ave,Arleta,CA,91331,https://www.woodmanapartments.com/,rentcafe,SUCCESS,TIER_1_DOM_RENTCAFE_AVAILABLEUNITS_ROSTER,rentcafe,4,0,finding_evidence_census,13,securecafe,,2d0bd05bec3995c0ea41230f19cacbfc777c470f12287091e8f6e00189fb445b
23798,The Columns at Hiram,6736 Bill Carruth Pkwy,Hiram,GA,30141,https://www.thecolumnsathiram.com/,rentcafe,SUCCESS,TIER_1_API_RENTCAFE_SECURECAFE,rentcafe,25,0,proportional_adapter_type_fill,,,,464146b9ca1d273b72c6f140fef8e38507048675c686c719cec7660a998add6c
12260,Essence at North Dallas,4200 Horizon N Pkwy,Dallas,TX,75287,https://www.essencenorthdallas.com/#,rentcafe,SUCCESS,TIER_1_API_RENTCAFE_SECURECAFE,rentcafe,36,0,proportional_adapter_type_fill,,,,44fed7320d437bdb10981bce35ad8b21ecfca36ea9705bcfc4c21262c6ea14da
5774,River Oak,2400 Mellwood Ave,Louisville,KY,40206,http://www.riveroakapartments-prg.com/,rentcafe,SUCCESS,TIER_1_API_RENTCAFE_SECURECAFE,rentcafe,17,0,proportional_adapter_type_fill,,,,c4cd3dc6e946c83a0ed97729ee1eed004bac78eae1b728eba24da2c67f7b365a
71385,Pine Meadow Townhomes,14202 W 63rd Terrace,Shawnee,KS,66216,www.pinemeadowshawnee.com,UNATTRIBUTED,FAILED_NO_DATA,,,0,0,observed_adapter_type_stratum,,,,58755b0f5da6da6b9372fe21e6c22eb5ddb3771eb79a0b5a551044f0f7a2022c
52697,Clearview,12100 Clearview Ln,Holland,MI,49424,https://www.liveatclearview.com/,UNATTRIBUTED,FAILED_NO_DATA,,,0,0,proportional_adapter_type_fill,,,,32381cb49b32ba6149562ad4c63133a1da14f67a7631cda899332e26bb8350e4
77949,Viridian Central,9436 Ulysses St NE,Blaine,MN,55434,https://viridiancentral.com/,appfolio,SUCCESS,TIER_1_DOM_APPFOLIO_VANITY,appfolio,13,0,proportional_adapter_type_fill,,,,b7f4844c34da289b0a5b8ac0e62ba280a82b36425cfb4d5828c780a1fde290f6
291337,Vasari at Ventana,4800 Citrus Ave,Fontana,CA,92336,https://livingatvasari.com/,onsite_apply,SUCCESS,TIER_1_API_ONSITE_APPLY,onsite_apply,40,0,finding_evidence_census,32,onsite_apply,,28605be5b262064f3133358bf882f7fffda2040d0102b4eda70e8543937a5ee8
52961,The Villages at Fort Town,304 Fort Town Dr,Fort Oglethorpe,GA,30742,http://www.villagesatforttown.com,rentcafe,SUCCESS,TIER_1_RENTCAFE_SECURECAFE_DIRECT,,11,0,proportional_adapter_type_fill,,,,750bdcb168db865f498bb445b0324b7a959e41f87056b440c07e043a39cc360d
239392,Blair Mill Village East,100 Upland Ave,Horsham,PA,19044,https://www.morgan-properties.com/apartments/pa/horsham/blair-mill-village-east/,rentcafe,SUCCESS,TIER_1_API_RENTCAFE_SECURECAFE,rentcafe,38,0,proportional_adapter_type_fill,,,,f06a5c2f74ac113cd2e8742955c787ad2984f9e2dc35fd520b9b65a11d4729cc
279758,Tisdale at Lakeline Station,13621 Lyndhurst St,Austin,TX,78717,https://www.irtliving.com/Apartments-In/Austin-TX/Tisdale-at-Lakeline-Station,sightmap,SUCCESS,TIER_1_API_SIGHTMAP_DIRECT,,222,0,finding_evidence_census,23,sightmap,,516df3054fee8d7237950c262a7f1144ef8756537dfbeeac1c1982a053709bbe
253780,Banner At Westfield,1000 Banner Dr,Nashville,TN,37066,https://www.banneratwestfield.com/,rentcafe,SUCCESS,TIER_1_RENTCAFE_SECURECAFE_DIRECT,,23,0,proportional_adapter_type_fill,,,,c6efd14ad44e275c6a0cf424ad4d79fa2c363eaa5cf90d93335e6974eed9071a
75392,Hickory Point Townhomes,399-A Hickory Point Blvd,Newport News,VA,23608,https://www.livehickorypoint.com/,rentcafe,SUCCESS,TIER_1_DOM_RENTCAFE_AVAILABLEUNITS_ROSTER,knock,1,0,proportional_adapter_type_fill,,,,5eff3801d854043a5e9deb84d15fa161ddfc8ee78e1174e197fb7c3f7aa683a1
22382,4418 Spruce Street,4418 Spruce St,Philadelphia,PA,19104,https://www.livecampusapts.com/property/4418-spruce-street/?search-parameters=1&start_date=0&end_date=9999999999&price_min=0&price_max=10000,entrata,FAILED_NO_DATA,TIER_1_API_ENTRATA_SHAPE_REJECTED,entrata,0,0,proportional_adapter_type_fill,,,,5aabff43e705e0412742ff7f977425321a459341a81a317ec1639204b16a1550
12557,Bridge Pointe Landing,1090 Lang Rd,Portland,TX,78374,https://bridgepointelanding.com/,knock,SUCCESS,TIER_1_KNOCK_API_DIRECT,,140,0,proportional_adapter_type_fill,,,,0936988c100631cf5395f08b70d087c8cb8cbe72569bf6ec4c5f3b00c53da72e
55940,Eleven by Windsor,811 E 11th St,Austin,TX,78702,www.elevenbywindsor.com,rentcafe,SUCCESS,TIER_1_API_RENTCAFE_SECURECAFE,funnel,10,0,proportional_adapter_type_fill,,,,5415ad6c741761fccc727f36fdbbb783d2cd78ff9cd4ffcab5c542991bb82661
273160,Bowery West,2314 Berryhill Rd,Charlotte,NC,28208,https://livebowerywest.com/,funnel,SUCCESS,TIER_1_DOM_JONAH_SSR_UNITS,funnel,18,0,proportional_adapter_type_fill,,,,3bc44a06f88d09f2a4f7ae7bc825470b1c5026e1983c8d3c439f3db8740bb6f3
229616,93 East,2565 Shallowford Rd,Atlanta,GA,30345,https://93east.prospectportal.com/,entrata,SUCCESS,TIER_1_DOM_ENTRATA_PP_HYPERBROWSER_UNIT_LEVEL,entrata,9,0,proportional_adapter_type_fill,,,,970f5d787aa105dace305e712d1c2564b5fe672c9b95d67e3abc5be63f613a12
231315,Hickory Heights,4221 Hickory Ave,Baltimore,MD,21211,https://www.brooksmanagementcompany.com/hampden,appfolio,SUCCESS,TIER_1_DOM_APPFOLIO_VANITY,squarespace_nopms,3,0,proportional_adapter_type_fill,,,,c2460e5f8458a73c88847b1f182ec0335e1eb5c1d6d0415506fbc2b86b631ba8
29448,Manor Homes of Fox Crest,3151 NW 90th St,Kansas City,MO,64154,http://www.manorhomesapts.com/,entrata,SUCCESS,TIER_1_DOM_ENTRATA_PP_HYPERBROWSER_UNIT_LEVEL,entrata,11,0,proportional_adapter_type_fill,,,,bb1302519599c1442480bfaf66bdbfb068834714cdb70cd72e6206838c301816
21381,Summit Park Village,8563 Lake Murray Blvd,San Diego,CA,92119,https://www.essexapartmenthomes.com/apartments/summit-park-village,essex,FAILED_NO_DATA,TIER_1_API_ESSEX,essex,0,0,finding_evidence_census,34,essex,,7300cb00e80276328f6379ec33c0c26bee868ca940d0a1b6248afbf03ceceacb
28596,Stonehill at Pipers Creek,7940 Pipers Creek St,San Antonio,TX,78251,http://www.stonehillatpiperscreek.com/,rentcafe,SUCCESS,TIER_1_API_RENTCAFE_SECURECAFE,rentcafe,26,0,proportional_adapter_type_fill,,,,c193a36b4a493a390b22b225951db7e5c36fef7abf4885d3422d262a09fdcfae
253571,The Kent,301 American Way N,Carmel,IN,46032,https://www.thekentcarmel.com/,UNATTRIBUTED,SUCCESS_PLAN_LEVEL,,,0,12,proportional_adapter_type_fill,,,,8cffc130acf49eea4df866e92b7e1ac646da77066def1248b761517abf3791ae
20189,Wilderness Village,22435 SE 240th St,Maple Valley,WA,98038,https://www.wildernessvillageapts.com/,knock,SUCCESS,TIER_1_KNOCK_API,knock,4,0,proportional_adapter_type_fill,,,,55c59e25320d7003147ea9090f6fce4849d619ed67beef63c3b1b9bb315fee98
40710,Chloe on Union,1408 E Union St,Seattle,WA,98122,https://www.equityapartments.com/seattle/pike-pine/chloe-apartments,equity,SUCCESS,TIER_1_API_EQUITY,equity,11,0,finding_evidence_census,33,equity,,74d7e885c511ee5fb7a606d6ada5c2819eeec257fc779d330a6a7cbb25c5cfa1
26274,Catalina Gardens,6363 Clarice Ave,Las Vegas,NV,89107,http://www.catalinagardenslv.com,generic,SUCCESS_NO_DATA_PUBLISHED,TIER_1_API,unknown,0,0,proportional_adapter_type_fill,,,,2db6aeccc820301120b23e3d9a75eb11f1c0ef32df1c556767caf82a3ddf20ab
40193,AMLI South Shore,1620 E Riverside Dr,Austin,TX,78741,https://www.amli.com/apartments/austin/downtown-austin-apartments/amli-south-shore,amli,SUCCESS,TIER_1_API_AMLI_NEXT_DATA,amli,71,0,finding_evidence_census,31,amli,,ab3ff883be02782d6ad3b656a76707ee4a8ec48582e4f357523a8f6684349888
31743,Boston Woods,800 Gentleman Rd,Balcones Heights,TX,78201,https://www.bostonwoodsapartments.com/,rentcafe,SUCCESS,TIER_1_API_RENTCAFE_ANCHOR_WALK,rentcafe,19,0,proportional_adapter_type_fill,,,,ec0ecd6047f35aff0ab529c2c4dad922476d874ec6d2c5861e2563c3722b8f72
283126,Tara Ridge,412 SW Stone Blvd,Bentonville,AR,72713,https://www.trulohomes.com/tara-ridge,rentcafe,FAILED_NO_DATA,TIER_1_API_RENTCAFE_SHAPE_REJECTED,sightmap,0,0,proportional_adapter_type_fill,,,,cbaa81253b189a68c7f8d6aeb11fee6e8da8552b6f0e72d02b488b08eb14891a
238171,230 Ash,230 SW Ash St,Portland,OR,97204,https://live230ash.com,rentcafe,SUCCESS,TIER_1_RENTCAFE_SECURECAFE_DIRECT,,11,0,proportional_adapter_type_fill,,,,3439f70533d1877aa095da9120a33b28c39d771f68089cff30535563cbd892bc
258550,Aviara East Pompano,1621 S Dixie Hwy,Pompano Beach,FL,33060,https://www.aviaraproperties.com/communities/aviaraeastpompano,generic,SUCCESS,TIER_1_API,generic_plan_text,15,10,proportional_adapter_type_fill,,,,c6c6fd1759a7ac3dec111a1492404909fc914f5ac921a48191ccf26917e7cd3b
222988,Arlo West End,1325 Utica Ave S,St Louis Park,MN,55416,https://www.arlowestend.com/,rentcafe,SUCCESS,TIER_1_API_RENTCAFE_SECURECAFE,rentcafe,15,0,proportional_adapter_type_fill,,,,693bb6562af7e1d63a48ef435ee9189b880b001b21403aab77bb5fdc0097c4b7
23281,Mill Bridge,1045 Sanger Ave,New Braunfels,TX,78130,https://www.millbridgeapartments.com/,onesite,SUCCESS,TIER_1_API_REALPAGE_ONLINELEASING_GETUNITS,onesite,8,0,proportional_adapter_type_fill,,,,983d20efa7ecafdff13a4230982325b4992cf08bdfba7316a7cb6923decfd81e
5119,Embarc at West Jordan,6885 S Redwood Rd,West Jordan,UT,84084,http://www.embarcatwestjordan.com/,marketapts,SUCCESS,TIER_1_DOM_MARKETAPTS_D_UNIT_LEVEL,marketapts,8,2,finding_evidence_census,40,marketapts,,771db2cd41676dc7a6702104bbe7aac2999ecb577ba1724940aba854f07cabf3
235871,Elmtree Park Apartments,11023 Elmtree Park Dr,Indianapolis,IN,46229,https://www.hgliving.com/apartments/in/indianapolis/elmtree-park/#/,mri_prospectconnect,SUCCESS,TIER_1_API_MRI_PROSPECTCONNECT,knock,9,0,finding_evidence_census,41,mri_prospectconnect,,32bf6cfc5f0d0a34c6945aa145e717fccde16f27da2a0bd40b148a843bae9fc4
88115,HighPoint Town Square,160 S Highpoint Dr,Romeoville,IL,60446,https://marquettemanagement.reslisting.com/highpoint-town-square/floorplans.aspx,UNATTRIBUTED,FAILED_UNREACHABLE,generic:no_body_short_circuit,,0,0,proportional_adapter_type_fill,,,,a704ed2e2442fc9c2b340b70ac5929d14cf0343043e76236931a647266165054
290807,Meri Palm Bay,1880 Mogra Cir NE,Palm Bay,FL,32905,https://www.meripalmbay.com/,onsite_apply,SUCCESS,TIER_1_API_ONSITE_APPLY,onsite_apply,8,3,finding_evidence_census,32,onsite_apply,,b967edd5b466c3405c97bb45eb952db4e82ce439523071fe9ed42f5af6e9b55e
23367,Broadway Towers,1601 Broadway St,Concord,CA,94520,https://www.broadwayconcord.com/,rentcafe_layout_tab,SUCCESS,TIER_1_DOM_RENTCAFE_LT,rentcafe,2,0,finding_evidence_census,42,rentcafe_layout_tab,,a62c2a1bbe9b62ca40cd683bdadff832031eff44cee5aac07a657c3b4ef43506
61343,Paragon at Columbia Overlook,8151 Robinson-Jefferson Dr,Elkridge,MD,21075,http://www.paragoncolumbia.com/,realpage_oll,SUCCESS,TIER_1_API_REALPAGE_CWS_UNITS,realpage_cws,11,0,proportional_adapter_type_fill,,,,be9406a1a55b3dc2068aec13cfb8c82d066dcf72ed7b4abee52394ea03320608
254122,Avril Cambridge Village,1332 Holly Rush Lane,Denver,NC,28037,https://www.pedcorliving.com/apartments/avril-cambridge-village,generic_plan_text,SUCCESS_PLAN_LEVEL,TIER_1_DOM_GENERIC_PLAN_TEXT_EMPTY_FALLBACK,generic_plan_text,0,5,proportional_adapter_type_fill,,,,3a9015aea3be307e8ebe40e76234438f056beac1c64274a96b675b84b7bae0a2
231524,Harbor Blu,209 Chandler St,Cape Canaveral,FL,32920,https://www.liveharborblu.com/,knock,SUCCESS,TIER_1_KNOCK_API,knock,23,0,proportional_adapter_type_fill,,,,c1e228bb9eaca7a6c14bdea72a2af1a230aeee1588896ea2036494c966886f2f
264994,The Fitzgerald,3914 Monona Dr,Madison,WI,53716,https://primeurbanproperties.com/property/the-fitzgerald/,generic,SUCCESS,TIER_3_DOM,generic_plan_text,8,0,proportional_adapter_type_fill,,,,722608771cabaf1782efc84762aaa66fc66cce4e9099fc5ee5e5e61a3e889bfc
276734,5Line,2005 Empire St,Charlotte,NC,28217,https://liveatfiveline.com/,encoreskyline_template,SUCCESS,TIER_1_DOM_JONAH_RESOURCE_JSON,encoreskyline_template,137,0,finding_evidence_census,29,encore_jonah,,80168aefe61afb3b2450bd678dabc3881bb5c489ffc15aeecda2d0500472ba75
25730,Ellery at Lake Sherwood,8008 Balasands Blvd,Orlando,FL,32818,https://www.elleryapartments.com/,apts247,SUCCESS,TIER_1_API_APTS247,onsite_apply,18,0,proportional_adapter_type_fill,,,,e8010008bea3652cbf919733d995e5c2975a2f10a0c655532ac815ea6c84da3a
67678,Crossroads Westside,601 Avenida Cesar E Chavez,Kansas City,MO,64108,http://www.crossroadswestside.com/,knock,SUCCESS,TIER_1_DOM_JONAH_SSR_UNITS,knock,8,0,proportional_adapter_type_fill,,,,78c447fa13f2ba7ade3ccf9ed6af296190c44f5536acfdb5dfe56742211bb9dd
270484,The Casco,201 Federal St,Portland,ME,4101,https://liveredfern.com/buildings/aucocisco/,rentcafe,SUCCESS_PLAN_LEVEL,TIER_1_API_RENTCAFE_SHAPE_REJECTED,rentcafe,0,4,state_floor,,,,0397c20a1f587a41a5eaaeae218028fc562c53e3ae5e95e4332d01533e434dfc
1783,Madison at Largo,601 Rosery Rd NE,Largo,FL,33770,https://gscapts.com/apartments/florida/madison-at-largo/,knock,SUCCESS,TIER_1_KNOCK_API_DIRECT,,34,0,finding_evidence_census,5,knock,,4be0fddf942d459663fbd5e3523b45cf85852f77e7e32a2b3e603f6a827256b0
260340,Linden At The Rim,15022 Vance Jackson Rd,San Antonio,TX,78249,https://www.hgliving.com/apartments/tx/san-antonio/linden-at-the-rim,knock,SUCCESS,TIER_1_KNOCK_API,knock,43,0,finding_evidence_census,41,mri_prospectconnect,,d520222920468b7bf9d15eb95dd27ee710786e37247efc968c12a842d4271eb1
26312,Creekwood Estates,1328 Lake St NE,Hopkins,MN,55343,https://highlandapts.com/Property%20Details/?pid=6,UNATTRIBUTED,FAILED_NO_DATA,,,0,0,proportional_adapter_type_fill,,,,515a708774087e65a0fdf9ef73bc703e4c0bbe9fa90c4ee934e1d8c89f27d773
24998,Liberty Park Apartments,1 Matthew Ln,Braintree,MA,2184,https://www.equityapartments.com/south-boston/braintree/liberty-park-apartments,equity,SUCCESS,TIER_1_API_EQUITY,equity,10,0,finding_evidence_census,33,equity,,60cc3437abcc421a7006a39cdecf2093693a66646fbce5e02e4c373266c4edb4
269985,Resia Tributary,1851 Market St,Douglasville,GA,30135,https://www.resiatributary.com/,fortresstech,SUCCESS,TIER_1_SSR_FORTRESSTECH,fortresstech,68,0,finding_evidence_census,35,fortresstech,,7202d62a64756090f13f6e88aed572eead1375610aada6d3fa973dfbc778e826
218757,The Village Drey,5630 Village Glen Dr,Dallas,TX,75206,https://www.thevillagedallas.com/properties/the-village-drey/,entrata,SUCCESS,TIER_1_DOM_ENTRATA_PP_DATA_ATTR,entrata,18,0,proportional_adapter_type_fill,,,,10c25336302839eac03a36cc72532838e7b6f04d9d363571b6c48c6aeec3f1d5
738,Cross Creek,22 Creek Rd,Irvine,CA,92604,https://www.irvinecompanyapartments.com/communities/cross-creek,irvine,SUCCESS,TIER_1_API_IRVINE,irvine,3,0,finding_evidence_census,30,irvine,,e5422b6584a9379bd364e74b3072a7a47b23f2f3473dfb7cb3fd5c9747e202d9
540,Bridgepoint I,1500 Monument Rd,Jacksonville,FL,32225,https://www.hgliving.com/apartments/fl/jacksonville/bridgepoint/#/,mri_prospectconnect,SUCCESS,TIER_1_API_KNOCK_DNI_CONFIG,knock,1,0,finding_evidence_census,41,mri_prospectconnect,,e0e83fa66df75d680c7b7cb659b6cf3b0c4522b90657b465e6ef682d63ba99d7
71143,The Cedars at Johns Creek,2100 Addison Ln,Johns Creek,GA,30005,https://www.cedarsatjohnscreek.com/,funnel,SUCCESS,TIER_1_API_RENTCAFE_SECURECAFE,funnel,33,0,proportional_adapter_type_fill,,,,6ef9b6cc68415254c3f1594e6f18df83bf6fd310bde66ad29dddfceec5093d88
221098,Ayla Stonebriar,3030 Ohio Dr,Frisco,TX,75035,https://www.equityapartments.com/dallas/frisco/ayla-stonebriar-apartments##neighborhood-tile,sightmap,SUCCESS,TIER_1_API_SIGHTMAP_IFRAME,sightmap,20,6,finding_evidence_census,33,equity,,2444148125cfa585e4da0138c8a7e4413292d90d070cce040d3a67250358126d
147,West of Eastland,3752 Knightsway Ln,Columbus,OH,43232,https://www.westofeastlandbyelon.com,rentcafe,SUCCESS,TIER_1_RENTCAFE_SECURECAFE_DIRECT,,6,0,proportional_adapter_type_fill,,,,6ce3e44edaa898e92049841d6d88c3e708ca93a895992fbd9b59700dbb0ec77b
2594,The Reserve At Capital Center,3466 Data Dr,Rancho Cordova,CA,95670,https://www.elevatetosequoia.com/apartments/ca/rancho-cordova/reserve-at-capital-center-apartment-homes/,repli360,SUCCESS,TIER_1_API_REPLI360,repli360,24,0,finding_evidence_census,27,repli360,,57e1e3122166d3020d10222d8cfc435f3c0ace5c5f29a577856eb54a6c01070b
241432,Cricket Flats,65 Cricket Ave,Ardmore,PA,19003,http://cricketflats.com/,squarespace_nopms,SUCCESS,TIER_1_DOM_SQUARESPACE_UNIT_BLOCK,squarespace_nopms,8,4,finding_evidence_census,45,squarespace_nopms,,cf42796a8a1106f181c0f606d09ed77bbf90038058eac95b64000f5f7fec59b1
252947,Gage Crossing,5927 Avery Woods Ave,Dublin,OH,43016,https://www.ardentcommunities.com/apartments/dublin/gage-crossing,appfolio,SUCCESS_PLAN_LEVEL,TIER_1_DOM_APPFOLIO_VANITY,appfolio,1,0,observed_adapter_type_stratum,,,,79be95d9f4bab883fff17c9c6f4479a814f34e2e5d4fb14a86d89dbfb9a1859c
37388,Villas At Wylie,600 Woodbridge Pkwy,Wylie,TX,75098,http://www.villasatwylie.com/,edificecms,SUCCESS,TIER_1_API_EDIFICECMS,edificecms,35,7,finding_evidence_census,39,edificecms,,fa990da932a513d382de71ee450205bad5523fd851871e38336843557e410a5d
46179,East Hampton,2901 N Governeour St,Wichita,KS,67226,https://www.hayloftapartmenthomes.com/east-hampton-estates,wix_nopms,FAILED_NO_DATA,SYNDICATION_ONLY_WIX,wix_nopms,0,0,finding_evidence_census,47,wix_nopms,,4a88deb069942c2f33253cfee301976b39df36cec0b5b5f582af92a9806b6973
14117,Marquis at Great Hills,10050 Great Hills Trl,Austin,TX,78759,www.mqgreathills.com,repli360,SUCCESS,TIER_1_API_REPLI360,repli360,33,0,finding_evidence_census,27,repli360,,c79d0c0fd58bb282b2308c041bd16708fd8459e3635ab116fb0e254580b69fc0
266951,Seven Oaks,2332 N 7th St,Phoenix,AZ,85006,https://www.livesevenoaks.com/,rentcafe,SUCCESS,TIER_1_API_RENTCAFE_SECURECAFE,rentcafe,40,0,proportional_adapter_type_fill,,,,8f720d642bfbcac651abd95b840345214cef3620588b80ce627504711c0aac41
37716,Ten20,10710 NE 10th St,Bellevue,WA,98004,https://www.udr.com/seattle-apartments/bellevue/ten20/,generic_plan_text,SUCCESS,TIER_1_JSONLD_UDR,generic_plan_text,9,0,finding_evidence_census,16,udr,,1f3af04d8b155a3134050a1391134fd94b3d47520d3ef7e6ca274f4eebf80871
63771,Apex,1102 S Abel St,Milpitas,CA,95035,https://www.essexapartmenthomes.com/apartments/milpitas/apex?sc_camp=2648D1300BEC431BB11EB86F02F52DBD&utm_source=googlesearch,essex,SUCCESS,TIER_1_API_ESSEX,essex,17,0,finding_evidence_census,34,essex,,f8620b8f134658ba647e70771466484e6a7ec0d458c12dc25bfce4d680fb6c85
1165,Tustin View,2002 & 2010 N Ponderosa St,Santa Ana,CA,92705,https://www.allenproperties.net/tustin-view-santa-ana-ca/,onsite_apply,SUCCESS,TIER_1_API_ONSITE_APPLY,onsite_apply,3,0,finding_evidence_census,32,onsite_apply,,745c4520c8494d0512efa964df1720624732826e833c7716139b3826dc4e750a
5194,The Nathaniel,9220 Nathaniel St,Houston,TX,77075,https://www.thenathanielapartments.com/,rentcafe,SUCCESS,TIER_1_RENTCAFE_SECURECAFE_DIRECT,,34,0,proportional_adapter_type_fill,,,,d1d15024ee502cce6898c8ac8fc4be0e19195f8aa53c1bb39033b393fff044f3
48092,Edgewater Village,5500 Weslo Willow Dr,Greensboro,NC,27409,https://www.edgewatervillageapts.com/,entrata,SUCCESS,TIER_1_DOM_ENTRATA_PP_HYPERBROWSER_UNIT_LEVEL,entrata,23,0,proportional_adapter_type_fill,,,,f26ac87476966b569b8c5e37218c55e3087af671f53fa5fd5f6455530756211d
60578,1105 Town Brookhaven,1105 Town Blvd,Atlanta,GA,30319,http://www.1105townbrookhaven-apts.com/,rentcafe,SUCCESS,TIER_1_API_RENTCAFE_SECURECAFE,rentcafe,23,0,proportional_adapter_type_fill,,,,66ae7c9b004fe668a6e1a1d693679b0515a17087b49963447d0f6baefd82c651
3106,Woodhollow,4502 Lake Shore Dr,Waco,TX,76710,http://www.woodhollowwaco.com/,rentmanager,SUCCESS,TIER_3_DOM_RENTVISION_UNIT_LEVEL,rentmanager,7,0,proportional_adapter_type_fill,,,,50f17d4ff1d5587a4e85be9abc118cce8489f9574b3be692bd47da844da77747
4167,The Hilltop,2402 S 61st St,Temple,TX,76502,https://www.the-hilltop.com/,knock,SUCCESS,TIER_1_KNOCK_API_DIRECT,,27,0,proportional_adapter_type_fill,,,,ace182cbdd7abdcc24d83be36a81b76407127b1fa67bbae99cef09be9e5e9b05
260872,Balsa,1313 L St NW,Washington,DC,20005,https://livebalsa.com/,rentcafe,SUCCESS,TIER_1_API_RENTCAFE_SECURECAFE,rentcafe,34,0,proportional_adapter_type_fill,,,,ec481ea016fc385e07d4008452bef2ff7447615a898a31757f7c2e4b06f3f089
3749,Highlands of Marin,1001 Cresta Way,San Rafael,CA,94903,https://www.udr.com/san-francisco-bay-area-apartments/san-rafael/highlands-of-marin/,generic_plan_text,SUCCESS,TIER_1_JSONLD_UDR,generic_plan_text,14,0,finding_evidence_census,16,udr,,6222d5133ea5917a75f933941f27084e7ea4fb8e4ec8951f49249657cc35f32b
246757,V2,250 Vale St,Chelsea,MA,2150,https://www.v2apts.com/,rentcafe,SUCCESS,TIER_1_RENTCAFE_SECURECAFE_DIRECT,,31,0,proportional_adapter_type_fill,,,,a9689375418606e3ad9fff89387bc631cfcece7165dceb1e7f6557109c5f43ff
30918,Cortland Bear Creek,1401 TX-360,Euless,TX,76039,https://cortland.com/apartments/cortland-bear-creek/,cortland,SUCCESS,TIER_1_API_CORTLAND,cortland,26,0,proportional_adapter_type_fill,,,,50979252dd902a043cacf57137be05358347ddbf8245750431fd3a555b4656c4
4101,Ocean Oaks,1645 Dunlawton Ave,Port Orange,FL,32127,http://www.oceanoaksapts.com/,knock,SUCCESS,TIER_1_KNOCK_API,knock,19,0,proportional_adapter_type_fill,,,,b6758d00db65196cb0cd08b343db7db671c867df007a47ca17fcc2b2afd02fda
294569,Mihir Taylor,201 Gatehouse Way,Taylor,TX,76574,https://www.mihirtaylor.com/,rentcafe,SUCCESS,TIER_1_API_RENTCAFE_SECURECAFE,rentcafe,34,0,proportional_adapter_type_fill,,,,8622f9717b06033c2d54a81dc8ed4f5b34731c3e307b5701d91b88ce196e77fd
13305,Portola Redlands,1250 N University St,Redlands,CA,92374,https://www.portolaredlands.com/,marketapts,SUCCESS,TIER_1_DOM_MARKETAPTS_B_UNIT_LEVEL,marketapts,2,0,finding_evidence_census,40,marketapts,,2c78177d610f76f59ec48ac8022d29b1fe1cdffdc635bd001d6fe0de4dace63e
27999,Echo Pointe,4300 Echo Ct,La Mesa,CA,91941,https://www.liveatechopointe.com/,marketapts,SUCCESS,TIER_1_DOM_MARKETAPTS_B_UNIT_LEVEL,marketapts,4,5,finding_evidence_census,40,marketapts,,b4d0c338946d5f19ef72bc021fa6b6e347e3f9ba72aafdca607e8a4eda36f098
119144,Windsor Burnet,10301 Burnet Rd,Austin,TX,78758,https://www.windsorburnet.com/,funnel,SUCCESS,TIER_1_DOM_FUNNEL_SPACES,funnel,30,0,finding_evidence_census,25,funnel_spaces,,fa220a5f688477faf6616e4a1339ed19ce5ed1f9f6f11d393b7720f44e026564
269311,Link Apartments Calyx,55 Maxwell Rd,Chapel Hill,NC,27517,https://www.linkapartmentscalyx.com/,rentcafe,SUCCESS,TIER_1_API_RENTCAFE_SECURECAFE,rentcafe,17,0,proportional_adapter_type_fill,,,,65b7d330254b55d6b7ae1e4494f2dc5bdea87e23f3e7ca3bfe717453236d9f8d
17966,Terraces at Clearwater Beach,1121 Druid Rd,Clearwater,FL,33756,https://www.terracesatclearwaterbeach.com/,rentcafe,SUCCESS,TIER_1_API_RENTCAFE_SECURECAFE,rentcafe,5,0,proportional_adapter_type_fill,,,,3f320b96e010df76328d6a9202b677273c79fa97ee39963919997f2d705c1b05
36175,Chocolate Works,231 N 3rd St,Philadelphia,PA,19106,https://chocolateworks-living.com/,rentcafe,SUCCESS,TIER_1_API_RENTCAFE_SECURECAFE,rentcafe,15,0,route_candidate:reinhold,,,reinhold,9ff59f94e8b16d48731a661d65f7d61bfe36d6d7c2cbbc10d44010032eafec18
269594,Marlowe Place,1226 Bexton St,Charlotte,NC,28273,https://livemarloweplace.com/home,repli360,SUCCESS,TIER_1_API_REPLI360,repli360,3,0,proportional_adapter_type_fill,,,,920d99791fc8099e69331d9378ba2a040cd54842b04575ec5cbccb5a07bbe2f4
2507,Terrain,5112 S 1st St,Austin,TX,78745,www.terrainaustin.com,appfolio,SUCCESS,TIER_1_DOM_APPFOLIO_VANITY,appfolio,1,0,proportional_adapter_type_fill,,,,a3a43ee6bd7ab9e5b56d44133ba85ee1a3f0c4700e259446b05c90ab70274ba3
27190,The Park at Palermo,4302 Gunn Hwy,Tampa,FL,33618,https://theparkatpalermo.com/,funnel,SUCCESS,TIER_3_DOM_RENTVISION_UNIT_LEVEL,funnel,9,0,proportional_adapter_type_fill,,,,fd24d30e55e66df0d79a1013b40201ce3e39ae35bc779408a256e65e8d6eafe3
261116,Copper Pointe,6410 S New Braunfels Ave,San Antonio,TX,78223,https://copperpointeapts.com/,realpage_oll,FAILED_NO_DATA,TIER_1_API_REALPAGE_OLL,knock,0,0,observed_adapter_type_stratum,,,,17b4808f1f813b27984aadb2c816b20e6981ec8faca7c25e30c135d27c291869
43372,Water's Edge,23951 Lakeshore Blvd,Euclid,OH,44123,http://www.thewatersedgeapts.com/,rentcafe,SUCCESS,TIER_1_DOM_RENTCAFE_AVAILABLEUNITS_ROSTER,rentcafe,3,0,proportional_adapter_type_fill,,,,7a7bc9d9572de71a50942d887a613d77d383196806c3cbafd97d50320a1ff45e
221389,Troy Apartment Homes,602 Folmar St,Troy,AL,36081,https://www.troyal.net/,generic,SUCCESS,TIER_3_DOM,rentaladdress,18,0,proportional_adapter_type_fill,,,,b862c1dcb2bf29680ab93a8c8f1ce4ee16d86bae848b25aee38f04bd62667868
246152,Oxford at Lake View,3300 S Garrison Rd,Corinth,TX,76210,http://www.oxfordlakeview.com/,residentservices365,SUCCESS,TIER_1_DOM_365RESIDENTSERVICES_UNIT_LEVEL,residentservices365,28,0,finding_evidence_census,36,residentservices365,,9a7c29a975c48ac873cb6fa50ae4a025c3c3438d83d28bfe2468f5044b289ceb
217796,Old Shell Lofts,1706 Old Shell Rd,Mobile,AL,36604,https://themobilelofts.com/apartments/al/mobile/the-old-shell-lofts/,encoreskyline_template,FAILED_NO_DATA,ENCORESKYLINE_NO_UNITS,encoreskyline_template,0,0,observed_adapter_type_stratum,,,,1ef0158a14638cd17d6e99b3ce04ed841691e92677d7c0318bb9d5e8e1c4f2a5
3307,The Lake House at Martins Landing,1500 Harbor Landing,Roswell,GA,30076,https://www.lakehouseatmartinslanding.com/,knock,SUCCESS,TIER_1_KNOCK_API_DIRECT,,49,0,proportional_adapter_type_fill,,,,94b70a03fd51768c710de321b952c1c317da277b4e5c0657328c866a33433d29
297075,Tribute Verdae,810 Woodruff Rd,Greenville,SC,29607,https://tributeverdae.com/,entrata,SUCCESS_PLAN_LEVEL,TIER_1_DOM_ENTRATA_PP_SSR_PLAN_LEVEL,entrata,0,5,proportional_adapter_type_fill,,,,ef03f51fec554a6ceed40750760df811ba2d6854d4151fb513dee45f7ceba1fa
298632,Churchwoods,320 Chapel Dr,Lafayette,IN,47909,https://www.topelitehomes.com/churchwoods-apartments/,appfolio,SUCCESS,TIER_1_DOM_APPFOLIO_VANITY,appfolio,3,0,proportional_adapter_type_fill,,,,ded3ba4ae6b9dd679d4af6b1b773bb85da6d9a706e0207b9ef68bf51f6a7d42e
263992,Rivermont Park,2935 Rivermont Ave,Lynchburg,VA,24503,https://www.rivermontparkapts.com/,entrata,SUCCESS,TIER_1_DOM_ENTRATA_PP_HYPERBROWSER_UNIT_LEVEL,entrata,5,0,proportional_adapter_type_fill,,,,9c77a6aa0c68fd2690eff0b668da1d8fc34605a4668329588d1962c97b499b0d
5974,Promenade at Aventura Apartments,19680 E Country Club Dr,Aventura,FL,33180,https://www.promenadeataventuraapartments.com/,rentcafe,SUCCESS,TIER_1_API_RENTCAFE_SECURECAFE,rentcafe,11,0,finding_evidence_census;route_candidate:rentcafe_unit_roster,18,securecafe,rentcafe_unit_roster,5ed3c7e1cbe247484ef3f280131764993c50aa1dc075bb070a396f971ae82b0b
2955,2501 Porter Apartments,2501 Porter St NW,Washington,DC,20008,http://www.equityapartments.com/washington-dc/washington-dc-apartments/cleveland-park/2501-porter-apartments.aspx,equity,SUCCESS,TIER_1_API_EQUITY,equity,13,0,finding_evidence_census;route_candidate:equity_apartments,33,equity,equity_apartments,e50ee1c3c5596a980ae9b6d3969ed979fece337fdd9524ec98b87a8fe742be74
265110,Bexley Sugarloaf,1290 Old Peachtree Rd NW,Duluth,GA,30097,https://www.bexleysugarloaf.com/,rentcafe,SUCCESS,TIER_1_DOM_RENTCAFE_AVAILABLEUNITS_ROSTER,rentcafe,36,0,proportional_adapter_type_fill,,,,e076de2a64206ca89817fe83a3c4cc78e48ca180e087cd82bba730fa6ec4e6e7
37386,AMLI Quadrangle,2717 Howell St,Dallas,TX,75204,https://www.amli.com/apartments/dallas/downtown-dallas-apartments/amli-quadrangle,amli,SUCCESS,TIER_1_API_AMLI_NEXT_DATA,amli,49,0,finding_evidence_census,31,amli,,875428346d0f8467518e6778a7bb151b4203d4eb2e5db3c2db485c6ff3e95c61
241655,Encore Skyline,2001 S Hudson Ave,Boise,ID,83705,https://encoreskyline.com/,onsite_apply,SUCCESS,TIER_1_DOM_JONAH_SSR_UNITS,onsite_apply,5,0,proportional_adapter_type_fill,,,,adb03c61087c0906e8413a91df778b6f8b19c8393bd9e32a667b68224d735bc5
12370,Rockbrook Creek I,2200 Uecker Dr,Lewisville,TX,75067,https://www.hgliving.com/apartments/tx/lewisville/rockbrook-creek/,knock,SUCCESS,TIER_1_KNOCK_API,knock,35,0,finding_evidence_census,41,mri_prospectconnect,,e0f2d35ebabab46f31952d5d20d926103293af347047e377c91acddc4a2b34bc
46561,Preserve at Creekside,1299 Antelope Creek Dr,Roseville,CA,95678,http://www.thepreserveatcreeksideapts.com/,onsite_apply,SUCCESS,TIER_1_API_G5,onsite_apply,12,0,finding_evidence_census,32,onsite_apply,,ea4a7b43e447e62547f65e684bf6465aed4027a5bb97aa6b327469708718d6f2
1765,Annaberg,2905 Arrowhead Dr,Augusta,GA,30909,https://www.augustarentalhomes.net/_system/listings/56/2905-Arrowhead-Drive---D3-Augusta-GA-30909-US,nesthub_public,SUCCESS,TIER_1_PUBLIC_NESTHUB_SSR_EXACT_PROPERTY,generic_plan_text,1,0,finding_evidence_census,49,non_registry,,5454a1cfed1aab0a787da074c611c9d328724d7ad148212f6d603b5c779fbea7
36268,Stoney Creek,570 Stowell Dr,Rochester,NY,14616,http://www.stoneycreekapthomes.com/,wix_nopms,SUCCESS_PLAN_LEVEL,SYNDICATION_ONLY_WIX,wix_nopms,0,10,finding_evidence_census,47,wix_nopms,,82385c42e67464a4fbd8422d422b565597de5c7d824cfee5b085ed4eb5efd5d8
259784,Reflection Pointe,4720 Ardmore Dr,Ooltewah,TN,37363,https://www.southwoodrealty.com/community/reflection-pointe-tn/,UNATTRIBUTED,FAILED_UNREACHABLE,generic:no_body_short_circuit,,0,0,proportional_adapter_type_fill,,,,86bcdbe435e8a50df009e1448ae2f6155e16b692f954936969e8b31180262790
17320,The Villas of Renaissance,5280 Fiore Terrace,San Diego,CA,92122,https://www.irvinecompanyapartments.com/communities/the-villas-of-renaissance,irvine,SUCCESS,TIER_1_API_IRVINE,irvine,3,0,finding_evidence_census,30,irvine,,a6286e901c957ca5860a4348a63668d130ed2f12203866da3dcdeec85b36d64e
24180,Pinnacle at Otay Ranch,1310 Santa Rita E,Chula Vista,CA,91913,https://www.essexapartmenthomes.com/california/san-diego-area-apartments/chula-vista-apartments/pinnacle-otay-ranch,essex,SUCCESS,TIER_1_API_ESSEX,essex,17,0,finding_evidence_census,34,essex,,9d196fbbd92cd18fd60e4f8f98e4daff413954b44c326351ac1d2f1f2da655eb
3116,Lakeside Terraces,44525 Pine Dr,Sterling Heights,MI,48313,www.lakesideterracesapts.com,knock,SUCCESS,TIER_1_KNOCK_API,knock,41,0,proportional_adapter_type_fill,,,,710e540f0d4c3692c3cf105f5816784137b49284aad58edc4969fc6956f6afd9
262292,Camelot at Marlboro,98 Lukas Blvd,Morganville,NJ,7751,https://www.kaplanatmarlboro.com/,entrata,SUCCESS,TIER_1_DOM_ENTRATA_PP_HYPERBROWSER_UNIT_LEVEL,entrata,20,0,proportional_adapter_type_fill,,,,a74c01c159e5b1277d27861586a604ffb4aa891595ebfc989dd765630e38c130
25781,Mayflower,205 34th St,Virginia Beach,VA,23451,https://www.iliveonthebeach.com/,realpage_oll,SUCCESS,TIER_1_API_REALPAGE_ONLINELEASING_GETUNITS,onesite,74,11,finding_evidence_census,26,realpage_getunits,,8374387453f3a8fd47af45124de57e685bf452cc8bef7cdf6f1444a99a0edc95
71345,Westgate Village Townhouses,680 Pinckney Ct,Comstock Park,MI,49321,https://www.westgate-village-townhouses.com/,wix_nopms,FAILED_NO_DATA,SYNDICATION_ONLY_WIX,wix_nopms,0,0,finding_evidence_census,47,wix_nopms,,c58d817ef55ce070d6625da18788f03706a92482f87deac14debfd7bfb9587ab
246304,Vista Creek Apartments,22432 Center St,Castro Valley,CA,94546,https://www.vistacreekaptliving.com/,generic,SUCCESS_PLAN_LEVEL,TIER_2_JSONLD,onsite_apply,4,1,finding_evidence_census,32,onsite_apply,,d0237cb474bddc42c44a1fddea6ea1f2c5c4b9555224a9a26020e2bb6eca3397
44153,Arlo of Olathe,1890 N Lennox St,Olathe,KS,66061,http://www.thelennoxofolathe.com/,rentcafe,SUCCESS,TIER_1_DOM_RENTCAFE_AVAILABLEUNITS_ROSTER,knock,1,0,proportional_adapter_type_fill,,,,68c70d16ac409944528db26a6d8d6109132cc9d1387b246ce6ff26697a313482
2982,Cortland on Pike,1850 Columbia Pike,Arlington,VA,22204,https://cortland.com/apartments/cortland-on-pike/,cortland,SUCCESS,TIER_1_API_CORTLAND,cortland,58,0,finding_evidence_census,9,cortland,,d80cbb27ff77559476745cccb4c9d0525872e4994f2be38228af90f2d0df1a31
231711,Williamsburg on the Lake,302 Village Dr,Mishawaka,IN,46545,www.williamsburgmishawaka.com,rentcafe,SUCCESS,TIER_1_API_RENTCAFE_SECURECAFE,rentcafe,38,0,proportional_adapter_type_fill,,,,7e304856d8dbabeeb57a986c08061b4094066aff6fdf6a03c79275d1749c5300
35256,Camden Manor Park,4000 Manor Club Dr,Raleigh,NC,27612,https://www.camdenliving.com/apartments/raleigh-nc/camden-manor-park,camden,SUCCESS,TIER_1_DOM_CAMDEN,camden,10,0,finding_evidence_census,44,camden,,f26380cd66a25d64cc975075f9b4f6823b0bcedf928e11294440596670520aaa
218177,Mill & Main,501 SE Main St,Minneapolis,MN,55414,www.millandmain.com,funnel,FAILED_NO_DATA,TIER_1_API_FUNNEL_NO_RESPONSE,funnel,0,0,observed_adapter_type_stratum,,,,c940d208f69b3fdfd05b149360599731d502bebbf97ee00749bb04a5fa6bf8a8
35968,Westheimer,2001 Westheimer Rd,Houston,TX,77098,http://www.thewestheimer.com/,rentcafe,SUCCESS,TIER_1_API_RENTCAFE_SECURECAFE,rentcafe,19,0,proportional_adapter_type_fill,,,,138c0343bd11817bb73d6f9a70f9dca92806b25683bb8f454befee67a0829f39
9394,Sun Ridge Apartments,6608 South Fwy,Fort Worth,TX,76134,https://www.cethron.com/sunridge,generic,SUCCESS,TIER_3_DOM,appfolio,4,9,proportional_adapter_type_fill,,,,157b24a716c8df3c981a08ec45cda51830f02e9f1072d6bcdd1bf47a5783eab0
63498,Hanover Montrose,3400 Montrose Blvd,Houston,TX,77006,http://www.hanovermontrose.com/,entrata,SUCCESS,TIER_1_DOM_ENTRATA_PP_HYPERBROWSER_UNIT_LEVEL,entrata,34,0,proportional_adapter_type_fill,,,,dc3d5c8a51cb30c80350dfd33dc9d3afea45491ddf25650e8721cd92442394ae
37805,The Gentry's Landing,400 N 4th St,St. Louis,MO,63102,http://www.gentryslanding.com/,wix_nopms,SUCCESS_PLAN_LEVEL,SYNDICATION_ONLY_WIX,wix_nopms,0,5,finding_evidence_census,47,wix_nopms,,85bd1f89a6445c83ef73c5a37bb0efb84ae400346dec13938ae6caaa08cc5eb5
292753,TerraLane at Campo del Sol,51046 Agave Ct,El Paso,TX,79934,https://www.tlcatcampodelsol.com/,knock,SUCCESS,TIER_1_KNOCK_API_DIRECT,,16,0,proportional_adapter_type_fill,,,,3e6bd70a1720a1ed55c98a9ca209df8eea4706a9b5aa0c244794db9202a67729
240745,The Allure at Jefferson I,4660 Monroe Way,Fredericksburg,VA,22407,https://www.liveallureva.com/,wix_nopms,SUCCESS,TIER_1_DOM_APPFOLIO_SSR,wix_nopms,31,0,finding_evidence_census,47,wix_nopms,,31010d2628fc1140a308fb9a689c89ec23da408aae969fe8d5e852dbe3f42661
13181,Park Hill at Issaquah,22500 SE 56th St,Issaquah,WA,98029,https://www.essexapartmenthomes.com/apartments/park-hill-at-issaquah,essex,SUCCESS,TIER_1_API_ESSEX,essex,17,0,finding_evidence_census,34,essex,,289e07d5eee8a2c0ac5c0a4d80bf8215ea3e351a24045a5405fff3bc865f43b4
32540,Stonegate at Devon,300 Avon Rd,Devon,PA,19333,https://www.morgan-properties.com/apartments/pa/devon/avon-road/,rentcafe,SUCCESS,TIER_1_API_RENTCAFE_APPLICANT_FLOORPLANS_V2_HYPERBROWSER,rentcafe,30,10,proportional_adapter_type_fill,,,,8bea627f170f53fad395be7c1745346e6a0cc997f2e9c85a2e21aae17421b48e
23870,The Park at London,2445 Rex Rd,Ellenwood,GA,30294,https://www.liveattheparkatlondon.com/,rentcafe,SUCCESS,TIER_1_API_RENTCAFE_ANCHOR_WALK,knock,20,0,proportional_adapter_type_fill,,,,a7797985923b401bd85ed4d78c5c05762b8770cd23f11b58b52096d88aee4c54
278167,Aspen Vista at Anchor Pointe,548 Aurora Vw Dr,Reno,NV,89506,https://www.aspenvistaliving.com/,onsite_apply,SUCCESS,TIER_1_API_G5,onsite_apply,4,0,finding_evidence_census,32,onsite_apply,,c9c190c39c4bc4cc63594a2cfdef8da5e0858555a50799c36e754da0a548b04a
281369,Dupont Meadows,2131 Sweet Breeze Way,Fort Wayne,IN,46818,https://www.dupontmeadows.com/,g5,SUCCESS,TIER_1_API_G5,g5,5,0,proportional_adapter_type_fill,,,,e68e24417ae42f8c217d9504e9e0cf7959ba7c9465f1cfd164d8e9ffe6987ace
9133,Lane at Towne Crossing,4035 Towne Crossing Blvd,Mesquite,TX,75150,https://www.hgliving.com/apartments/tx/mesquite/lane-at-towne-crossing/?utm_knock=g,knock,SUCCESS,TIER_1_KNOCK_API_DIRECT,,28,0,finding_evidence_census,41,mri_prospectconnect,,9e0e7cd2cb8e6f9a8fcc5135030fdfd4d80776a1183aacc16fc6d6f08cc040a7
276351,The Parkline,4250 Oregon St,San Diego,CA,92104,https://www.parkline.live/,wix_nopms,SUCCESS,TIER_1_API_SIGHTMAP,wix_nopms,3,14,finding_evidence_census,47,wix_nopms,,b22136148685b6cfe4c34071a3f59d946b4cc638e87d640ee4959a5124bb2cce
289463,Redwood Norton I,3599 Redwood Blvd,Norton,OH,44203,https://www.byredwood.com/apartments/oh/norton/redwood-norton?_yTrackUser=MjI1MTUzMTQ2NSMxMDQ3NzUzMDQx-LF%2bgERuLXyU%3d&_yTrackVisit=Mzc4NTY2MjM1MyMyMTQ1Nzk2NjM2-vjUYWiODWkI%3d,rentcafe,SUCCESS,TIER_1_RENTCAFE_SECURECAFE_DIRECT,,5,0,proportional_adapter_type_fill,,,,49ca475277fa1df774a78e62b16c6e64aa4b5a4ef68482ade2129d3b6d7ef79f
218296,Park 7,201 Wimberly St,Fort Worth,TX,76107,https://park7tx.com/,knock,SUCCESS,TIER_1_KNOCK_API_DIRECT,,7,0,proportional_adapter_type_fill,,,,1aabe6c54e17e0c82fb5b06698115c0158e299ed9bdbcd9b9c43f874682e615b
264139,Continuum 115,102 Pullman Ln,Mooresville,NC,28115,https://www.continuum115.com/,knock,SUCCESS,TIER_1_KNOCK_API_DIRECT,,14,0,proportional_adapter_type_fill,,,,452544f917fa56311ac5d330922253791b5c9da0903185f2bb77c4b0606679ac
19108,Canopy,923 112th St SW,Everett,WA,98204,https://www.canopyeverett.com/,generic,SUCCESS,TIER_1_API,onsite_apply,24,0,finding_evidence_census,32,onsite_apply,,cd2fdef67be059fd52668913bc51bbc26d49c81616a9e2d66a0da8f297aa91c7
48762,Whitnall Garden Apartments,9571 W Forest Home Ave,Hales Corners,WI,53130,https://www.wimmercommunities.com/apartments/wi/hales-corners/whitnall-gardens/?utm_knock=gmb,rentcafe,SUCCESS,TIER_1_API_RENTCAFE_SECURECAFE,knock,4,0,proportional_adapter_type_fill,,,,187ad2f2d78ce1927102c778ffb41dbfb0727ffc2fc612d35f152d530464b5a3
224788,Progress Terrace,12230 SW Horizon Blvd,Beaverton,OR,97007,https://www.liveatprogressterrace.com/,marketapts,SUCCESS,TIER_1_DOM_MARKETAPTS_B_UNIT_LEVEL,marketapts,11,1,finding_evidence_census,40,marketapts,,e6b5c7044414efaf6ab2446bc316f62ab3db49c80fdae41f91313dce0009a861
3185,Rosemont Chamblee,3311 Flowers Rd S,Chamblee,GA,30341,https://rosemontchamblee.com/,sightmap,SUCCESS,TIER_1_API_SIGHTMAP_DIRECT,,57,0,proportional_adapter_type_fill,,,,e894a62b9862d23b0b4e53cfcf8810a5169fd3eee45dcb5fa6aca4d378574b17
16961,Creek at 2645 Apartments,2645 Stonecreek Dr,Sacramento,CA,95833,https://www.thecreekat2645.com/,marketapts,SUCCESS,TIER_1_DOM_MARKETAPTS_B_UNIT_LEVEL,marketapts,8,0,finding_evidence_census,40,marketapts,,3660f8e067775843949920ad25036cb7f160c2031b13760078f49eff766abe27
67150,Harbor Vista at Crawford Street,800 Crawford St,Portsmouth,VA,23704,https://www.liveharborvista.com/,wix_nopms,SUCCESS,TIER_1_DOM_APPFOLIO_SSR,wix_nopms,1,0,finding_evidence_census,47,wix_nopms,,af38a8b50b79b30a17caede761a4db53ee2dac4b1814bf3723b32096c404ddb5
7483,West End Flats,200 NC-54,Carrboro,NC,27510,https://www.livewestendflats.com,rentvision,SUCCESS,TIER_3_DOM_RENTVISION_UNIT_LEVEL,rentvision,7,0,proportional_adapter_type_fill,,,,1f6898d4a92bfb39367fb06ee674c78bf8587b91bea55c40244b671925c7c5a1
243936,Centennial Gardens,7841 N Garden Manor Dr,Memphis,TN,38125,http://www.centennialgardensapts.com,resman,SUCCESS,TIER_1_API_RESMAN,resman,727,1,finding_evidence_census,22,resman,,69675570e6542330c4d854291d5d24434e10a1bd8bd71647478ef41f6bf67727
