pid,property_name,city,state,website,top_guess_conventional,top_guess_floor_plans,top_guess_models,top_guess_rentcafe_spa,top_guess_other
4880,Clairmont Reserve,Decatur,GA,www.clairmontreserve.com,https://www.clairmontreserve.com/decatur/clairmont-reserve/conventional/,https://www.clairmontreserve.com/floor-plans/,https://www.clairmontreserve.com/models,https://www.clairmontreserve.com/apartments/ga/decatur/floor-plans#/,https://www.clairmontreserve.com/Floor-plans.aspx
72935,Broadstone Los Feliz,Los Angeles,CA,https://broadstonelosfeliz.com/,https://broadstonelosfeliz.com/los-angeles/broadstone-los-feliz/conventional/,https://broadstonelosfeliz.com/floor-plans/,https://broadstonelosfeliz.com/models,https://broadstonelosfeliz.com/apartments/ca/los-angeles/floor-plans#/,https://broadstonelosfeliz.com/Floor-plans.aspx
4776,Artisan at Downtown Chandler,Chandler,AZ,https://www.liveatartisanatdowntownchandler.com/,https://www.liveatartisanatdowntownchandler.com/chandler/artisan-at-downtown-chandler/conventional/,https://www.liveatartisanatdowntownchandler.com/floor-plans/,https://www.liveatartisanatdowntownchandler.com/models,https://www.liveatartisanatdowntownchandler.com/apartments/az/chandler/floor-plans#/,https://www.liveatartisanatdowntownchandler.com/Floor-plans.aspx
73112,Somerset Place,Chicago,IL,www.somersetplace-apartments.com,https://www.somersetplace-apartments.com/chicago/somerset-place/conventional/,https://www.somersetplace-apartments.com/floor-plans/,https://www.somersetplace-apartments.com/models,https://www.somersetplace-apartments.com/apartments/il/chicago/floor-plans#/,https://www.somersetplace-apartments.com/Floor-plans.aspx
47977,The Palazzo,Tulsa,OK,http://www.palazzotulsa.com/,http://www.palazzotulsa.com/tulsa/the-palazzo/conventional/,http://www.palazzotulsa.com/floor-plans/,http://www.palazzotulsa.com/models,http://www.palazzotulsa.com/apartments/ok/tulsa/floor-plans#/,http://www.palazzotulsa.com/Floor-plans.aspx
47984,River Pointe,North Little Rock,AR,https://www.riverpointeliving.com/,https://www.riverpointeliving.com/north-little-rock/river-pointe/conventional/,https://www.riverpointeliving.com/floor-plans/,https://www.riverpointeliving.com/models,https://www.riverpointeliving.com/apartments/ar/north-little-rock/floor-plans#/,https://www.riverpointeliving.com/Floor-plans.aspx
48389,Village Gate Apartments,Fayetteville,NC,http://www.villagegatenc.com/,http://www.villagegatenc.com/fayetteville/village-gate-apartments/conventional/,http://www.villagegatenc.com/floor-plans/,http://www.villagegatenc.com/models,http://www.villagegatenc.com/apartments/nc/fayetteville/floor-plans#/,http://www.villagegatenc.com/Floor-plans.aspx
72391,Lumina,Conshohocken,PA,https://liveatlumina.com/,https://liveatlumina.com/conshohocken/lumina/conventional/,https://liveatlumina.com/floor-plans/,https://liveatlumina.com/models,https://liveatlumina.com/apartments/pa/conshohocken/floor-plans#/,https://liveatlumina.com/Floor-plans.aspx
72766,Fox Ridge,Royersford,PA,https://www.liveatfoxridge.com/?utm_source=GBP&utm_medium=organic&utm_knock=gbp,https://www.liveatfoxridge.com/royersford/fox-ridge/conventional/,https://www.liveatfoxridge.com/floor-plans/,https://www.liveatfoxridge.com/models,https://www.liveatfoxridge.com/apartments/pa/royersford/floor-plans#/,https://www.liveatfoxridge.com/Floor-plans.aspx
48075,Edgefield,Portsmouth,VA,https://www.edgefieldaptsva.com/,https://www.edgefieldaptsva.com/portsmouth/edgefield/conventional/,https://www.edgefieldaptsva.com/floor-plans/,https://www.edgefieldaptsva.com/models,https://www.edgefieldaptsva.com/apartments/va/portsmouth/floor-plans#/,https://www.edgefieldaptsva.com/Floor-plans.aspx
47945,5400 South,Tulsa,OK,https://www.5400southlc.com/,https://www.5400southlc.com/tulsa/5400-south/conventional/,https://www.5400southlc.com/floor-plans/,https://www.5400southlc.com/models,https://www.5400southlc.com/apartments/ok/tulsa/floor-plans#/,https://www.5400southlc.com/Floor-plans.aspx
72545,,,,https://www.southwoodrealty.com/community/palisades-jacksonville-apartments/,,https://www.southwoodrealty.com/floor-plans/,https://www.southwoodrealty.com/models,,https://www.southwoodrealty.com/Floor-plans.aspx
4775,Parklane Commons,Chandler,AZ,https://www.parklanecommonsaz.com/,https://www.parklanecommonsaz.com/chandler/parklane-commons/conventional/,https://www.parklanecommonsaz.com/floor-plans/,https://www.parklanecommonsaz.com/models,https://www.parklanecommonsaz.com/apartments/az/chandler/floor-plans#/,https://www.parklanecommonsaz.com/Floor-plans.aspx
72743,Della Plaza,North Versailles,PA,https://brandywinecommunities.com/properties/della-plaza/,https://brandywinecommunities.com/north-versailles/della-plaza/conventional/,https://brandywinecommunities.com/floor-plans/,https://brandywinecommunities.com/models,https://brandywinecommunities.com/apartments/pa/north-versailles/floor-plans#/,https://brandywinecommunities.com/Floor-plans.aspx
48564,Arrive Thousand Oaks,Thousand Oaks,CA,https://arrivethousandoaks.com/,https://arrivethousandoaks.com/thousand-oaks/arrive-thousand-oaks/conventional/,https://arrivethousandoaks.com/floor-plans/,https://arrivethousandoaks.com/models,https://arrivethousandoaks.com/apartments/ca/thousand-oaks/floor-plans#/,https://arrivethousandoaks.com/Floor-plans.aspx
48752,Valley Ridge Apartments,El Paso,TX,http://www.valleyridgeapts.com/,http://www.valleyridgeapts.com/el-paso/valley-ridge-apartments/conventional/,http://www.valleyridgeapts.com/floor-plans/,http://www.valleyridgeapts.com/models,http://www.valleyridgeapts.com/apartments/tx/el-paso/floor-plans#/,http://www.valleyridgeapts.com/Floor-plans.aspx
73159,Sundance at Baxter Meadows,Bozeman,MT,https://baxtermeadowsapts.com/,https://baxtermeadowsapts.com/bozeman/sundance-at-baxter-meadows/conventional/,https://baxtermeadowsapts.com/floor-plans/,https://baxtermeadowsapts.com/models,https://baxtermeadowsapts.com/apartments/mt/bozeman/floor-plans#/,https://baxtermeadowsapts.com/Floor-plans.aspx
7287,Ashford Willow Falls,Houston,TX,https://www.ashfordwillowfalls.com/,https://www.ashfordwillowfalls.com/houston/ashford-willow-falls/conventional/,https://www.ashfordwillowfalls.com/floor-plans/,https://www.ashfordwillowfalls.com/models,https://www.ashfordwillowfalls.com/apartments/tx/houston/floor-plans#/,https://www.ashfordwillowfalls.com/Floor-plans.aspx
47991,Rose Vista,Roseville,MN,https://www.myrosevistahome.com/,https://www.myrosevistahome.com/roseville/rose-vista/conventional/,https://www.myrosevistahome.com/floor-plans/,https://www.myrosevistahome.com/models,https://www.myrosevistahome.com/apartments/mn/roseville/floor-plans#/,https://www.myrosevistahome.com/Floor-plans.aspx
48092,Edgewater Village,Greensboro,NC,https://www.edgewatervillageapts.com/,https://www.edgewatervillageapts.com/greensboro/edgewater-village/conventional/,https://www.edgewatervillageapts.com/floor-plans/,https://www.edgewatervillageapts.com/models,https://www.edgewatervillageapts.com/apartments/nc/greensboro/floor-plans#/,https://www.edgewatervillageapts.com/Floor-plans.aspx
47878,Port Royal At Spring Hill,Spring Hill,TN,https://www.portroyaltn.com/,https://www.portroyaltn.com/spring-hill/port-royal-at-spring-hill/conventional/,https://www.portroyaltn.com/floor-plans/,https://www.portroyaltn.com/models,https://www.portroyaltn.com/apartments/tn/spring-hill/floor-plans#/,https://www.portroyaltn.com/Floor-plans.aspx
486,,,,https://rwoodapts.prospectportal.com/,,https://rwoodapts.prospectportal.com/floor-plans/,https://rwoodapts.prospectportal.com/models,,https://rwoodapts.prospectportal.com/Floor-plans.aspx
48668,Arbour,Maumelle,AR,https://www.thearboursmaumelle.com/,https://www.thearboursmaumelle.com/maumelle/arbour/conventional/,https://www.thearboursmaumelle.com/floor-plans/,https://www.thearboursmaumelle.com/models,https://www.thearboursmaumelle.com/apartments/ar/maumelle/floor-plans#/,https://www.thearboursmaumelle.com/Floor-plans.aspx
47982,Dwell at Greenridge,North Charleston,SC,https://www.dwellatgreenridge.com/,https://www.dwellatgreenridge.com/north-charleston/dwell-at-greenridge/conventional/,https://www.dwellatgreenridge.com/floor-plans/,https://www.dwellatgreenridge.com/models,https://www.dwellatgreenridge.com/apartments/sc/north-charleston/floor-plans#/,https://www.dwellatgreenridge.com/Floor-plans.aspx
47750,The Ridge At Chestnut Hill,Columbus,OH,https://www.theridgeatchestnuthillapts.com/,https://www.theridgeatchestnuthillapts.com/columbus/the-ridge-at-chestnut-hill/conventional/,https://www.theridgeatchestnuthillapts.com/floor-plans/,https://www.theridgeatchestnuthillapts.com/models,https://www.theridgeatchestnuthillapts.com/apartments/oh/columbus/floor-plans#/,https://www.theridgeatchestnuthillapts.com/Floor-plans.aspx
73104,ICO Mayfield,Pleasant Grove,UT,www.liveatmayfield.com,https://www.liveatmayfield.com/pleasant-grove/ico-mayfield/conventional/,https://www.liveatmayfield.com/floor-plans/,https://www.liveatmayfield.com/models,https://www.liveatmayfield.com/apartments/ut/pleasant-grove/floor-plans#/,https://www.liveatmayfield.com/Floor-plans.aspx
73179,Lory of Savannah,Savannah,GA,https://www.theloryofsavannah.com/,https://www.theloryofsavannah.com/savannah/lory-of-savannah/conventional/,https://www.theloryofsavannah.com/floor-plans/,https://www.theloryofsavannah.com/models,https://www.theloryofsavannah.com/apartments/ga/savannah/floor-plans#/,https://www.theloryofsavannah.com/Floor-plans.aspx
72723,River View Apartments,Coeur d'Alene,ID,https://www.riverviewapts.net/,https://www.riverviewapts.net/coeur-dalene/river-view-apartments/conventional/,https://www.riverviewapts.net/floor-plans/,https://www.riverviewapts.net/models,https://www.riverviewapts.net/apartments/id/coeur-dalene/floor-plans#/,https://www.riverviewapts.net/Floor-plans.aspx
72631,Linden Lane,Puyallup,WA,http://www.lindenlaneapartmenthomes.com/,http://www.lindenlaneapartmenthomes.com/puyallup/linden-lane/conventional/,http://www.lindenlaneapartmenthomes.com/floor-plans/,http://www.lindenlaneapartmenthomes.com/models,http://www.lindenlaneapartmenthomes.com/apartments/wa/puyallup/floor-plans#/,http://www.lindenlaneapartmenthomes.com/Floor-plans.aspx
73573,Warwick Court Townhomes,Kansas City,MO,http://www.warwickcourttownhomes.com/,http://www.warwickcourttownhomes.com/kansas-city/warwick-court-townhomes/conventional/,http://www.warwickcourttownhomes.com/floor-plans/,http://www.warwickcourttownhomes.com/models,http://www.warwickcourttownhomes.com/apartments/mo/kansas-city/floor-plans#/,http://www.warwickcourttownhomes.com/Floor-plans.aspx
281503,Magnolia on Main,Roanoke,TX,https://www.liveatmagnolia.com/homes/tx/fortworth/magnolia-on-main--8c41ac2869694/,https://www.liveatmagnolia.com/roanoke/magnolia-on-main/conventional/,https://www.liveatmagnolia.com/floor-plans/,https://www.liveatmagnolia.com/models,https://www.liveatmagnolia.com/apartments/tx/roanoke/floor-plans#/,https://www.liveatmagnolia.com/Floor-plans.aspx
282594,Timbercreek,Greensboro,NC,https://www.livewithtimbercreek.com/,https://www.livewithtimbercreek.com/greensboro/timbercreek/conventional/,https://www.livewithtimbercreek.com/floor-plans/,https://www.livewithtimbercreek.com/models,https://www.livewithtimbercreek.com/apartments/nc/greensboro/floor-plans#/,https://www.livewithtimbercreek.com/Floor-plans.aspx
282530,Lumos,Cleveland,OH,https://thelumosapts.com/,https://thelumosapts.com/cleveland/lumos/conventional/,https://thelumosapts.com/floor-plans/,https://thelumosapts.com/models,https://thelumosapts.com/apartments/oh/cleveland/floor-plans#/,https://thelumosapts.com/Floor-plans.aspx
281344,Deca Court,Tacoma,WA,https://www.decacourtapts.com/,https://www.decacourtapts.com/tacoma/deca-court/conventional/,https://www.decacourtapts.com/floor-plans/,https://www.decacourtapts.com/models,https://www.decacourtapts.com/apartments/wa/tacoma/floor-plans#/,https://www.decacourtapts.com/Floor-plans.aspx
282555,Ashford Villas,Chattanooga,TN,https://ashfordvillasapts.com/,https://ashfordvillasapts.com/chattanooga/ashford-villas/conventional/,https://ashfordvillasapts.com/floor-plans/,https://ashfordvillasapts.com/models,https://ashfordvillasapts.com/apartments/tn/chattanooga/floor-plans#/,https://ashfordvillasapts.com/Floor-plans.aspx
28085,Canyon Square Townhomes,Jacksonville,FL,http://www.canyonsquare.com/,http://www.canyonsquare.com/jacksonville/canyon-square-townhomes/conventional/,http://www.canyonsquare.com/floor-plans/,http://www.canyonsquare.com/models,http://www.canyonsquare.com/apartments/fl/jacksonville/floor-plans#/,http://www.canyonsquare.com/Floor-plans.aspx
282340,The Bend at Gretna,Gretna,NE,https://www.thebendatgretna.com/,https://www.thebendatgretna.com/gretna/the-bend-at-gretna/conventional/,https://www.thebendatgretna.com/floor-plans/,https://www.thebendatgretna.com/models,https://www.thebendatgretna.com/apartments/ne/gretna/floor-plans#/,https://www.thebendatgretna.com/Floor-plans.aspx
281770,St. Clair Terrace,Hagerstown,MD,https://www.theapartmentgallery.com/communities/st-clair-terrace#k=90237,https://www.theapartmentgallery.com/hagerstown/st-clair-terrace/conventional/,https://www.theapartmentgallery.com/floor-plans/,https://www.theapartmentgallery.com/models,https://www.theapartmentgallery.com/apartments/md/hagerstown/floor-plans#/,https://www.theapartmentgallery.com/Floor-plans.aspx
281703,Daynor,Tacoma,WA,https://www.thedaynorapts.com/,https://www.thedaynorapts.com/tacoma/daynor/conventional/,https://www.thedaynorapts.com/floor-plans/,https://www.thedaynorapts.com/models,https://www.thedaynorapts.com/apartments/wa/tacoma/floor-plans#/,https://www.thedaynorapts.com/Floor-plans.aspx
282754,The 24 III,Chatsworth,CA,https://www.the24.com/,https://www.the24.com/chatsworth/the-24-iii/conventional/,https://www.the24.com/floor-plans/,https://www.the24.com/models,https://www.the24.com/apartments/ca/chatsworth/floor-plans#/,https://www.the24.com/Floor-plans.aspx
282930,Spring Ridge on Fletcher,Hayward,CA,http://www.springridgeonfletcher.com/?utm_knock=g,http://www.springridgeonfletcher.com/hayward/spring-ridge-on-fletcher/conventional/,http://www.springridgeonfletcher.com/floor-plans/,http://www.springridgeonfletcher.com/models,http://www.springridgeonfletcher.com/apartments/ca/hayward/floor-plans#/,http://www.springridgeonfletcher.com/Floor-plans.aspx
281982,Southton,Elmendorf,TX,https://www.southtonapts.com/,https://www.southtonapts.com/elmendorf/southton/conventional/,https://www.southtonapts.com/floor-plans/,https://www.southtonapts.com/models,https://www.southtonapts.com/apartments/tx/elmendorf/floor-plans#/,https://www.southtonapts.com/Floor-plans.aspx
293667,Grand Lake Towers,Oakland,CA,https://www.lakemerrittapartments.com/oakland/grand-lake-towers/conventional/,https://www.lakemerrittapartments.com/oakland/grand-lake-towers/conventional/,https://www.lakemerrittapartments.com/floor-plans/,https://www.lakemerrittapartments.com/models,https://www.lakemerrittapartments.com/apartments/ca/oakland/floor-plans#/,https://www.lakemerrittapartments.com/Floor-plans.aspx
293112,Riverview,Peterborough,NH,https://keystonemanagement.com/peterborough-new-hampshire-apartments/riverview-apartments/,https://keystonemanagement.com/peterborough/riverview/conventional/,https://keystonemanagement.com/floor-plans/,https://keystonemanagement.com/models,https://keystonemanagement.com/apartments/nh/peterborough/floor-plans#/,https://keystonemanagement.com/Floor-plans.aspx
29448,Manor Homes of Fox Crest,Kansas City,MO,http://www.manorhomesapts.com/,http://www.manorhomesapts.com/kansas-city/manor-homes-of-fox-crest/conventional/,http://www.manorhomesapts.com/floor-plans/,http://www.manorhomesapts.com/models,http://www.manorhomesapts.com/apartments/mo/kansas-city/floor-plans#/,http://www.manorhomesapts.com/Floor-plans.aspx
291774,Gallatin Village,Bend,OR,https://www.123taylor.com/gallatin-village,https://www.123taylor.com/bend/gallatin-village/conventional/,https://www.123taylor.com/floor-plans/,https://www.123taylor.com/models,https://www.123taylor.com/apartments/or/bend/floor-plans#/,https://www.123taylor.com/Floor-plans.aspx
293332,Taverna at the Forum,Fort Myers,FL,https://livetavernaftmyers.com/,https://livetavernaftmyers.com/fort-myers/taverna-at-the-forum/conventional/,https://livetavernaftmyers.com/floor-plans/,https://livetavernaftmyers.com/models,https://livetavernaftmyers.com/apartments/fl/fort-myers/floor-plans#/,https://livetavernaftmyers.com/Floor-plans.aspx
293154,Kinsley,Bethel,CT,https://www.kinsleyct.com/,https://www.kinsleyct.com/bethel/kinsley/conventional/,https://www.kinsleyct.com/floor-plans/,https://www.kinsleyct.com/models,https://www.kinsleyct.com/apartments/ct/bethel/floor-plans#/,https://www.kinsleyct.com/Floor-plans.aspx
293923,,,,https://www.woodsatcountrysidecrossing.com/,,https://www.woodsatcountrysidecrossing.com/floor-plans/,https://www.woodsatcountrysidecrossing.com/models,,https://www.woodsatcountrysidecrossing.com/Floor-plans.aspx
294493,,,,https://krcapartments.com/property-detail/?propid=587&propname=Ashland%20Apartments,,https://krcapartments.com/floor-plans/,https://krcapartments.com/models,,https://krcapartments.com/Floor-plans.aspx
292955,3140 Clybourn,Chicago,IL,https://www.3140clybourn.com/,https://www.3140clybourn.com/chicago/3140-clybourn/conventional/,https://www.3140clybourn.com/floor-plans/,https://www.3140clybourn.com/models,https://www.3140clybourn.com/apartments/il/chicago/floor-plans#/,https://www.3140clybourn.com/Floor-plans.aspx
2948,Crystal Woods of Alexandria,Alexandria,VA,www.crystalwoodsapts.com,https://www.crystalwoodsapts.com/alexandria/crystal-woods-of-alexandria/conventional/,https://www.crystalwoodsapts.com/floor-plans/,https://www.crystalwoodsapts.com/models,https://www.crystalwoodsapts.com/apartments/va/alexandria/floor-plans#/,https://www.crystalwoodsapts.com/Floor-plans.aspx
294552,Red Hawk Laurel Grey,Bend,OR,https://www.redhawklaurelgrey.com/,https://www.redhawklaurelgrey.com/bend/red-hawk-laurel-grey/conventional/,https://www.redhawklaurelgrey.com/floor-plans/,https://www.redhawklaurelgrey.com/models,https://www.redhawklaurelgrey.com/apartments/or/bend/floor-plans#/,https://www.redhawklaurelgrey.com/Floor-plans.aspx
292744,Chartwell Commons at Green Lea,Gallatin,TN,https://www.chartwellcommonsatgreenlea.com/,https://www.chartwellcommonsatgreenlea.com/gallatin/chartwell-commons-at-green-lea/conventional/,https://www.chartwellcommonsatgreenlea.com/floor-plans/,https://www.chartwellcommonsatgreenlea.com/models,https://www.chartwellcommonsatgreenlea.com/apartments/tn/gallatin/floor-plans#/,https://www.chartwellcommonsatgreenlea.com/Floor-plans.aspx
294610,Virginia Flats,St Paul,MN,https://krcapartments.com/property-detail/virginia-flats/,https://krcapartments.com/st-paul/virginia-flats/conventional/,https://krcapartments.com/floor-plans/,https://krcapartments.com/models,https://krcapartments.com/apartments/mn/st-paul/floor-plans#/,https://krcapartments.com/Floor-plans.aspx
294795,Emerson 2537,Minneapolis,MN,https://krcapartments.com/property-detail/?propid=632&propname=2537%20Emerson,https://krcapartments.com/minneapolis/emerson-2537/conventional/,https://krcapartments.com/floor-plans/,https://krcapartments.com/models,https://krcapartments.com/apartments/mn/minneapolis/floor-plans#/,https://krcapartments.com/Floor-plans.aspx
24180,Pinnacle at Otay Ranch,Chula Vista,CA,https://www.essexapartmenthomes.com/california/san-diego-area-apartments/chula-vista-apartments/pinnacle-otay-ranch,https://www.essexapartmenthomes.com/chula-vista/pinnacle-at-otay-ranch/conventional/,https://www.essexapartmenthomes.com/floor-plans/,https://www.essexapartmenthomes.com/models,https://www.essexapartmenthomes.com/apartments/ca/chula-vista/floor-plans#/,https://www.essexapartmenthomes.com/Floor-plans.aspx
242360,Oaks Vernon,Edina,MN,http://www.oaksvernon.com/,http://www.oaksvernon.com/edina/oaks-vernon/conventional/,http://www.oaksvernon.com/floor-plans/,http://www.oaksvernon.com/models,http://www.oaksvernon.com/apartments/mn/edina/floor-plans#/,http://www.oaksvernon.com/Floor-plans.aspx
243358,The Villas of Castleton,Marietta,PA,http://www.castletonvillas.com/,http://www.castletonvillas.com/marietta/the-villas-of-castleton/conventional/,http://www.castletonvillas.com/floor-plans/,http://www.castletonvillas.com/models,http://www.castletonvillas.com/apartments/pa/marietta/floor-plans#/,http://www.castletonvillas.com/Floor-plans.aspx
242349,Reveal on the Lake,Rowlett,TX,https://www.revealonthelake.com/,https://www.revealonthelake.com/rowlett/reveal-on-the-lake/conventional/,https://www.revealonthelake.com/floor-plans/,https://www.revealonthelake.com/models,https://www.revealonthelake.com/apartments/tx/rowlett/floor-plans#/,https://www.revealonthelake.com/Floor-plans.aspx
24332,Parkway Green,Union City,CA,https://www.parkwaygreenapts.com/,https://www.parkwaygreenapts.com/union-city/parkway-green/conventional/,https://www.parkwaygreenapts.com/floor-plans/,https://www.parkwaygreenapts.com/models,https://www.parkwaygreenapts.com/apartments/ca/union-city/floor-plans#/,https://www.parkwaygreenapts.com/Floor-plans.aspx
241981,Hills At Sandy Station,Sandy,UT,www.hillsatsandystation.com,https://www.hillsatsandystation.com/sandy/hills-at-sandy-station/conventional/,https://www.hillsatsandystation.com/floor-plans/,https://www.hillsatsandystation.com/models,https://www.hillsatsandystation.com/apartments/ut/sandy/floor-plans#/,https://www.hillsatsandystation.com/Floor-plans.aspx
24315,Riley Square,Santa Clara,CA,https://www.essexapartmenthomes.com/apartments/santa-clara/riley-square,https://www.essexapartmenthomes.com/santa-clara/riley-square/conventional/,https://www.essexapartmenthomes.com/floor-plans/,https://www.essexapartmenthomes.com/models,https://www.essexapartmenthomes.com/apartments/ca/santa-clara/floor-plans#/,https://www.essexapartmenthomes.com/Floor-plans.aspx
23534,Chateau Spring Hill,La Mesa,CA,https://www.springhill-apt.rentals/,https://www.springhill-apt.rentals/la-mesa/chateau-spring-hill/conventional/,https://www.springhill-apt.rentals/floor-plans/,https://www.springhill-apt.rentals/models,https://www.springhill-apt.rentals/apartments/ca/la-mesa/floor-plans#/,https://www.springhill-apt.rentals/Floor-plans.aspx
234915,Fox Glen,Baltimore,MD,www.livefoxglen.com,https://www.livefoxglen.com/baltimore/fox-glen/conventional/,https://www.livefoxglen.com/floor-plans/,https://www.livefoxglen.com/models,https://www.livefoxglen.com/apartments/md/baltimore/floor-plans#/,https://www.livefoxglen.com/Floor-plans.aspx
235108,Enzo,Irvine,CA,https://www.enzoapartments.com/,https://www.enzoapartments.com/irvine/enzo/conventional/,https://www.enzoapartments.com/floor-plans/,https://www.enzoapartments.com/models,https://www.enzoapartments.com/apartments/ca/irvine/floor-plans#/,https://www.enzoapartments.com/Floor-plans.aspx
235372,Marley Manor I & II,Salisbury,MD,https://livemarleymanor.com/,https://livemarleymanor.com/salisbury/marley-manor-i-ii/conventional/,https://livemarleymanor.com/floor-plans/,https://livemarleymanor.com/models,https://livemarleymanor.com/apartments/md/salisbury/floor-plans#/,https://livemarleymanor.com/Floor-plans.aspx
234930,Southwind Prairie Apartment Homes II,Lake Geneva,WI,http://southwindprairie.com/,http://southwindprairie.com/lake-geneva/southwind-prairie-apartment-homes-ii/conventional/,http://southwindprairie.com/floor-plans/,http://southwindprairie.com/models,http://southwindprairie.com/apartments/wi/lake-geneva/floor-plans#/,http://southwindprairie.com/Floor-plans.aspx
234945,IMT Belasera at Superior,Northridge,CA,https://www.imtresidential.com/imtbelaseraatsuperior/,https://www.imtresidential.com/northridge/imt-belasera-at-superior/conventional/,https://www.imtresidential.com/floor-plans/,https://www.imtresidential.com/models,https://www.imtresidential.com/apartments/ca/northridge/floor-plans#/,https://www.imtresidential.com/Floor-plans.aspx
234971,Paladia,Playa Vista,CA,https://www.theventanaapartments.com/,https://www.theventanaapartments.com/playa-vista/paladia/conventional/,https://www.theventanaapartments.com/floor-plans/,https://www.theventanaapartments.com/models,https://www.theventanaapartments.com/apartments/ca/playa-vista/floor-plans#/,https://www.theventanaapartments.com/Floor-plans.aspx
235473,,,,http://www.rooftop252.com/,,http://www.rooftop252.com/floor-plans/,http://www.rooftop252.com/models,,http://www.rooftop252.com/Floor-plans.aspx
23542,Trailpoint at The Woodlands,The Woodlands,TX,http://www.liveattrailpoint.com/,http://www.liveattrailpoint.com/the-woodlands/trailpoint-at-the-woodlands/conventional/,http://www.liveattrailpoint.com/floor-plans/,http://www.liveattrailpoint.com/models,http://www.liveattrailpoint.com/apartments/tx/the-woodlands/floor-plans#/,http://www.liveattrailpoint.com/Floor-plans.aspx
234975,Huntley,Aiken,SC,https://www.liveaikensc.com/,https://www.liveaikensc.com/aiken/huntley/conventional/,https://www.liveaikensc.com/floor-plans/,https://www.liveaikensc.com/models,https://www.liveaikensc.com/apartments/sc/aiken/floor-plans#/,https://www.liveaikensc.com/Floor-plans.aspx
236157,Witham Village,Corvallis,OR,https://www.withamvillageapartments.com/,https://www.withamvillageapartments.com/corvallis/witham-village/conventional/,https://www.withamvillageapartments.com/floor-plans/,https://www.withamvillageapartments.com/models,https://www.withamvillageapartments.com/apartments/or/corvallis/floor-plans#/,https://www.withamvillageapartments.com/Floor-plans.aspx
236164,,,,https://villagegreen.com/mi/lansing/village-green-of-lansing/?utm_source=Google&utm_medium=Local%20Map%20Pack,,https://villagegreen.com/floor-plans/,https://villagegreen.com/models,,https://villagegreen.com/Floor-plans.aspx
276784,View 22,Clinton,NJ,https://liveatview22.com/,https://liveatview22.com/clinton/view-22/conventional/,https://liveatview22.com/floor-plans/,https://liveatview22.com/models,https://liveatview22.com/apartments/nj/clinton/floor-plans#/,https://liveatview22.com/Floor-plans.aspx
277708,LC New Albany - Exchange,New Albany,OH,https://lcnewalbany.prospectportal.com/,https://lcnewalbany.prospectportal.com/new-albany/lc-new-albany-exchange/conventional/,https://lcnewalbany.prospectportal.com/floor-plans/,https://lcnewalbany.prospectportal.com/models,https://lcnewalbany.prospectportal.com/apartments/oh/new-albany/floor-plans#/,https://lcnewalbany.prospectportal.com/Floor-plans.aspx
276154,,,,https://www.thedominoindy.com/,,https://www.thedominoindy.com/floor-plans/,https://www.thedominoindy.com/models,,https://www.thedominoindy.com/Floor-plans.aspx
276548,Villas at Sandy Creek,Sandusky,OH,https://villasatsandycreek.com/,https://villasatsandycreek.com/sandusky/villas-at-sandy-creek/conventional/,https://villasatsandycreek.com/floor-plans/,https://villasatsandycreek.com/models,https://villasatsandycreek.com/apartments/oh/sandusky/floor-plans#/,https://villasatsandycreek.com/Floor-plans.aspx
277583,Alta French Hill,Marlborough,MA,https://altafrenchhill.com/,https://altafrenchhill.com/marlborough/alta-french-hill/conventional/,https://altafrenchhill.com/floor-plans/,https://altafrenchhill.com/models,https://altafrenchhill.com/apartments/ma/marlborough/floor-plans#/,https://altafrenchhill.com/Floor-plans.aspx
27617,Arbors of Gahanna,Gahanna,OH,https://arborsgahanna.com/,https://arborsgahanna.com/gahanna/arbors-of-gahanna/conventional/,https://arborsgahanna.com/floor-plans/,https://arborsgahanna.com/models,https://arborsgahanna.com/apartments/oh/gahanna/floor-plans#/,https://arborsgahanna.com/Floor-plans.aspx
277576,The Gardens on 40th,South Ogden,UT,https://www.gardenson40th.com/,https://www.gardenson40th.com/south-ogden/the-gardens-on-40th/conventional/,https://www.gardenson40th.com/floor-plans/,https://www.gardenson40th.com/models,https://www.gardenson40th.com/apartments/ut/south-ogden/floor-plans#/,https://www.gardenson40th.com/Floor-plans.aspx
276162,Modera Academical Village I,Davie,FL,https://www.moderaacademicalvillage.com/,https://www.moderaacademicalvillage.com/davie/modera-academical-village-i/conventional/,https://www.moderaacademicalvillage.com/floor-plans/,https://www.moderaacademicalvillage.com/models,https://www.moderaacademicalvillage.com/apartments/fl/davie/floor-plans#/,https://www.moderaacademicalvillage.com/Floor-plans.aspx
278316,The Gateway at Maverick Square,Boston,MA,https://www.gatewayatmavericksq.com/,https://www.gatewayatmavericksq.com/boston/the-gateway-at-maverick-square/conventional/,https://www.gatewayatmavericksq.com/floor-plans/,https://www.gatewayatmavericksq.com/models,https://www.gatewayatmavericksq.com/apartments/ma/boston/floor-plans#/,https://www.gatewayatmavericksq.com/Floor-plans.aspx
277582,Frontera at Pioneer Meadows,Sparks,NV,https://leasefrontera.com/,https://leasefrontera.com/sparks/frontera-at-pioneer-meadows/conventional/,https://leasefrontera.com/floor-plans/,https://leasefrontera.com/models,https://leasefrontera.com/apartments/nv/sparks/floor-plans#/,https://leasefrontera.com/Floor-plans.aspx
277695,,,,https://marlowepeoriaplace.com/,,https://marlowepeoriaplace.com/floor-plans/,https://marlowepeoriaplace.com/models,,https://marlowepeoriaplace.com/Floor-plans.aspx
27646,Hilltop Apartments,New Carrollton,MD,https://www.liveatha.com/,https://www.liveatha.com/new-carrollton/hilltop-apartments/conventional/,https://www.liveatha.com/floor-plans/,https://www.liveatha.com/models,https://www.liveatha.com/apartments/md/new-carrollton/floor-plans#/,https://www.liveatha.com/Floor-plans.aspx
234772,The Pointe at Harpers Mill,Glen Burnie,MD,http://www.liveattp.com/,http://www.liveattp.com/glen-burnie/the-pointe-at-harpers-mill/conventional/,http://www.liveattp.com/floor-plans/,http://www.liveattp.com/models,http://www.liveattp.com/apartments/md/glen-burnie/floor-plans#/,http://www.liveattp.com/Floor-plans.aspx
234616,Mountain View Apartment Homes,Anniston,AL,www.liveatmountainview.com,https://www.liveatmountainview.com/anniston/mountain-view-apartment-homes/conventional/,https://www.liveatmountainview.com/floor-plans/,https://www.liveatmountainview.com/models,https://www.liveatmountainview.com/apartments/al/anniston/floor-plans#/,https://www.liveatmountainview.com/Floor-plans.aspx
233289,Elevation 1659,Milwaukee,WI,https://elevation1659apts.com/,https://elevation1659apts.com/milwaukee/elevation-1659/conventional/,https://elevation1659apts.com/floor-plans/,https://elevation1659apts.com/models,https://elevation1659apts.com/apartments/wi/milwaukee/floor-plans#/,https://elevation1659apts.com/Floor-plans.aspx
232985,Cityscape Arts,Fort Worth,TX,https://cityscapearts.com/,https://cityscapearts.com/fort-worth/cityscape-arts/conventional/,https://cityscapearts.com/floor-plans/,https://cityscapearts.com/models,https://cityscapearts.com/apartments/tx/fort-worth/floor-plans#/,https://cityscapearts.com/Floor-plans.aspx
233260,Republic Palms,Republic,MO,https://republicpalms.thewootenco.com/,https://republicpalms.thewootenco.com/republic/republic-palms/conventional/,https://republicpalms.thewootenco.com/floor-plans/,https://republicpalms.thewootenco.com/models,https://republicpalms.thewootenco.com/apartments/mo/republic/floor-plans#/,https://republicpalms.thewootenco.com/Floor-plans.aspx
234186,Middle Branch Apartments and Townhomes,Baltimore,MD,http://www.middlebranchmanor.com,http://www.middlebranchmanor.com/baltimore/middle-branch-apartments-and-townhomes/conventional/,http://www.middlebranchmanor.com/floor-plans/,http://www.middlebranchmanor.com/models,http://www.middlebranchmanor.com/apartments/md/baltimore/floor-plans#/,http://www.middlebranchmanor.com/Floor-plans.aspx
23355,Regents Park,Chicago,IL,https://www.regentsparkchicago.com/s/available-apartments,https://www.regentsparkchicago.com/chicago/regents-park/conventional/,https://www.regentsparkchicago.com/floor-plans/,https://www.regentsparkchicago.com/models,https://www.regentsparkchicago.com/apartments/il/chicago/floor-plans#/,https://www.regentsparkchicago.com/Floor-plans.aspx
234178,Residences at Boardwalk II,Bixby,OK,https://www.residencesatboardwalk.net/,https://www.residencesatboardwalk.net/bixby/residences-at-boardwalk-ii/conventional/,https://www.residencesatboardwalk.net/floor-plans/,https://www.residencesatboardwalk.net/models,https://www.residencesatboardwalk.net/apartments/ok/bixby/floor-plans#/,https://www.residencesatboardwalk.net/Floor-plans.aspx
234732,Chase at Overlook Ridge,Revere,MA,https://thechaseatoverlookridge.com/,https://thechaseatoverlookridge.com/revere/chase-at-overlook-ridge/conventional/,https://thechaseatoverlookridge.com/floor-plans/,https://thechaseatoverlookridge.com/models,https://thechaseatoverlookridge.com/apartments/ma/revere/floor-plans#/,https://thechaseatoverlookridge.com/Floor-plans.aspx
14164,Linden Ridge,Stone Mountain,GA,www.lindenridgeapartments.com,https://www.lindenridgeapartments.com/stone-mountain/linden-ridge/conventional/,https://www.lindenridgeapartments.com/floor-plans/,https://www.lindenridgeapartments.com/models,https://www.lindenridgeapartments.com/apartments/ga/stone-mountain/floor-plans#/,https://www.lindenridgeapartments.com/Floor-plans.aspx
14182,Birch Run,Clarkston,GA,https://www.precisionmngmtprop.com/landing/birchrunapts,https://www.precisionmngmtprop.com/clarkston/birch-run/conventional/,https://www.precisionmngmtprop.com/floor-plans/,https://www.precisionmngmtprop.com/models,https://www.precisionmngmtprop.com/apartments/ga/clarkston/floor-plans#/,https://www.precisionmngmtprop.com/Floor-plans.aspx
13969,Retreat Westminster Center,Westminster,CO,https://www.retreatwestminstercenter.com/,https://www.retreatwestminstercenter.com/westminster/retreat-westminster-center/conventional/,https://www.retreatwestminstercenter.com/floor-plans/,https://www.retreatwestminstercenter.com/models,https://www.retreatwestminstercenter.com/apartments/co/westminster/floor-plans#/,https://www.retreatwestminstercenter.com/Floor-plans.aspx
13966,Parkview Apartments,Naugatuck,CT,http://www.parkviewapartmenthomes.com/,http://www.parkviewapartmenthomes.com/naugatuck/parkview-apartments/conventional/,http://www.parkviewapartmenthomes.com/floor-plans/,http://www.parkviewapartmenthomes.com/models,http://www.parkviewapartmenthomes.com/apartments/ct/naugatuck/floor-plans#/,http://www.parkviewapartmenthomes.com/Floor-plans.aspx
14581,Milano,Houston,TX,https://www.milanoatwestchase.com/#,https://www.milanoatwestchase.com/houston/milano/conventional/,https://www.milanoatwestchase.com/floor-plans/,https://www.milanoatwestchase.com/models,https://www.milanoatwestchase.com/apartments/tx/houston/floor-plans#/,https://www.milanoatwestchase.com/Floor-plans.aspx
14374,,,,https://www.vineyardscartersville.com/,,https://www.vineyardscartersville.com/floor-plans/,https://www.vineyardscartersville.com/models,,https://www.vineyardscartersville.com/Floor-plans.aspx
27920,Abbey at Vista Ridge,Lewisville,TX,www.abbeyvistaridge.com,https://www.abbeyvistaridge.com/lewisville/abbey-at-vista-ridge/conventional/,https://www.abbeyvistaridge.com/floor-plans/,https://www.abbeyvistaridge.com/models,https://www.abbeyvistaridge.com/apartments/tx/lewisville/floor-plans#/,https://www.abbeyvistaridge.com/Floor-plans.aspx
279103,Shade,Las Vegas,NV,https://shadeapartments.com/,https://shadeapartments.com/las-vegas/shade/conventional/,https://shadeapartments.com/floor-plans/,https://shadeapartments.com/models,https://shadeapartments.com/apartments/nv/las-vegas/floor-plans#/,https://shadeapartments.com/Floor-plans.aspx
280355,Town Center Apartments,Madison Heights,VA,https://www.mhtowncenter.com/,https://www.mhtowncenter.com/madison-heights/town-center-apartments/conventional/,https://www.mhtowncenter.com/floor-plans/,https://www.mhtowncenter.com/models,https://www.mhtowncenter.com/apartments/va/madison-heights/floor-plans#/,https://www.mhtowncenter.com/Floor-plans.aspx
280569,Sweetwater,Addis,LA,https://www.sweetwateraddis.com/,https://www.sweetwateraddis.com/addis/sweetwater/conventional/,https://www.sweetwateraddis.com/floor-plans/,https://www.sweetwateraddis.com/models,https://www.sweetwateraddis.com/apartments/la/addis/floor-plans#/,https://www.sweetwateraddis.com/Floor-plans.aspx
279552,,,,https://www.edisonfarrowcommons.com/,,https://www.edisonfarrowcommons.com/floor-plans/,https://www.edisonfarrowcommons.com/models,,https://www.edisonfarrowcommons.com/Floor-plans.aspx
27950,Marquis Parkside,Austin,TX,https://www.marquisparkside.com/?utm_medium=organic&utm_source=google&utm_campaign=gbp-website-button,https://www.marquisparkside.com/austin/marquis-parkside/conventional/,https://www.marquisparkside.com/floor-plans/,https://www.marquisparkside.com/models,https://www.marquisparkside.com/apartments/tx/austin/floor-plans#/,https://www.marquisparkside.com/Floor-plans.aspx
279299,The Wilds at Trailwinds,Wildwood,FL,https://www.thewildsapts.com,https://www.thewildsapts.com/wildwood/the-wilds-at-trailwinds/conventional/,https://www.thewildsapts.com/floor-plans/,https://www.thewildsapts.com/models,https://www.thewildsapts.com/apartments/fl/wildwood/floor-plans#/,https://www.thewildsapts.com/Floor-plans.aspx
278371,,,,https://www.nichetampa.com/,,https://www.nichetampa.com/floor-plans/,https://www.nichetampa.com/models,,https://www.nichetampa.com/Floor-plans.aspx
279603,YardHomes Parkside,Denton,TX,https://www.yardhomesparkside.com/,https://www.yardhomesparkside.com/denton/yardhomes-parkside/conventional/,https://www.yardhomesparkside.com/floor-plans/,https://www.yardhomesparkside.com/models,https://www.yardhomesparkside.com/apartments/tx/denton/floor-plans#/,https://www.yardhomesparkside.com/Floor-plans.aspx
280316,Flats,Troy,AL,https://8791539.onlineleasing.realpage.com,https://8791539.onlineleasing.realpage.com/troy/flats/conventional/,https://8791539.onlineleasing.realpage.com/floor-plans/,https://8791539.onlineleasing.realpage.com/models,https://8791539.onlineleasing.realpage.com/apartments/al/troy/floor-plans#/,https://8791539.onlineleasing.realpage.com/Floor-plans.aspx
221448,Kalaeloa Rental Homes,Kapolei,HI,https://www.kalaeloaliving.com/,https://www.kalaeloaliving.com/kapolei/kalaeloa-rental-homes/conventional/,https://www.kalaeloaliving.com/floor-plans/,https://www.kalaeloaliving.com/models,https://www.kalaeloaliving.com/apartments/hi/kapolei/floor-plans#/,https://www.kalaeloaliving.com/Floor-plans.aspx
220302,The District,Asheville,NC,https://www.thedistrictasheville.com/,https://www.thedistrictasheville.com/asheville/the-district/conventional/,https://www.thedistrictasheville.com/floor-plans/,https://www.thedistrictasheville.com/models,https://www.thedistrictasheville.com/apartments/nc/asheville/floor-plans#/,https://www.thedistrictasheville.com/Floor-plans.aspx
221893,Union on Thompson,Nashville,TN,http://unionthompson.com/,http://unionthompson.com/nashville/union-on-thompson/conventional/,http://unionthompson.com/floor-plans/,http://unionthompson.com/models,http://unionthompson.com/apartments/tn/nashville/floor-plans#/,http://unionthompson.com/Floor-plans.aspx
221995,Booker Creek Townhouse Apartments,Chapel Hill,NC,http://www.gscapts.com/apartments/Chapel_Hill_NC/zip_27514/gsc/4508,http://www.gscapts.com/chapel-hill/booker-creek-townhouse-apartments/conventional/,http://www.gscapts.com/floor-plans/,http://www.gscapts.com/models,http://www.gscapts.com/apartments/nc/chapel-hill/floor-plans#/,http://www.gscapts.com/Floor-plans.aspx
222150,Tuscany Villas,West Fargo,ND,https://www.tuscanyvillaswf.com/,https://www.tuscanyvillaswf.com/west-fargo/tuscany-villas/conventional/,https://www.tuscanyvillaswf.com/floor-plans/,https://www.tuscanyvillaswf.com/models,https://www.tuscanyvillaswf.com/apartments/nd/west-fargo/floor-plans#/,https://www.tuscanyvillaswf.com/Floor-plans.aspx
222578,The Pointe at Victoria,Victoria,TX,https://www.thepointeatvic.com/,https://www.thepointeatvic.com/victoria/the-pointe-at-victoria/conventional/,https://www.thepointeatvic.com/floor-plans/,https://www.thepointeatvic.com/models,https://www.thepointeatvic.com/apartments/tx/victoria/floor-plans#/,https://www.thepointeatvic.com/Floor-plans.aspx
220581,Hampshire Village,Hyattsville,MD,http://hampshirevillage.com/,http://hampshirevillage.com/hyattsville/hampshire-village/conventional/,http://hampshirevillage.com/floor-plans/,http://hampshirevillage.com/models,http://hampshirevillage.com/apartments/md/hyattsville/floor-plans#/,http://hampshirevillage.com/Floor-plans.aspx
220345,Vestawood Apartments,Vestavia Hills,AL,https://www.vestawood.com/,https://www.vestawood.com/vestavia-hills/vestawood-apartments/conventional/,https://www.vestawood.com/floor-plans/,https://www.vestawood.com/models,https://www.vestawood.com/apartments/al/vestavia-hills/floor-plans#/,https://www.vestawood.com/Floor-plans.aspx
220907,Reserve At Bradbury Place,Goldsboro,NC,https://www.keystonemanagement.com/apartments/nc/reserve-at-bradbury-place,https://www.keystonemanagement.com/goldsboro/reserve-at-bradbury-place/conventional/,https://www.keystonemanagement.com/floor-plans/,https://www.keystonemanagement.com/models,https://www.keystonemanagement.com/apartments/nc/goldsboro/floor-plans#/,https://www.keystonemanagement.com/Floor-plans.aspx
22138,Greenway Park,Ann Arbor,MI,http://www.barnesapts.com/web/,http://www.barnesapts.com/ann-arbor/greenway-park/conventional/,http://www.barnesapts.com/floor-plans/,http://www.barnesapts.com/models,http://www.barnesapts.com/apartments/mi/ann-arbor/floor-plans#/,http://www.barnesapts.com/Floor-plans.aspx
22104,The Oasis,Las Vegas,NV,https://www.liveoasisapts.com/,https://www.liveoasisapts.com/las-vegas/the-oasis/conventional/,https://www.liveoasisapts.com/floor-plans/,https://www.liveoasisapts.com/models,https://www.liveoasisapts.com/apartments/nv/las-vegas/floor-plans#/,https://www.liveoasisapts.com/Floor-plans.aspx
263498,The Julington,Jacksonville,FL,https://risejulington.com/,https://risejulington.com/jacksonville/the-julington/conventional/,https://risejulington.com/floor-plans/,https://risejulington.com/models,https://risejulington.com/apartments/fl/jacksonville/floor-plans#/,https://risejulington.com/Floor-plans.aspx
263081,Culebra Commons,San Antonio,TX,https://www.liveculebra.com/,https://www.liveculebra.com/san-antonio/culebra-commons/conventional/,https://www.liveculebra.com/floor-plans/,https://www.liveculebra.com/models,https://www.liveculebra.com/apartments/tx/san-antonio/floor-plans#/,https://www.liveculebra.com/Floor-plans.aspx
263110,Briley,Matthews,NC,https://www.simpsonpropertygroup.com/apartments/matthews-north-carolina/briley-matthews,https://www.simpsonpropertygroup.com/matthews/briley/conventional/,https://www.simpsonpropertygroup.com/floor-plans/,https://www.simpsonpropertygroup.com/models,https://www.simpsonpropertygroup.com/apartments/nc/matthews/floor-plans#/,https://www.simpsonpropertygroup.com/Floor-plans.aspx
263860,Southbank at Quarry Trails,Columbus,OH,https://www.southbankatquarrytrails.com/,https://www.southbankatquarrytrails.com/columbus/southbank-at-quarry-trails/conventional/,https://www.southbankatquarrytrails.com/floor-plans/,https://www.southbankatquarrytrails.com/models,https://www.southbankatquarrytrails.com/apartments/oh/columbus/floor-plans#/,https://www.southbankatquarrytrails.com/Floor-plans.aspx
262792,GeerHouse I,Durham,NC,https://geerhouse.com/,https://geerhouse.com/durham/geerhouse-i/conventional/,https://geerhouse.com/floor-plans/,https://geerhouse.com/models,https://geerhouse.com/apartments/nc/durham/floor-plans#/,https://geerhouse.com/Floor-plans.aspx
263714,The Westbrook at Brewers Row,Richmond,VA,https://www.thewestbrookrva.com/?utm_knock=gmb,https://www.thewestbrookrva.com/richmond/the-westbrook-at-brewers-row/conventional/,https://www.thewestbrookrva.com/floor-plans/,https://www.thewestbrookrva.com/models,https://www.thewestbrookrva.com/apartments/va/richmond/floor-plans#/,https://www.thewestbrookrva.com/Floor-plans.aspx
263957,The Pointe on Westshore,Tampa,FL,https://www.thepointeonwestshore.com/,https://www.thepointeonwestshore.com/tampa/the-pointe-on-westshore/conventional/,https://www.thepointeonwestshore.com/floor-plans/,https://www.thepointeonwestshore.com/models,https://www.thepointeonwestshore.com/apartments/fl/tampa/floor-plans#/,https://www.thepointeonwestshore.com/Floor-plans.aspx
263693,Novus I,Lone Tree,CO,https://www.novusatskyridge.com/,https://www.novusatskyridge.com/lone-tree/novus-i/conventional/,https://www.novusatskyridge.com/floor-plans/,https://www.novusatskyridge.com/models,https://www.novusatskyridge.com/apartments/co/lone-tree/floor-plans#/,https://www.novusatskyridge.com/Floor-plans.aspx
263732,Hoyt Tower,Newark,NJ,https://www.hoyttowernewark.com/,https://www.hoyttowernewark.com/newark/hoyt-tower/conventional/,https://www.hoyttowernewark.com/floor-plans/,https://www.hoyttowernewark.com/models,https://www.hoyttowernewark.com/apartments/nj/newark/floor-plans#/,https://www.hoyttowernewark.com/Floor-plans.aspx
284553,Silverstone,Warren,MI,https://www.silverstoneapartment.com/,https://www.silverstoneapartment.com/warren/silverstone/conventional/,https://www.silverstoneapartment.com/floor-plans/,https://www.silverstoneapartment.com/models,https://www.silverstoneapartment.com/apartments/mi/warren/floor-plans#/,https://www.silverstoneapartment.com/Floor-plans.aspx
3141,Venetian Bridges,Stockton,CA,https://www.venetianbridgesstockton.com/,https://www.venetianbridgesstockton.com/stockton/venetian-bridges/conventional/,https://www.venetianbridgesstockton.com/floor-plans/,https://www.venetianbridgesstockton.com/models,https://www.venetianbridgesstockton.com/apartments/ca/stockton/floor-plans#/,https://www.venetianbridgesstockton.com/Floor-plans.aspx
31099,Woodward Place Apartments,Oklahoma City,OK,https://www.woodwardplace.com/,https://www.woodwardplace.com/oklahoma-city/woodward-place-apartments/conventional/,https://www.woodwardplace.com/floor-plans/,https://www.woodwardplace.com/models,https://www.woodwardplace.com/apartments/ok/oklahoma-city/floor-plans#/,https://www.woodwardplace.com/Floor-plans.aspx
310522,Market Stations Apartments,Greensboro,NC,https://marketstationapartmentsnc.com/,https://marketstationapartmentsnc.com/greensboro/market-stations-apartments/conventional/,https://marketstationapartmentsnc.com/floor-plans/,https://marketstationapartmentsnc.com/models,https://marketstationapartmentsnc.com/apartments/nc/greensboro/floor-plans#/,https://marketstationapartmentsnc.com/Floor-plans.aspx
31384,The Retreat at Marlborough,Marlborough,MA,https://www.retreatatmarlborough.com/,https://www.retreatatmarlborough.com/marlborough/the-retreat-at-marlborough/conventional/,https://www.retreatatmarlborough.com/floor-plans/,https://www.retreatatmarlborough.com/models,https://www.retreatatmarlborough.com/apartments/ma/marlborough/floor-plans#/,https://www.retreatatmarlborough.com/Floor-plans.aspx
282934,Aston Pointe,Aston,PA,https://www.liveastonpointe.com/,https://www.liveastonpointe.com/aston/aston-pointe/conventional/,https://www.liveastonpointe.com/floor-plans/,https://www.liveastonpointe.com/models,https://www.liveastonpointe.com/apartments/pa/aston/floor-plans#/,https://www.liveastonpointe.com/Floor-plans.aspx
282952,Melissa Ranch,San Antonio,TX,https://www.melissaranchapartments.com/,https://www.melissaranchapartments.com/san-antonio/melissa-ranch/conventional/,https://www.melissaranchapartments.com/floor-plans/,https://www.melissaranchapartments.com/models,https://www.melissaranchapartments.com/apartments/tx/san-antonio/floor-plans#/,https://www.melissaranchapartments.com/Floor-plans.aspx
284199,501 Brady,Davenport,IA,https://www.501brady.com/,https://www.501brady.com/davenport/501-brady/conventional/,https://www.501brady.com/floor-plans/,https://www.501brady.com/models,https://www.501brady.com/apartments/ia/davenport/floor-plans#/,https://www.501brady.com/Floor-plans.aspx
31550,Cala Paradise Valley,Phoenix,AZ,https://www.calaparadisevalleyapts.com,https://www.calaparadisevalleyapts.com/phoenix/cala-paradise-valley/conventional/,https://www.calaparadisevalleyapts.com/floor-plans/,https://www.calaparadisevalleyapts.com/models,https://www.calaparadisevalleyapts.com/apartments/az/phoenix/floor-plans#/,https://www.calaparadisevalleyapts.com/Floor-plans.aspx
3116,Lakeside Terraces,Sterling Heights,MI,www.lakesideterracesapts.com,https://www.lakesideterracesapts.com/sterling-heights/lakeside-terraces/conventional/,https://www.lakesideterracesapts.com/floor-plans/,https://www.lakesideterracesapts.com/models,https://www.lakesideterracesapts.com/apartments/mi/sterling-heights/floor-plans#/,https://www.lakesideterracesapts.com/Floor-plans.aspx
31255,Arrive Chadds Ford,Chadds Ford,PA,https://www.arrivechaddsford.com/,https://www.arrivechaddsford.com/chadds-ford/arrive-chadds-ford/conventional/,https://www.arrivechaddsford.com/floor-plans/,https://www.arrivechaddsford.com/models,https://www.arrivechaddsford.com/apartments/pa/chadds-ford/floor-plans#/,https://www.arrivechaddsford.com/Floor-plans.aspx
31564,The 1856 Apartments,San Marcos,TX,https://www.the1856apartments.com/,https://www.the1856apartments.com/san-marcos/the-1856-apartments/conventional/,https://www.the1856apartments.com/floor-plans/,https://www.the1856apartments.com/models,https://www.the1856apartments.com/apartments/tx/san-marcos/floor-plans#/,https://www.the1856apartments.com/Floor-plans.aspx
310521,Elevate on Vineyard,Phoenix,AZ,https://www.elevateonvineyard.com/,https://www.elevateonvineyard.com/phoenix/elevate-on-vineyard/conventional/,https://www.elevateonvineyard.com/floor-plans/,https://www.elevateonvineyard.com/models,https://www.elevateonvineyard.com/apartments/az/phoenix/floor-plans#/,https://www.elevateonvineyard.com/Floor-plans.aspx
31197,The Village at Toluca Lake I,Burbank,CA,https://www.essexapartmenthomes.com/apartments/burbank/the-village-at-toluca-lake,https://www.essexapartmenthomes.com/burbank/the-village-at-toluca-lake-i/conventional/,https://www.essexapartmenthomes.com/floor-plans/,https://www.essexapartmenthomes.com/models,https://www.essexapartmenthomes.com/apartments/ca/burbank/floor-plans#/,https://www.essexapartmenthomes.com/Floor-plans.aspx
30657,,,,https://www.equityapartments.com/los-angeles/financial-district/pegasus-apartments,,https://www.equityapartments.com/floor-plans/,https://www.equityapartments.com/models,,https://www.equityapartments.com/Floor-plans.aspx
31432,Vineyards,Katy,TX,https://www.vineyardsapts.com/,https://www.vineyardsapts.com/katy/vineyards/conventional/,https://www.vineyardsapts.com/floor-plans/,https://www.vineyardsapts.com/models,https://www.vineyardsapts.com/apartments/tx/katy/floor-plans#/,https://www.vineyardsapts.com/Floor-plans.aspx
3092,Chimney Hill,West Bloomfield,MI,http://www.chimneyhillapartments.com/,http://www.chimneyhillapartments.com/west-bloomfield/chimney-hill/conventional/,http://www.chimneyhillapartments.com/floor-plans/,http://www.chimneyhillapartments.com/models,http://www.chimneyhillapartments.com/apartments/mi/west-bloomfield/floor-plans#/,http://www.chimneyhillapartments.com/Floor-plans.aspx
30733,Wilsonville Summit,Wilsonville,OR,https://www.wilsonvillesummit.com/,https://www.wilsonvillesummit.com/wilsonville/wilsonville-summit/conventional/,https://www.wilsonvillesummit.com/floor-plans/,https://www.wilsonvillesummit.com/models,https://www.wilsonvillesummit.com/apartments/or/wilsonville/floor-plans#/,https://www.wilsonvillesummit.com/Floor-plans.aspx
284559,Solamar Wildwood,Wildwood,FL,https://livesolamarwildwood.com/,https://livesolamarwildwood.com/wildwood/solamar-wildwood/conventional/,https://livesolamarwildwood.com/floor-plans/,https://livesolamarwildwood.com/models,https://livesolamarwildwood.com/apartments/fl/wildwood/floor-plans#/,https://livesolamarwildwood.com/Floor-plans.aspx
71385,Pine Meadow Townhomes,Shawnee,KS,www.pinemeadowshawnee.com,https://www.pinemeadowshawnee.com/shawnee/pine-meadow-townhomes/conventional/,https://www.pinemeadowshawnee.com/floor-plans/,https://www.pinemeadowshawnee.com/models,https://www.pinemeadowshawnee.com/apartments/ks/shawnee/floor-plans#/,https://www.pinemeadowshawnee.com/Floor-plans.aspx
283179,Promenade Flats,Evansville,IN,https://promenade-flats.com/,https://promenade-flats.com/evansville/promenade-flats/conventional/,https://promenade-flats.com/floor-plans/,https://promenade-flats.com/models,https://promenade-flats.com/apartments/in/evansville/floor-plans#/,https://promenade-flats.com/Floor-plans.aspx
71151,Roosevelt Row,Phoenix,AZ,https://arizona.weidner.com/apartments/az/phoenix/roosevelt-row/index.aspx?rcstdid=MzI%3d-GJOvflXLv8M%3d&_yTrackUser=NjkxODcwMzIwIzEyNzQyNzcwOTY%3d-4lS5yJ7cTlQ%3d&_yTrackVisit=MTI2MjU0ODY5OCMxOTc4OTQyOTAx-Yckq%2fVitbV0%3d&_yTrackReqDT=52242320200801,https://arizona.weidner.com/phoenix/roosevelt-row/conventional/,https://arizona.weidner.com/floor-plans/,https://arizona.weidner.com/models,https://arizona.weidner.com/apartments/az/phoenix/floor-plans#/,https://arizona.weidner.com/Floor-plans.aspx
71345,,,,https://www.westgate-village-townhouses.com/,,https://www.westgate-village-townhouses.com/floor-plans/,https://www.westgate-village-townhouses.com/models,,https://www.westgate-village-townhouses.com/Floor-plans.aspx
283780,Riverwalk Luxe,Castle Rock,CO,https://www.livingrw.com/,https://www.livingrw.com/castle-rock/riverwalk-luxe/conventional/,https://www.livingrw.com/floor-plans/,https://www.livingrw.com/models,https://www.livingrw.com/apartments/co/castle-rock/floor-plans#/,https://www.livingrw.com/Floor-plans.aspx
284577,Brynwood Reserve,Canal Winchester,OH,https://www.ardentcommunities.com/apartments/canal-winchester/brynwood-reserve?utm_source=google&utm_medium=organic&utm_campaign=gmb,https://www.ardentcommunities.com/canal-winchester/brynwood-reserve/conventional/,https://www.ardentcommunities.com/floor-plans/,https://www.ardentcommunities.com/models,https://www.ardentcommunities.com/apartments/oh/canal-winchester/floor-plans#/,https://www.ardentcommunities.com/Floor-plans.aspx
283913,Farmstead At Lia Lane,Santa Rosa,CA,https://www.farmsteadsantarosa.com/,https://www.farmsteadsantarosa.com/santa-rosa/farmstead-at-lia-lane/conventional/,https://www.farmsteadsantarosa.com/floor-plans/,https://www.farmsteadsantarosa.com/models,https://www.farmsteadsantarosa.com/apartments/ca/santa-rosa/floor-plans#/,https://www.farmsteadsantarosa.com/Floor-plans.aspx
70993,Modera Mosaic,Fairfax,VA,https://www.moderamosaic.com/,https://www.moderamosaic.com/fairfax/modera-mosaic/conventional/,https://www.moderamosaic.com/floor-plans/,https://www.moderamosaic.com/models,https://www.moderamosaic.com/apartments/va/fairfax/floor-plans#/,https://www.moderamosaic.com/Floor-plans.aspx
72168,San Leandro Racquet Club,San Leandro,CA,https://www.slracquetclub.com/,https://www.slracquetclub.com/san-leandro/san-leandro-racquet-club/conventional/,https://www.slracquetclub.com/floor-plans/,https://www.slracquetclub.com/models,https://www.slracquetclub.com/apartments/ca/san-leandro/floor-plans#/,https://www.slracquetclub.com/Floor-plans.aspx
70779,The Kessler,Prairie Village,KS,http://www.thekessler.com/,http://www.thekessler.com/prairie-village/the-kessler/conventional/,http://www.thekessler.com/floor-plans/,http://www.thekessler.com/models,http://www.thekessler.com/apartments/ks/prairie-village/floor-plans#/,http://www.thekessler.com/Floor-plans.aspx
720,Tamar Meadow,Columbia,MD,www.wm-tamarmeadow.com,https://www.wm-tamarmeadow.com/columbia/tamar-meadow/conventional/,https://www.wm-tamarmeadow.com/floor-plans/,https://www.wm-tamarmeadow.com/models,https://www.wm-tamarmeadow.com/apartments/md/columbia/floor-plans#/,https://www.wm-tamarmeadow.com/Floor-plans.aspx
71773,Cloister Gardens,Ephrata,PA,https://www.theapartmentgallery.com/communities/cloister-gardens#k=42298,https://www.theapartmentgallery.com/ephrata/cloister-gardens/conventional/,https://www.theapartmentgallery.com/floor-plans/,https://www.theapartmentgallery.com/models,https://www.theapartmentgallery.com/apartments/pa/ephrata/floor-plans#/,https://www.theapartmentgallery.com/Floor-plans.aspx
70913,Zachary Park,Portland,OR,https://www.zacharyparkprinceton.com/,https://www.zacharyparkprinceton.com/portland/zachary-park/conventional/,https://www.zacharyparkprinceton.com/floor-plans/,https://www.zacharyparkprinceton.com/models,https://www.zacharyparkprinceton.com/apartments/or/portland/floor-plans#/,https://www.zacharyparkprinceton.com/Floor-plans.aspx
71962,Towne House,Quincy,MA,https://www.townehousequincy.com/,https://www.townehousequincy.com/quincy/towne-house/conventional/,https://www.townehousequincy.com/floor-plans/,https://www.townehousequincy.com/models,https://www.townehousequincy.com/apartments/ma/quincy/floor-plans#/,https://www.townehousequincy.com/Floor-plans.aspx
71775,Wilkeswood,Wilkes-Barre,PA,https://www.liveatwilkeswood.com/,https://www.liveatwilkeswood.com/wilkes-barre/wilkeswood/conventional/,https://www.liveatwilkeswood.com/floor-plans/,https://www.liveatwilkeswood.com/models,https://www.liveatwilkeswood.com/apartments/pa/wilkes-barre/floor-plans#/,https://www.liveatwilkeswood.com/Floor-plans.aspx
17592,,,,https://www.thekenmorelosfeliz.com/,,https://www.thekenmorelosfeliz.com/floor-plans/,https://www.thekenmorelosfeliz.com/models,,https://www.thekenmorelosfeliz.com/Floor-plans.aspx
136,Ridgewood Club,Virginia Beach,VA,https://www.ridgewoodclub.com/,https://www.ridgewoodclub.com/virginia-beach/ridgewood-club/conventional/,https://www.ridgewoodclub.com/floor-plans/,https://www.ridgewoodclub.com/models,https://www.ridgewoodclub.com/apartments/va/virginia-beach/floor-plans#/,https://www.ridgewoodclub.com/Floor-plans.aspx
13793,Bear Run Village,Pittsburgh,PA,https://www.liveatbearrunvillage.com/bear-run-village-pittsburgh-pa/,https://www.liveatbearrunvillage.com/pittsburgh/bear-run-village/conventional/,https://www.liveatbearrunvillage.com/floor-plans/,https://www.liveatbearrunvillage.com/models,https://www.liveatbearrunvillage.com/apartments/pa/pittsburgh/floor-plans#/,https://www.liveatbearrunvillage.com/Floor-plans.aspx
17506,Ten68 West,Dallas,GA,https://www.ten68west.com/,https://www.ten68west.com/dallas/ten68-west/conventional/,https://www.ten68west.com/floor-plans/,https://www.ten68west.com/models,https://www.ten68west.com/apartments/ga/dallas/floor-plans#/,https://www.ten68west.com/Floor-plans.aspx
1785,Beech Meadow,Beech Grove,IN,https://www.beechmeadowaptsin.com/,https://www.beechmeadowaptsin.com/beech-grove/beech-meadow/conventional/,https://www.beechmeadowaptsin.com/floor-plans/,https://www.beechmeadowaptsin.com/models,https://www.beechmeadowaptsin.com/apartments/in/beech-grove/floor-plans#/,https://www.beechmeadowaptsin.com/Floor-plans.aspx
13193,,,,http://www.woodviewatrandolph.com/,,http://www.woodviewatrandolph.com/floor-plans/,http://www.woodviewatrandolph.com/models,,http://www.woodviewatrandolph.com/Floor-plans.aspx
23798,The Columns at Hiram,Hiram,GA,https://www.thecolumnsathiram.com/,https://www.thecolumnsathiram.com/hiram/the-columns-at-hiram/conventional/,https://www.thecolumnsathiram.com/floor-plans/,https://www.thecolumnsathiram.com/models,https://www.thecolumnsathiram.com/apartments/ga/hiram/floor-plans#/,https://www.thecolumnsathiram.com/Floor-plans.aspx
13153,Canyon Creek Apartments,San Ramon,CA,http://www.equityapartments.com/california/san-francisco-bay-apartments/san-ramon/canyon-creek-apartments.aspx,http://www.equityapartments.com/san-ramon/canyon-creek-apartments/conventional/,http://www.equityapartments.com/floor-plans/,http://www.equityapartments.com/models,http://www.equityapartments.com/apartments/ca/san-ramon/floor-plans#/,http://www.equityapartments.com/Floor-plans.aspx
23671,Penthouse,San Diego,CA,www.penthousebysdsu.com/,https://www.penthousebysdsu.com/san-diego/penthouse/conventional/,https://www.penthousebysdsu.com/floor-plans/,https://www.penthousebysdsu.com/models,https://www.penthousebysdsu.com/apartments/ca/san-diego/floor-plans#/,https://www.penthousebysdsu.com/Floor-plans.aspx
23760,Ashton Glen,Manassas,VA,http://www.ashtonglen.com/,http://www.ashtonglen.com/manassas/ashton-glen/conventional/,http://www.ashtonglen.com/floor-plans/,http://www.ashtonglen.com/models,http://www.ashtonglen.com/apartments/va/manassas/floor-plans#/,http://www.ashtonglen.com/Floor-plans.aspx
17303,Santa Rosa,Phoenix,AZ,http://www.santarosaapartmenthomes.com/,http://www.santarosaapartmenthomes.com/phoenix/santa-rosa/conventional/,http://www.santarosaapartmenthomes.com/floor-plans/,http://www.santarosaapartmenthomes.com/models,http://www.santarosaapartmenthomes.com/apartments/az/phoenix/floor-plans#/,http://www.santarosaapartmenthomes.com/Floor-plans.aspx
236447,Prescott at West Hills,Knoxville,TN,https://www.prescottwesthills.com/,https://www.prescottwesthills.com/knoxville/prescott-at-west-hills/conventional/,https://www.prescottwesthills.com/floor-plans/,https://www.prescottwesthills.com/models,https://www.prescottwesthills.com/apartments/tn/knoxville/floor-plans#/,https://www.prescottwesthills.com/Floor-plans.aspx
13339,Woodstone,Austin,TX,https://www.woodstoneaustin.com,https://www.woodstoneaustin.com/austin/woodstone/conventional/,https://www.woodstoneaustin.com/floor-plans/,https://www.woodstoneaustin.com/models,https://www.woodstoneaustin.com/apartments/tx/austin/floor-plans#/,https://www.woodstoneaustin.com/Floor-plans.aspx
236394,RiverPoint,Washington,DC,https://www.riverpointdc.com/,https://www.riverpointdc.com/washington/riverpoint/conventional/,https://www.riverpointdc.com/floor-plans/,https://www.riverpointdc.com/models,https://www.riverpointdc.com/apartments/dc/washington/floor-plans#/,https://www.riverpointdc.com/Floor-plans.aspx
13477,Flatiron District at Austin Ranch,The Colony,TX,http://flatirondistrictataustinranch.com/,http://flatirondistrictataustinranch.com/the-colony/flatiron-district-at-austin-ranch/conventional/,http://flatirondistrictataustinranch.com/floor-plans/,http://flatirondistrictataustinranch.com/models,http://flatirondistrictataustinranch.com/apartments/tx/the-colony/floor-plans#/,http://flatirondistrictataustinranch.com/Floor-plans.aspx
1713,Brook Lane,Milwaukee,WI,https://www.brooklaneapts.com/,https://www.brooklaneapts.com/milwaukee/brook-lane/conventional/,https://www.brooklaneapts.com/floor-plans/,https://www.brooklaneapts.com/models,https://www.brooklaneapts.com/apartments/wi/milwaukee/floor-plans#/,https://www.brooklaneapts.com/Floor-plans.aspx
1759,,,,https://www.tarowalk.com/,,https://www.tarowalk.com/floor-plans/,https://www.tarowalk.com/models,,https://www.tarowalk.com/Floor-plans.aspx
17355,Merrill House,Falls Church,VA,https://www.eaglerockproperties.com/apartments/va/falls-church/merrill-house/,https://www.eaglerockproperties.com/falls-church/merrill-house/conventional/,https://www.eaglerockproperties.com/floor-plans/,https://www.eaglerockproperties.com/models,https://www.eaglerockproperties.com/apartments/va/falls-church/floor-plans#/,https://www.eaglerockproperties.com/Floor-plans.aspx
17158,Ashford Casa Serena,Houston,TX,https://www.ashfordcasaserena.com/,https://www.ashfordcasaserena.com/houston/ashford-casa-serena/conventional/,https://www.ashfordcasaserena.com/floor-plans/,https://www.ashfordcasaserena.com/models,https://www.ashfordcasaserena.com/apartments/tx/houston/floor-plans#/,https://www.ashfordcasaserena.com/Floor-plans.aspx
1786,Austin Midtown,Austin,TX,http://www.austinmidtownapts.com/,http://www.austinmidtownapts.com/austin/austin-midtown/conventional/,http://www.austinmidtownapts.com/floor-plans/,http://www.austinmidtownapts.com/models,http://www.austinmidtownapts.com/apartments/tx/austin/floor-plans#/,http://www.austinmidtownapts.com/Floor-plans.aspx
1748,Cedars 94,Minneapolis,MN,www.mycedars94home.com,https://www.mycedars94home.com/minneapolis/cedars-94/conventional/,https://www.mycedars94home.com/floor-plans/,https://www.mycedars94home.com/models,https://www.mycedars94home.com/apartments/mn/minneapolis/floor-plans#/,https://www.mycedars94home.com/Floor-plans.aspx
17541,Greentree Gardens,San Bernardino,CA,https://www.allenproperties.net/greentree-gardens-san-bernardino-ca/,https://www.allenproperties.net/san-bernardino/greentree-gardens/conventional/,https://www.allenproperties.net/floor-plans/,https://www.allenproperties.net/models,https://www.allenproperties.net/apartments/ca/san-bernardino/floor-plans#/,https://www.allenproperties.net/Floor-plans.aspx
238082,The Bexley,Hoboken,NJ,http://www.livebexley.com/,http://www.livebexley.com/hoboken/the-bexley/conventional/,http://www.livebexley.com/floor-plans/,http://www.livebexley.com/models,http://www.livebexley.com/apartments/nj/hoboken/floor-plans#/,http://www.livebexley.com/Floor-plans.aspx
13181,Park Hill at Issaquah,Issaquah,WA,https://www.essexapartmenthomes.com/apartments/park-hill-at-issaquah,https://www.essexapartmenthomes.com/issaquah/park-hill-at-issaquah/conventional/,https://www.essexapartmenthomes.com/floor-plans/,https://www.essexapartmenthomes.com/models,https://www.essexapartmenthomes.com/apartments/wa/issaquah/floor-plans#/,https://www.essexapartmenthomes.com/Floor-plans.aspx
236914,Woodbridge,Fort Wayne,IN,https://gowoodbridgefortwayne.com/,https://gowoodbridgefortwayne.com/fort-wayne/woodbridge/conventional/,https://gowoodbridgefortwayne.com/floor-plans/,https://gowoodbridgefortwayne.com/models,https://gowoodbridgefortwayne.com/apartments/in/fort-wayne/floor-plans#/,https://gowoodbridgefortwayne.com/Floor-plans.aspx
227790,The Charles,Salt Lake City,UT,https://thecharlesslc.com/,https://thecharlesslc.com/salt-lake-city/the-charles/conventional/,https://thecharlesslc.com/floor-plans/,https://thecharlesslc.com/models,https://thecharlesslc.com/apartments/ut/salt-lake-city/floor-plans#/,https://thecharlesslc.com/Floor-plans.aspx
23723,Pheasant Run,Nashua,NH,http://www.yourpheasantrun.com/,http://www.yourpheasantrun.com/nashua/pheasant-run/conventional/,http://www.yourpheasantrun.com/floor-plans/,http://www.yourpheasantrun.com/models,http://www.yourpheasantrun.com/apartments/nh/nashua/floor-plans#/,http://www.yourpheasantrun.com/Floor-plans.aspx
236298,Strasser Village,Manhattan,KS,https://mcculloughcorporate.prospectportal.com/manhattan/strasser-village-300-n-4th-street,https://mcculloughcorporate.prospectportal.com/manhattan/strasser-village/conventional/,https://mcculloughcorporate.prospectportal.com/floor-plans/,https://mcculloughcorporate.prospectportal.com/models,https://mcculloughcorporate.prospectportal.com/apartments/ks/manhattan/floor-plans#/,https://mcculloughcorporate.prospectportal.com/Floor-plans.aspx
228549,Maker,Sacramento,CA,https://makermidtown.com/,https://makermidtown.com/sacramento/maker/conventional/,https://makermidtown.com/floor-plans/,https://makermidtown.com/models,https://makermidtown.com/apartments/ca/sacramento/floor-plans#/,https://makermidtown.com/Floor-plans.aspx
2375,The Grove Luxury,Petaluma,CA,https://www.thegroveluxuryapartments.com/,https://www.thegroveluxuryapartments.com/petaluma/the-grove-luxury/conventional/,https://www.thegroveluxuryapartments.com/floor-plans/,https://www.thegroveluxuryapartments.com/models,https://www.thegroveluxuryapartments.com/apartments/ca/petaluma/floor-plans#/,https://www.thegroveluxuryapartments.com/Floor-plans.aspx
13556,Pine Bluffs,Colorado Springs,CO,http://www.pinebluffsapartments.com/,http://www.pinebluffsapartments.com/colorado-springs/pine-bluffs/conventional/,http://www.pinebluffsapartments.com/floor-plans/,http://www.pinebluffsapartments.com/models,http://www.pinebluffsapartments.com/apartments/co/colorado-springs/floor-plans#/,http://www.pinebluffsapartments.com/Floor-plans.aspx
236586,,,,https://www.ColtonCreekApartments.com,,https://www.ColtonCreekApartments.com/floor-plans/,https://www.ColtonCreekApartments.com/models,,https://www.ColtonCreekApartments.com/Floor-plans.aspx
13341,Heritage Ridge Apartments,Lynnwood,WA,http://www.equityapartments.com/washington/seattle-apartments/lynnwood/heritage-ridge-apartments.aspx,http://www.equityapartments.com/lynnwood/heritage-ridge-apartments/conventional/,http://www.equityapartments.com/floor-plans/,http://www.equityapartments.com/models,http://www.equityapartments.com/apartments/wa/lynnwood/floor-plans#/,http://www.equityapartments.com/Floor-plans.aspx
13379,Verde Apartments,San Jose,CA,http://www.equityapartments.com/california/san-francisco-bay-apartments/san-jose/verde-apartments.aspx,http://www.equityapartments.com/san-jose/verde-apartments/conventional/,http://www.equityapartments.com/floor-plans/,http://www.equityapartments.com/models,http://www.equityapartments.com/apartments/ca/san-jose/floor-plans#/,http://www.equityapartments.com/Floor-plans.aspx
236195,Walnut Crossing,Harrisburg,PA,https://parkrunmgt.com/listing/walnut-crossing/#,https://parkrunmgt.com/harrisburg/walnut-crossing/conventional/,https://parkrunmgt.com/floor-plans/,https://parkrunmgt.com/models,https://parkrunmgt.com/apartments/pa/harrisburg/floor-plans#/,https://parkrunmgt.com/Floor-plans.aspx
227758,Waterline Bonita Springs,Bonita Springs,FL,https://www.waterlinebonitasprings.com/,https://www.waterlinebonitasprings.com/bonita-springs/waterline-bonita-springs/conventional/,https://www.waterlinebonitasprings.com/floor-plans/,https://www.waterlinebonitasprings.com/models,https://www.waterlinebonitasprings.com/apartments/fl/bonita-springs/floor-plans#/,https://www.waterlinebonitasprings.com/Floor-plans.aspx
22769,Saltaire Apartments,Torrance,CA,https://www.saltaireliving.net/,https://www.saltaireliving.net/torrance/saltaire-apartments/conventional/,https://www.saltaireliving.net/floor-plans/,https://www.saltaireliving.net/models,https://www.saltaireliving.net/apartments/ca/torrance/floor-plans#/,https://www.saltaireliving.net/Floor-plans.aspx
22767,Sunset Pointe,Hesperia,CA,https://www.sunsetpointeapts.net/,https://www.sunsetpointeapts.net/hesperia/sunset-pointe/conventional/,https://www.sunsetpointeapts.net/floor-plans/,https://www.sunsetpointeapts.net/models,https://www.sunsetpointeapts.net/apartments/ca/hesperia/floor-plans#/,https://www.sunsetpointeapts.net/Floor-plans.aspx
2282,City View,Hayward,CA,https://www.essexapartmenthomes.com/california/san-francisco-bay-area-apartments/hayward-apartments/city-view,https://www.essexapartmenthomes.com/hayward/city-view/conventional/,https://www.essexapartmenthomes.com/floor-plans/,https://www.essexapartmenthomes.com/models,https://www.essexapartmenthomes.com/apartments/ca/hayward/floor-plans#/,https://www.essexapartmenthomes.com/Floor-plans.aspx
227354,Sandstone,Waco,TX,https://www.sandstoneapartmenthomes.com/,https://www.sandstoneapartmenthomes.com/waco/sandstone/conventional/,https://www.sandstoneapartmenthomes.com/floor-plans/,https://www.sandstoneapartmenthomes.com/models,https://www.sandstoneapartmenthomes.com/apartments/tx/waco/floor-plans#/,https://www.sandstoneapartmenthomes.com/Floor-plans.aspx
226383,The Colony Apartments,Corpus Christi,TX,http://availability.sparkleam.com/properties/?rmwebsvc_command=PropertyDetail&rmwebsvc_id=4&rmwebsvc_template=Properties,http://availability.sparkleam.com/corpus-christi/the-colony-apartments/conventional/,http://availability.sparkleam.com/floor-plans/,http://availability.sparkleam.com/models,http://availability.sparkleam.com/apartments/tx/corpus-christi/floor-plans#/,http://availability.sparkleam.com/Floor-plans.aspx
228359,,,,https://www.equityapartments.com/denver/congress-park/milo-apartments,,https://www.equityapartments.com/floor-plans/,https://www.equityapartments.com/models,,https://www.equityapartments.com/Floor-plans.aspx
228341,The Commons at Cowan Boulevard,Fredericksburg,VA,http://commonsatcowanboulevard.com/,http://commonsatcowanboulevard.com/fredericksburg/the-commons-at-cowan-boulevard/conventional/,http://commonsatcowanboulevard.com/floor-plans/,http://commonsatcowanboulevard.com/models,http://commonsatcowanboulevard.com/apartments/va/fredericksburg/floor-plans#/,http://commonsatcowanboulevard.com/Floor-plans.aspx
228073,Alister Montclair,Montclair,NJ,https://www.alistermontclair.com/,https://www.alistermontclair.com/montclair/alister-montclair/conventional/,https://www.alistermontclair.com/floor-plans/,https://www.alistermontclair.com/models,https://www.alistermontclair.com/apartments/nj/montclair/floor-plans#/,https://www.alistermontclair.com/Floor-plans.aspx
224888,The Cove at Overlake,Tooele,UT,http://www.coveatoverlakeapts.com/,http://www.coveatoverlakeapts.com/tooele/the-cove-at-overlake/conventional/,http://www.coveatoverlakeapts.com/floor-plans/,http://www.coveatoverlakeapts.com/models,http://www.coveatoverlakeapts.com/apartments/ut/tooele/floor-plans#/,http://www.coveatoverlakeapts.com/Floor-plans.aspx
224728,Oak Place,Oklahoma City,OK,https://www.morgan-properties.com/apartments/ok/oklahoma-city/oak-place/,https://www.morgan-properties.com/oklahoma-city/oak-place/conventional/,https://www.morgan-properties.com/floor-plans/,https://www.morgan-properties.com/models,https://www.morgan-properties.com/apartments/ok/oklahoma-city/floor-plans#/,https://www.morgan-properties.com/Floor-plans.aspx
224995,Cameron,Wilson,NC,https://www.brazoscameron.com/,https://www.brazoscameron.com/wilson/cameron/conventional/,https://www.brazoscameron.com/floor-plans/,https://www.brazoscameron.com/models,https://www.brazoscameron.com/apartments/nc/wilson/floor-plans#/,https://www.brazoscameron.com/Floor-plans.aspx
225952,Seranado Fountain,Orange,CA,http://www.seranadofountainapartments.com/,http://www.seranadofountainapartments.com/orange/seranado-fountain/conventional/,http://www.seranadofountainapartments.com/floor-plans/,http://www.seranadofountainapartments.com/models,http://www.seranadofountainapartments.com/apartments/ca/orange/floor-plans#/,http://www.seranadofountainapartments.com/Floor-plans.aspx
225798,,,,https://www.theoverlookstgabriels.com/,,https://www.theoverlookstgabriels.com/floor-plans/,https://www.theoverlookstgabriels.com/models,,https://www.theoverlookstgabriels.com/Floor-plans.aspx
225099,Desert Horizon,Scottsdale,AZ,https://arizona.weidner.com/apartments/az/scottsdale/desert-horizon/?utm_source=google&utm_medium=organic&utm_campaign=gmb,https://arizona.weidner.com/scottsdale/desert-horizon/conventional/,https://arizona.weidner.com/floor-plans/,https://arizona.weidner.com/models,https://arizona.weidner.com/apartments/az/scottsdale/floor-plans#/,https://arizona.weidner.com/Floor-plans.aspx
225389,Evergreen at River Oaks I,Lake Charles,LA,https://www.evergreenatriveroaks.com/,https://www.evergreenatriveroaks.com/lake-charles/evergreen-at-river-oaks-i/conventional/,https://www.evergreenatriveroaks.com/floor-plans/,https://www.evergreenatriveroaks.com/models,https://www.evergreenatriveroaks.com/apartments/la/lake-charles/floor-plans#/,https://www.evergreenatriveroaks.com/Floor-plans.aspx
224788,Progress Terrace,Beaverton,OR,https://www.liveatprogressterrace.com/,https://www.liveatprogressterrace.com/beaverton/progress-terrace/conventional/,https://www.liveatprogressterrace.com/floor-plans/,https://www.liveatprogressterrace.com/models,https://www.liveatprogressterrace.com/apartments/or/beaverton/floor-plans#/,https://www.liveatprogressterrace.com/Floor-plans.aspx
226197,Northlink,Seattle,WA,www.livenorthlink.com,https://www.livenorthlink.com/seattle/northlink/conventional/,https://www.livenorthlink.com/floor-plans/,https://www.livenorthlink.com/models,https://www.livenorthlink.com/apartments/wa/seattle/floor-plans#/,https://www.livenorthlink.com/Floor-plans.aspx
224836,Standard On Main,Akron,OH,~,https://~/akron/standard-on-main/conventional/,https://~/floor-plans/,https://~/models,https://~/apartments/oh/akron/floor-plans#/,https://~/Floor-plans.aspx
225309,Reserve at Creekside,Chattanooga,TN,www.reserveatcreeksideapts.com,https://www.reserveatcreeksideapts.com/chattanooga/reserve-at-creekside/conventional/,https://www.reserveatcreeksideapts.com/floor-plans/,https://www.reserveatcreeksideapts.com/models,https://www.reserveatcreeksideapts.com/apartments/tn/chattanooga/floor-plans#/,https://www.reserveatcreeksideapts.com/Floor-plans.aspx
226350,1250 Lakeside,Sunnyvale,CA,https://www.essexapartmenthomes.com/apartments/sunnyvale/1250-lakeside,https://www.essexapartmenthomes.com/sunnyvale/1250-lakeside/conventional/,https://www.essexapartmenthomes.com/floor-plans/,https://www.essexapartmenthomes.com/models,https://www.essexapartmenthomes.com/apartments/ca/sunnyvale/floor-plans#/,https://www.essexapartmenthomes.com/Floor-plans.aspx
261384,OTIS,Richmond,VA,https://liveotis.com/,https://liveotis.com/richmond/otis/conventional/,https://liveotis.com/floor-plans/,https://liveotis.com/models,https://liveotis.com/apartments/va/richmond/floor-plans#/,https://liveotis.com/Floor-plans.aspx
262174,Star Deluxe Branford,Branford,CT,https://metrostarapartments.com/star-deluxe-branford/,https://metrostarapartments.com/branford/star-deluxe-branford/conventional/,https://metrostarapartments.com/floor-plans/,https://metrostarapartments.com/models,https://metrostarapartments.com/apartments/ct/branford/floor-plans#/,https://metrostarapartments.com/Floor-plans.aspx
262539,Modera Montville,Pine Brook,NJ,https://www.moderamontville.com/,https://www.moderamontville.com/pine-brook/modera-montville/conventional/,https://www.moderamontville.com/floor-plans/,https://www.moderamontville.com/models,https://www.moderamontville.com/apartments/nj/pine-brook/floor-plans#/,https://www.moderamontville.com/Floor-plans.aspx
262156,Modera Woodbridge,Woodbridge,NJ,https://www.moderawoodbridge.com/,https://www.moderawoodbridge.com/woodbridge/modera-woodbridge/conventional/,https://www.moderawoodbridge.com/floor-plans/,https://www.moderawoodbridge.com/models,https://www.moderawoodbridge.com/apartments/nj/woodbridge/floor-plans#/,https://www.moderawoodbridge.com/Floor-plans.aspx
262292,Camelot at Marlboro,Morganville,NJ,https://www.kaplanatmarlboro.com/,https://www.kaplanatmarlboro.com/morganville/camelot-at-marlboro/conventional/,https://www.kaplanatmarlboro.com/floor-plans/,https://www.kaplanatmarlboro.com/models,https://www.kaplanatmarlboro.com/apartments/nj/morganville/floor-plans#/,https://www.kaplanatmarlboro.com/Floor-plans.aspx
26274,Catalina Gardens,Las Vegas,NV,http://www.catalinagardenslv.com,http://www.catalinagardenslv.com/las-vegas/catalina-gardens/conventional/,http://www.catalinagardenslv.com/floor-plans/,http://www.catalinagardenslv.com/models,http://www.catalinagardenslv.com/apartments/nv/las-vegas/floor-plans#/,http://www.catalinagardenslv.com/Floor-plans.aspx
261552,The Quincy,Acworth,GA,https://www.livethequincy.com/,https://www.livethequincy.com/acworth/the-quincy/conventional/,https://www.livethequincy.com/floor-plans/,https://www.livethequincy.com/models,https://www.livethequincy.com/apartments/ga/acworth/floor-plans#/,https://www.livethequincy.com/Floor-plans.aspx
261739,The Pointe at Palm Bay,Palm Bay,FL,https://www.thepointeatpalmbay.com/,https://www.thepointeatpalmbay.com/palm-bay/the-pointe-at-palm-bay/conventional/,https://www.thepointeatpalmbay.com/floor-plans/,https://www.thepointeatpalmbay.com/models,https://www.thepointeatpalmbay.com/apartments/fl/palm-bay/floor-plans#/,https://www.thepointeatpalmbay.com/Floor-plans.aspx
262488,Overlook at Franklin Square,Baltimore,MD,https://www.myoverlook.com/,https://www.myoverlook.com/baltimore/overlook-at-franklin-square/conventional/,https://www.myoverlook.com/floor-plans/,https://www.myoverlook.com/models,https://www.myoverlook.com/apartments/md/baltimore/floor-plans#/,https://www.myoverlook.com/Floor-plans.aspx
26161,Hamilton House,Mayfield Heights,OH,http://www.renthamiltonhouse.com/hamilton-house-mayfield-heights-oh,http://www.renthamiltonhouse.com/mayfield-heights/hamilton-house/conventional/,http://www.renthamiltonhouse.com/floor-plans/,http://www.renthamiltonhouse.com/models,http://www.renthamiltonhouse.com/apartments/oh/mayfield-heights/floor-plans#/,http://www.renthamiltonhouse.com/Floor-plans.aspx
262310,Stevens Creek Villas,Lincoln,NE,https://concordemgmt.com/apartments/,https://concordemgmt.com/lincoln/stevens-creek-villas/conventional/,https://concordemgmt.com/floor-plans/,https://concordemgmt.com/models,https://concordemgmt.com/apartments/ne/lincoln/floor-plans#/,https://concordemgmt.com/Floor-plans.aspx
58142,One North Scottsdale,Scottsdale,AZ,https://www.onenorthscottsdale.com/,https://www.onenorthscottsdale.com/scottsdale/one-north-scottsdale/conventional/,https://www.onenorthscottsdale.com/floor-plans/,https://www.onenorthscottsdale.com/models,https://www.onenorthscottsdale.com/apartments/az/scottsdale/floor-plans#/,https://www.onenorthscottsdale.com/Floor-plans.aspx
57192,Park Avenue Lofts,Little Rock,AR,http://www.theparkavenuelofts.com/,http://www.theparkavenuelofts.com/little-rock/park-avenue-lofts/conventional/,http://www.theparkavenuelofts.com/floor-plans/,http://www.theparkavenuelofts.com/models,http://www.theparkavenuelofts.com/apartments/ar/little-rock/floor-plans#/,http://www.theparkavenuelofts.com/Floor-plans.aspx
57772,Avonlea Tributary,Lithia Springs,GA,https://avonleatributary.com/,https://avonleatributary.com/lithia-springs/avonlea-tributary/conventional/,https://avonleatributary.com/floor-plans/,https://avonleatributary.com/models,https://avonleatributary.com/apartments/ga/lithia-springs/floor-plans#/,https://avonleatributary.com/Floor-plans.aspx
57320,Brookmeade Apartments,Williamsport,MD,https://brookmeade-apartments-rentcafewebsite.securecafe.com/onlineleasing/brookmeade-apartments/oleapplication.aspx?stepname=floorplan&myOlePropertyId=1665138,https://brookmeade-apartments-rentcafewebsite.securecafe.com/williamsport/brookmeade-apartments/conventional/,https://brookmeade-apartments-rentcafewebsite.securecafe.com/floor-plans/,https://brookmeade-apartments-rentcafewebsite.securecafe.com/models,https://brookmeade-apartments-rentcafewebsite.securecafe.com/apartments/md/williamsport/floor-plans#/,https://brookmeade-apartments-rentcafewebsite.securecafe.com/Floor-plans.aspx
57501,Hurstbourne Estates,Louisville,KY,www.hurstbourneestates.com,https://www.hurstbourneestates.com/louisville/hurstbourne-estates/conventional/,https://www.hurstbourneestates.com/floor-plans/,https://www.hurstbourneestates.com/models,https://www.hurstbourneestates.com/apartments/ky/louisville/floor-plans#/,https://www.hurstbourneestates.com/Floor-plans.aspx
57976,One India Street,Boston,MA,https://www.oneindiastreetapartments.com/,https://www.oneindiastreetapartments.com/boston/one-india-street/conventional/,https://www.oneindiastreetapartments.com/floor-plans/,https://www.oneindiastreetapartments.com/models,https://www.oneindiastreetapartments.com/apartments/ma/boston/floor-plans#/,https://www.oneindiastreetapartments.com/Floor-plans.aspx
5778,Centerpointe Greens,Everett,WA,http://www.centrepointegreensliving.com/,http://www.centrepointegreensliving.com/everett/centerpointe-greens/conventional/,http://www.centrepointegreensliving.com/floor-plans/,http://www.centrepointegreensliving.com/models,http://www.centrepointegreensliving.com/apartments/wa/everett/floor-plans#/,http://www.centrepointegreensliving.com/Floor-plans.aspx
56767,Bridge at the Kenzie,Austin,TX,https://www.bridgeatthekenzie.com/,https://www.bridgeatthekenzie.com/austin/bridge-at-the-kenzie/conventional/,https://www.bridgeatthekenzie.com/floor-plans/,https://www.bridgeatthekenzie.com/models,https://www.bridgeatthekenzie.com/apartments/tx/austin/floor-plans#/,https://www.bridgeatthekenzie.com/Floor-plans.aspx
57904,Cathedral Commons,Washington,DC,https://www.cathedralcommons.com/,https://www.cathedralcommons.com/washington/cathedral-commons/conventional/,https://www.cathedralcommons.com/floor-plans/,https://www.cathedralcommons.com/models,https://www.cathedralcommons.com/apartments/dc/washington/floor-plans#/,https://www.cathedralcommons.com/Floor-plans.aspx
56773,Ten Oaks,Austin,TX,http://tenoaks-apts.com/,http://tenoaks-apts.com/austin/ten-oaks/conventional/,http://tenoaks-apts.com/floor-plans/,http://tenoaks-apts.com/models,http://tenoaks-apts.com/apartments/tx/austin/floor-plans#/,http://tenoaks-apts.com/Floor-plans.aspx
57581,Parma Park East & West,Parma,OH,https://www.parmapark.com/,https://www.parmapark.com/parma/parma-park-east-west/conventional/,https://www.parmapark.com/floor-plans/,https://www.parmapark.com/models,https://www.parmapark.com/apartments/oh/parma/floor-plans#/,https://www.parmapark.com/Floor-plans.aspx
118367,Novu New Forest,Houston,TX,https://www.novunewforest.com/,https://www.novunewforest.com/houston/novu-new-forest/conventional/,https://www.novunewforest.com/floor-plans/,https://www.novunewforest.com/models,https://www.novunewforest.com/apartments/tx/houston/floor-plans#/,https://www.novunewforest.com/Floor-plans.aspx
12064,Riviera at West Village,Dallas,TX,http://www.rivierawestvillage.com/,http://www.rivierawestvillage.com/dallas/riviera-at-west-village/conventional/,http://www.rivierawestvillage.com/floor-plans/,http://www.rivierawestvillage.com/models,http://www.rivierawestvillage.com/apartments/tx/dallas/floor-plans#/,http://www.rivierawestvillage.com/Floor-plans.aspx
118965,16 Bennett,Jersey City,NJ,https://www.16bennett.com,https://www.16bennett.com/jersey-city/16-bennett/conventional/,https://www.16bennett.com/floor-plans/,https://www.16bennett.com/models,https://www.16bennett.com/apartments/nj/jersey-city/floor-plans#/,https://www.16bennett.com/Floor-plans.aspx
11961,Fairways at Prestonwood,Dallas,TX,http://www.fairway-living.com,http://www.fairway-living.com/dallas/fairways-at-prestonwood/conventional/,http://www.fairway-living.com/floor-plans/,http://www.fairway-living.com/models,http://www.fairway-living.com/apartments/tx/dallas/floor-plans#/,http://www.fairway-living.com/Floor-plans.aspx
12320,Settler's Gate,Allen,TX,www.settlersgateallen.com,https://www.settlersgateallen.com/allen/settlers-gate/conventional/,https://www.settlersgateallen.com/floor-plans/,https://www.settlersgateallen.com/models,https://www.settlersgateallen.com/apartments/tx/allen/floor-plans#/,https://www.settlersgateallen.com/Floor-plans.aspx
118445,Mara Pacific Beach Apartments,San Diego,CA,https://www.equityapartments.com/san-diego/pacific-beach/mara-pacific-beach-apartments,https://www.equityapartments.com/san-diego/mara-pacific-beach-apartments/conventional/,https://www.equityapartments.com/floor-plans/,https://www.equityapartments.com/models,https://www.equityapartments.com/apartments/ca/san-diego/floor-plans#/,https://www.equityapartments.com/Floor-plans.aspx
11728,Preston Valley,Dallas,TX,www.prestonvalleyapartments.com,https://www.prestonvalleyapartments.com/dallas/preston-valley/conventional/,https://www.prestonvalleyapartments.com/floor-plans/,https://www.prestonvalleyapartments.com/models,https://www.prestonvalleyapartments.com/apartments/tx/dallas/floor-plans#/,https://www.prestonvalleyapartments.com/Floor-plans.aspx
11745,316Fry,Denton,TX,https://www.316fry.com/316-fry-denton-tx/,https://www.316fry.com/denton/316fry/conventional/,https://www.316fry.com/floor-plans/,https://www.316fry.com/models,https://www.316fry.com/apartments/tx/denton/floor-plans#/,https://www.316fry.com/Floor-plans.aspx
120503,The Bridges Lofts,Bettendorf,IA,https://bettendorflofts.com/,https://bettendorflofts.com/bettendorf/the-bridges-lofts/conventional/,https://bettendorflofts.com/floor-plans/,https://bettendorflofts.com/models,https://bettendorflofts.com/apartments/ia/bettendorf/floor-plans#/,https://bettendorflofts.com/Floor-plans.aspx
1165,Tustin View,Santa Ana,CA,https://www.allenproperties.net/tustin-view-santa-ana-ca/,https://www.allenproperties.net/santa-ana/tustin-view/conventional/,https://www.allenproperties.net/floor-plans/,https://www.allenproperties.net/models,https://www.allenproperties.net/apartments/ca/santa-ana/floor-plans#/,https://www.allenproperties.net/Floor-plans.aspx
22337,Park Wood,Dublin,CA,https://www.parkwoodluxury.com/,https://www.parkwoodluxury.com/dublin/park-wood/conventional/,https://www.parkwoodluxury.com/floor-plans/,https://www.parkwoodluxury.com/models,https://www.parkwoodluxury.com/apartments/ca/dublin/floor-plans#/,https://www.parkwoodluxury.com/Floor-plans.aspx
223507,The West Living,West Allis,WI,https://thewest.prospectportal.com/west-allis/the-west-living/conventional/,https://thewest.prospectportal.com/west-allis/the-west-living/conventional/,https://thewest.prospectportal.com/floor-plans/,https://thewest.prospectportal.com/models,https://thewest.prospectportal.com/apartments/wi/west-allis/floor-plans#/,https://thewest.prospectportal.com/Floor-plans.aspx
223579,Settler's Landing,Streetsboro,OH,www.settlerslanding.com,https://www.settlerslanding.com/streetsboro/settlers-landing/conventional/,https://www.settlerslanding.com/floor-plans/,https://www.settlerslanding.com/models,https://www.settlerslanding.com/apartments/oh/streetsboro/floor-plans#/,https://www.settlerslanding.com/Floor-plans.aspx
22297,Chestnut Park,San Antonio,TX,https://www.mychestnutparkapartments.com/,https://www.mychestnutparkapartments.com/san-antonio/chestnut-park/conventional/,https://www.mychestnutparkapartments.com/floor-plans/,https://www.mychestnutparkapartments.com/models,https://www.mychestnutparkapartments.com/apartments/tx/san-antonio/floor-plans#/,https://www.mychestnutparkapartments.com/Floor-plans.aspx
224563,Highlands at Huckleberry II,Blacksburg,VA,https://www.highlandsapartmentsva.com/,https://www.highlandsapartmentsva.com/blacksburg/highlands-at-huckleberry-ii/conventional/,https://www.highlandsapartmentsva.com/floor-plans/,https://www.highlandsapartmentsva.com/models,https://www.highlandsapartmentsva.com/apartments/va/blacksburg/floor-plans#/,https://www.highlandsapartmentsva.com/Floor-plans.aspx
61495,The Cosmopolitan,Corpus Christi,TX,http://thecosmopolitanapts.com/,http://thecosmopolitanapts.com/corpus-christi/the-cosmopolitan/conventional/,http://thecosmopolitanapts.com/floor-plans/,http://thecosmopolitanapts.com/models,http://thecosmopolitanapts.com/apartments/tx/corpus-christi/floor-plans#/,http://thecosmopolitanapts.com/Floor-plans.aspx
61951,Ellis at Germantown,Nashville,TN,https://www.ellisgermantown.com/,https://www.ellisgermantown.com/nashville/ellis-at-germantown/conventional/,https://www.ellisgermantown.com/floor-plans/,https://www.ellisgermantown.com/models,https://www.ellisgermantown.com/apartments/tn/nashville/floor-plans#/,https://www.ellisgermantown.com/Floor-plans.aspx
6167,Chelsea Square,Redmond,WA,https://www.equityapartments.com/seattle/downtown-redmond/chelsea-square-apartments,https://www.equityapartments.com/redmond/chelsea-square/conventional/,https://www.equityapartments.com/floor-plans/,https://www.equityapartments.com/models,https://www.equityapartments.com/apartments/wa/redmond/floor-plans#/,https://www.equityapartments.com/Floor-plans.aspx
61724,The James Park Place,Houston,TX,https://www.thejamesriveroaks.com/,https://www.thejamesriveroaks.com/houston/the-james-park-place/conventional/,https://www.thejamesriveroaks.com/floor-plans/,https://www.thejamesriveroaks.com/models,https://www.thejamesriveroaks.com/apartments/tx/houston/floor-plans#/,https://www.thejamesriveroaks.com/Floor-plans.aspx
61166,Silver Collection at Waterford,Huntersville,NC,https://www.silvercollectionatwaterford.com/,https://www.silvercollectionatwaterford.com/huntersville/silver-collection-at-waterford/conventional/,https://www.silvercollectionatwaterford.com/floor-plans/,https://www.silvercollectionatwaterford.com/models,https://www.silvercollectionatwaterford.com/apartments/nc/huntersville/floor-plans#/,https://www.silvercollectionatwaterford.com/Floor-plans.aspx
61979,Villa Milano,Leawood,KS,https://www.villamilano.us/,https://www.villamilano.us/leawood/villa-milano/conventional/,https://www.villamilano.us/floor-plans/,https://www.villamilano.us/models,https://www.villamilano.us/apartments/ks/leawood/floor-plans#/,https://www.villamilano.us/Floor-plans.aspx
61870,Whetstone Apartments,Durham,NC,http://www.whetstoneapartments.com/,http://www.whetstoneapartments.com/durham/whetstone-apartments/conventional/,http://www.whetstoneapartments.com/floor-plans/,http://www.whetstoneapartments.com/models,http://www.whetstoneapartments.com/apartments/nc/durham/floor-plans#/,http://www.whetstoneapartments.com/Floor-plans.aspx
61594,Xavier,Chicago,IL,http://livexavier.com/,http://livexavier.com/chicago/xavier/conventional/,http://livexavier.com/floor-plans/,http://livexavier.com/models,http://livexavier.com/apartments/il/chicago/floor-plans#/,http://livexavier.com/Floor-plans.aspx
61950,250 High,Columbus,OH,https://250high.com/,https://250high.com/columbus/250-high/conventional/,https://250high.com/floor-plans/,https://250high.com/models,https://250high.com/apartments/oh/columbus/floor-plans#/,https://250high.com/Floor-plans.aspx
61159,Century Afton Ridge,Concord,NC,https://www.centuryaftonridge.com/?rcstdid=Mg%3D%3D-YRjTEizZPgM%3D&utm_source=google+biz&utm_medium=organic,https://www.centuryaftonridge.com/concord/century-afton-ridge/conventional/,https://www.centuryaftonridge.com/floor-plans/,https://www.centuryaftonridge.com/models,https://www.centuryaftonridge.com/apartments/nc/concord/floor-plans#/,https://www.centuryaftonridge.com/Floor-plans.aspx
61569,,,,http://www.thaliagardensapts.com/,,http://www.thaliagardensapts.com/floor-plans/,http://www.thaliagardensapts.com/models,,http://www.thaliagardensapts.com/Floor-plans.aspx
61970,,,,https://www.yardsatfieldside.com,,https://www.yardsatfieldside.com/floor-plans/,https://www.yardsatfieldside.com/models,,https://www.yardsatfieldside.com/Floor-plans.aspx
36551,Deer Wood,Lufkin,TX,www.deerwood411.com,https://www.deerwood411.com/lufkin/deer-wood/conventional/,https://www.deerwood411.com/floor-plans/,https://www.deerwood411.com/models,https://www.deerwood411.com/apartments/tx/lufkin/floor-plans#/,https://www.deerwood411.com/Floor-plans.aspx
36289,Bexley at Heritage,Wake Forest,NC,http://www.bexleyatheritage.com/index.aspx,http://www.bexleyatheritage.com/wake-forest/bexley-at-heritage/conventional/,http://www.bexleyatheritage.com/floor-plans/,http://www.bexleyatheritage.com/models,http://www.bexleyatheritage.com/apartments/nc/wake-forest/floor-plans#/,http://www.bexleyatheritage.com/Floor-plans.aspx
36788,Rivercrest,Melbourne,FL,https://richmanpropertyservices.com/locations/rivercrest/,https://richmanpropertyservices.com/melbourne/rivercrest/conventional/,https://richmanpropertyservices.com/floor-plans/,https://richmanpropertyservices.com/models,https://richmanpropertyservices.com/apartments/fl/melbourne/floor-plans#/,https://richmanpropertyservices.com/Floor-plans.aspx
35980,River's Edge,Lake Elsinore,CA,https://riversedgeapartmentliving.com/,https://riversedgeapartmentliving.com/lake-elsinore/rivers-edge/conventional/,https://riversedgeapartmentliving.com/floor-plans/,https://riversedgeapartmentliving.com/models,https://riversedgeapartmentliving.com/apartments/ca/lake-elsinore/floor-plans#/,https://riversedgeapartmentliving.com/Floor-plans.aspx
36149,Blueberry Hill,Rochester,NY,http://www.blueberryhillapartments.com/,http://www.blueberryhillapartments.com/rochester/blueberry-hill/conventional/,http://www.blueberryhillapartments.com/floor-plans/,http://www.blueberryhillapartments.com/models,http://www.blueberryhillapartments.com/apartments/ny/rochester/floor-plans#/,http://www.blueberryhillapartments.com/Floor-plans.aspx
270148,MAC Residences,Milwaukee,WI,https://macresidences.com/,https://macresidences.com/milwaukee/mac-residences/conventional/,https://macresidences.com/floor-plans/,https://macresidences.com/models,https://macresidences.com/apartments/wi/milwaukee/floor-plans#/,https://macresidences.com/Floor-plans.aspx
271349,The Rail at Bound Brook,Bound Brook,NJ,https://www.denholtz.com/therailatboundbrook,https://www.denholtz.com/bound-brook/the-rail-at-bound-brook/conventional/,https://www.denholtz.com/floor-plans/,https://www.denholtz.com/models,https://www.denholtz.com/apartments/nj/bound-brook/floor-plans#/,https://www.denholtz.com/Floor-plans.aspx
36295,Featherstone Village Apartments,Durham,NC,http://www.featherstone-apts.com/,http://www.featherstone-apts.com/durham/featherstone-village-apartments/conventional/,http://www.featherstone-apts.com/floor-plans/,http://www.featherstone-apts.com/models,http://www.featherstone-apts.com/apartments/nc/durham/floor-plans#/,http://www.featherstone-apts.com/Floor-plans.aspx
36777,Huntington Woods,Friendswood,TX,www.HuntingtonWoodsapts.com,https://www.HuntingtonWoodsapts.com/friendswood/huntington-woods/conventional/,https://www.HuntingtonWoodsapts.com/floor-plans/,https://www.HuntingtonWoodsapts.com/models,https://www.HuntingtonWoodsapts.com/apartments/tx/friendswood/floor-plans#/,https://www.HuntingtonWoodsapts.com/Floor-plans.aspx
35921,800 Sixth Apartments,New York,NY,https://www.800sixth.com/,https://www.800sixth.com/new-york/800-sixth-apartments/conventional/,https://www.800sixth.com/floor-plans/,https://www.800sixth.com/models,https://www.800sixth.com/apartments/ny/new-york/floor-plans#/,https://www.800sixth.com/Floor-plans.aspx
270367,Boulevard 45,Virginia Beach,VA,https://blvd45apts.com/,https://blvd45apts.com/virginia-beach/boulevard-45/conventional/,https://blvd45apts.com/floor-plans/,https://blvd45apts.com/models,https://blvd45apts.com/apartments/va/virginia-beach/floor-plans#/,https://blvd45apts.com/Floor-plans.aspx
272063,Westridge,Vancouver,WA,https://www.westridgeaptstarga.com/,https://www.westridgeaptstarga.com/vancouver/westridge/conventional/,https://www.westridgeaptstarga.com/floor-plans/,https://www.westridgeaptstarga.com/models,https://www.westridgeaptstarga.com/apartments/wa/vancouver/floor-plans#/,https://www.westridgeaptstarga.com/Floor-plans.aspx
271721,The Millennium on Monroe,Spokane,WA,https://www.millenniumnw.com/,https://www.millenniumnw.com/spokane/the-millennium-on-monroe/conventional/,https://www.millenniumnw.com/floor-plans/,https://www.millenniumnw.com/models,https://www.millenniumnw.com/apartments/wa/spokane/floor-plans#/,https://www.millenniumnw.com/Floor-plans.aspx
36158,Allen Meadows,Syracuse,NY,https://allenmeadows.prospectportal.com/,https://allenmeadows.prospectportal.com/syracuse/allen-meadows/conventional/,https://allenmeadows.prospectportal.com/floor-plans/,https://allenmeadows.prospectportal.com/models,https://allenmeadows.prospectportal.com/apartments/ny/syracuse/floor-plans#/,https://allenmeadows.prospectportal.com/Floor-plans.aspx
271374,Joinery,Charlotte,NC,https://www.joineryclt.com/,https://www.joineryclt.com/charlotte/joinery/conventional/,https://www.joineryclt.com/floor-plans/,https://www.joineryclt.com/models,https://www.joineryclt.com/apartments/nc/charlotte/floor-plans#/,https://www.joineryclt.com/Floor-plans.aspx
27187,Scottish Towers II,Dunedin,FL,https://myscottishtowershome.com/,https://myscottishtowershome.com/dunedin/scottish-towers-ii/conventional/,https://myscottishtowershome.com/floor-plans/,https://myscottishtowershome.com/models,https://myscottishtowershome.com/apartments/fl/dunedin/floor-plans#/,https://myscottishtowershome.com/Floor-plans.aspx
35898,Aspen Chase at Eagle Creek,Indianapolis,IN,https://www.aspenchasebyelon.com/,https://www.aspenchasebyelon.com/indianapolis/aspen-chase-at-eagle-creek/conventional/,https://www.aspenchasebyelon.com/floor-plans/,https://www.aspenchasebyelon.com/models,https://www.aspenchasebyelon.com/apartments/in/indianapolis/floor-plans#/,https://www.aspenchasebyelon.com/Floor-plans.aspx
36572,Villas at Greenview,Great Mills,MD,http://www.villasatgreenview.com/,http://www.villasatgreenview.com/great-mills/villas-at-greenview/conventional/,http://www.villasatgreenview.com/floor-plans/,http://www.villasatgreenview.com/models,http://www.villasatgreenview.com/apartments/md/great-mills/floor-plans#/,http://www.villasatgreenview.com/Floor-plans.aspx
36536,Icon at Park,Emeryville,CA,https://prometheusapartments.com/ca/emeryville-apartments/icon-at-park,https://prometheusapartments.com/emeryville/icon-at-park/conventional/,https://prometheusapartments.com/floor-plans/,https://prometheusapartments.com/models,https://prometheusapartments.com/apartments/ca/emeryville/floor-plans#/,https://prometheusapartments.com/Floor-plans.aspx
270109,,,,https://www.moderaparksideatl.com/,,https://www.moderaparksideatl.com/floor-plans/,https://www.moderaparksideatl.com/models,,https://www.moderaparksideatl.com/Floor-plans.aspx
270365,Sota 75,Sarasota,FL,https://sota75.com/,https://sota75.com/sarasota/sota-75/conventional/,https://sota75.com/floor-plans/,https://sota75.com/models,https://sota75.com/apartments/fl/sarasota/floor-plans#/,https://sota75.com/Floor-plans.aspx
270966,COOP @ Heights,Houston,TX,https://www.coopheights.com/,https://www.coopheights.com/houston/coop-heights/conventional/,https://www.coopheights.com/floor-plans/,https://www.coopheights.com/models,https://www.coopheights.com/apartments/tx/houston/floor-plans#/,https://www.coopheights.com/Floor-plans.aspx
270305,Olympus Emerald Coast,Destin,FL,https://www.olympusproperty.com/apartments/fl/destin/olympus-emerald-coast/?utm_source=gmb&utm_medium=organic&utm_knock=g,https://www.olympusproperty.com/destin/olympus-emerald-coast/conventional/,https://www.olympusproperty.com/floor-plans/,https://www.olympusproperty.com/models,https://www.olympusproperty.com/apartments/fl/destin/floor-plans#/,https://www.olympusproperty.com/Floor-plans.aspx
271101,Southern Station,Grandview Heights,OH,https://www.southernstation.com/,https://www.southernstation.com/grandview-heights/southern-station/conventional/,https://www.southernstation.com/floor-plans/,https://www.southernstation.com/models,https://www.southernstation.com/apartments/oh/grandview-heights/floor-plans#/,https://www.southernstation.com/Floor-plans.aspx
36587,Canterbury Park,Livonia,MI,https://villagegreen.com/mi/livonia/canterbury-park/,https://villagegreen.com/livonia/canterbury-park/conventional/,https://villagegreen.com/floor-plans/,https://villagegreen.com/models,https://villagegreen.com/apartments/mi/livonia/floor-plans#/,https://villagegreen.com/Floor-plans.aspx
35919,Murray Hill Tower,New York,NY,http://www.equityapartments.com/new-york/new-york-city-apartments/gramercy-park-murray-hill/archstone-murray-hill-apartments.aspx,http://www.equityapartments.com/new-york/murray-hill-tower/conventional/,http://www.equityapartments.com/floor-plans/,http://www.equityapartments.com/models,http://www.equityapartments.com/apartments/ny/new-york/floor-plans#/,http://www.equityapartments.com/Floor-plans.aspx
271195,Indy Flats,Indianapolis,IN,https://www.indyflatsapts.com/,https://www.indyflatsapts.com/indianapolis/indy-flats/conventional/,https://www.indyflatsapts.com/floor-plans/,https://www.indyflatsapts.com/models,https://www.indyflatsapts.com/apartments/in/indianapolis/floor-plans#/,https://www.indyflatsapts.com/Floor-plans.aspx
271190,The Millstone Commons,Sioux Falls,SD,https://www.millstonecommons.com/,https://www.millstonecommons.com/sioux-falls/the-millstone-commons/conventional/,https://www.millstonecommons.com/floor-plans/,https://www.millstonecommons.com/models,https://www.millstonecommons.com/apartments/sd/sioux-falls/floor-plans#/,https://www.millstonecommons.com/Floor-plans.aspx
273944,The Langston,Washington,DC,https://www.livethelangston.com/,https://www.livethelangston.com/washington/the-langston/conventional/,https://www.livethelangston.com/floor-plans/,https://www.livethelangston.com/models,https://www.livethelangston.com/apartments/dc/washington/floor-plans#/,https://www.livethelangston.com/Floor-plans.aspx
273116,Reserve at River Place,Youngsville,LA,https://www.reserveatriverplace.com/,https://www.reserveatriverplace.com/youngsville/reserve-at-river-place/conventional/,https://www.reserveatriverplace.com/floor-plans/,https://www.reserveatriverplace.com/models,https://www.reserveatriverplace.com/apartments/la/youngsville/floor-plans#/,https://www.reserveatriverplace.com/Floor-plans.aspx
272521,Village at the Gateway,Alexander,AR,https://www.villageatthegateway.com/,https://www.villageatthegateway.com/alexander/village-at-the-gateway/conventional/,https://www.villageatthegateway.com/floor-plans/,https://www.villageatthegateway.com/models,https://www.villageatthegateway.com/apartments/ar/alexander/floor-plans#/,https://www.villageatthegateway.com/Floor-plans.aspx
273979,The Hayley,Sacramento,CA,https://www.thehayleysacramento.com/,https://www.thehayleysacramento.com/sacramento/the-hayley/conventional/,https://www.thehayleysacramento.com/floor-plans/,https://www.thehayleysacramento.com/models,https://www.thehayleysacramento.com/apartments/ca/sacramento/floor-plans#/,https://www.thehayleysacramento.com/Floor-plans.aspx
272968,Integra Palms,Riverview,FL,https://integrapalms.com/,https://integrapalms.com/riverview/integra-palms/conventional/,https://integrapalms.com/floor-plans/,https://integrapalms.com/models,https://integrapalms.com/apartments/fl/riverview/floor-plans#/,https://integrapalms.com/Floor-plans.aspx
273145,SUR17,Salt Lake City,UT,https://www.gosur17.com/,https://www.gosur17.com/salt-lake-city/sur17/conventional/,https://www.gosur17.com/floor-plans/,https://www.gosur17.com/models,https://www.gosur17.com/apartments/ut/salt-lake-city/floor-plans#/,https://www.gosur17.com/Floor-plans.aspx
272520,Wellington Woods,Morrisville,PA,https://www.wellingtonwoodsapartments.com/?utm_source=yext%20-%20entrataseo&utm_medium=referral&utm_campaign=directories&utm_content=website%20click,https://www.wellingtonwoodsapartments.com/morrisville/wellington-woods/conventional/,https://www.wellingtonwoodsapartments.com/floor-plans/,https://www.wellingtonwoodsapartments.com/models,https://www.wellingtonwoodsapartments.com/apartments/pa/morrisville/floor-plans#/,https://www.wellingtonwoodsapartments.com/Floor-plans.aspx
272375,Park on Napoli,Houston,TX,https://www.parkonnapoli.com/,https://www.parkonnapoli.com/houston/park-on-napoli/conventional/,https://www.parkonnapoli.com/floor-plans/,https://www.parkonnapoli.com/models,https://www.parkonnapoli.com/apartments/tx/houston/floor-plans#/,https://www.parkonnapoli.com/Floor-plans.aspx
272772,Hawkeye Village,Waterloo,IA,http://hawkeyevillageapartments.com/,http://hawkeyevillageapartments.com/waterloo/hawkeye-village/conventional/,http://hawkeyevillageapartments.com/floor-plans/,http://hawkeyevillageapartments.com/models,http://hawkeyevillageapartments.com/apartments/ia/waterloo/floor-plans#/,http://hawkeyevillageapartments.com/Floor-plans.aspx
27245,Halston Shiloh Valley,Kennesaw,GA,https://www.halstonshilohvalley.com/,https://www.halstonshilohvalley.com/kennesaw/halston-shiloh-valley/conventional/,https://www.halstonshilohvalley.com/floor-plans/,https://www.halstonshilohvalley.com/models,https://www.halstonshilohvalley.com/apartments/ga/kennesaw/floor-plans#/,https://www.halstonshilohvalley.com/Floor-plans.aspx
60798,Liv Ahwatukee,Phoenix,AZ,www.livahwatukee.com,https://www.livahwatukee.com/phoenix/liv-ahwatukee/conventional/,https://www.livahwatukee.com/floor-plans/,https://www.livahwatukee.com/models,https://www.livahwatukee.com/apartments/az/phoenix/floor-plans#/,https://www.livahwatukee.com/Floor-plans.aspx
60303,Ironworks At Keystone,Indianapolis,IN,http://ironworksindy.com/,http://ironworksindy.com/indianapolis/ironworks-at-keystone/conventional/,http://ironworksindy.com/floor-plans/,http://ironworksindy.com/models,http://ironworksindy.com/apartments/in/indianapolis/floor-plans#/,http://ironworksindy.com/Floor-plans.aspx
60305,Preserve At Willow Springs,Indianapolis,IN,https://www.preservethelifestyle.com/,https://www.preservethelifestyle.com/indianapolis/preserve-at-willow-springs/conventional/,https://www.preservethelifestyle.com/floor-plans/,https://www.preservethelifestyle.com/models,https://www.preservethelifestyle.com/apartments/in/indianapolis/floor-plans#/,https://www.preservethelifestyle.com/Floor-plans.aspx
60750,,,,http://www.themeydenbellevue.com/,,http://www.themeydenbellevue.com/floor-plans/,http://www.themeydenbellevue.com/models,,http://www.themeydenbellevue.com/Floor-plans.aspx
60757,The Luke,Redmond,WA,http://www.theluke.com,http://www.theluke.com/redmond/the-luke/conventional/,http://www.theluke.com/floor-plans/,http://www.theluke.com/models,http://www.theluke.com/apartments/wa/redmond/floor-plans#/,http://www.theluke.com/Floor-plans.aspx
60764,Adeline at White Oak,Garner,NC,http://www.adeline-apts.com/,http://www.adeline-apts.com/garner/adeline-at-white-oak/conventional/,http://www.adeline-apts.com/floor-plans/,http://www.adeline-apts.com/models,http://www.adeline-apts.com/apartments/nc/garner/floor-plans#/,http://www.adeline-apts.com/Floor-plans.aspx
60598,The Dawson,Houston,TX,https://www.thedawsonapts.com/,https://www.thedawsonapts.com/houston/the-dawson/conventional/,https://www.thedawsonapts.com/floor-plans/,https://www.thedawsonapts.com/models,https://www.thedawsonapts.com/apartments/tx/houston/floor-plans#/,https://www.thedawsonapts.com/Floor-plans.aspx
60715,38 Dolores,San Francisco,CA,https://38doloressf.com/?rccustomid=MjUxNjU=-DLMN7JBJOrM=&utm_source=greystar&utm_medium=ils,https://38doloressf.com/san-francisco/38-dolores/conventional/,https://38doloressf.com/floor-plans/,https://38doloressf.com/models,https://38doloressf.com/apartments/ca/san-francisco/floor-plans#/,https://38doloressf.com/Floor-plans.aspx
60118,Autumn Springs,Columbus,OH,https://www.liveautumnsprings.com/,https://www.liveautumnsprings.com/columbus/autumn-springs/conventional/,https://www.liveautumnsprings.com/floor-plans/,https://www.liveautumnsprings.com/models,https://www.liveautumnsprings.com/apartments/oh/columbus/floor-plans#/,https://www.liveautumnsprings.com/Floor-plans.aspx
60700,Everly,Wakefield,MA,http://www.liveeverly.com/,http://www.liveeverly.com/wakefield/everly/conventional/,http://www.liveeverly.com/floor-plans/,http://www.liveeverly.com/models,http://www.liveeverly.com/apartments/ma/wakefield/floor-plans#/,http://www.liveeverly.com/Floor-plans.aspx
60177,Autumn Park,Breinigsville,PA,http://www.autumnparkapts.com/,http://www.autumnparkapts.com/breinigsville/autumn-park/conventional/,http://www.autumnparkapts.com/floor-plans/,http://www.autumnparkapts.com/models,http://www.autumnparkapts.com/apartments/pa/breinigsville/floor-plans#/,http://www.autumnparkapts.com/Floor-plans.aspx
60311,The Reserve at Elm,Jenks,OK,http://www.reserveatelmapartmentstulsa.com/,http://www.reserveatelmapartmentstulsa.com/jenks/the-reserve-at-elm/conventional/,http://www.reserveatelmapartmentstulsa.com/floor-plans/,http://www.reserveatelmapartmentstulsa.com/models,http://www.reserveatelmapartmentstulsa.com/apartments/ok/jenks/floor-plans#/,http://www.reserveatelmapartmentstulsa.com/Floor-plans.aspx
60386,The Paramount at South Market,New Orleans,LA,https://www.paramountnola.com/,https://www.paramountnola.com/new-orleans/the-paramount-at-south-market/conventional/,https://www.paramountnola.com/floor-plans/,https://www.paramountnola.com/models,https://www.paramountnola.com/apartments/la/new-orleans/floor-plans#/,https://www.paramountnola.com/Floor-plans.aspx
60145,Woodmont Mews,Bethlehem,PA,https://www.woodmontmewsapartments.com/,https://www.woodmontmewsapartments.com/bethlehem/woodmont-mews/conventional/,https://www.woodmontmewsapartments.com/floor-plans/,https://www.woodmontmewsapartments.com/models,https://www.woodmontmewsapartments.com/apartments/pa/bethlehem/floor-plans#/,https://www.woodmontmewsapartments.com/Floor-plans.aspx
59959,Gold Crossing,Rancho Cordova,CA,https://www.goldcrossingliving.com/,https://www.goldcrossingliving.com/rancho-cordova/gold-crossing/conventional/,https://www.goldcrossingliving.com/floor-plans/,https://www.goldcrossingliving.com/models,https://www.goldcrossingliving.com/apartments/ca/rancho-cordova/floor-plans#/,https://www.goldcrossingliving.com/Floor-plans.aspx
62379,MBH,Boston,MA,https://www.mbhapartments.com/,https://www.mbhapartments.com/boston/mbh/conventional/,https://www.mbhapartments.com/floor-plans/,https://www.mbhapartments.com/models,https://www.mbhapartments.com/apartments/ma/boston/floor-plans#/,https://www.mbhapartments.com/Floor-plans.aspx
62170,310 at NuLu,Louisville,KY,https://www.310nulu.com/,https://www.310nulu.com/louisville/310-at-nulu/conventional/,https://www.310nulu.com/floor-plans/,https://www.310nulu.com/models,https://www.310nulu.com/apartments/ky/louisville/floor-plans#/,https://www.310nulu.com/Floor-plans.aspx
62144,South Ridge,Greenville,SC,http://www.southridgeliving.com/,http://www.southridgeliving.com/greenville/south-ridge/conventional/,http://www.southridgeliving.com/floor-plans/,http://www.southridgeliving.com/models,http://www.southridgeliving.com/apartments/sc/greenville/floor-plans#/,http://www.southridgeliving.com/Floor-plans.aspx
62969,,,,https://www.rizeatwintersprings.com/,,https://www.rizeatwintersprings.com/floor-plans/,https://www.rizeatwintersprings.com/models,,https://www.rizeatwintersprings.com/Floor-plans.aspx
62743,Residences at Falcon North,Colorado Springs,CO,http://www.residencesatfalconnorth.com/,http://www.residencesatfalconnorth.com/colorado-springs/residences-at-falcon-north/conventional/,http://www.residencesatfalconnorth.com/floor-plans/,http://www.residencesatfalconnorth.com/models,http://www.residencesatfalconnorth.com/apartments/co/colorado-springs/floor-plans#/,http://www.residencesatfalconnorth.com/Floor-plans.aspx
62381,Flats at 44,Chelsea,MA,http://flatsat44.com/,http://flatsat44.com/chelsea/flats-at-44/conventional/,http://flatsat44.com/floor-plans/,http://flatsat44.com/models,http://flatsat44.com/apartments/ma/chelsea/floor-plans#/,http://flatsat44.com/Floor-plans.aspx
62157,Vim + Vigor Lofts I,Milwaukee,WI,https://wisconsin.weidner.com/apartments/wi/milwaukee/vim-vigor-lofts/index.aspx,https://wisconsin.weidner.com/milwaukee/vim-vigor-lofts-i/conventional/,https://wisconsin.weidner.com/floor-plans/,https://wisconsin.weidner.com/models,https://wisconsin.weidner.com/apartments/wi/milwaukee/floor-plans#/,https://wisconsin.weidner.com/Floor-plans.aspx
62949,Midtown on the Rail,Houston,TX,https://www.midtownontherail.com/,https://www.midtownontherail.com/houston/midtown-on-the-rail/conventional/,https://www.midtownontherail.com/floor-plans/,https://www.midtownontherail.com/models,https://www.midtownontherail.com/apartments/tx/houston/floor-plans#/,https://www.midtownontherail.com/Floor-plans.aspx
6304,Longspur Crossing,Austin,TX,https://www.longspurcrossing.com/,https://www.longspurcrossing.com/austin/longspur-crossing/conventional/,https://www.longspurcrossing.com/floor-plans/,https://www.longspurcrossing.com/models,https://www.longspurcrossing.com/apartments/tx/austin/floor-plans#/,https://www.longspurcrossing.com/Floor-plans.aspx
62780,Amberley at Inverness,Englewood,CO,www.amberleyatinverness.com,https://www.amberleyatinverness.com/englewood/amberley-at-inverness/conventional/,https://www.amberleyatinverness.com/floor-plans/,https://www.amberleyatinverness.com/models,https://www.amberleyatinverness.com/apartments/co/englewood/floor-plans#/,https://www.amberleyatinverness.com/Floor-plans.aspx
62199,,,,http://www.cyanonpeachtree.com/,,http://www.cyanonpeachtree.com/floor-plans/,http://www.cyanonpeachtree.com/models,,http://www.cyanonpeachtree.com/Floor-plans.aspx
62509,Citrine,Phoenix,AZ,www.liveatcitrine.com,https://www.liveatcitrine.com/phoenix/citrine/conventional/,https://www.liveatcitrine.com/floor-plans/,https://www.liveatcitrine.com/models,https://www.liveatcitrine.com/apartments/az/phoenix/floor-plans#/,https://www.liveatcitrine.com/Floor-plans.aspx
62903,M Station,Charlotte,NC,http://www.mstationapts.com/,http://www.mstationapts.com/charlotte/m-station/conventional/,http://www.mstationapts.com/floor-plans/,http://www.mstationapts.com/models,http://www.mstationapts.com/apartments/nc/charlotte/floor-plans#/,http://www.mstationapts.com/Floor-plans.aspx
62178,Bungalows,Reno,NV,https://thebungalowsatskyvista.com/,https://thebungalowsatskyvista.com/reno/bungalows/conventional/,https://thebungalowsatskyvista.com/floor-plans/,https://thebungalowsatskyvista.com/models,https://thebungalowsatskyvista.com/apartments/nv/reno/floor-plans#/,https://thebungalowsatskyvista.com/Floor-plans.aspx
68897,Alden Park,St Paul,MN,https://krcapartments.com/property-detail/?propid=133&propname=Alden%20Park,https://krcapartments.com/st-paul/alden-park/conventional/,https://krcapartments.com/floor-plans/,https://krcapartments.com/models,https://krcapartments.com/apartments/mn/st-paul/floor-plans#/,https://krcapartments.com/Floor-plans.aspx
67978,,,,https://thelodgebellevue.com/,,https://thelodgebellevue.com/floor-plans/,https://thelodgebellevue.com/models,,https://thelodgebellevue.com/Floor-plans.aspx
68390,Sampson Lofts,Houston,TX,http://www.sampsonlofts.com/,http://www.sampsonlofts.com/houston/sampson-lofts/conventional/,http://www.sampsonlofts.com/floor-plans/,http://www.sampsonlofts.com/models,http://www.sampsonlofts.com/apartments/tx/houston/floor-plans#/,http://www.sampsonlofts.com/Floor-plans.aspx
68703,Waterford Trails,Spring,TX,https://www.alapts.com/apartments/tx/spring/waterford-trails/,https://www.alapts.com/spring/waterford-trails/conventional/,https://www.alapts.com/floor-plans/,https://www.alapts.com/models,https://www.alapts.com/apartments/tx/spring/floor-plans#/,https://www.alapts.com/Floor-plans.aspx
68956,266 Lofts,Memphis,TN,https://www.266lofts.com/,https://www.266lofts.com/memphis/266-lofts/conventional/,https://www.266lofts.com/floor-plans/,https://www.266lofts.com/models,https://www.266lofts.com/apartments/tn/memphis/floor-plans#/,https://www.266lofts.com/Floor-plans.aspx
68284,Larq Henderson,Dallas,TX,http://alexanhenderson.com/,http://alexanhenderson.com/dallas/larq-henderson/conventional/,http://alexanhenderson.com/floor-plans/,http://alexanhenderson.com/models,http://alexanhenderson.com/apartments/tx/dallas/floor-plans#/,http://alexanhenderson.com/Floor-plans.aspx
68497,Maya,Los Angeles,CA,https://liveatmaya.securecafe.com/onlineleasing/maya-apartments0/oleapplication.aspx?stepname=floorplan&myOlePropertyId=1805916,https://liveatmaya.securecafe.com/los-angeles/maya/conventional/,https://liveatmaya.securecafe.com/floor-plans/,https://liveatmaya.securecafe.com/models,https://liveatmaya.securecafe.com/apartments/ca/los-angeles/floor-plans#/,https://liveatmaya.securecafe.com/Floor-plans.aspx
68537,,,,http://symbolrva.com/,,http://symbolrva.com/floor-plans/,http://symbolrva.com/models,,http://symbolrva.com/Floor-plans.aspx
68465,The Morgan Sandy Springs,Atlanta,GA,https://www.themorgansandysprings.com/,https://www.themorgansandysprings.com/atlanta/the-morgan-sandy-springs/conventional/,https://www.themorgansandysprings.com/floor-plans/,https://www.themorgansandysprings.com/models,https://www.themorgansandysprings.com/apartments/ga/atlanta/floor-plans#/,https://www.themorgansandysprings.com/Floor-plans.aspx
68584,,,,https://www.springsapartments.com/apartments/oh/west-chester/springs-at-west-chester/,,https://www.springsapartments.com/floor-plans/,https://www.springsapartments.com/models,,https://www.springsapartments.com/Floor-plans.aspx
68620,Synergy at the Mayfair Collection,Wauwatosa,WI,https://www.liveatsynergy.com/,https://www.liveatsynergy.com/wauwatosa/synergy-at-the-mayfair-collection/conventional/,https://www.liveatsynergy.com/floor-plans/,https://www.liveatsynergy.com/models,https://www.liveatsynergy.com/apartments/wi/wauwatosa/floor-plans#/,https://www.liveatsynergy.com/Floor-plans.aspx
68952,Wy' East Pointe,Vancouver,WA,https://www.livewyeast.com/,https://www.livewyeast.com/vancouver/wy-east-pointe/conventional/,https://www.livewyeast.com/floor-plans/,https://www.livewyeast.com/models,https://www.livewyeast.com/apartments/wa/vancouver/floor-plans#/,https://www.livewyeast.com/Floor-plans.aspx
68505,30Sixty Apartments,Los Angeles,CA,https://www.30sixtyapts.com/,https://www.30sixtyapts.com/los-angeles/30sixty-apartments/conventional/,https://www.30sixtyapts.com/floor-plans/,https://www.30sixtyapts.com/models,https://www.30sixtyapts.com/apartments/ca/los-angeles/floor-plans#/,https://www.30sixtyapts.com/Floor-plans.aspx
68991,The Reserve At Water Tower Village,Arvada,CO,https://www.thereserveatwatertowervillage.com/,https://www.thereserveatwatertowervillage.com/arvada/the-reserve-at-water-tower-village/conventional/,https://www.thereserveatwatertowervillage.com/floor-plans/,https://www.thereserveatwatertowervillage.com/models,https://www.thereserveatwatertowervillage.com/apartments/co/arvada/floor-plans#/,https://www.thereserveatwatertowervillage.com/Floor-plans.aspx
68553,Traditions at Westmoore,Oklahoma City,OK,https://www.traditionswestmoore.com/,https://www.traditionswestmoore.com/oklahoma-city/traditions-at-westmoore/conventional/,https://www.traditionswestmoore.com/floor-plans/,https://www.traditionswestmoore.com/models,https://www.traditionswestmoore.com/apartments/ok/oklahoma-city/floor-plans#/,https://www.traditionswestmoore.com/Floor-plans.aspx
68140,The Langston,Charlotte,NC,http://www.langstonapts.com/,http://www.langstonapts.com/charlotte/the-langston/conventional/,http://www.langstonapts.com/floor-plans/,http://www.langstonapts.com/models,http://www.langstonapts.com/apartments/nc/charlotte/floor-plans#/,http://www.langstonapts.com/Floor-plans.aspx
68702,Regalia Bella Terra I,Katy,TX,https://www.regaliabellaterra.com/,https://www.regaliabellaterra.com/katy/regalia-bella-terra-i/conventional/,https://www.regaliabellaterra.com/floor-plans/,https://www.regaliabellaterra.com/models,https://www.regaliabellaterra.com/apartments/tx/katy/floor-plans#/,https://www.regaliabellaterra.com/Floor-plans.aspx
68171,The Tyler at Agritopia,Gilbert,AZ,https://thetylergilbert.com/,https://thetylergilbert.com/gilbert/the-tyler-at-agritopia/conventional/,https://thetylergilbert.com/floor-plans/,https://thetylergilbert.com/models,https://thetylergilbert.com/apartments/az/gilbert/floor-plans#/,https://thetylergilbert.com/Floor-plans.aspx
68710,Olympus Falcon Landing,Katy,TX,https://www.olympusproperty.com/apartments/tx/katy/olympus-falcon-landing/,https://www.olympusproperty.com/katy/olympus-falcon-landing/conventional/,https://www.olympusproperty.com/floor-plans/,https://www.olympusproperty.com/models,https://www.olympusproperty.com/apartments/tx/katy/floor-plans#/,https://www.olympusproperty.com/Floor-plans.aspx
68955,Tides at Eastchase,Fort Worth,TX,https://www.tidesateastchase.com/,https://www.tidesateastchase.com/fort-worth/tides-at-eastchase/conventional/,https://www.tidesateastchase.com/floor-plans/,https://www.tidesateastchase.com/models,https://www.tidesateastchase.com/apartments/tx/fort-worth/floor-plans#/,https://www.tidesateastchase.com/Floor-plans.aspx
68781,Fieldcrest Apartments,Dothan,AL,http://www.fieldcrestapt.com/,http://www.fieldcrestapt.com/dothan/fieldcrest-apartments/conventional/,http://www.fieldcrestapt.com/floor-plans/,http://www.fieldcrestapt.com/models,http://www.fieldcrestapt.com/apartments/al/dothan/floor-plans#/,http://www.fieldcrestapt.com/Floor-plans.aspx
52339,Legacy Crossing,Centerville,UT,http://www.legacycrossingapartments.com,http://www.legacycrossingapartments.com/centerville/legacy-crossing/conventional/,http://www.legacycrossingapartments.com/floor-plans/,http://www.legacycrossingapartments.com/models,http://www.legacycrossingapartments.com/apartments/ut/centerville/floor-plans#/,http://www.legacycrossingapartments.com/Floor-plans.aspx
51540,The Point at West Chester,West Chester,PA,http://www.thepointeatwestchester.com/,http://www.thepointeatwestchester.com/west-chester/the-point-at-west-chester/conventional/,http://www.thepointeatwestchester.com/floor-plans/,http://www.thepointeatwestchester.com/models,http://www.thepointeatwestchester.com/apartments/pa/west-chester/floor-plans#/,http://www.thepointeatwestchester.com/Floor-plans.aspx
52347,Aspen Court,Piscataway,NJ,www.liveaspencourt.com,https://www.liveaspencourt.com/piscataway/aspen-court/conventional/,https://www.liveaspencourt.com/floor-plans/,https://www.liveaspencourt.com/models,https://www.liveaspencourt.com/apartments/nj/piscataway/floor-plans#/,https://www.liveaspencourt.com/Floor-plans.aspx
52570,,,,https://www.renewhighridge.com/,,https://www.renewhighridge.com/floor-plans/,https://www.renewhighridge.com/models,,https://www.renewhighridge.com/Floor-plans.aspx
52243,,,,https://www.ashleyvillageapts.com/,,https://www.ashleyvillageapts.com/floor-plans/,https://www.ashleyvillageapts.com/models,,https://www.ashleyvillageapts.com/Floor-plans.aspx
5135,Summerfield Place,Oklahoma City,OK,www.summerfieldplaceapartmentsoklahomacity.com,https://www.summerfieldplaceapartmentsoklahomacity.com/oklahoma-city/summerfield-place/conventional/,https://www.summerfieldplaceapartmentsoklahomacity.com/floor-plans/,https://www.summerfieldplaceapartmentsoklahomacity.com/models,https://www.summerfieldplaceapartmentsoklahomacity.com/apartments/ok/oklahoma-city/floor-plans#/,https://www.summerfieldplaceapartmentsoklahomacity.com/Floor-plans.aspx
5119,Embarc at West Jordan,West Jordan,UT,http://www.embarcatwestjordan.com/,http://www.embarcatwestjordan.com/west-jordan/embarc-at-west-jordan/conventional/,http://www.embarcatwestjordan.com/floor-plans/,http://www.embarcatwestjordan.com/models,http://www.embarcatwestjordan.com/apartments/ut/west-jordan/floor-plans#/,http://www.embarcatwestjordan.com/Floor-plans.aspx
5183,San Marin,Austin,TX,www.sanmarinaustin.com,https://www.sanmarinaustin.com/austin/san-marin/conventional/,https://www.sanmarinaustin.com/floor-plans/,https://www.sanmarinaustin.com/models,https://www.sanmarinaustin.com/apartments/tx/austin/floor-plans#/,https://www.sanmarinaustin.com/Floor-plans.aspx
51860,Ravenswood,Stow,OH,https://www.ravenswoodapartmentsstow.com/,https://www.ravenswoodapartmentsstow.com/stow/ravenswood/conventional/,https://www.ravenswoodapartmentsstow.com/floor-plans/,https://www.ravenswoodapartmentsstow.com/models,https://www.ravenswoodapartmentsstow.com/apartments/oh/stow/floor-plans#/,https://www.ravenswoodapartmentsstow.com/Floor-plans.aspx
51142,Three 44,Waco,TX,https://www.liveatthree44.com/,https://www.liveatthree44.com/waco/three-44/conventional/,https://www.liveatthree44.com/floor-plans/,https://www.liveatthree44.com/models,https://www.liveatthree44.com/apartments/tx/waco/floor-plans#/,https://www.liveatthree44.com/Floor-plans.aspx
51928,Sutton Crossings,Kent,OH,https://suttoncrossings.com/#,https://suttoncrossings.com/kent/sutton-crossings/conventional/,https://suttoncrossings.com/floor-plans/,https://suttoncrossings.com/models,https://suttoncrossings.com/apartments/oh/kent/floor-plans#/,https://suttoncrossings.com/Floor-plans.aspx
31917,Sequoia Meadows,Las Vegas,NV,http://www.sequoiameadows.com/,http://www.sequoiameadows.com/las-vegas/sequoia-meadows/conventional/,http://www.sequoiameadows.com/floor-plans/,http://www.sequoiameadows.com/models,http://www.sequoiameadows.com/apartments/nv/las-vegas/floor-plans#/,http://www.sequoiameadows.com/Floor-plans.aspx
32597,,,,http://www.mstreetatlanta.com/,,http://www.mstreetatlanta.com/floor-plans/,http://www.mstreetatlanta.com/models,,http://www.mstreetatlanta.com/Floor-plans.aspx
31965,McKenzie at Natomas Park,Sacramento,CA,http://www.themckenzienatomaspark.com/,http://www.themckenzienatomaspark.com/sacramento/mckenzie-at-natomas-park/conventional/,http://www.themckenzienatomaspark.com/floor-plans/,http://www.themckenzienatomaspark.com/models,http://www.themckenzienatomaspark.com/apartments/ca/sacramento/floor-plans#/,http://www.themckenzienatomaspark.com/Floor-plans.aspx
32502,Linden Park,Steger,IL,https://www.aptslindenpark.com/,https://www.aptslindenpark.com/steger/linden-park/conventional/,https://www.aptslindenpark.com/floor-plans/,https://www.aptslindenpark.com/models,https://www.aptslindenpark.com/apartments/il/steger/floor-plans#/,https://www.aptslindenpark.com/Floor-plans.aspx
32148,Tree Tops Apartment Homes,Opelika,AL,http://www.treetopsal.com/,http://www.treetopsal.com/opelika/tree-tops-apartment-homes/conventional/,http://www.treetopsal.com/floor-plans/,http://www.treetopsal.com/models,http://www.treetopsal.com/apartments/al/opelika/floor-plans#/,http://www.treetopsal.com/Floor-plans.aspx
3188,The Pointe,Stone Mountain,GA,http://www.thepointeatlapts.com/the-pointe-atl-apts-stone-mountain-ga/home,http://www.thepointeatlapts.com/stone-mountain/the-pointe/conventional/,http://www.thepointeatlapts.com/floor-plans/,http://www.thepointeatlapts.com/models,http://www.thepointeatlapts.com/apartments/ga/stone-mountain/floor-plans#/,http://www.thepointeatlapts.com/Floor-plans.aspx
32371,,,,http://www.villasdefontenelle.com/,,http://www.villasdefontenelle.com/floor-plans/,http://www.villasdefontenelle.com/models,,http://www.villasdefontenelle.com/Floor-plans.aspx
31784,The Timbers Apartments,El Cajon,CA,http://thetimbersapartments.com/,http://thetimbersapartments.com/el-cajon/the-timbers-apartments/conventional/,http://thetimbersapartments.com/floor-plans/,http://thetimbersapartments.com/models,http://thetimbersapartments.com/apartments/ca/el-cajon/floor-plans#/,http://thetimbersapartments.com/Floor-plans.aspx
32097,Clemmons Trace Village,Clemmons,NC,http://www.clemmonstracevillage.com/,http://www.clemmonstracevillage.com/clemmons/clemmons-trace-village/conventional/,http://www.clemmonstracevillage.com/floor-plans/,http://www.clemmonstracevillage.com/models,http://www.clemmonstracevillage.com/apartments/nc/clemmons/floor-plans#/,http://www.clemmonstracevillage.com/Floor-plans.aspx
32390,Laurel Gardens,Tallahassee,FL,https://oakwoodreserveapts.com/,https://oakwoodreserveapts.com/tallahassee/laurel-gardens/conventional/,https://oakwoodreserveapts.com/floor-plans/,https://oakwoodreserveapts.com/models,https://oakwoodreserveapts.com/apartments/fl/tallahassee/floor-plans#/,https://oakwoodreserveapts.com/Floor-plans.aspx
32134,Crowders View Townhomes,Gastonia,NC,https://crowdersviewtownhomes.com/,https://crowdersviewtownhomes.com/gastonia/crowders-view-townhomes/conventional/,https://crowdersviewtownhomes.com/floor-plans/,https://crowdersviewtownhomes.com/models,https://crowdersviewtownhomes.com/apartments/nc/gastonia/floor-plans#/,https://crowdersviewtownhomes.com/Floor-plans.aspx
32336,1210 Mass Apartments,Washington,DC,http://www.equityapartments.com/washington-dc/washington-dc-apartments/northwest-dc/1210-mass-apartments.aspx,http://www.equityapartments.com/washington/1210-mass-apartments/conventional/,http://www.equityapartments.com/floor-plans/,http://www.equityapartments.com/models,http://www.equityapartments.com/apartments/dc/washington/floor-plans#/,http://www.equityapartments.com/Floor-plans.aspx
31724,Sherwood Gardens,Auburn,WA,www.sherwood-gardens-apts.com,https://www.sherwood-gardens-apts.com/auburn/sherwood-gardens/conventional/,https://www.sherwood-gardens-apts.com/floor-plans/,https://www.sherwood-gardens-apts.com/models,https://www.sherwood-gardens-apts.com/apartments/wa/auburn/floor-plans#/,https://www.sherwood-gardens-apts.com/Floor-plans.aspx
63933,Vercanta Riverfront,Portland,OR,http://www.oxbow49.com/,http://www.oxbow49.com/portland/vercanta-riverfront/conventional/,http://www.oxbow49.com/floor-plans/,http://www.oxbow49.com/models,http://www.oxbow49.com/apartments/or/portland/floor-plans#/,http://www.oxbow49.com/Floor-plans.aspx
63770,1000 Kiely,Santa Clara,CA,https://www.essexapartmenthomes.com/apartments/1000-kiely?sc_camp=2648D1300BEC431BB11EB86F02F52DBD&utm_source=googlesearch,https://www.essexapartmenthomes.com/santa-clara/1000-kiely/conventional/,https://www.essexapartmenthomes.com/floor-plans/,https://www.essexapartmenthomes.com/models,https://www.essexapartmenthomes.com/apartments/ca/santa-clara/floor-plans#/,https://www.essexapartmenthomes.com/Floor-plans.aspx
63528,Outlook Golden Ridge,Golden,CO,http://www.outlookgoldenridge.com/,http://www.outlookgoldenridge.com/golden/outlook-golden-ridge/conventional/,http://www.outlookgoldenridge.com/floor-plans/,http://www.outlookgoldenridge.com/models,http://www.outlookgoldenridge.com/apartments/co/golden/floor-plans#/,http://www.outlookgoldenridge.com/Floor-plans.aspx
63191,Avenir on Fifteenth,Philadelphia,PA,http://avenirphilly.com/,http://avenirphilly.com/philadelphia/avenir-on-fifteenth/conventional/,http://avenirphilly.com/floor-plans/,http://avenirphilly.com/models,http://avenirphilly.com/apartments/pa/philadelphia/floor-plans#/,http://avenirphilly.com/Floor-plans.aspx
63516,Griffis Cheesman Park,Denver,CO,https://griffisresidential.com/properties/cheesman-park/,https://griffisresidential.com/denver/griffis-cheesman-park/conventional/,https://griffisresidential.com/floor-plans/,https://griffisresidential.com/models,https://griffisresidential.com/apartments/co/denver/floor-plans#/,https://griffisresidential.com/Floor-plans.aspx
63348,Green Leaf Sky,Seattle,WA,https://www.greenleafskyapartments.com/,https://www.greenleafskyapartments.com/seattle/green-leaf-sky/conventional/,https://www.greenleafskyapartments.com/floor-plans/,https://www.greenleafskyapartments.com/models,https://www.greenleafskyapartments.com/apartments/wa/seattle/floor-plans#/,https://www.greenleafskyapartments.com/Floor-plans.aspx
63486,Haven Apartments at Eldridge,Houston,TX,http://www.havenateldridgeapts.com/,http://www.havenateldridgeapts.com/houston/haven-apartments-at-eldridge/conventional/,http://www.havenateldridgeapts.com/floor-plans/,http://www.havenateldridgeapts.com/models,http://www.havenateldridgeapts.com/apartments/tx/houston/floor-plans#/,http://www.havenateldridgeapts.com/Floor-plans.aspx
6395,Serena Woods,Spring,TX,https://www.villaserenacommunities.com/serena-woods,https://www.villaserenacommunities.com/spring/serena-woods/conventional/,https://www.villaserenacommunities.com/floor-plans/,https://www.villaserenacommunities.com/models,https://www.villaserenacommunities.com/apartments/tx/spring/floor-plans#/,https://www.villaserenacommunities.com/Floor-plans.aspx
63465,Hanover Southampton,Houston,TX,http://www.hanoversouthampton.com/Apartments/module/property_info/property%5Bid%5D/91437/launch_guest_card/1/,http://www.hanoversouthampton.com/houston/hanover-southampton/conventional/,http://www.hanoversouthampton.com/floor-plans/,http://www.hanoversouthampton.com/models,http://www.hanoversouthampton.com/apartments/tx/houston/floor-plans#/,http://www.hanoversouthampton.com/Floor-plans.aspx
63771,Apex,Milpitas,CA,https://www.essexapartmenthomes.com/apartments/milpitas/apex?sc_camp=2648D1300BEC431BB11EB86F02F52DBD&utm_source=googlesearch,https://www.essexapartmenthomes.com/milpitas/apex/conventional/,https://www.essexapartmenthomes.com/floor-plans/,https://www.essexapartmenthomes.com/models,https://www.essexapartmenthomes.com/apartments/ca/milpitas/floor-plans#/,https://www.essexapartmenthomes.com/Floor-plans.aspx
254509,Broadstone Vintage Park,Houston,TX,https://www.broadstonevintagepark.com/,https://www.broadstonevintagepark.com/houston/broadstone-vintage-park/conventional/,https://www.broadstonevintagepark.com/floor-plans/,https://www.broadstonevintagepark.com/models,https://www.broadstonevintagepark.com/apartments/tx/houston/floor-plans#/,https://www.broadstonevintagepark.com/Floor-plans.aspx
254973,Oakwood Hills,Mechanicsburg,PA,https://www.oakwoodhillsapts.com/,https://www.oakwoodhillsapts.com/mechanicsburg/oakwood-hills/conventional/,https://www.oakwoodhillsapts.com/floor-plans/,https://www.oakwoodhillsapts.com/models,https://www.oakwoodhillsapts.com/apartments/pa/mechanicsburg/floor-plans#/,https://www.oakwoodhillsapts.com/Floor-plans.aspx
253978,Turtle Creek,Riverside,CA,https://www.turtlecreekliving.com/,https://www.turtlecreekliving.com/riverside/turtle-creek/conventional/,https://www.turtlecreekliving.com/floor-plans/,https://www.turtlecreekliving.com/models,https://www.turtlecreekliving.com/apartments/ca/riverside/floor-plans#/,https://www.turtlecreekliving.com/Floor-plans.aspx
254859,The Brooke on Bagley,Detroit,MI,http://www.thebrookedetroit.com/,http://www.thebrookedetroit.com/detroit/the-brooke-on-bagley/conventional/,http://www.thebrookedetroit.com/floor-plans/,http://www.thebrookedetroit.com/models,http://www.thebrookedetroit.com/apartments/mi/detroit/floor-plans#/,http://www.thebrookedetroit.com/Floor-plans.aspx
255309,K≈çz on Interstate,Portland,OR,https://www.kozoninterstate.com/,https://www.kozoninterstate.com/portland/k-z-on-interstate/conventional/,https://www.kozoninterstate.com/floor-plans/,https://www.kozoninterstate.com/models,https://www.kozoninterstate.com/apartments/or/portland/floor-plans#/,https://www.kozoninterstate.com/Floor-plans.aspx
254187,,,,https://www.residecrosbyhill.com/,,https://www.residecrosbyhill.com/floor-plans/,https://www.residecrosbyhill.com/models,,https://www.residecrosbyhill.com/Floor-plans.aspx
25445,Highview Terrace,Chillum,MD,https://www.southernmanagement.com/communities/highview-terrace/,https://www.southernmanagement.com/chillum/highview-terrace/conventional/,https://www.southernmanagement.com/floor-plans/,https://www.southernmanagement.com/models,https://www.southernmanagement.com/apartments/md/chillum/floor-plans#/,https://www.southernmanagement.com/Floor-plans.aspx
255143,Solaire 7607,Bethesda,MD,https://www.solaire7607.com/,https://www.solaire7607.com/bethesda/solaire-7607/conventional/,https://www.solaire7607.com/floor-plans/,https://www.solaire7607.com/models,https://www.solaire7607.com/apartments/md/bethesda/floor-plans#/,https://www.solaire7607.com/Floor-plans.aspx
25523,Curve at River Road,San Marcos,TX,http://smtxliving.com/curve/,http://smtxliving.com/san-marcos/curve-at-river-road/conventional/,http://smtxliving.com/floor-plans/,http://smtxliving.com/models,http://smtxliving.com/apartments/tx/san-marcos/floor-plans#/,http://smtxliving.com/Floor-plans.aspx
254332,Boca Vue,Boca Raton,FL,https://www.richmansignature.com/florida/boca-raton-rental-properties/boca-vue/,https://www.richmansignature.com/boca-raton/boca-vue/conventional/,https://www.richmansignature.com/floor-plans/,https://www.richmansignature.com/models,https://www.richmansignature.com/apartments/fl/boca-raton/floor-plans#/,https://www.richmansignature.com/Floor-plans.aspx
25489,Cortland North Dallas,Dallas,TX,https://cortland.com/apartments/cortland-north-dallas/,https://cortland.com/dallas/cortland-north-dallas/conventional/,https://cortland.com/floor-plans/,https://cortland.com/models,https://cortland.com/apartments/tx/dallas/floor-plans#/,https://cortland.com/Floor-plans.aspx
255110,Broadway190,Spokane Valley,WA,https://www.broadway190.com/,https://www.broadway190.com/spokane-valley/broadway190/conventional/,https://www.broadway190.com/floor-plans/,https://www.broadway190.com/models,https://www.broadway190.com/apartments/wa/spokane-valley/floor-plans#/,https://www.broadway190.com/Floor-plans.aspx
255304,The Farmhouse on Estrella,Goodyear,AZ,https://www.farmhouseonestrella.com/,https://www.farmhouseonestrella.com/goodyear/the-farmhouse-on-estrella/conventional/,https://www.farmhouseonestrella.com/floor-plans/,https://www.farmhouseonestrella.com/models,https://www.farmhouseonestrella.com/apartments/az/goodyear/floor-plans#/,https://www.farmhouseonestrella.com/Floor-plans.aspx
25490,Rise Creekside,Northlake,TX,https://www.risecreekside.com/,https://www.risecreekside.com/northlake/rise-creekside/conventional/,https://www.risecreekside.com/floor-plans/,https://www.risecreekside.com/models,https://www.risecreekside.com/apartments/tx/northlake/floor-plans#/,https://www.risecreekside.com/Floor-plans.aspx
254143,Christopher Todd Communities On Camelback,Litchfield Park,AZ,https://camelbacksgt-liveatinland.securecafe.com/onlineleasing/ctc-on-camelback/oleapplication.aspx?stepname=floorplan&myOlePropertyId=1206576,https://camelbacksgt-liveatinland.securecafe.com/litchfield-park/christopher-todd-communities-on-camelback/conventional/,https://camelbacksgt-liveatinland.securecafe.com/floor-plans/,https://camelbacksgt-liveatinland.securecafe.com/models,https://camelbacksgt-liveatinland.securecafe.com/apartments/az/litchfield-park/floor-plans#/,https://camelbacksgt-liveatinland.securecafe.com/Floor-plans.aspx
254982,Belle Vue,Mechanicsburg,PA,https://www.thebellevueapts.com/,https://www.thebellevueapts.com/mechanicsburg/belle-vue/conventional/,https://www.thebellevueapts.com/floor-plans/,https://www.thebellevueapts.com/models,https://www.thebellevueapts.com/apartments/pa/mechanicsburg/floor-plans#/,https://www.thebellevueapts.com/Floor-plans.aspx
64068,Riverplace,Independence,OR,www.riverplacecr.com,https://www.riverplacecr.com/independence/riverplace/conventional/,https://www.riverplacecr.com/floor-plans/,https://www.riverplacecr.com/models,https://www.riverplacecr.com/apartments/or/independence/floor-plans#/,https://www.riverplacecr.com/Floor-plans.aspx
9297,Park Creek Manor,Dallas,TX,https://www.parkcreekmanor.com/,https://www.parkcreekmanor.com/dallas/park-creek-manor/conventional/,https://www.parkcreekmanor.com/floor-plans/,https://www.parkcreekmanor.com/models,https://www.parkcreekmanor.com/apartments/tx/dallas/floor-plans#/,https://www.parkcreekmanor.com/Floor-plans.aspx
64360,,,,http://www.kinectstower.com,,http://www.kinectstower.com/floor-plans/,http://www.kinectstower.com/models,,http://www.kinectstower.com/Floor-plans.aspx
6477,Harbour Pointe,Bradenton,FL,http://www.gscapts.com/apartments/Bradenton_FL/zip_34210/gsc/15388,http://www.gscapts.com/bradenton/harbour-pointe/conventional/,http://www.gscapts.com/floor-plans/,http://www.gscapts.com/models,http://www.gscapts.com/apartments/fl/bradenton/floor-plans#/,http://www.gscapts.com/Floor-plans.aspx
64618,,,,http://www.70pine.com/,,http://www.70pine.com/floor-plans/,http://www.70pine.com/models,,http://www.70pine.com/Floor-plans.aspx
94494,,,,https://highbridgedc.com/,,https://highbridgedc.com/floor-plans/,https://highbridgedc.com/models,,https://highbridgedc.com/Floor-plans.aspx
64297,Rumney Flats,Revere,MA,https://www.rumneyflats.com/,https://www.rumneyflats.com/revere/rumney-flats/conventional/,https://www.rumneyflats.com/floor-plans/,https://www.rumneyflats.com/models,https://www.rumneyflats.com/apartments/ma/revere/floor-plans#/,https://www.rumneyflats.com/Floor-plans.aspx
64134,The Aspen,Washington,DC,www.livetheaspenapts.com,https://www.livetheaspenapts.com/washington/the-aspen/conventional/,https://www.livetheaspenapts.com/floor-plans/,https://www.livetheaspenapts.com/models,https://www.livetheaspenapts.com/apartments/dc/washington/floor-plans#/,https://www.livetheaspenapts.com/Floor-plans.aspx
64369,Modera South Lake Union,Seattle,WA,http://www.moderasouthlakeunion.com/,http://www.moderasouthlakeunion.com/seattle/modera-south-lake-union/conventional/,http://www.moderasouthlakeunion.com/floor-plans/,http://www.moderasouthlakeunion.com/models,http://www.moderasouthlakeunion.com/apartments/wa/seattle/floor-plans#/,http://www.moderasouthlakeunion.com/Floor-plans.aspx
64179,Bottle House on Main,Fort Worth,TX,https://www.bottlehouseonmain.com/,https://www.bottlehouseonmain.com/fort-worth/bottle-house-on-main/conventional/,https://www.bottlehouseonmain.com/floor-plans/,https://www.bottlehouseonmain.com/models,https://www.bottlehouseonmain.com/apartments/tx/fort-worth/floor-plans#/,https://www.bottlehouseonmain.com/Floor-plans.aspx
64545,The Lofts at White Furniture,Mebane,NC,https://www.whitefurniturelofts.com/,https://www.whitefurniturelofts.com/mebane/the-lofts-at-white-furniture/conventional/,https://www.whitefurniturelofts.com/floor-plans/,https://www.whitefurniturelofts.com/models,https://www.whitefurniturelofts.com/apartments/nc/mebane/floor-plans#/,https://www.whitefurniturelofts.com/Floor-plans.aspx
64349,Aurora,Tampa,FL,https://www.richmansignature.com/florida/tampa-bay-area/aurora/,https://www.richmansignature.com/tampa/aurora/conventional/,https://www.richmansignature.com/floor-plans/,https://www.richmansignature.com/models,https://www.richmansignature.com/apartments/fl/tampa/floor-plans#/,https://www.richmansignature.com/Floor-plans.aspx
64243,Plantation Park,Lake Jackson,TX,www.plantationparkapts.com,https://www.plantationparkapts.com/lake-jackson/plantation-park/conventional/,https://www.plantationparkapts.com/floor-plans/,https://www.plantationparkapts.com/models,https://www.plantationparkapts.com/apartments/tx/lake-jackson/floor-plans#/,https://www.plantationparkapts.com/Floor-plans.aspx
64789,Spectrum Majestic,Gaithersburg,MD,https://spectrum270.securecafe.com/onlineleasing/spectrum-town-center/oleapplication.aspx?stepname=floorplan&myOlePropertyId=1951564,https://spectrum270.securecafe.com/gaithersburg/spectrum-majestic/conventional/,https://spectrum270.securecafe.com/floor-plans/,https://spectrum270.securecafe.com/models,https://spectrum270.securecafe.com/apartments/md/gaithersburg/floor-plans#/,https://spectrum270.securecafe.com/Floor-plans.aspx
64973,Cortland Onion Creek,Austin,TX,https://cortland.com/apartments/cortland-onion-creek/,https://cortland.com/austin/cortland-onion-creek/conventional/,https://cortland.com/floor-plans/,https://cortland.com/models,https://cortland.com/apartments/tx/austin/floor-plans#/,https://cortland.com/Floor-plans.aspx
93993,,,,https://www.theriseplantationfl.com/,,https://www.theriseplantationfl.com/floor-plans/,https://www.theriseplantationfl.com/models,,https://www.theriseplantationfl.com/Floor-plans.aspx
8797,Sagamore,Benbrook,TX,https://sagamoreaptsliving.com/,https://sagamoreaptsliving.com/benbrook/sagamore/conventional/,https://sagamoreaptsliving.com/floor-plans/,https://sagamoreaptsliving.com/models,https://sagamoreaptsliving.com/apartments/tx/benbrook/floor-plans#/,https://sagamoreaptsliving.com/Floor-plans.aspx
92350,Pike Flats,Seattle,WA,https://www.hillcollectiveseattle.com/,https://www.hillcollectiveseattle.com/seattle/pike-flats/conventional/,https://www.hillcollectiveseattle.com/floor-plans/,https://www.hillcollectiveseattle.com/models,https://www.hillcollectiveseattle.com/apartments/wa/seattle/floor-plans#/,https://www.hillcollectiveseattle.com/Floor-plans.aspx
9157,Meadowcrest,Dallas,TX,https://www.meadowcrestapartments.com/,https://www.meadowcrestapartments.com/dallas/meadowcrest/conventional/,https://www.meadowcrestapartments.com/floor-plans/,https://www.meadowcrestapartments.com/models,https://www.meadowcrestapartments.com/apartments/tx/dallas/floor-plans#/,https://www.meadowcrestapartments.com/Floor-plans.aspx
94997,Sparq,San Jose,CA,https://www.sparqsj.com/,https://www.sparqsj.com/san-jose/sparq/conventional/,https://www.sparqsj.com/floor-plans/,https://www.sparqsj.com/models,https://www.sparqsj.com/apartments/ca/san-jose/floor-plans#/,https://www.sparqsj.com/Floor-plans.aspx
88115,HighPoint Town Square,Romeoville,IL,https://marquettemanagement.reslisting.com/highpoint-town-square/floorplans.aspx,https://marquettemanagement.reslisting.com/romeoville/highpoint-town-square/conventional/,https://marquettemanagement.reslisting.com/floor-plans/,https://marquettemanagement.reslisting.com/models,https://marquettemanagement.reslisting.com/apartments/il/romeoville/floor-plans#/,https://marquettemanagement.reslisting.com/Floor-plans.aspx
9378,El Rancho Escondido,Fort Worth,TX,https://www.elranchoescondidotx.com/,https://www.elranchoescondidotx.com/fort-worth/el-rancho-escondido/conventional/,https://www.elranchoescondidotx.com/floor-plans/,https://www.elranchoescondidotx.com/models,https://www.elranchoescondidotx.com/apartments/tx/fort-worth/floor-plans#/,https://www.elranchoescondidotx.com/Floor-plans.aspx
95594,Highline,Melbourne,FL,https://highline321.com/,https://highline321.com/melbourne/highline/conventional/,https://highline321.com/floor-plans/,https://highline321.com/models,https://highline321.com/apartments/fl/melbourne/floor-plans#/,https://highline321.com/Floor-plans.aspx
8753,Crest River District,Fort Worth,TX,https://www.crestriverdistrict.com/,https://www.crestriverdistrict.com/fort-worth/crest-river-district/conventional/,https://www.crestriverdistrict.com/floor-plans/,https://www.crestriverdistrict.com/models,https://www.crestriverdistrict.com/apartments/tx/fort-worth/floor-plans#/,https://www.crestriverdistrict.com/Floor-plans.aspx
9334,London Square,Farmers Branch,TX,http://www.leaselondonsquareapartments.com/,http://www.leaselondonsquareapartments.com/farmers-branch/london-square/conventional/,http://www.leaselondonsquareapartments.com/floor-plans/,http://www.leaselondonsquareapartments.com/models,http://www.leaselondonsquareapartments.com/apartments/tx/farmers-branch/floor-plans#/,http://www.leaselondonsquareapartments.com/Floor-plans.aspx
9407,The Leighton Apartments,Plano,TX,https://www.theleightonapartments.com/,https://www.theleightonapartments.com/plano/the-leighton-apartments/conventional/,https://www.theleightonapartments.com/floor-plans/,https://www.theleightonapartments.com/models,https://www.theleightonapartments.com/apartments/tx/plano/floor-plans#/,https://www.theleightonapartments.com/Floor-plans.aspx
94295,Silver,San Jose,CA,https://www.essexapartmenthomes.com/apartments/san-jose/silver,https://www.essexapartmenthomes.com/san-jose/silver/conventional/,https://www.essexapartmenthomes.com/floor-plans/,https://www.essexapartmenthomes.com/models,https://www.essexapartmenthomes.com/apartments/ca/san-jose/floor-plans#/,https://www.essexapartmenthomes.com/Floor-plans.aspx
299729,,,,https://www.whispervalleyquartier.com/,,https://www.whispervalleyquartier.com/floor-plans/,https://www.whispervalleyquartier.com/models,,https://www.whispervalleyquartier.com/Floor-plans.aspx
2981,,,,http://www.ellipsefairfaxcorner.com/,,http://www.ellipsefairfaxcorner.com/floor-plans/,http://www.ellipsefairfaxcorner.com/models,,http://www.ellipsefairfaxcorner.com/Floor-plans.aspx
298586,Gateway Lofts Lexington,Lexington,KY,https://gatewayloftslexington.com/,https://gatewayloftslexington.com/lexington/gateway-lofts-lexington/conventional/,https://gatewayloftslexington.com/floor-plans/,https://gatewayloftslexington.com/models,https://gatewayloftslexington.com/apartments/ky/lexington/floor-plans#/,https://gatewayloftslexington.com/Floor-plans.aspx
299380,Jodeco Landing,McDonough,GA,https://jodecolandingga.com/,https://jodecolandingga.com/mcdonough/jodeco-landing/conventional/,https://jodecolandingga.com/floor-plans/,https://jodecolandingga.com/models,https://jodecolandingga.com/apartments/ga/mcdonough/floor-plans#/,https://jodecolandingga.com/Floor-plans.aspx
298969,The Watt,Houston,TX,https://thewattapts.com/?utm_source=greystar&utm_medium=affiliate,https://thewattapts.com/houston/the-watt/conventional/,https://thewattapts.com/floor-plans/,https://thewattapts.com/models,https://thewattapts.com/apartments/tx/houston/floor-plans#/,https://thewattapts.com/Floor-plans.aspx
298756,Prose Murphy Creek,Aurora,CO,https://prosemurphycreek.com/,https://prosemurphycreek.com/aurora/prose-murphy-creek/conventional/,https://prosemurphycreek.com/floor-plans/,https://prosemurphycreek.com/models,https://prosemurphycreek.com/apartments/co/aurora/floor-plans#/,https://prosemurphycreek.com/Floor-plans.aspx
29784,Pantano Villas,Tucson,AZ,http://www.pantanovillas.com/,http://www.pantanovillas.com/tucson/pantano-villas/conventional/,http://www.pantanovillas.com/floor-plans/,http://www.pantanovillas.com/models,http://www.pantanovillas.com/apartments/az/tucson/floor-plans#/,http://www.pantanovillas.com/Floor-plans.aspx
2982,Cortland on Pike,Arlington,VA,https://cortland.com/apartments/cortland-on-pike/,https://cortland.com/arlington/cortland-on-pike/conventional/,https://cortland.com/floor-plans/,https://cortland.com/models,https://cortland.com/apartments/va/arlington/floor-plans#/,https://cortland.com/Floor-plans.aspx
299665,Turner Pointe,Powdersville,SC,https://turnerpointesc.com/,https://turnerpointesc.com/powdersville/turner-pointe/conventional/,https://turnerpointesc.com/floor-plans/,https://turnerpointesc.com/models,https://turnerpointesc.com/apartments/sc/powdersville/floor-plans#/,https://turnerpointesc.com/Floor-plans.aspx
298632,Churchwoods,Lafayette,IN,https://www.topelitehomes.com/churchwoods-apartments/,https://www.topelitehomes.com/lafayette/churchwoods/conventional/,https://www.topelitehomes.com/floor-plans/,https://www.topelitehomes.com/models,https://www.topelitehomes.com/apartments/in/lafayette/floor-plans#/,https://www.topelitehomes.com/Floor-plans.aspx
29995,Canoan Village,Albuquerque,NM,https://www.canoanvillageapts.com/?utm_source=GoogleLocalListing&utm_medium=organic,https://www.canoanvillageapts.com/albuquerque/canoan-village/conventional/,https://www.canoanvillageapts.com/floor-plans/,https://www.canoanvillageapts.com/models,https://www.canoanvillageapts.com/apartments/nm/albuquerque/floor-plans#/,https://www.canoanvillageapts.com/Floor-plans.aspx
299791,L‚ÄôAttitude27 Riverview,Riverview,FL,https://lattitude27riverview.com/,https://lattitude27riverview.com/riverview/l-attitude27-riverview/conventional/,https://lattitude27riverview.com/floor-plans/,https://lattitude27riverview.com/models,https://lattitude27riverview.com/apartments/fl/riverview/floor-plans#/,https://lattitude27riverview.com/Floor-plans.aspx
67455,Sentral DTLA,Los Angeles,CA,https://sentral.com/los-angeles/dtla-755,https://sentral.com/los-angeles/sentral-dtla/conventional/,https://sentral.com/floor-plans/,https://sentral.com/models,https://sentral.com/apartments/ca/los-angeles/floor-plans#/,https://sentral.com/Floor-plans.aspx
67734,1213 Walnut,Philadelphia,PA,https://www.1213walnut.com/,https://www.1213walnut.com/philadelphia/1213-walnut/conventional/,https://www.1213walnut.com/floor-plans/,https://www.1213walnut.com/models,https://www.1213walnut.com/apartments/pa/philadelphia/floor-plans#/,https://www.1213walnut.com/Floor-plans.aspx
67393,Southpark Crossing,Austin,TX,https://www.southparkcrossing.com/,https://www.southparkcrossing.com/austin/southpark-crossing/conventional/,https://www.southparkcrossing.com/floor-plans/,https://www.southparkcrossing.com/models,https://www.southparkcrossing.com/apartments/tx/austin/floor-plans#/,https://www.southparkcrossing.com/Floor-plans.aspx
67721,State Street Station,Wauwatosa,WI,https://www.statestreettosa.com/,https://www.statestreettosa.com/wauwatosa/state-street-station/conventional/,https://www.statestreettosa.com/floor-plans/,https://www.statestreettosa.com/models,https://www.statestreettosa.com/apartments/wi/wauwatosa/floor-plans#/,https://www.statestreettosa.com/Floor-plans.aspx
67383,The Standard at Leander Station,Leander,TX,http://www.lifeatthestandard.com/,http://www.lifeatthestandard.com/leander/the-standard-at-leander-station/conventional/,http://www.lifeatthestandard.com/floor-plans/,http://www.lifeatthestandard.com/models,http://www.lifeatthestandard.com/apartments/tx/leander/floor-plans#/,http://www.lifeatthestandard.com/Floor-plans.aspx
67102,Marc San Marcos,San Marcos,CA,http://www.marcsanmarcos.com/,http://www.marcsanmarcos.com/san-marcos/marc-san-marcos/conventional/,http://www.marcsanmarcos.com/floor-plans/,http://www.marcsanmarcos.com/models,http://www.marcsanmarcos.com/apartments/ca/san-marcos/floor-plans#/,http://www.marcsanmarcos.com/Floor-plans.aspx
67747,The Edge at Raritan Heights,New Brunswick,NJ,https://www.theedgeatraritanheights.com/,https://www.theedgeatraritanheights.com/new-brunswick/the-edge-at-raritan-heights/conventional/,https://www.theedgeatraritanheights.com/floor-plans/,https://www.theedgeatraritanheights.com/models,https://www.theedgeatraritanheights.com/apartments/nj/new-brunswick/floor-plans#/,https://www.theedgeatraritanheights.com/Floor-plans.aspx
67750,Vermella Harrison,Harrison,NJ,https://vermellaharrison.com/,https://vermellaharrison.com/harrison/vermella-harrison/conventional/,https://vermellaharrison.com/floor-plans/,https://vermellaharrison.com/models,https://vermellaharrison.com/apartments/nj/harrison/floor-plans#/,https://vermellaharrison.com/Floor-plans.aspx
67124,The Garfield,Cleveland,OH,http://thegarfield.com/,http://thegarfield.com/cleveland/the-garfield/conventional/,http://thegarfield.com/floor-plans/,http://thegarfield.com/models,http://thegarfield.com/apartments/oh/cleveland/floor-plans#/,http://thegarfield.com/Floor-plans.aspx
67388,Berkshire Santal,Austin,TX,http://www.thesantal.com/,http://www.thesantal.com/austin/berkshire-santal/conventional/,http://www.thesantal.com/floor-plans/,http://www.thesantal.com/models,http://www.thesantal.com/apartments/tx/austin/floor-plans#/,http://www.thesantal.com/Floor-plans.aspx
67150,Harbor Vista at Crawford Street,Portsmouth,VA,https://www.liveharborvista.com/,https://www.liveharborvista.com/portsmouth/harbor-vista-at-crawford-street/conventional/,https://www.liveharborvista.com/floor-plans/,https://www.liveharborvista.com/models,https://www.liveharborvista.com/apartments/va/portsmouth/floor-plans#/,https://www.liveharborvista.com/Floor-plans.aspx
6770,Mirador,Phoenix,AZ,https://arizona.weidner.com/apartments/az/phoenix/mirador-3/,https://arizona.weidner.com/phoenix/mirador/conventional/,https://arizona.weidner.com/floor-plans/,https://arizona.weidner.com/models,https://arizona.weidner.com/apartments/az/phoenix/floor-plans#/,https://arizona.weidner.com/Floor-plans.aspx
6725,The Atlantic at East Delray,Delray Beach,FL,http://www.theatlanticdelray.com/,http://www.theatlanticdelray.com/delray-beach/the-atlantic-at-east-delray/conventional/,http://www.theatlanticdelray.com/floor-plans/,http://www.theatlanticdelray.com/models,http://www.theatlanticdelray.com/apartments/fl/delray-beach/floor-plans#/,http://www.theatlanticdelray.com/Floor-plans.aspx
246962,Portola Bridge Creek,Vancouver,WA,http://www.bridgecreekapthomes.com/,http://www.bridgecreekapthomes.com/vancouver/portola-bridge-creek/conventional/,http://www.bridgecreekapthomes.com/floor-plans/,http://www.bridgecreekapthomes.com/models,http://www.bridgecreekapthomes.com/apartments/wa/vancouver/floor-plans#/,http://www.bridgecreekapthomes.com/Floor-plans.aspx
246318,Haven at Rivergate,Charlotte,NC,https://www.thehavenatrivergate.com/,https://www.thehavenatrivergate.com/charlotte/haven-at-rivergate/conventional/,https://www.thehavenatrivergate.com/floor-plans/,https://www.thehavenatrivergate.com/models,https://www.thehavenatrivergate.com/apartments/nc/charlotte/floor-plans#/,https://www.thehavenatrivergate.com/Floor-plans.aspx
24769,Spice Tree Apartments,Ann Arbor,MI,https://spicetreeannarbor.com/,https://spicetreeannarbor.com/ann-arbor/spice-tree-apartments/conventional/,https://spicetreeannarbor.com/floor-plans/,https://spicetreeannarbor.com/models,https://spicetreeannarbor.com/apartments/mi/ann-arbor/floor-plans#/,https://spicetreeannarbor.com/Floor-plans.aspx
247383,Vanguard at 16 Tech,Indianapolis,IN,https://www.vanguardat16tech.com/,https://www.vanguardat16tech.com/indianapolis/vanguard-at-16-tech/conventional/,https://www.vanguardat16tech.com/floor-plans/,https://www.vanguardat16tech.com/models,https://www.vanguardat16tech.com/apartments/in/indianapolis/floor-plans#/,https://www.vanguardat16tech.com/Floor-plans.aspx
246466,The Jax,Chicago,IL,https://thejaxchicago.com/,https://thejaxchicago.com/chicago/the-jax/conventional/,https://thejaxchicago.com/floor-plans/,https://thejaxchicago.com/models,https://thejaxchicago.com/apartments/il/chicago/floor-plans#/,https://thejaxchicago.com/Floor-plans.aspx
247179,Lerner Parc at Gatlin Commons,Port St Lucie,FL,https://livelerner.com/lerner-parc-at-gatlin-commons/,https://livelerner.com/port-st-lucie/lerner-parc-at-gatlin-commons/conventional/,https://livelerner.com/floor-plans/,https://livelerner.com/models,https://livelerner.com/apartments/fl/port-st-lucie/floor-plans#/,https://livelerner.com/Floor-plans.aspx
247218,Industry Tallahassee,Tallahassee,FL,https://industry-tallahassee.com/,https://industry-tallahassee.com/tallahassee/industry-tallahassee/conventional/,https://industry-tallahassee.com/floor-plans/,https://industry-tallahassee.com/models,https://industry-tallahassee.com/apartments/fl/tallahassee/floor-plans#/,https://industry-tallahassee.com/Floor-plans.aspx
245962,Beacon Station,Augusta,GA,https://www.beaconstationaugusta.com/,https://www.beaconstationaugusta.com/augusta/beacon-station/conventional/,https://www.beaconstationaugusta.com/floor-plans/,https://www.beaconstationaugusta.com/models,https://www.beaconstationaugusta.com/apartments/ga/augusta/floor-plans#/,https://www.beaconstationaugusta.com/Floor-plans.aspx
246152,Oxford at Lake View,Corinth,TX,http://www.oxfordlakeview.com/,http://www.oxfordlakeview.com/corinth/oxford-at-lake-view/conventional/,http://www.oxfordlakeview.com/floor-plans/,http://www.oxfordlakeview.com/models,http://www.oxfordlakeview.com/apartments/tx/corinth/floor-plans#/,http://www.oxfordlakeview.com/Floor-plans.aspx
49548,4th & Plum Apartments,Cincinnati,OH,https://www.fourthplum.com/,https://www.fourthplum.com/cincinnati/4th-plum-apartments/conventional/,https://www.fourthplum.com/floor-plans/,https://www.fourthplum.com/models,https://www.fourthplum.com/apartments/oh/cincinnati/floor-plans#/,https://www.fourthplum.com/Floor-plans.aspx
4903,Atria at Crabtree Valley,Raleigh,NC,www.atriaatcrabtreevalley.com,https://www.atriaatcrabtreevalley.com/raleigh/atria-at-crabtree-valley/conventional/,https://www.atriaatcrabtreevalley.com/floor-plans/,https://www.atriaatcrabtreevalley.com/models,https://www.atriaatcrabtreevalley.com/apartments/nc/raleigh/floor-plans#/,https://www.atriaatcrabtreevalley.com/Floor-plans.aspx
266452,Waterview,Richmond,TX,https://www.thewaterviewapts.com/,https://www.thewaterviewapts.com/richmond/waterview/conventional/,https://www.thewaterviewapts.com/floor-plans/,https://www.thewaterviewapts.com/models,https://www.thewaterviewapts.com/apartments/tx/richmond/floor-plans#/,https://www.thewaterviewapts.com/Floor-plans.aspx
48902,Cudahy Commons,Cudahy,WI,www.cudahycommons.com,https://www.cudahycommons.com/cudahy/cudahy-commons/conventional/,https://www.cudahycommons.com/floor-plans/,https://www.cudahycommons.com/models,https://www.cudahycommons.com/apartments/wi/cudahy/floor-plans#/,https://www.cudahycommons.com/Floor-plans.aspx
265972,Aspire,Kansas City,KS,https://www.aspirelivingkc.com/,https://www.aspirelivingkc.com/kansas-city/aspire/conventional/,https://www.aspirelivingkc.com/floor-plans/,https://www.aspirelivingkc.com/models,https://www.aspirelivingkc.com/apartments/ks/kansas-city/floor-plans#/,https://www.aspirelivingkc.com/Floor-plans.aspx
265951,Populus Westside,Atlanta,GA,https://www.populuswestsideapts.com/,https://www.populuswestsideapts.com/atlanta/populus-westside/conventional/,https://www.populuswestsideapts.com/floor-plans/,https://www.populuswestsideapts.com/models,https://www.populuswestsideapts.com/apartments/ga/atlanta/floor-plans#/,https://www.populuswestsideapts.com/Floor-plans.aspx
49169,Pebble Creek,Shelby Township,MI,https://www.pebblecreekapt.com/,https://www.pebblecreekapt.com/shelby-township/pebble-creek/conventional/,https://www.pebblecreekapt.com/floor-plans/,https://www.pebblecreekapt.com/models,https://www.pebblecreekapt.com/apartments/mi/shelby-township/floor-plans#/,https://www.pebblecreekapt.com/Floor-plans.aspx
265892,34 Eden River Park,Whippany,NJ,https://www.34edenrentals.com/,https://www.34edenrentals.com/whippany/34-eden-river-park/conventional/,https://www.34edenrentals.com/floor-plans/,https://www.34edenrentals.com/models,https://www.34edenrentals.com/apartments/nj/whippany/floor-plans#/,https://www.34edenrentals.com/Floor-plans.aspx
49102,Parkview Apartments,Saint Paul,MN,https://pmsi.biz/details/?pid=30,https://pmsi.biz/saint-paul/parkview-apartments/conventional/,https://pmsi.biz/floor-plans/,https://pmsi.biz/models,https://pmsi.biz/apartments/mn/saint-paul/floor-plans#/,https://pmsi.biz/Floor-plans.aspx
49571,Courts of Valle Vista,Greenwood,IN,https://www.courtsofvallevista.com/,https://www.courtsofvallevista.com/greenwood/courts-of-valle-vista/conventional/,https://www.courtsofvallevista.com/floor-plans/,https://www.courtsofvallevista.com/models,https://www.courtsofvallevista.com/apartments/in/greenwood/floor-plans#/,https://www.courtsofvallevista.com/Floor-plans.aspx
49549,Wing Pointe,Clearfield,UT,www.wingpointeapts.com,https://www.wingpointeapts.com/clearfield/wing-pointe/conventional/,https://www.wingpointeapts.com/floor-plans/,https://www.wingpointeapts.com/models,https://www.wingpointeapts.com/apartments/ut/clearfield/floor-plans#/,https://www.wingpointeapts.com/Floor-plans.aspx
49248,Sandpiper,Holladay,UT,https://www.sandpiperapartmentssaltlakecity.com/,https://www.sandpiperapartmentssaltlakecity.com/holladay/sandpiper/conventional/,https://www.sandpiperapartmentssaltlakecity.com/floor-plans/,https://www.sandpiperapartmentssaltlakecity.com/models,https://www.sandpiperapartmentssaltlakecity.com/apartments/ut/holladay/floor-plans#/,https://www.sandpiperapartmentssaltlakecity.com/Floor-plans.aspx
267101,Springs at Pe√±a Station,Denver,CO,https://www.springsapartments.com/apartments/co/denver/springs-at-pena-station/,https://www.springsapartments.com/denver/springs-at-pe-a-station/conventional/,https://www.springsapartments.com/floor-plans/,https://www.springsapartments.com/models,https://www.springsapartments.com/apartments/co/denver/floor-plans#/,https://www.springsapartments.com/Floor-plans.aspx
48810,Manchester Oaks,Franklin,WI,http://www.manchesteroaks.com/,http://www.manchesteroaks.com/franklin/manchester-oaks/conventional/,http://www.manchesteroaks.com/floor-plans/,http://www.manchesteroaks.com/models,http://www.manchesteroaks.com/apartments/wi/franklin/floor-plans#/,http://www.manchesteroaks.com/Floor-plans.aspx
4944,Triangle Place,Durham,NC,https://www.hgliving.com/apartments/nc/durham/triangle-place/,https://www.hgliving.com/durham/triangle-place/conventional/,https://www.hgliving.com/floor-plans/,https://www.hgliving.com/models,https://www.hgliving.com/apartments/nc/durham/floor-plans#/,https://www.hgliving.com/Floor-plans.aspx
266585,The Mark at Arlington I,Arlington,TX,https://www.themarkatarlington.com/,https://www.themarkatarlington.com/arlington/the-mark-at-arlington-i/conventional/,https://www.themarkatarlington.com/floor-plans/,https://www.themarkatarlington.com/models,https://www.themarkatarlington.com/apartments/tx/arlington/floor-plans#/,https://www.themarkatarlington.com/Floor-plans.aspx
266940,Riverfront Lofts I,Allentown,PA,https://riverfrontloftsallentown.com/,https://riverfrontloftsallentown.com/allentown/riverfront-lofts-i/conventional/,https://riverfrontloftsallentown.com/floor-plans/,https://riverfrontloftsallentown.com/models,https://riverfrontloftsallentown.com/apartments/pa/allentown/floor-plans#/,https://riverfrontloftsallentown.com/Floor-plans.aspx
265767,Journee,Los Angeles,CA,https://journeela.com/,https://journeela.com/los-angeles/journee/conventional/,https://journeela.com/floor-plans/,https://journeela.com/models,https://journeela.com/apartments/ca/los-angeles/floor-plans#/,https://journeela.com/Floor-plans.aspx
4918,Arbors of Montgomery,Cincinnati,OH,https://www.arborsofmontgomery.com/,https://www.arborsofmontgomery.com/cincinnati/arbors-of-montgomery/conventional/,https://www.arborsofmontgomery.com/floor-plans/,https://www.arborsofmontgomery.com/models,https://www.arborsofmontgomery.com/apartments/oh/cincinnati/floor-plans#/,https://www.arborsofmontgomery.com/Floor-plans.aspx
48847,Cimarron Ridge,Mobile,AL,http://www.cimarronridgeapartmenthomes.com/,http://www.cimarronridgeapartmenthomes.com/mobile/cimarron-ridge/conventional/,http://www.cimarronridgeapartmenthomes.com/floor-plans/,http://www.cimarronridgeapartmenthomes.com/models,http://www.cimarronridgeapartmenthomes.com/apartments/al/mobile/floor-plans#/,http://www.cimarronridgeapartmenthomes.com/Floor-plans.aspx
48946,Westfield Apartments,Greenfield,WI,https://www.wimmercommunities.com/apartments/wi/greenfield/westfield-apartments/?utm_knock=gmb,https://www.wimmercommunities.com/greenfield/westfield-apartments/conventional/,https://www.wimmercommunities.com/floor-plans/,https://www.wimmercommunities.com/models,https://www.wimmercommunities.com/apartments/wi/greenfield/floor-plans#/,https://www.wimmercommunities.com/Floor-plans.aspx
265383,Monterey Garden,San Mateo,CA,https://www.themontereygarden.com/,https://www.themontereygarden.com/san-mateo/monterey-garden/conventional/,https://www.themontereygarden.com/floor-plans/,https://www.themontereygarden.com/models,https://www.themontereygarden.com/apartments/ca/san-mateo/floor-plans#/,https://www.themontereygarden.com/Floor-plans.aspx
288751,Palmer House,Madison,AL,https://www.palmerhouseapts.com/,https://www.palmerhouseapts.com/madison/palmer-house/conventional/,https://www.palmerhouseapts.com/floor-plans/,https://www.palmerhouseapts.com/models,https://www.palmerhouseapts.com/apartments/al/madison/floor-plans#/,https://www.palmerhouseapts.com/Floor-plans.aspx
291509,Beckon,Durham,NC,https://livebeckon.com/,https://livebeckon.com/durham/beckon/conventional/,https://livebeckon.com/floor-plans/,https://livebeckon.com/models,https://livebeckon.com/apartments/nc/durham/floor-plans#/,https://livebeckon.com/Floor-plans.aspx
289797,Brook Hollow,Wichita Falls,TX,www.BrookHollowApartments.com,https://www.BrookHollowApartments.com/wichita-falls/brook-hollow/conventional/,https://www.BrookHollowApartments.com/floor-plans/,https://www.BrookHollowApartments.com/models,https://www.BrookHollowApartments.com/apartments/tx/wichita-falls/floor-plans#/,https://www.BrookHollowApartments.com/Floor-plans.aspx
290551,The Asher,Ashland,MA,https://theasher.com/,https://theasher.com/ashland/the-asher/conventional/,https://theasher.com/floor-plans/,https://theasher.com/models,https://theasher.com/apartments/ma/ashland/floor-plans#/,https://theasher.com/Floor-plans.aspx
37507,Village Lake Townhomes,Smyrna,TN,www.villagelakesmyrna.com,https://www.villagelakesmyrna.com/smyrna/village-lake-townhomes/conventional/,https://www.villagelakesmyrna.com/floor-plans/,https://www.villagelakesmyrna.com/models,https://www.villagelakesmyrna.com/apartments/tn/smyrna/floor-plans#/,https://www.villagelakesmyrna.com/Floor-plans.aspx
3748,Brookside Oaks,Sunnyvale,CA,https://www.essexapartmenthomes.com/apartments/sunnyvale/brookside-oaks,https://www.essexapartmenthomes.com/sunnyvale/brookside-oaks/conventional/,https://www.essexapartmenthomes.com/floor-plans/,https://www.essexapartmenthomes.com/models,https://www.essexapartmenthomes.com/apartments/ca/sunnyvale/floor-plans#/,https://www.essexapartmenthomes.com/Floor-plans.aspx
37071,Summerwood on Towne Line,Indianapolis,IN,www.summerwoodindy.com,https://www.summerwoodindy.com/indianapolis/summerwood-on-towne-line/conventional/,https://www.summerwoodindy.com/floor-plans/,https://www.summerwoodindy.com/models,https://www.summerwoodindy.com/apartments/in/indianapolis/floor-plans#/,https://www.summerwoodindy.com/Floor-plans.aspx
37160,Rivers Edge,Dayton,OH,http://www.riversedgedayton.com/,http://www.riversedgedayton.com/dayton/rivers-edge/conventional/,http://www.riversedgedayton.com/floor-plans/,http://www.riversedgedayton.com/models,http://www.riversedgedayton.com/apartments/oh/dayton/floor-plans#/,http://www.riversedgedayton.com/Floor-plans.aspx
37120,The Apartments at Blakeney,Charlotte,NC,www.blakeneyapartments.com,https://www.blakeneyapartments.com/charlotte/the-apartments-at-blakeney/conventional/,https://www.blakeneyapartments.com/floor-plans/,https://www.blakeneyapartments.com/models,https://www.blakeneyapartments.com/apartments/nc/charlotte/floor-plans#/,https://www.blakeneyapartments.com/Floor-plans.aspx
37352,Falcon View,Madison,TN,https://falconviewtn.com/,https://falconviewtn.com/madison/falcon-view/conventional/,https://falconviewtn.com/floor-plans/,https://falconviewtn.com/models,https://falconviewtn.com/apartments/tn/madison/floor-plans#/,https://falconviewtn.com/Floor-plans.aspx
37065,Pointe Inverness,Fort Wayne,IN,https://www.ptinverness.com/,https://www.ptinverness.com/fort-wayne/pointe-inverness/conventional/,https://www.ptinverness.com/floor-plans/,https://www.ptinverness.com/models,https://www.ptinverness.com/apartments/in/fort-wayne/floor-plans#/,https://www.ptinverness.com/Floor-plans.aspx
37336,The Enclave,Tucson,AZ,https://www.liveatenclaveapts.com/,https://www.liveatenclaveapts.com/tucson/the-enclave/conventional/,https://www.liveatenclaveapts.com/floor-plans/,https://www.liveatenclaveapts.com/models,https://www.liveatenclaveapts.com/apartments/az/tucson/floor-plans#/,https://www.liveatenclaveapts.com/Floor-plans.aspx
36926,Fenestra at the Square,Rockville,MD,www.fenestraapts.com,https://www.fenestraapts.com/rockville/fenestra-at-the-square/conventional/,https://www.fenestraapts.com/floor-plans/,https://www.fenestraapts.com/models,https://www.fenestraapts.com/apartments/md/rockville/floor-plans#/,https://www.fenestraapts.com/Floor-plans.aspx
37075,Spring Lake,Byram,MS,http://www.livelifeatspringlake.com/,http://www.livelifeatspringlake.com/byram/spring-lake/conventional/,http://www.livelifeatspringlake.com/floor-plans/,http://www.livelifeatspringlake.com/models,http://www.livelifeatspringlake.com/apartments/ms/byram/floor-plans#/,http://www.livelifeatspringlake.com/Floor-plans.aspx
69188,727 West Madison,Chicago,IL,https://727westmadison.com,https://727westmadison.com/chicago/727-west-madison/conventional/,https://727westmadison.com/floor-plans/,https://727westmadison.com/models,https://727westmadison.com/apartments/il/chicago/floor-plans#/,https://727westmadison.com/Floor-plans.aspx
69760,Lakeside Village,Marysville,CA,https://lakesidevillagemarysville.com/,https://lakesidevillagemarysville.com/marysville/lakeside-village/conventional/,https://lakesidevillagemarysville.com/floor-plans/,https://lakesidevillagemarysville.com/models,https://lakesidevillagemarysville.com/apartments/ca/marysville/floor-plans#/,https://lakesidevillagemarysville.com/Floor-plans.aspx
70255,Coventry Square,Westwood,NJ,https://coventrysquareapartments.com/,https://coventrysquareapartments.com/westwood/coventry-square/conventional/,https://coventrysquareapartments.com/floor-plans/,https://coventrysquareapartments.com/models,https://coventrysquareapartments.com/apartments/nj/westwood/floor-plans#/,https://coventrysquareapartments.com/Floor-plans.aspx
70179,Woodington West,Baltimore,MD,https://www.woodingtonwest.com/,https://www.woodingtonwest.com/baltimore/woodington-west/conventional/,https://www.woodingtonwest.com/floor-plans/,https://www.woodingtonwest.com/models,https://www.woodingtonwest.com/apartments/md/baltimore/floor-plans#/,https://www.woodingtonwest.com/Floor-plans.aspx
70533,Vivid,Seattle,WA,www.vividqueenanne.com,https://www.vividqueenanne.com/seattle/vivid/conventional/,https://www.vividqueenanne.com/floor-plans/,https://www.vividqueenanne.com/models,https://www.vividqueenanne.com/apartments/wa/seattle/floor-plans#/,https://www.vividqueenanne.com/Floor-plans.aspx
69912,Creekwood,Hayward,CA,http://www.creekwoodapartmenthomes.com/,http://www.creekwoodapartmenthomes.com/hayward/creekwood/conventional/,http://www.creekwoodapartmenthomes.com/floor-plans/,http://www.creekwoodapartmenthomes.com/models,http://www.creekwoodapartmenthomes.com/apartments/ca/hayward/floor-plans#/,http://www.creekwoodapartmenthomes.com/Floor-plans.aspx
69656,Nordica Landing,Daytona Beach,FL,https://nl.prospectportal.com/,https://nl.prospectportal.com/daytona-beach/nordica-landing/conventional/,https://nl.prospectportal.com/floor-plans/,https://nl.prospectportal.com/models,https://nl.prospectportal.com/apartments/fl/daytona-beach/floor-plans#/,https://nl.prospectportal.com/Floor-plans.aspx
6997,WestTown,El Paso,TX,http://www.westtownapts.com/,http://www.westtownapts.com/el-paso/westtown/conventional/,http://www.westtownapts.com/floor-plans/,http://www.westtownapts.com/models,http://www.westtownapts.com/apartments/tx/el-paso/floor-plans#/,http://www.westtownapts.com/Floor-plans.aspx
69777,Norfolk Place,St Paul,MN,https://krcapartments.com/property-detail/norfolk-place/,https://krcapartments.com/st-paul/norfolk-place/conventional/,https://krcapartments.com/floor-plans/,https://krcapartments.com/models,https://krcapartments.com/apartments/mn/st-paul/floor-plans#/,https://krcapartments.com/Floor-plans.aspx
70238,Grace Apartments,Portland,OR,http://www.graceapartmentscr.com/,http://www.graceapartmentscr.com/portland/grace-apartments/conventional/,http://www.graceapartmentscr.com/floor-plans/,http://www.graceapartmentscr.com/models,http://www.graceapartmentscr.com/apartments/or/portland/floor-plans#/,http://www.graceapartmentscr.com/Floor-plans.aspx
33550,Princeton Bradford Apartment Homes,Haverhill,MA,https://www.princetonbradford.com/,https://www.princetonbradford.com/haverhill/princeton-bradford-apartment-homes/conventional/,https://www.princetonbradford.com/floor-plans/,https://www.princetonbradford.com/models,https://www.princetonbradford.com/apartments/ma/haverhill/floor-plans#/,https://www.princetonbradford.com/Floor-plans.aspx
33786,Estates Team Ranch,Benbrook,TX,https://www.estatesatteamranch.com/,https://www.estatesatteamranch.com/benbrook/estates-team-ranch/conventional/,https://www.estatesatteamranch.com/floor-plans/,https://www.estatesatteamranch.com/models,https://www.estatesatteamranch.com/apartments/tx/benbrook/floor-plans#/,https://www.estatesatteamranch.com/Floor-plans.aspx
32995,2400 M Apartments,Washington,DC,http://www.equityapartments.com/washington-dc/georgetown/2400-m-apartments,http://www.equityapartments.com/washington/2400-m-apartments/conventional/,http://www.equityapartments.com/floor-plans/,http://www.equityapartments.com/models,http://www.equityapartments.com/apartments/dc/washington/floor-plans#/,http://www.equityapartments.com/Floor-plans.aspx
32962,Harbor Creek,Canton,GA,https://www.harborcreekapts.com/,https://www.harborcreekapts.com/canton/harbor-creek/conventional/,https://www.harborcreekapts.com/floor-plans/,https://www.harborcreekapts.com/models,https://www.harborcreekapts.com/apartments/ga/canton/floor-plans#/,https://www.harborcreekapts.com/Floor-plans.aspx
32983,215 C Street,Washington,DC,https://www.215cstreet.com/,https://www.215cstreet.com/washington/215-c-street/conventional/,https://www.215cstreet.com/floor-plans/,https://www.215cstreet.com/models,https://www.215cstreet.com/apartments/dc/washington/floor-plans#/,https://www.215cstreet.com/Floor-plans.aspx
33571,Saunders Crossing,Lawrence,MA,http://www.saunderscrossing.com/,http://www.saunderscrossing.com/lawrence/saunders-crossing/conventional/,http://www.saunderscrossing.com/floor-plans/,http://www.saunderscrossing.com/models,http://www.saunderscrossing.com/apartments/ma/lawrence/floor-plans#/,http://www.saunderscrossing.com/Floor-plans.aspx
33738,Sagamore Court,Portsmouth,NH,https://www.forestproperties.net/property/sagamore-court/,https://www.forestproperties.net/portsmouth/sagamore-court/conventional/,https://www.forestproperties.net/floor-plans/,https://www.forestproperties.net/models,https://www.forestproperties.net/apartments/nh/portsmouth/floor-plans#/,https://www.forestproperties.net/Floor-plans.aspx
24982,Fisher Building,Chicago,IL,https://fisherbuildingchicago.securecafe.com/onlineleasing/fisher-building-city-club-apartments/oleapplication.aspx?stepname=floorplan&myOlePropertyId=1830880,https://fisherbuildingchicago.securecafe.com/chicago/fisher-building/conventional/,https://fisherbuildingchicago.securecafe.com/floor-plans/,https://fisherbuildingchicago.securecafe.com/models,https://fisherbuildingchicago.securecafe.com/apartments/il/chicago/floor-plans#/,https://fisherbuildingchicago.securecafe.com/Floor-plans.aspx
250124,One Clinton Park,New Rochelle,NY,https://oneclintonpark.com/,https://oneclintonpark.com/new-rochelle/one-clinton-park/conventional/,https://oneclintonpark.com/floor-plans/,https://oneclintonpark.com/models,https://oneclintonpark.com/apartments/ny/new-rochelle/floor-plans#/,https://oneclintonpark.com/Floor-plans.aspx
251492,The Elysian,St Johns,FL,https://www.alapts.com/apartments/fl/st-johns/the-elysian/?utm_source=GMB&utm_medium=organic,https://www.alapts.com/st-johns/the-elysian/conventional/,https://www.alapts.com/floor-plans/,https://www.alapts.com/models,https://www.alapts.com/apartments/fl/st-johns/floor-plans#/,https://www.alapts.com/Floor-plans.aspx
25063,,,,https://www.highgroveatbigbend.com,,https://www.highgroveatbigbend.com/floor-plans/,https://www.highgroveatbigbend.com/models,,https://www.highgroveatbigbend.com/Floor-plans.aspx
251514,LC SoBro I,Nashville,TN,https://lifestylecommunities.com/community/lc-sobro,https://lifestylecommunities.com/nashville/lc-sobro-i/conventional/,https://lifestylecommunities.com/floor-plans/,https://lifestylecommunities.com/models,https://lifestylecommunities.com/apartments/tn/nashville/floor-plans#/,https://lifestylecommunities.com/Floor-plans.aspx
249960,The Kathryn Ann,Portland,OR,https://www.portland-apartment-living.com/communities/the-kathryn-ann/,https://www.portland-apartment-living.com/portland/the-kathryn-ann/conventional/,https://www.portland-apartment-living.com/floor-plans/,https://www.portland-apartment-living.com/models,https://www.portland-apartment-living.com/apartments/or/portland/floor-plans#/,https://www.portland-apartment-living.com/Floor-plans.aspx
251165,The Overland,Denver,CO,https://www.theoverlandbyavanti.com/,https://www.theoverlandbyavanti.com/denver/the-overland/conventional/,https://www.theoverlandbyavanti.com/floor-plans/,https://www.theoverlandbyavanti.com/models,https://www.theoverlandbyavanti.com/apartments/co/denver/floor-plans#/,https://www.theoverlandbyavanti.com/Floor-plans.aspx
2507,Terrain,Austin,TX,www.terrainaustin.com,https://www.terrainaustin.com/austin/terrain/conventional/,https://www.terrainaustin.com/floor-plans/,https://www.terrainaustin.com/models,https://www.terrainaustin.com/apartments/tx/austin/floor-plans#/,https://www.terrainaustin.com/Floor-plans.aspx
24978,The Reserve at Stone Creek,Stone Mountain,GA,http://www.reserveatstonecreekapartments.com/,http://www.reserveatstonecreekapartments.com/stone-mountain/the-reserve-at-stone-creek/conventional/,http://www.reserveatstonecreekapartments.com/floor-plans/,http://www.reserveatstonecreekapartments.com/models,http://www.reserveatstonecreekapartments.com/apartments/ga/stone-mountain/floor-plans#/,http://www.reserveatstonecreekapartments.com/Floor-plans.aspx
251396,Magnolia on Zang Two,Dallas,TX,http://www.liveatmagnolia.com/homes/tx/bishop-arts/magnolia-on-zang-two/,http://www.liveatmagnolia.com/dallas/magnolia-on-zang-two/conventional/,http://www.liveatmagnolia.com/floor-plans/,http://www.liveatmagnolia.com/models,http://www.liveatmagnolia.com/apartments/tx/dallas/floor-plans#/,http://www.liveatmagnolia.com/Floor-plans.aspx
251190,The Carlaw,Sacramento,CA,https://liveatthecarlaw.com/,https://liveatthecarlaw.com/sacramento/the-carlaw/conventional/,https://liveatthecarlaw.com/floor-plans/,https://liveatthecarlaw.com/models,https://liveatthecarlaw.com/apartments/ca/sacramento/floor-plans#/,https://liveatthecarlaw.com/Floor-plans.aspx
251357,Riverland,Fort Lauderdale,FL,https://liveatriverland.com/,https://liveatriverland.com/fort-lauderdale/riverland/conventional/,https://liveatriverland.com/floor-plans/,https://liveatriverland.com/models,https://liveatriverland.com/apartments/fl/fort-lauderdale/floor-plans#/,https://liveatriverland.com/Floor-plans.aspx
268767,Market Flats,Bethlehem,PA,https://www.marketflatsbethlehem.com/,https://www.marketflatsbethlehem.com/bethlehem/market-flats/conventional/,https://www.marketflatsbethlehem.com/floor-plans/,https://www.marketflatsbethlehem.com/models,https://www.marketflatsbethlehem.com/apartments/pa/bethlehem/floor-plans#/,https://www.marketflatsbethlehem.com/Floor-plans.aspx
269570,Trinity Highline,Fort Worth,TX,https://www.trinityhighline.com/,https://www.trinityhighline.com/fort-worth/trinity-highline/conventional/,https://www.trinityhighline.com/floor-plans/,https://www.trinityhighline.com/models,https://www.trinityhighline.com/apartments/tx/fort-worth/floor-plans#/,https://www.trinityhighline.com/Floor-plans.aspx
269984,Flats at Market Street,Wilmington,NC,https://www.flatsatmarketstreet.com/,https://www.flatsatmarketstreet.com/wilmington/flats-at-market-street/conventional/,https://www.flatsatmarketstreet.com/floor-plans/,https://www.flatsatmarketstreet.com/models,https://www.flatsatmarketstreet.com/apartments/nc/wilmington/floor-plans#/,https://www.flatsatmarketstreet.com/Floor-plans.aspx
269346,Ashford Apartment Homes,Conyers,GA,https://rjamesproperties.com/ashford-brook/,https://rjamesproperties.com/conyers/ashford-apartment-homes/conventional/,https://rjamesproperties.com/floor-plans/,https://rjamesproperties.com/models,https://rjamesproperties.com/apartments/ga/conyers/floor-plans#/,https://rjamesproperties.com/Floor-plans.aspx
268738,Quest,Rogers,MN,https://www.questaptsmn.com/,https://www.questaptsmn.com/rogers/quest/conventional/,https://www.questaptsmn.com/floor-plans/,https://www.questaptsmn.com/models,https://www.questaptsmn.com/apartments/mn/rogers/floor-plans#/,https://www.questaptsmn.com/Floor-plans.aspx
268764,Cadia Grand Praire,Grand Prairie,TX,https://yardlydechman.com/?utm_source=GoogleLocalListing&utm_medium=organic,https://yardlydechman.com/grand-prairie/cadia-grand-praire/conventional/,https://yardlydechman.com/floor-plans/,https://yardlydechman.com/models,https://yardlydechman.com/apartments/tx/grand-prairie/floor-plans#/,https://yardlydechman.com/Floor-plans.aspx
269985,Resia Tributary,Douglasville,GA,https://www.resiatributary.com/,https://www.resiatributary.com/douglasville/resia-tributary/conventional/,https://www.resiatributary.com/floor-plans/,https://www.resiatributary.com/models,https://www.resiatributary.com/apartments/ga/douglasville/floor-plans#/,https://www.resiatributary.com/Floor-plans.aspx
269664,The Pinnacle at Stone Creek Falls,Republic,MO,https://www.stonecreekfalls.com/apartments/mo/brookline/the-pinnacle#/,https://www.stonecreekfalls.com/republic/the-pinnacle-at-stone-creek-falls/conventional/,https://www.stonecreekfalls.com/floor-plans/,https://www.stonecreekfalls.com/models,https://www.stonecreekfalls.com/apartments/mo/republic/floor-plans#/,https://www.stonecreekfalls.com/Floor-plans.aspx
269721,Skyview Lofts,Kalispell,MT,https://skyview-lofts.com/,https://skyview-lofts.com/kalispell/skyview-lofts/conventional/,https://skyview-lofts.com/floor-plans/,https://skyview-lofts.com/models,https://skyview-lofts.com/apartments/mt/kalispell/floor-plans#/,https://skyview-lofts.com/Floor-plans.aspx
268724,Residences at Mazza,Washington,DC,https://www.residencesatmazza.com/,https://www.residencesatmazza.com/washington/residences-at-mazza/conventional/,https://www.residencesatmazza.com/floor-plans/,https://www.residencesatmazza.com/models,https://www.residencesatmazza.com/apartments/dc/washington/floor-plans#/,https://www.residencesatmazza.com/Floor-plans.aspx
268888,Artthaus Jack London,Oakland,CA,https://arthaus.mov/building-community.php?slug=arthaus-jack-london,https://arthaus.mov/oakland/artthaus-jack-london/conventional/,https://arthaus.mov/floor-plans/,https://arthaus.mov/models,https://arthaus.mov/apartments/ca/oakland/floor-plans#/,https://arthaus.mov/Floor-plans.aspx
268941,Azola South Tampa,Tampa,FL,https://www.azolasouthtampa.com/,https://www.azolasouthtampa.com/tampa/azola-south-tampa/conventional/,https://www.azolasouthtampa.com/floor-plans/,https://www.azolasouthtampa.com/models,https://www.azolasouthtampa.com/apartments/fl/tampa/floor-plans#/,https://www.azolasouthtampa.com/Floor-plans.aspx
26946,Bermuda Terrace,Las Vegas,NV,www.bermudaterraceapts.com,https://www.bermudaterraceapts.com/las-vegas/bermuda-terrace/conventional/,https://www.bermudaterraceapts.com/floor-plans/,https://www.bermudaterraceapts.com/models,https://www.bermudaterraceapts.com/apartments/nv/las-vegas/floor-plans#/,https://www.bermudaterraceapts.com/Floor-plans.aspx
269320,Collection Champions Circle,Fort Worth,TX,https://www.collectionchampionscircle.com/,https://www.collectionchampionscircle.com/fort-worth/collection-champions-circle/conventional/,https://www.collectionchampionscircle.com/floor-plans/,https://www.collectionchampionscircle.com/models,https://www.collectionchampionscircle.com/apartments/tx/fort-worth/floor-plans#/,https://www.collectionchampionscircle.com/Floor-plans.aspx
7837,Cedar Shores,San Diego,CA,http://www.cedarshoresapts.com/,http://www.cedarshoresapts.com/san-diego/cedar-shores/conventional/,http://www.cedarshoresapts.com/floor-plans/,http://www.cedarshoresapts.com/models,http://www.cedarshoresapts.com/apartments/ca/san-diego/floor-plans#/,http://www.cedarshoresapts.com/Floor-plans.aspx
78783,Link 480,Beverly,MA,https://thebeverlycollectionapts.com/,https://thebeverlycollectionapts.com/beverly/link-480/conventional/,https://thebeverlycollectionapts.com/floor-plans/,https://thebeverlycollectionapts.com/models,https://thebeverlycollectionapts.com/apartments/ma/beverly/floor-plans#/,https://thebeverlycollectionapts.com/Floor-plans.aspx
7886,Azure Place,Memphis,TN,https://www.azureplaceapts.com/,https://www.azureplaceapts.com/memphis/azure-place/conventional/,https://www.azureplaceapts.com/floor-plans/,https://www.azureplaceapts.com/models,https://www.azureplaceapts.com/apartments/tn/memphis/floor-plans#/,https://www.azureplaceapts.com/Floor-plans.aspx
78759,The Reflection at Montgomery Ridge,Allen,TX,https://reflectionapartments.com/,https://reflectionapartments.com/allen/the-reflection-at-montgomery-ridge/conventional/,https://reflectionapartments.com/floor-plans/,https://reflectionapartments.com/models,https://reflectionapartments.com/apartments/tx/allen/floor-plans#/,https://reflectionapartments.com/Floor-plans.aspx
78555,Ridges Of Geneva East,Lake Geneva,WI,https://www.blakecapitalcorp.com/apartments/wi/lake-geneva/the-ridges-of-geneva-east/,https://www.blakecapitalcorp.com/lake-geneva/ridges-of-geneva-east/conventional/,https://www.blakecapitalcorp.com/floor-plans/,https://www.blakecapitalcorp.com/models,https://www.blakecapitalcorp.com/apartments/wi/lake-geneva/floor-plans#/,https://www.blakecapitalcorp.com/Floor-plans.aspx
78911,Vera,Jacksonville,FL,www.veraluxuryliving.com,https://www.veraluxuryliving.com/jacksonville/vera/conventional/,https://www.veraluxuryliving.com/floor-plans/,https://www.veraluxuryliving.com/models,https://www.veraluxuryliving.com/apartments/fl/jacksonville/floor-plans#/,https://www.veraluxuryliving.com/Floor-plans.aspx
78597,,,,https://www.sentral.com/denver/union-station,,https://www.sentral.com/floor-plans/,https://www.sentral.com/models,,https://www.sentral.com/Floor-plans.aspx
78381,Rose Park Commons,Roseville,MN,https://krcapartments.com/property-detail/?propid=148&propname=1634EA%20Rose%20Park,https://krcapartments.com/roseville/rose-park-commons/conventional/,https://krcapartments.com/floor-plans/,https://krcapartments.com/models,https://krcapartments.com/apartments/mn/roseville/floor-plans#/,https://krcapartments.com/Floor-plans.aspx
78742,Central Gardens Grand,Palm Beach Gardens,FL,http://centralgardensgrand.com/,http://centralgardensgrand.com/palm-beach-gardens/central-gardens-grand/conventional/,http://centralgardensgrand.com/floor-plans/,http://centralgardensgrand.com/models,http://centralgardensgrand.com/apartments/fl/palm-beach-gardens/floor-plans#/,http://centralgardensgrand.com/Floor-plans.aspx
78593,Estes Park,Carrboro,NC,http://www.gscapts.com/apartments/Carrboro_NC/zip_27510/gsc/4510,http://www.gscapts.com/carrboro/estes-park/conventional/,http://www.gscapts.com/floor-plans/,http://www.gscapts.com/models,http://www.gscapts.com/apartments/nc/carrboro/floor-plans#/,http://www.gscapts.com/Floor-plans.aspx
78992,22Slate,Madison,WI,http://www.22slate.com/,http://www.22slate.com/madison/22slate/conventional/,http://www.22slate.com/floor-plans/,http://www.22slate.com/models,http://www.22slate.com/apartments/wi/madison/floor-plans#/,http://www.22slate.com/Floor-plans.aspx
78791,The Watson,Quincy,MA,https://6735762.onlineleasing.realpage.com,https://6735762.onlineleasing.realpage.com/quincy/the-watson/conventional/,https://6735762.onlineleasing.realpage.com/floor-plans/,https://6735762.onlineleasing.realpage.com/models,https://6735762.onlineleasing.realpage.com/apartments/ma/quincy/floor-plans#/,https://6735762.onlineleasing.realpage.com/Floor-plans.aspx
78947,Milwaukee Fortress,Milwaukee,WI,https://milwaukeefortress.com/apts/,https://milwaukeefortress.com/milwaukee/milwaukee-fortress/conventional/,https://milwaukeefortress.com/floor-plans/,https://milwaukeefortress.com/models,https://milwaukeefortress.com/apartments/wi/milwaukee/floor-plans#/,https://milwaukeefortress.com/Floor-plans.aspx
78373,Fenway Apartments,Westminster,CA,https://www.allenproperties.net/fenway-apartments-westminster-ca/,https://www.allenproperties.net/westminster/fenway-apartments/conventional/,https://www.allenproperties.net/floor-plans/,https://www.allenproperties.net/models,https://www.allenproperties.net/apartments/ca/westminster/floor-plans#/,https://www.allenproperties.net/Floor-plans.aspx
78785,The Veridian Residences,Portsmouth,NH,http://veridianresidences.com/,http://veridianresidences.com/portsmouth/the-veridian-residences/conventional/,http://veridianresidences.com/floor-plans/,http://veridianresidences.com/models,http://veridianresidences.com/apartments/nh/portsmouth/floor-plans#/,http://veridianresidences.com/Floor-plans.aspx
77682,Palisades at Legacy Oaks,Knightdale,NC,https://9175035.onlineleasing.realpage.com/#k=81118,https://9175035.onlineleasing.realpage.com/knightdale/palisades-at-legacy-oaks/conventional/,https://9175035.onlineleasing.realpage.com/floor-plans/,https://9175035.onlineleasing.realpage.com/models,https://9175035.onlineleasing.realpage.com/apartments/nc/knightdale/floor-plans#/,https://9175035.onlineleasing.realpage.com/Floor-plans.aspx
78093,Highland at Spring Hill,Mobile,AL,http://highlandatspringhill.com/,http://highlandatspringhill.com/mobile/highland-at-spring-hill/conventional/,http://highlandatspringhill.com/floor-plans/,http://highlandatspringhill.com/models,http://highlandatspringhill.com/apartments/al/mobile/floor-plans#/,http://highlandatspringhill.com/Floor-plans.aspx
77997,,,,https://www.ravellatowncenter.com/,,https://www.ravellatowncenter.com/floor-plans/,https://www.ravellatowncenter.com/models,,https://www.ravellatowncenter.com/Floor-plans.aspx
77880,Verde at Greenbelt Station,Greenbelt,MD,http://www.verdegreenbelt.com/,http://www.verdegreenbelt.com/greenbelt/verde-at-greenbelt-station/conventional/,http://www.verdegreenbelt.com/floor-plans/,http://www.verdegreenbelt.com/models,http://www.verdegreenbelt.com/apartments/md/greenbelt/floor-plans#/,http://www.verdegreenbelt.com/Floor-plans.aspx
77834,Hanover Northgate,Oakland,CA,https://www.hanovernorthgate.com/,https://www.hanovernorthgate.com/oakland/hanover-northgate/conventional/,https://www.hanovernorthgate.com/floor-plans/,https://www.hanovernorthgate.com/models,https://www.hanovernorthgate.com/apartments/ca/oakland/floor-plans#/,https://www.hanovernorthgate.com/Floor-plans.aspx
77597,Irene Woods Apartments,Collierville,TN,http://www.edwardrose.com/communities/irenewoods,http://www.edwardrose.com/collierville/irene-woods-apartments/conventional/,http://www.edwardrose.com/floor-plans/,http://www.edwardrose.com/models,http://www.edwardrose.com/apartments/tn/collierville/floor-plans#/,http://www.edwardrose.com/Floor-plans.aspx
78039,Abberly CenterPointe,Midlothian,VA,http://www.abberlycenterpointe.com/,http://www.abberlycenterpointe.com/midlothian/abberly-centerpointe/conventional/,http://www.abberlycenterpointe.com/floor-plans/,http://www.abberlycenterpointe.com/models,http://www.abberlycenterpointe.com/apartments/va/midlothian/floor-plans#/,http://www.abberlycenterpointe.com/Floor-plans.aspx
78134,The 24,Los Angeles,CA,https://uncommondevelopers.com/apartments/the-24/,https://uncommondevelopers.com/los-angeles/the-24/conventional/,https://uncommondevelopers.com/floor-plans/,https://uncommondevelopers.com/models,https://uncommondevelopers.com/apartments/ca/los-angeles/floor-plans#/,https://uncommondevelopers.com/Floor-plans.aspx
77725,Red Oak Ranch,Amarillo,TX,https://www.redoakranch.net/pricing.html,https://www.redoakranch.net/amarillo/red-oak-ranch/conventional/,https://www.redoakranch.net/floor-plans/,https://www.redoakranch.net/models,https://www.redoakranch.net/apartments/tx/amarillo/floor-plans#/,https://www.redoakranch.net/Floor-plans.aspx
77713,Pure Redmond Apartments,Redmond,WA,https://www.essexapartmenthomes.com/apartments/pure-redmond,https://www.essexapartmenthomes.com/redmond/pure-redmond-apartments/conventional/,https://www.essexapartmenthomes.com/floor-plans/,https://www.essexapartmenthomes.com/models,https://www.essexapartmenthomes.com/apartments/wa/redmond/floor-plans#/,https://www.essexapartmenthomes.com/Floor-plans.aspx
78079,Vora Mission Valley I,San Diego,CA,https://www.voramissionvalley.com/,https://www.voramissionvalley.com/san-diego/vora-mission-valley-i/conventional/,https://www.voramissionvalley.com/floor-plans/,https://www.voramissionvalley.com/models,https://www.voramissionvalley.com/apartments/ca/san-diego/floor-plans#/,https://www.voramissionvalley.com/Floor-plans.aspx
7758,The Pointe of Ridgeland,Ridgeland,MS,https://www.caseusa.com/apartments/ms/ridgeland/pointe-of-ridgeland/,https://www.caseusa.com/ridgeland/the-pointe-of-ridgeland/conventional/,https://www.caseusa.com/floor-plans/,https://www.caseusa.com/models,https://www.caseusa.com/apartments/ms/ridgeland/floor-plans#/,https://www.caseusa.com/Floor-plans.aspx
7797,Village at Del Mar Heights,San Diego,CA,https://www.equityapartments.com/san-diego/del-mar/the-village-at-del-mar-heights-apartments,https://www.equityapartments.com/san-diego/village-at-del-mar-heights/conventional/,https://www.equityapartments.com/floor-plans/,https://www.equityapartments.com/models,https://www.equityapartments.com/apartments/ca/san-diego/floor-plans#/,https://www.equityapartments.com/Floor-plans.aspx
77796,Modera Edgewater,Miami,FL,https://www.moderaedgewatermiami.com/,https://www.moderaedgewatermiami.com/miami/modera-edgewater/conventional/,https://www.moderaedgewatermiami.com/floor-plans/,https://www.moderaedgewatermiami.com/models,https://www.moderaedgewatermiami.com/apartments/fl/miami/floor-plans#/,https://www.moderaedgewatermiami.com/Floor-plans.aspx
78085,Springs at Laurens Road,Greenville,SC,https://www.springsapartments.com/apartments/sc/greenville/springs-at-laurens-road/,https://www.springsapartments.com/greenville/springs-at-laurens-road/conventional/,https://www.springsapartments.com/floor-plans/,https://www.springsapartments.com/models,https://www.springsapartments.com/apartments/sc/greenville/floor-plans#/,https://www.springsapartments.com/Floor-plans.aspx
259733,Rosa,Vancouver,WA,https://ekoliving.life/properties/rosa/,https://ekoliving.life/vancouver/rosa/conventional/,https://ekoliving.life/floor-plans/,https://ekoliving.life/models,https://ekoliving.life/apartments/wa/vancouver/floor-plans#/,https://ekoliving.life/Floor-plans.aspx
258789,Luxe 88,Columbus,OH,https://luxe88apts.com/,https://luxe88apts.com/columbus/luxe-88/conventional/,https://luxe88apts.com/floor-plans/,https://luxe88apts.com/models,https://luxe88apts.com/apartments/oh/columbus/floor-plans#/,https://luxe88apts.com/Floor-plans.aspx
25964,Carrollton Crossing,Carrollton,GA,https://www.carrolltoncrossingapt.com/,https://www.carrolltoncrossingapt.com/carrollton/carrollton-crossing/conventional/,https://www.carrolltoncrossingapt.com/floor-plans/,https://www.carrolltoncrossingapt.com/models,https://www.carrolltoncrossingapt.com/apartments/ga/carrollton/floor-plans#/,https://www.carrolltoncrossingapt.com/Floor-plans.aspx
259386,Fairmount,Elizabeth,NJ,https://www.fairmount-towers.com/,https://www.fairmount-towers.com/elizabeth/fairmount/conventional/,https://www.fairmount-towers.com/floor-plans/,https://www.fairmount-towers.com/models,https://www.fairmount-towers.com/apartments/nj/elizabeth/floor-plans#/,https://www.fairmount-towers.com/Floor-plans.aspx
25909,Avana Creekside,Charlotte,NC,https://www.avanacreekside.com/,https://www.avanacreekside.com/charlotte/avana-creekside/conventional/,https://www.avanacreekside.com/floor-plans/,https://www.avanacreekside.com/models,https://www.avanacreekside.com/apartments/nc/charlotte/floor-plans#/,https://www.avanacreekside.com/Floor-plans.aspx
258344,,,,https://www.birchwayrivergate.com/,,https://www.birchwayrivergate.com/floor-plans/,https://www.birchwayrivergate.com/models,,https://www.birchwayrivergate.com/Floor-plans.aspx
258343,Keystone on 8th,West Des Moines,IA,https://www.keystoneon8th.com/,https://www.keystoneon8th.com/west-des-moines/keystone-on-8th/conventional/,https://www.keystoneon8th.com/floor-plans/,https://www.keystoneon8th.com/models,https://www.keystoneon8th.com/apartments/ia/west-des-moines/floor-plans#/,https://www.keystoneon8th.com/Floor-plans.aspx
258790,Studios180,Lexington,KY,https://studios180.com/,https://studios180.com/lexington/studios180/conventional/,https://studios180.com/floor-plans/,https://studios180.com/models,https://studios180.com/apartments/ky/lexington/floor-plans#/,https://studios180.com/Floor-plans.aspx
2587,The Palms at Laguna Niguel,Laguna Niguel,CA,https://www.essexapartmenthomes.com/california/orange-county-area-apartments/laguna-niguel-apartments/the-palms-laguna-niguel,https://www.essexapartmenthomes.com/laguna-niguel/the-palms-at-laguna-niguel/conventional/,https://www.essexapartmenthomes.com/floor-plans/,https://www.essexapartmenthomes.com/models,https://www.essexapartmenthomes.com/apartments/ca/laguna-niguel/floor-plans#/,https://www.essexapartmenthomes.com/Floor-plans.aspx
2585,Homestead Apartments,La Grange Park,IL,http://www.liveathomestead.com/,http://www.liveathomestead.com/la-grange-park/homestead-apartments/conventional/,http://www.liveathomestead.com/floor-plans/,http://www.liveathomestead.com/models,http://www.liveathomestead.com/apartments/il/la-grange-park/floor-plans#/,http://www.liveathomestead.com/Floor-plans.aspx
259357,Cypress McKinney Falls,Austin,TX,https://www.cypressmckinneyfalls.com/,https://www.cypressmckinneyfalls.com/austin/cypress-mckinney-falls/conventional/,https://www.cypressmckinneyfalls.com/floor-plans/,https://www.cypressmckinneyfalls.com/models,https://www.cypressmckinneyfalls.com/apartments/tx/austin/floor-plans#/,https://www.cypressmckinneyfalls.com/Floor-plans.aspx
259397,Edison at Bridlespur,Kansas City,MO,https://www.edisonbridlespur.com/,https://www.edisonbridlespur.com/kansas-city/edison-at-bridlespur/conventional/,https://www.edisonbridlespur.com/floor-plans/,https://www.edisonbridlespur.com/models,https://www.edisonbridlespur.com/apartments/mo/kansas-city/floor-plans#/,https://www.edisonbridlespur.com/Floor-plans.aspx
258366,Gild,Chicago,IL,https://www.gildchicago.com/,https://www.gildchicago.com/chicago/gild/conventional/,https://www.gildchicago.com/floor-plans/,https://www.gildchicago.com/models,https://www.gildchicago.com/apartments/il/chicago/floor-plans#/,https://www.gildchicago.com/Floor-plans.aspx
2594,The Reserve At Capital Center,Rancho Cordova,CA,https://www.elevatetosequoia.com/apartments/ca/rancho-cordova/reserve-at-capital-center-apartment-homes/,https://www.elevatetosequoia.com/rancho-cordova/the-reserve-at-capital-center/conventional/,https://www.elevatetosequoia.com/floor-plans/,https://www.elevatetosequoia.com/models,https://www.elevatetosequoia.com/apartments/ca/rancho-cordova/floor-plans#/,https://www.elevatetosequoia.com/Floor-plans.aspx
260350,The Savoy,San Antonio,TX,https://www.thesavoyapartments.com/,https://www.thesavoyapartments.com/san-antonio/the-savoy/conventional/,https://www.thesavoyapartments.com/floor-plans/,https://www.thesavoyapartments.com/models,https://www.thesavoyapartments.com/apartments/tx/san-antonio/floor-plans#/,https://www.thesavoyapartments.com/Floor-plans.aspx
286929,The Fairlane,Covington,LA,https://thefairlane.com/,https://thefairlane.com/covington/the-fairlane/conventional/,https://thefairlane.com/floor-plans/,https://thefairlane.com/models,https://thefairlane.com/apartments/la/covington/floor-plans#/,https://thefairlane.com/Floor-plans.aspx
2598,Shore Park at Riverlake,Sacramento,CA,https://www.elevatetosequoia.com/apartments/ca/sacramento/shore-park-at-riverlake/,https://www.elevatetosequoia.com/sacramento/shore-park-at-riverlake/conventional/,https://www.elevatetosequoia.com/floor-plans/,https://www.elevatetosequoia.com/models,https://www.elevatetosequoia.com/apartments/ca/sacramento/floor-plans#/,https://www.elevatetosequoia.com/Floor-plans.aspx
28528,39nineteen,Wichita Falls,TX,www.live39nineteen.com,https://www.live39nineteen.com/wichita-falls/39nineteen/conventional/,https://www.live39nineteen.com/floor-plans/,https://www.live39nineteen.com/models,https://www.live39nineteen.com/apartments/tx/wichita-falls/floor-plans#/,https://www.live39nineteen.com/Floor-plans.aspx
259796,The Hamilton,Nashville,TN,https://hamiltonandhumehouse.securecafe.com/onlineleasing/the-hamilton-and-hume-house/oleapplication.aspx?stepname=floorplan&myOlePropertyId=1522507,https://hamiltonandhumehouse.securecafe.com/nashville/the-hamilton/conventional/,https://hamiltonandhumehouse.securecafe.com/floor-plans/,https://hamiltonandhumehouse.securecafe.com/models,https://hamiltonandhumehouse.securecafe.com/apartments/tn/nashville/floor-plans#/,https://hamiltonandhumehouse.securecafe.com/Floor-plans.aspx
260988,Aspire at Redwood,Las Vegas,NV,https://lasvegasliving.com/properties/aspire-at-redwood/,https://lasvegasliving.com/las-vegas/aspire-at-redwood/conventional/,https://lasvegasliving.com/floor-plans/,https://lasvegasliving.com/models,https://lasvegasliving.com/apartments/nv/las-vegas/floor-plans#/,https://lasvegasliving.com/Floor-plans.aspx
28797,Meadow Wood,Concord,CA,https://www.rentmeadowwoodapts.com/,https://www.rentmeadowwoodapts.com/concord/meadow-wood/conventional/,https://www.rentmeadowwoodapts.com/floor-plans/,https://www.rentmeadowwoodapts.com/models,https://www.rentmeadowwoodapts.com/apartments/ca/concord/floor-plans#/,https://www.rentmeadowwoodapts.com/Floor-plans.aspx
261358,Edge Avenue G,Bayonne,NJ,https://www.edgebayonne.com/avenueg/,https://www.edgebayonne.com/bayonne/edge-avenue-g/conventional/,https://www.edgebayonne.com/floor-plans/,https://www.edgebayonne.com/models,https://www.edgebayonne.com/apartments/nj/bayonne/floor-plans#/,https://www.edgebayonne.com/Floor-plans.aspx
284987,Orchard Ridge,Warsaw,IN,https://www.liveatorchardridge.com/,https://www.liveatorchardridge.com/warsaw/orchard-ridge/conventional/,https://www.liveatorchardridge.com/floor-plans/,https://www.liveatorchardridge.com/models,https://www.liveatorchardridge.com/apartments/in/warsaw/floor-plans#/,https://www.liveatorchardridge.com/Floor-plans.aspx
260077,Club at Hidden River,Tampa,FL,https://www.hiddenriveraptstampa.com/,https://www.hiddenriveraptstampa.com/tampa/club-at-hidden-river/conventional/,https://www.hiddenriveraptstampa.com/floor-plans/,https://www.hiddenriveraptstampa.com/models,https://www.hiddenriveraptstampa.com/apartments/fl/tampa/floor-plans#/,https://www.hiddenriveraptstampa.com/Floor-plans.aspx
261342,Elevate at 604 West,Fort Walton Beach,FL,https://www.pedcorhomes.com/Apartments/Home/460,https://www.pedcorhomes.com/fort-walton-beach/elevate-at-604-west/conventional/,https://www.pedcorhomes.com/floor-plans/,https://www.pedcorhomes.com/models,https://www.pedcorhomes.com/apartments/fl/fort-walton-beach/floor-plans#/,https://www.pedcorhomes.com/Floor-plans.aspx
259986,The Apartments at the Isles of Porto Vista,Cape Coral,FL,https://rentipv.com/,https://rentipv.com/cape-coral/the-apartments-at-the-isles-of-porto-vista/conventional/,https://rentipv.com/floor-plans/,https://rentipv.com/models,https://rentipv.com/apartments/fl/cape-coral/floor-plans#/,https://rentipv.com/Floor-plans.aspx
260127,The Easley at University Center,Rock Hill,SC,https://www.easleyapartments.com/,https://www.easleyapartments.com/rock-hill/the-easley-at-university-center/conventional/,https://www.easleyapartments.com/floor-plans/,https://www.easleyapartments.com/models,https://www.easleyapartments.com/apartments/sc/rock-hill/floor-plans#/,https://www.easleyapartments.com/Floor-plans.aspx
285187,Park Cheesman,Denver,CO,https://www.parkcheesman.com/,https://www.parkcheesman.com/denver/park-cheesman/conventional/,https://www.parkcheesman.com/floor-plans/,https://www.parkcheesman.com/models,https://www.parkcheesman.com/apartments/co/denver/floor-plans#/,https://www.parkcheesman.com/Floor-plans.aspx
253374,Lehi Tech,Lehi,UT,https://www.lehitechapartments.com/,https://www.lehitechapartments.com/lehi/lehi-tech/conventional/,https://www.lehitechapartments.com/floor-plans/,https://www.lehitechapartments.com/models,https://www.lehitechapartments.com/apartments/ut/lehi/floor-plans#/,https://www.lehitechapartments.com/Floor-plans.aspx
253646,Tapestry Westland Village,Jacksonville,FL,https://www.alapts.com/apartments/fl/jacksonville/tapestry-westland-village/,https://www.alapts.com/jacksonville/tapestry-westland-village/conventional/,https://www.alapts.com/floor-plans/,https://www.alapts.com/models,https://www.alapts.com/apartments/fl/jacksonville/floor-plans#/,https://www.alapts.com/Floor-plans.aspx
253755,,,,https://www.residencesatsawmillstation.com/,,https://www.residencesatsawmillstation.com/floor-plans/,https://www.residencesatsawmillstation.com/models,,https://www.residencesatsawmillstation.com/Floor-plans.aspx
253887,Pinnacle Heights,Rogers,AR,https://www.pinnacleheightsapartments.com/,https://www.pinnacleheightsapartments.com/rogers/pinnacle-heights/conventional/,https://www.pinnacleheightsapartments.com/floor-plans/,https://www.pinnacleheightsapartments.com/models,https://www.pinnacleheightsapartments.com/apartments/ar/rogers/floor-plans#/,https://www.pinnacleheightsapartments.com/Floor-plans.aspx
25395,Beach Colony,Del Mar,CA,http://www.beachcolonyapts.com/,http://www.beachcolonyapts.com/del-mar/beach-colony/conventional/,http://www.beachcolonyapts.com/floor-plans/,http://www.beachcolonyapts.com/models,http://www.beachcolonyapts.com/apartments/ca/del-mar/floor-plans#/,http://www.beachcolonyapts.com/Floor-plans.aspx
25367,Reserve at Eagle Landing,Houston,TX,https://www.thereserveateaglelanding.com/?utm_knock=g,https://www.thereserveateaglelanding.com/houston/reserve-at-eagle-landing/conventional/,https://www.thereserveateaglelanding.com/floor-plans/,https://www.thereserveateaglelanding.com/models,https://www.thereserveateaglelanding.com/apartments/tx/houston/floor-plans#/,https://www.thereserveateaglelanding.com/Floor-plans.aspx
25372,Terraza La Jolla,San Diego,CA,https://www.elanterrazalajolla.com/,https://www.elanterrazalajolla.com/san-diego/terraza-la-jolla/conventional/,https://www.elanterrazalajolla.com/floor-plans/,https://www.elanterrazalajolla.com/models,https://www.elanterrazalajolla.com/apartments/ca/san-diego/floor-plans#/,https://www.elanterrazalajolla.com/Floor-plans.aspx
253777,Jayne,Denver,CO,https://www.greenleafjayne.com/,https://www.greenleafjayne.com/denver/jayne/conventional/,https://www.greenleafjayne.com/floor-plans/,https://www.greenleafjayne.com/models,https://www.greenleafjayne.com/apartments/co/denver/floor-plans#/,https://www.greenleafjayne.com/Floor-plans.aspx
253546,Linz At The Station,Sachse,TX,https://www.linzthestation.com/,https://www.linzthestation.com/sachse/linz-at-the-station/conventional/,https://www.linzthestation.com/floor-plans/,https://www.linzthestation.com/models,https://www.linzthestation.com/apartments/tx/sachse/floor-plans#/,https://www.linzthestation.com/Floor-plans.aspx
2537,Bothell Ridge,Bothell,WA,https://www.essexapartmenthomes.com/apartments/bothell-ridge,https://www.essexapartmenthomes.com/bothell/bothell-ridge/conventional/,https://www.essexapartmenthomes.com/floor-plans/,https://www.essexapartmenthomes.com/models,https://www.essexapartmenthomes.com/apartments/wa/bothell/floor-plans#/,https://www.essexapartmenthomes.com/Floor-plans.aspx
25392,Chappell Creek Village,Temple,TX,http://www.chappellcreekapts.com/,http://www.chappellcreekapts.com/temple/chappell-creek-village/conventional/,http://www.chappellcreekapts.com/floor-plans/,http://www.chappellcreekapts.com/models,http://www.chappellcreekapts.com/apartments/tx/temple/floor-plans#/,http://www.chappellcreekapts.com/Floor-plans.aspx
253797,Ely at Fort Apache,Las Vegas,NV,https://www.elysianliving.com/property/ely-at-fort-apache,https://www.elysianliving.com/las-vegas/ely-at-fort-apache/conventional/,https://www.elysianliving.com/floor-plans/,https://www.elysianliving.com/models,https://www.elysianliving.com/apartments/nv/las-vegas/floor-plans#/,https://www.elysianliving.com/Floor-plans.aspx
218172,Alister Uptown,Charlotte,NC,https://www.alisteruptowncharlotte.com/,https://www.alisteruptowncharlotte.com/charlotte/alister-uptown/conventional/,https://www.alisteruptowncharlotte.com/floor-plans/,https://www.alisteruptowncharlotte.com/models,https://www.alisteruptowncharlotte.com/apartments/nc/charlotte/floor-plans#/,https://www.alisteruptowncharlotte.com/Floor-plans.aspx
21473,Verde,Austin,TX,https://www.verde-austin.com/?utm_source=Google%20My%20Business/,https://www.verde-austin.com/austin/verde/conventional/,https://www.verde-austin.com/floor-plans/,https://www.verde-austin.com/models,https://www.verde-austin.com/apartments/tx/austin/floor-plans#/,https://www.verde-austin.com/Floor-plans.aspx
218296,Park 7,Fort Worth,TX,https://park7tx.com/,https://park7tx.com/fort-worth/park-7/conventional/,https://park7tx.com/floor-plans/,https://park7tx.com/models,https://park7tx.com/apartments/tx/fort-worth/floor-plans#/,https://park7tx.com/Floor-plans.aspx
217566,Standard at White House I,White House,TN,https://www.leasekibo.com/the-standard,https://www.leasekibo.com/white-house/standard-at-white-house-i/conventional/,https://www.leasekibo.com/floor-plans/,https://www.leasekibo.com/models,https://www.leasekibo.com/apartments/tn/white-house/floor-plans#/,https://www.leasekibo.com/Floor-plans.aspx
21597,Arrive West Linn,West Linn,OR,https://arrivewestlinn.com/,https://arrivewestlinn.com/west-linn/arrive-west-linn/conventional/,https://arrivewestlinn.com/floor-plans/,https://arrivewestlinn.com/models,https://arrivewestlinn.com/apartments/or/west-linn/floor-plans#/,https://arrivewestlinn.com/Floor-plans.aspx
217605,Bennett Pointe,Edmond,OK,https://www.livebennettpointe.com/,https://www.livebennettpointe.com/edmond/bennett-pointe/conventional/,https://www.livebennettpointe.com/floor-plans/,https://www.livebennettpointe.com/models,https://www.livebennettpointe.com/apartments/ok/edmond/floor-plans#/,https://www.livebennettpointe.com/Floor-plans.aspx
218177,Mill & Main,Minneapolis,MN,www.millandmain.com,https://www.millandmain.com/minneapolis/mill-main/conventional/,https://www.millandmain.com/floor-plans/,https://www.millandmain.com/models,https://www.millandmain.com/apartments/mn/minneapolis/floor-plans#/,https://www.millandmain.com/Floor-plans.aspx
217716,Taylor Pointe Residences,Nashua,NH,https://www.taylorpointeresidences.com/,https://www.taylorpointeresidences.com/nashua/taylor-pointe-residences/conventional/,https://www.taylorpointeresidences.com/floor-plans/,https://www.taylorpointeresidences.com/models,https://www.taylorpointeresidences.com/apartments/nh/nashua/floor-plans#/,https://www.taylorpointeresidences.com/Floor-plans.aspx
218584,Springs at Hamburg,Lexington,KY,https://www.springsapartments.com/apartments/ky/lexington/springs-at-hamburg/,https://www.springsapartments.com/lexington/springs-at-hamburg/conventional/,https://www.springsapartments.com/floor-plans/,https://www.springsapartments.com/models,https://www.springsapartments.com/apartments/ky/lexington/floor-plans#/,https://www.springsapartments.com/Floor-plans.aspx
21671,Veranda Ontario,Ontario,CA,https://www.verandaontario.com/,https://www.verandaontario.com/ontario/veranda-ontario/conventional/,https://www.verandaontario.com/floor-plans/,https://www.verandaontario.com/models,https://www.verandaontario.com/apartments/ca/ontario/floor-plans#/,https://www.verandaontario.com/Floor-plans.aspx
218378,The Terraces Apartments,San Francisco,CA,http://www.equityapartments.com/california/san-francisco-bay-apartments/lower-nob-hill/the-terraces-apartments.aspx,http://www.equityapartments.com/san-francisco/the-terraces-apartments/conventional/,http://www.equityapartments.com/floor-plans/,http://www.equityapartments.com/models,http://www.equityapartments.com/apartments/ca/san-francisco/floor-plans#/,http://www.equityapartments.com/Floor-plans.aspx
21589,Honeyman Hardware Lofts,Portland,OR,http://www.honeymanhardwarelofts.com/,http://www.honeymanhardwarelofts.com/portland/honeyman-hardware-lofts/conventional/,http://www.honeymanhardwarelofts.com/floor-plans/,http://www.honeymanhardwarelofts.com/models,http://www.honeymanhardwarelofts.com/apartments/or/portland/floor-plans#/,http://www.honeymanhardwarelofts.com/Floor-plans.aspx
217358,Webster Green Phase 1&2,Webster,NY,http://www.webstergreen.com/,http://www.webstergreen.com/webster/webster-green-phase-1-2/conventional/,http://www.webstergreen.com/floor-plans/,http://www.webstergreen.com/models,http://www.webstergreen.com/apartments/ny/webster/floor-plans#/,http://www.webstergreen.com/Floor-plans.aspx
217343,Eagle Harbor II,Carrollton,VA,https://www.liveeagleharbor.com/,https://www.liveeagleharbor.com/carrollton/eagle-harbor-ii/conventional/,https://www.liveeagleharbor.com/floor-plans/,https://www.liveeagleharbor.com/models,https://www.liveeagleharbor.com/apartments/va/carrollton/floor-plans#/,https://www.liveeagleharbor.com/Floor-plans.aspx
21381,Summit Park Village,San Diego,CA,https://www.essexapartmenthomes.com/apartments/summit-park-village,https://www.essexapartmenthomes.com/san-diego/summit-park-village/conventional/,https://www.essexapartmenthomes.com/floor-plans/,https://www.essexapartmenthomes.com/models,https://www.essexapartmenthomes.com/apartments/ca/san-diego/floor-plans#/,https://www.essexapartmenthomes.com/Floor-plans.aspx
218135,The Modern I,Fort Lee,NJ,https://www.themodernlife.com/,https://www.themodernlife.com/fort-lee/the-modern-i/conventional/,https://www.themodernlife.com/floor-plans/,https://www.themodernlife.com/models,https://www.themodernlife.com/apartments/nj/fort-lee/floor-plans#/,https://www.themodernlife.com/Floor-plans.aspx
21347,River Oaks,Vacaville,CA,https://www.elevatetosequoia.com/apartments/ca/vacaville/river-oaks-apartment-homes/,https://www.elevatetosequoia.com/vacaville/river-oaks/conventional/,https://www.elevatetosequoia.com/floor-plans/,https://www.elevatetosequoia.com/models,https://www.elevatetosequoia.com/apartments/ca/vacaville/floor-plans#/,https://www.elevatetosequoia.com/Floor-plans.aspx
54936,,,,https://brentwoodsquareapts.prospectportal.com/,,https://brentwoodsquareapts.prospectportal.com/floor-plans/,https://brentwoodsquareapts.prospectportal.com/models,,https://brentwoodsquareapts.prospectportal.com/Floor-plans.aspx
55012,Gallery Park,Portland,OR,www.galleryparkpdx.com,https://www.galleryparkpdx.com/portland/gallery-park/conventional/,https://www.galleryparkpdx.com/floor-plans/,https://www.galleryparkpdx.com/models,https://www.galleryparkpdx.com/apartments/or/portland/floor-plans#/,https://www.galleryparkpdx.com/Floor-plans.aspx
53990,777 South Broad,Philadelphia,PA,www.777southbroad.com,https://www.777southbroad.com/philadelphia/777-south-broad/conventional/,https://www.777southbroad.com/floor-plans/,https://www.777southbroad.com/models,https://www.777southbroad.com/apartments/pa/philadelphia/floor-plans#/,https://www.777southbroad.com/Floor-plans.aspx
53861,Millicent Crossing,Shreveport,LA,https://millicent.ulcoleman.com/,https://millicent.ulcoleman.com/shreveport/millicent-crossing/conventional/,https://millicent.ulcoleman.com/floor-plans/,https://millicent.ulcoleman.com/models,https://millicent.ulcoleman.com/apartments/la/shreveport/floor-plans#/,https://millicent.ulcoleman.com/Floor-plans.aspx
54359,Riverton Terrace,Spokane,WA,https://www.rivertonterrace.com/spokane/riverton-terrace/conventional/,https://www.rivertonterrace.com/spokane/riverton-terrace/conventional/,https://www.rivertonterrace.com/floor-plans/,https://www.rivertonterrace.com/models,https://www.rivertonterrace.com/apartments/wa/spokane/floor-plans#/,https://www.rivertonterrace.com/Floor-plans.aspx
5393,Avana Chestnut Hills,Puyallup,WA,https://www.avanachestnuthills.com/,https://www.avanachestnuthills.com/puyallup/avana-chestnut-hills/conventional/,https://www.avanachestnuthills.com/floor-plans/,https://www.avanachestnuthills.com/models,https://www.avanachestnuthills.com/apartments/wa/puyallup/floor-plans#/,https://www.avanachestnuthills.com/Floor-plans.aspx
54769,Emerson Park Apartment Homes,Tempe,AZ,https://www.emersonparkapartmenthomes.com/,https://www.emersonparkapartmenthomes.com/tempe/emerson-park-apartment-homes/conventional/,https://www.emersonparkapartmenthomes.com/floor-plans/,https://www.emersonparkapartmenthomes.com/models,https://www.emersonparkapartmenthomes.com/apartments/az/tempe/floor-plans#/,https://www.emersonparkapartmenthomes.com/Floor-plans.aspx
54758,Marquis on Evans,San Antonio,TX,https://www.cwsapartments.com/apartments/tx/san-antonio/marquis-on-evans/,https://www.cwsapartments.com/san-antonio/marquis-on-evans/conventional/,https://www.cwsapartments.com/floor-plans/,https://www.cwsapartments.com/models,https://www.cwsapartments.com/apartments/tx/san-antonio/floor-plans#/,https://www.cwsapartments.com/Floor-plans.aspx
55171,Veri on Sunnyview,Salem,OR,https://www.norris-stevens.com/multifamily/veri-sunnyview/,https://www.norris-stevens.com/salem/veri-on-sunnyview/conventional/,https://www.norris-stevens.com/floor-plans/,https://www.norris-stevens.com/models,https://www.norris-stevens.com/apartments/or/salem/floor-plans#/,https://www.norris-stevens.com/Floor-plans.aspx
54798,The Point at Abington,Abington,MA,https://www.thepointatabington.com/,https://www.thepointatabington.com/abington/the-point-at-abington/conventional/,https://www.thepointatabington.com/floor-plans/,https://www.thepointatabington.com/models,https://www.thepointatabington.com/apartments/ma/abington/floor-plans#/,https://www.thepointatabington.com/Floor-plans.aspx
54712,PierHouse at Channelside,Tampa,FL,http://pierhousetampa.com/,http://pierhousetampa.com/tampa/pierhouse-at-channelside/conventional/,http://pierhousetampa.com/floor-plans/,http://pierhousetampa.com/models,http://pierhousetampa.com/apartments/fl/tampa/floor-plans#/,http://pierhousetampa.com/Floor-plans.aspx
55165,Legacy Oaks,Independence,OR,http://legacyoaksapts.com/,http://legacyoaksapts.com/independence/legacy-oaks/conventional/,http://legacyoaksapts.com/floor-plans/,http://legacyoaksapts.com/models,http://legacyoaksapts.com/apartments/or/independence/floor-plans#/,http://legacyoaksapts.com/Floor-plans.aspx
54250,Pine Ridge,Modesto,CA,https://www.pineridgemodesto.com/,https://www.pineridgemodesto.com/modesto/pine-ridge/conventional/,https://www.pineridgemodesto.com/floor-plans/,https://www.pineridgemodesto.com/models,https://www.pineridgemodesto.com/apartments/ca/modesto/floor-plans#/,https://www.pineridgemodesto.com/Floor-plans.aspx
53970,Colonial Plaza,Shreveport,LA,https://colonialplazaulc.com/,https://colonialplazaulc.com/shreveport/colonial-plaza/conventional/,https://colonialplazaulc.com/floor-plans/,https://colonialplazaulc.com/models,https://colonialplazaulc.com/apartments/la/shreveport/floor-plans#/,https://colonialplazaulc.com/Floor-plans.aspx
54796,Village at Odenton Station,Odenton,MD,http://www.odentonstation.com/,http://www.odentonstation.com/odenton/village-at-odenton-station/conventional/,http://www.odentonstation.com/floor-plans/,http://www.odentonstation.com/models,http://www.odentonstation.com/apartments/md/odenton/floor-plans#/,http://www.odentonstation.com/Floor-plans.aspx
54745,The Park Monroe,Washington,DC,https://keenermanagement.com/properties/the-park-monroe/,https://keenermanagement.com/washington/the-park-monroe/conventional/,https://keenermanagement.com/floor-plans/,https://keenermanagement.com/models,https://keenermanagement.com/apartments/dc/washington/floor-plans#/,https://keenermanagement.com/Floor-plans.aspx
53906,Selkirk Lodge,Spokane,WA,https://www.selkirklodgeapts.com/,https://www.selkirklodgeapts.com/spokane/selkirk-lodge/conventional/,https://www.selkirklodgeapts.com/floor-plans/,https://www.selkirklodgeapts.com/models,https://www.selkirklodgeapts.com/apartments/wa/spokane/floor-plans#/,https://www.selkirklodgeapts.com/Floor-plans.aspx
65138,The Thornton,Portland,OR,https://www.thethorntonpdx.com/,https://www.thethorntonpdx.com/portland/the-thornton/conventional/,https://www.thethorntonpdx.com/floor-plans/,https://www.thethorntonpdx.com/models,https://www.thethorntonpdx.com/apartments/or/portland/floor-plans#/,https://www.thethorntonpdx.com/Floor-plans.aspx
65792,Starkweather Lofts,Plymouth,MI,https://www.starkweatherlofts.com/,https://www.starkweatherlofts.com/plymouth/starkweather-lofts/conventional/,https://www.starkweatherlofts.com/floor-plans/,https://www.starkweatherlofts.com/models,https://www.starkweatherlofts.com/apartments/mi/plymouth/floor-plans#/,https://www.starkweatherlofts.com/Floor-plans.aspx
65784,River House I,Milwaukee,WI,www.mkeriverhouse.com,https://www.mkeriverhouse.com/milwaukee/river-house-i/conventional/,https://www.mkeriverhouse.com/floor-plans/,https://www.mkeriverhouse.com/models,https://www.mkeriverhouse.com/apartments/wi/milwaukee/floor-plans#/,https://www.mkeriverhouse.com/Floor-plans.aspx
65878,Victory Place,Dallas,TX,http://www.victoryplacedallas.com/,http://www.victoryplacedallas.com/dallas/victory-place/conventional/,http://www.victoryplacedallas.com/floor-plans/,http://www.victoryplacedallas.com/models,http://www.victoryplacedallas.com/apartments/tx/dallas/floor-plans#/,http://www.victoryplacedallas.com/Floor-plans.aspx
65881,Berkshire Auburn,Dallas,TX,https://www.berkshireauburn.com/,https://www.berkshireauburn.com/dallas/berkshire-auburn/conventional/,https://www.berkshireauburn.com/floor-plans/,https://www.berkshireauburn.com/models,https://www.berkshireauburn.com/apartments/tx/dallas/floor-plans#/,https://www.berkshireauburn.com/Floor-plans.aspx
65468,Red Tail Apartments,Meridian,ID,www.redtailapartments.com,https://www.redtailapartments.com/meridian/red-tail-apartments/conventional/,https://www.redtailapartments.com/floor-plans/,https://www.redtailapartments.com/models,https://www.redtailapartments.com/apartments/id/meridian/floor-plans#/,https://www.redtailapartments.com/Floor-plans.aspx
65287,Trio Apartments,Milwaukee,WI,https://www.triomke.com/,https://www.triomke.com/milwaukee/trio-apartments/conventional/,https://www.triomke.com/floor-plans/,https://www.triomke.com/models,https://www.triomke.com/apartments/wi/milwaukee/floor-plans#/,https://www.triomke.com/Floor-plans.aspx
65769,Park + Garden,Hoboken,NJ,http://www.parkandgardenhoboken.com/,http://www.parkandgardenhoboken.com/hoboken/park-garden/conventional/,http://www.parkandgardenhoboken.com/floor-plans/,http://www.parkandgardenhoboken.com/models,http://www.parkandgardenhoboken.com/apartments/nj/hoboken/floor-plans#/,http://www.parkandgardenhoboken.com/Floor-plans.aspx
65541,McKinney Square,McKinney,TX,https://www.mckinneysquareapartments.com/,https://www.mckinneysquareapartments.com/mckinney/mckinney-square/conventional/,https://www.mckinneysquareapartments.com/floor-plans/,https://www.mckinneysquareapartments.com/models,https://www.mckinneysquareapartments.com/apartments/tx/mckinney/floor-plans#/,https://www.mckinneysquareapartments.com/Floor-plans.aspx
66945,,,,http://northandline.com/,,http://northandline.com/floor-plans/,http://northandline.com/models,,http://northandline.com/Floor-plans.aspx
66980,Riverwalk Apartments II,Rock Hill,SC,https://www.riverwalkapartments.com/,https://www.riverwalkapartments.com/rock-hill/riverwalk-apartments-ii/conventional/,https://www.riverwalkapartments.com/floor-plans/,https://www.riverwalkapartments.com/models,https://www.riverwalkapartments.com/apartments/sc/rock-hill/floor-plans#/,https://www.riverwalkapartments.com/Floor-plans.aspx
66962,Maitland City Centre,Maitland,FL,http://residencesatmaitland.com/,http://residencesatmaitland.com/maitland/maitland-city-centre/conventional/,http://residencesatmaitland.com/floor-plans/,http://residencesatmaitland.com/models,http://residencesatmaitland.com/apartments/fl/maitland/floor-plans#/,http://residencesatmaitland.com/Floor-plans.aspx
6620,ReNew Marina Shores,Virginia Beach,VA,https://www.renewmarinashores.com/,https://www.renewmarinashores.com/virginia-beach/renew-marina-shores/conventional/,https://www.renewmarinashores.com/floor-plans/,https://www.renewmarinashores.com/models,https://www.renewmarinashores.com/apartments/va/virginia-beach/floor-plans#/,https://www.renewmarinashores.com/Floor-plans.aspx
65566,,,,http://www.bridgeparkliving.com/,,http://www.bridgeparkliving.com/floor-plans/,http://www.bridgeparkliving.com/models,,http://www.bridgeparkliving.com/Floor-plans.aspx
65394,One Hill South,Washington,DC,https://www.relatedrentals.com/apartment-rentals/washington-dc/capitol-riverfront/one-hill-south,https://www.relatedrentals.com/washington/one-hill-south/conventional/,https://www.relatedrentals.com/floor-plans/,https://www.relatedrentals.com/models,https://www.relatedrentals.com/apartments/dc/washington/floor-plans#/,https://www.relatedrentals.com/Floor-plans.aspx
65356,The Quaye at Wellington,Wellington,FL,https://www.on-site.com/web/online_app3/642057/step/floorplan?,https://www.on-site.com/wellington/the-quaye-at-wellington/conventional/,https://www.on-site.com/floor-plans/,https://www.on-site.com/models,https://www.on-site.com/apartments/fl/wellington/floor-plans#/,https://www.on-site.com/Floor-plans.aspx
219752,Lamphouse,Waunakee,WI,https://lamphouseapts.com/,https://lamphouseapts.com/waunakee/lamphouse/conventional/,https://lamphouseapts.com/floor-plans/,https://lamphouseapts.com/models,https://lamphouseapts.com/apartments/wi/waunakee/floor-plans#/,https://lamphouseapts.com/Floor-plans.aspx
219528,Portrait at Hance Park I,Phoenix,AZ,https://portraitathancepark.com/,https://portraitathancepark.com/phoenix/portrait-at-hance-park-i/conventional/,https://portraitathancepark.com/floor-plans/,https://portraitathancepark.com/models,https://portraitathancepark.com/apartments/az/phoenix/floor-plans#/,https://portraitathancepark.com/Floor-plans.aspx
218893,Volta at Voyager I,Colorado Springs,CO,https://voltaatvoyager.securecafe.com/onlineleasing/volta-at-voyager-colorado-springs/oleapplication.aspx?stepname=floorplan&myOlePropertyId=2273239,https://voltaatvoyager.securecafe.com/colorado-springs/volta-at-voyager-i/conventional/,https://voltaatvoyager.securecafe.com/floor-plans/,https://voltaatvoyager.securecafe.com/models,https://voltaatvoyager.securecafe.com/apartments/co/colorado-springs/floor-plans#/,https://voltaatvoyager.securecafe.com/Floor-plans.aspx
219773,The Lofts at OPOP,St. Louis,MO,https://www.theloftsatopop.com/,https://www.theloftsatopop.com/st-louis/the-lofts-at-opop/conventional/,https://www.theloftsatopop.com/floor-plans/,https://www.theloftsatopop.com/models,https://www.theloftsatopop.com/apartments/mo/st-louis/floor-plans#/,https://www.theloftsatopop.com/Floor-plans.aspx
2198,Lincoln Green,Philadelphia,PA,www.lincolngreenapartments.com,https://www.lincolngreenapartments.com/philadelphia/lincoln-green/conventional/,https://www.lincolngreenapartments.com/floor-plans/,https://www.lincolngreenapartments.com/models,https://www.lincolngreenapartments.com/apartments/pa/philadelphia/floor-plans#/,https://www.lincolngreenapartments.com/Floor-plans.aspx
220088,Ashbrooke,Ankeny,IA,http://www.ashbrookeapts.com/,http://www.ashbrookeapts.com/ankeny/ashbrooke/conventional/,http://www.ashbrookeapts.com/floor-plans/,http://www.ashbrookeapts.com/models,http://www.ashbrookeapts.com/apartments/ia/ankeny/floor-plans#/,http://www.ashbrookeapts.com/Floor-plans.aspx
218956,Coronado Villas,Tucson,AZ,https://coronadovillas.tokolaproperties.com/,https://coronadovillas.tokolaproperties.com/tucson/coronado-villas/conventional/,https://coronadovillas.tokolaproperties.com/floor-plans/,https://coronadovillas.tokolaproperties.com/models,https://coronadovillas.tokolaproperties.com/apartments/az/tucson/floor-plans#/,https://coronadovillas.tokolaproperties.com/Floor-plans.aspx
21996,Marsh Creek Village,Woodhaven,MI,https://www.marshcreekresidential.com/home.aspx,https://www.marshcreekresidential.com/woodhaven/marsh-creek-village/conventional/,https://www.marshcreekresidential.com/floor-plans/,https://www.marshcreekresidential.com/models,https://www.marshcreekresidential.com/apartments/mi/woodhaven/floor-plans#/,https://www.marshcreekresidential.com/Floor-plans.aspx
220109,Melrose Station Apartments,Elkins Park,PA,https://www.fmgnj.com/apartments/pa/elkins-park/melrose-station/floor-plans,https://www.fmgnj.com/elkins-park/melrose-station-apartments/conventional/,https://www.fmgnj.com/floor-plans/,https://www.fmgnj.com/models,https://www.fmgnj.com/apartments/pa/elkins-park/floor-plans#/,https://www.fmgnj.com/Floor-plans.aspx
219446,The Cantata,Washington,DC,https://www.livecantata.com/,https://www.livecantata.com/washington/the-cantata/conventional/,https://www.livecantata.com/floor-plans/,https://www.livecantata.com/models,https://www.livecantata.com/apartments/dc/washington/floor-plans#/,https://www.livecantata.com/Floor-plans.aspx
219740,Landon Court,Lansdowne,PA,https://woodwardproperties.com/apartments/landon-court/,https://woodwardproperties.com/lansdowne/landon-court/conventional/,https://woodwardproperties.com/floor-plans/,https://woodwardproperties.com/models,https://woodwardproperties.com/apartments/pa/lansdowne/floor-plans#/,https://woodwardproperties.com/Floor-plans.aspx
218987,The Retreat at Fairhope Village,Fairhope,AL,https://www.theretreatatfairhopevillage.com/,https://www.theretreatatfairhopevillage.com/fairhope/the-retreat-at-fairhope-village/conventional/,https://www.theretreatatfairhopevillage.com/floor-plans/,https://www.theretreatatfairhopevillage.com/models,https://www.theretreatatfairhopevillage.com/apartments/al/fairhope/floor-plans#/,https://www.theretreatatfairhopevillage.com/Floor-plans.aspx
219388,Chestnut Hill South,Hamden,CT,https://www.liveatfranklin.com/index.php/our-communities/chestnut-hill-south/,https://www.liveatfranklin.com/hamden/chestnut-hill-south/conventional/,https://www.liveatfranklin.com/floor-plans/,https://www.liveatfranklin.com/models,https://www.liveatfranklin.com/apartments/ct/hamden/floor-plans#/,https://www.liveatfranklin.com/Floor-plans.aspx
21975,Fairlane Apartments & Townhomes,Taylor,MI,https://liveatfairlaneapartments.com/,https://liveatfairlaneapartments.com/taylor/fairlane-apartments-townhomes/conventional/,https://liveatfairlaneapartments.com/floor-plans/,https://liveatfairlaneapartments.com/models,https://liveatfairlaneapartments.com/apartments/mi/taylor/floor-plans#/,https://liveatfairlaneapartments.com/Floor-plans.aspx
220042,Chester Tracey,Englewood,NJ,http://englewoodnjapartmentsrent.com/,http://englewoodnjapartmentsrent.com/englewood/chester-tracey/conventional/,http://englewoodnjapartmentsrent.com/floor-plans/,http://englewoodnjapartmentsrent.com/models,http://englewoodnjapartmentsrent.com/apartments/nj/englewood/floor-plans#/,http://englewoodnjapartmentsrent.com/Floor-plans.aspx
218776,The Griffin Apartments,Scottsdale,AZ,https://www.thegriffinscottsdale.com/,https://www.thegriffinscottsdale.com/scottsdale/the-griffin-apartments/conventional/,https://www.thegriffinscottsdale.com/floor-plans/,https://www.thegriffinscottsdale.com/models,https://www.thegriffinscottsdale.com/apartments/az/scottsdale/floor-plans#/,https://www.thegriffinscottsdale.com/Floor-plans.aspx
220043,Gardens at Briarwood,Brookhaven,GA,https://gardensatbriarwood.prospectportal.com/,https://gardensatbriarwood.prospectportal.com/brookhaven/gardens-at-briarwood/conventional/,https://gardensatbriarwood.prospectportal.com/floor-plans/,https://gardensatbriarwood.prospectportal.com/models,https://gardensatbriarwood.prospectportal.com/apartments/ga/brookhaven/floor-plans#/,https://gardensatbriarwood.prospectportal.com/Floor-plans.aspx
218597,Valley Oak,Modesto,CA,http://www.valleyoakwelcomehome.com/,http://www.valleyoakwelcomehome.com/modesto/valley-oak/conventional/,http://www.valleyoakwelcomehome.com/floor-plans/,http://www.valleyoakwelcomehome.com/models,http://www.valleyoakwelcomehome.com/apartments/ca/modesto/floor-plans#/,http://www.valleyoakwelcomehome.com/Floor-plans.aspx
219959,The Hadley Riverside,Fort Worth,TX,https://www.cortlandriverside.com/Home.aspx,https://www.cortlandriverside.com/fort-worth/the-hadley-riverside/conventional/,https://www.cortlandriverside.com/floor-plans/,https://www.cortlandriverside.com/models,https://www.cortlandriverside.com/apartments/tx/fort-worth/floor-plans#/,https://www.cortlandriverside.com/Floor-plans.aspx
21976,Century Square Townhomes,Taylor,MI,https://princetonmanagement.com/communities/century-square-townhomes/,https://princetonmanagement.com/taylor/century-square-townhomes/conventional/,https://princetonmanagement.com/floor-plans/,https://princetonmanagement.com/models,https://princetonmanagement.com/apartments/mi/taylor/floor-plans#/,https://princetonmanagement.com/Floor-plans.aspx
219181,,,,https://www.livecrownatsteeplechase.com/,,https://www.livecrownatsteeplechase.com/floor-plans/,https://www.livecrownatsteeplechase.com/models,,https://www.livecrownatsteeplechase.com/Floor-plans.aspx
219410,MIRO,San Jose,CA,https://rentmiro.com/,https://rentmiro.com/san-jose/miro/conventional/,https://rentmiro.com/floor-plans/,https://rentmiro.com/models,https://rentmiro.com/apartments/ca/san-jose/floor-plans#/,https://rentmiro.com/Floor-plans.aspx
218586,Cedar Ridge,Sacramento,CA,https://cedarridgeapts.rentaladdress.com/,https://cedarridgeapts.rentaladdress.com/sacramento/cedar-ridge/conventional/,https://cedarridgeapts.rentaladdress.com/floor-plans/,https://cedarridgeapts.rentaladdress.com/models,https://cedarridgeapts.rentaladdress.com/apartments/ca/sacramento/floor-plans#/,https://cedarridgeapts.rentaladdress.com/Floor-plans.aspx
7950,1820 South Apartments,Mount Pleasant,MI,https://www.1820southapts.com/,https://www.1820southapts.com/mount-pleasant/1820-south-apartments/conventional/,https://www.1820southapts.com/floor-plans/,https://www.1820southapts.com/models,https://www.1820southapts.com/apartments/mi/mount-pleasant/floor-plans#/,https://www.1820southapts.com/Floor-plans.aspx
8119,St. Andrews of Palm Aire,Pompano Beach,FL,https://www.scullycompany.com/apartments/florida/broward-county/pompano-beach/st-andrews-palm-aire/,https://www.scullycompany.com/pompano-beach/st-andrews-of-palm-aire/conventional/,https://www.scullycompany.com/floor-plans/,https://www.scullycompany.com/models,https://www.scullycompany.com/apartments/fl/pompano-beach/floor-plans#/,https://www.scullycompany.com/Floor-plans.aspx
8654,Riverfalls at Bellmar,Dallas,TX,https://www.riverfallsdallas.com/,https://www.riverfallsdallas.com/dallas/riverfalls-at-bellmar/conventional/,https://www.riverfallsdallas.com/floor-plans/,https://www.riverfallsdallas.com/models,https://www.riverfallsdallas.com/apartments/tx/dallas/floor-plans#/,https://www.riverfallsdallas.com/Floor-plans.aspx
7980,Tesota Morningside,Albuquerque,NM,https://www.tesotamorningside.com/,https://www.tesotamorningside.com/albuquerque/tesota-morningside/conventional/,https://www.tesotamorningside.com/floor-plans/,https://www.tesotamorningside.com/models,https://www.tesotamorningside.com/apartments/nm/albuquerque/floor-plans#/,https://www.tesotamorningside.com/Floor-plans.aspx
86752,Dylan,Alexandria,VA,https://www.dylanandreese.com/,https://www.dylanandreese.com/alexandria/dylan/conventional/,https://www.dylanandreese.com/floor-plans/,https://www.dylanandreese.com/models,https://www.dylanandreese.com/apartments/va/alexandria/floor-plans#/,https://www.dylanandreese.com/Floor-plans.aspx
8585,,,,https://www.thetrailsarlington.com/,,https://www.thetrailsarlington.com/floor-plans/,https://www.thetrailsarlington.com/models,,https://www.thetrailsarlington.com/Floor-plans.aspx
8504,The Enclave,Lewisville,TX,https://www.enclavelewisville.com/home,https://www.enclavelewisville.com/lewisville/the-enclave/conventional/,https://www.enclavelewisville.com/floor-plans/,https://www.enclavelewisville.com/models,https://www.enclavelewisville.com/apartments/tx/lewisville/floor-plans#/,https://www.enclavelewisville.com/Floor-plans.aspx
8575,Brooklyn 9590,Dallas,TX,https://thebrooklynat9590.com/,https://thebrooklynat9590.com/dallas/brooklyn-9590/conventional/,https://thebrooklynat9590.com/floor-plans/,https://thebrooklynat9590.com/models,https://thebrooklynat9590.com/apartments/tx/dallas/floor-plans#/,https://thebrooklynat9590.com/Floor-plans.aspx
8079,Aspen Lakes,Grand Rapids,MI,https://www.ampresidential.com/aspen-lakes-grand-rapids-mi/contact?utm_source=GoogleMyBusiness&utm_medium=organic&utm_campaign=website_link,https://www.ampresidential.com/grand-rapids/aspen-lakes/conventional/,https://www.ampresidential.com/floor-plans/,https://www.ampresidential.com/models,https://www.ampresidential.com/apartments/mi/grand-rapids/floor-plans#/,https://www.ampresidential.com/Floor-plans.aspx
8313,Summit at Lake Union Apartment Homes,Seattle,WA,https://www.thesummitatlakeunion.com/,https://www.thesummitatlakeunion.com/seattle/summit-at-lake-union-apartment-homes/conventional/,https://www.thesummitatlakeunion.com/floor-plans/,https://www.thesummitatlakeunion.com/models,https://www.thesummitatlakeunion.com/apartments/wa/seattle/floor-plans#/,https://www.thesummitatlakeunion.com/Floor-plans.aspx
8418,City Gate at Cupertino Apartments,Cupertino,CA,http://www.equityapartments.com/california/san-francisco-bay-apartments/cupertino/archstone-cupertino-apartments.aspx,http://www.equityapartments.com/cupertino/city-gate-at-cupertino-apartments/conventional/,http://www.equityapartments.com/floor-plans/,http://www.equityapartments.com/models,http://www.equityapartments.com/apartments/ca/cupertino/floor-plans#/,http://www.equityapartments.com/Floor-plans.aspx
8314,Deerfield,Denver,CO,http://www.deerfieldapartmenthomes.com/,http://www.deerfieldapartmenthomes.com/denver/deerfield/conventional/,http://www.deerfieldapartmenthomes.com/floor-plans/,http://www.deerfieldapartmenthomes.com/models,http://www.deerfieldapartmenthomes.com/apartments/co/denver/floor-plans#/,http://www.deerfieldapartmenthomes.com/Floor-plans.aspx
86,Meridian West,Puyallup,WA,http://www.meridianwestapthomes.com,http://www.meridianwestapthomes.com/puyallup/meridian-west/conventional/,http://www.meridianwestapthomes.com/floor-plans/,http://www.meridianwestapthomes.com/models,http://www.meridianwestapthomes.com/apartments/wa/puyallup/floor-plans#/,http://www.meridianwestapthomes.com/Floor-plans.aspx
794,Haven Apartments & Townhomes,Virginia Beach,VA,http://www.haven-apts.com/,http://www.haven-apts.com/virginia-beach/haven-apartments-townhomes/conventional/,http://www.haven-apts.com/floor-plans/,http://www.haven-apts.com/models,http://www.haven-apts.com/apartments/va/virginia-beach/floor-plans#/,http://www.haven-apts.com/Floor-plans.aspx
8717,Las Colinas Heights,Irving,TX,www.liveatlascolinasheights.com,https://www.liveatlascolinasheights.com/irving/las-colinas-heights/conventional/,https://www.liveatlascolinasheights.com/floor-plans/,https://www.liveatlascolinasheights.com/models,https://www.liveatlascolinasheights.com/apartments/tx/irving/floor-plans#/,https://www.liveatlascolinasheights.com/Floor-plans.aspx
264476,Encore Narcoossee,Orlando,FL,https://www.encorenarcoossee.com/,https://www.encorenarcoossee.com/orlando/encore-narcoossee/conventional/,https://www.encorenarcoossee.com/floor-plans/,https://www.encorenarcoossee.com/models,https://www.encorenarcoossee.com/apartments/fl/orlando/floor-plans#/,https://www.encorenarcoossee.com/Floor-plans.aspx
26527,Aquila Park,St Louis Park,MN,https://finelivingapts.com/,https://finelivingapts.com/st-louis-park/aquila-park/conventional/,https://finelivingapts.com/floor-plans/,https://finelivingapts.com/models,https://finelivingapts.com/apartments/mn/st-louis-park/floor-plans#/,https://finelivingapts.com/Floor-plans.aspx
26515,The Court at Northgate,Seattle,WA,https://northgaterentals.com,https://northgaterentals.com/seattle/the-court-at-northgate/conventional/,https://northgaterentals.com/floor-plans/,https://northgaterentals.com/models,https://northgaterentals.com/apartments/wa/seattle/floor-plans#/,https://northgaterentals.com/Floor-plans.aspx
264091,Hallasan,Los Angeles,CA,https://www.hollandresidential.com/ca/los-angeles/hallasan/,https://www.hollandresidential.com/los-angeles/hallasan/conventional/,https://www.hollandresidential.com/floor-plans/,https://www.hollandresidential.com/models,https://www.hollandresidential.com/apartments/ca/los-angeles/floor-plans#/,https://www.hollandresidential.com/Floor-plans.aspx
265147,Aura Delray Beach,Delray Beach,FL,https://auradelraybeach.com/,https://auradelraybeach.com/delray-beach/aura-delray-beach/conventional/,https://auradelraybeach.com/floor-plans/,https://auradelraybeach.com/models,https://auradelraybeach.com/apartments/fl/delray-beach/floor-plans#/,https://auradelraybeach.com/Floor-plans.aspx
264372,Ellison at The Preserve,Asheville,NC,https://www.ellisonpreserve.com/,https://www.ellisonpreserve.com/asheville/ellison-at-the-preserve/conventional/,https://www.ellisonpreserve.com/floor-plans/,https://www.ellisonpreserve.com/models,https://www.ellisonpreserve.com/apartments/nc/asheville/floor-plans#/,https://www.ellisonpreserve.com/Floor-plans.aspx
263992,Rivermont Park,Lynchburg,VA,https://www.rivermontparkapts.com/,https://www.rivermontparkapts.com/lynchburg/rivermont-park/conventional/,https://www.rivermontparkapts.com/floor-plans/,https://www.rivermontparkapts.com/models,https://www.rivermontparkapts.com/apartments/va/lynchburg/floor-plans#/,https://www.rivermontparkapts.com/Floor-plans.aspx
264283,The Villas at Green Valley I,New Albany,IN,https://www.villasatgv.com/,https://www.villasatgv.com/new-albany/the-villas-at-green-valley-i/conventional/,https://www.villasatgv.com/floor-plans/,https://www.villasatgv.com/models,https://www.villasatgv.com/apartments/in/new-albany/floor-plans#/,https://www.villasatgv.com/Floor-plans.aspx
26513,Arrive Oak Brook Heights,Westmont,IL,https://www.arriveoakbrookheights.com/,https://www.arriveoakbrookheights.com/westmont/arrive-oak-brook-heights/conventional/,https://www.arriveoakbrookheights.com/floor-plans/,https://www.arriveoakbrookheights.com/models,https://www.arriveoakbrookheights.com/apartments/il/westmont/floor-plans#/,https://www.arriveoakbrookheights.com/Floor-plans.aspx
264077,Novi Flats,Concord,NC,https://www.noviflats.com/,https://www.noviflats.com/concord/novi-flats/conventional/,https://www.noviflats.com/floor-plans/,https://www.noviflats.com/models,https://www.noviflats.com/apartments/nc/concord/floor-plans#/,https://www.noviflats.com/Floor-plans.aspx
26523,Concierge Apartments,Richfield,MN,https://www.theconciergeapartments.com/,https://www.theconciergeapartments.com/richfield/concierge-apartments/conventional/,https://www.theconciergeapartments.com/floor-plans/,https://www.theconciergeapartments.com/models,https://www.theconciergeapartments.com/apartments/mn/richfield/floor-plans#/,https://www.theconciergeapartments.com/Floor-plans.aspx
265192,Mandolin at Stream Valley,Franklin,TN,https://www.mandolinapartments.com/,https://www.mandolinapartments.com/franklin/mandolin-at-stream-valley/conventional/,https://www.mandolinapartments.com/floor-plans/,https://www.mandolinapartments.com/models,https://www.mandolinapartments.com/apartments/tn/franklin/floor-plans#/,https://www.mandolinapartments.com/Floor-plans.aspx
263981,The Lafayette,Stamford,CT,https://www.lafayettestamford.com/,https://www.lafayettestamford.com/stamford/the-lafayette/conventional/,https://www.lafayettestamford.com/floor-plans/,https://www.lafayettestamford.com/models,https://www.lafayettestamford.com/apartments/ct/stamford/floor-plans#/,https://www.lafayettestamford.com/Floor-plans.aspx
264935,REVA,Fort Myers,FL,https://revaftmyers.com/,https://revaftmyers.com/fort-myers/reva/conventional/,https://revaftmyers.com/floor-plans/,https://revaftmyers.com/models,https://revaftmyers.com/apartments/fl/fort-myers/floor-plans#/,https://revaftmyers.com/Floor-plans.aspx
264347,Flats at Shady Grove,Rockville,MD,https://www.flatsatshadygrove.com/,https://www.flatsatshadygrove.com/rockville/flats-at-shady-grove/conventional/,https://www.flatsatshadygrove.com/floor-plans/,https://www.flatsatshadygrove.com/models,https://www.flatsatshadygrove.com/apartments/md/rockville/floor-plans#/,https://www.flatsatshadygrove.com/Floor-plans.aspx
264397,Linden Ranch,Sachse,TX,https://www.hgliving.com/apartments/tx/sachse/linden-ranch/?utm_source=GBP&utm_medium=organic,https://www.hgliving.com/sachse/linden-ranch/conventional/,https://www.hgliving.com/floor-plans/,https://www.hgliving.com/models,https://www.hgliving.com/apartments/tx/sachse/floor-plans#/,https://www.hgliving.com/Floor-plans.aspx
265143,The Point at Kingston,Kingston,MA,https://www.thepointatkingston.com/,https://www.thepointatkingston.com/kingston/the-point-at-kingston/conventional/,https://www.thepointatkingston.com/floor-plans/,https://www.thepointatkingston.com/models,https://www.thepointatkingston.com/apartments/ma/kingston/floor-plans#/,https://www.thepointatkingston.com/Floor-plans.aspx
5842,Ashford Stancliff Park,Houston,TX,https://www.ashfordstancliff.com/,https://www.ashfordstancliff.com/houston/ashford-stancliff-park/conventional/,https://www.ashfordstancliff.com/floor-plans/,https://www.ashfordstancliff.com/models,https://www.ashfordstancliff.com/apartments/tx/houston/floor-plans#/,https://www.ashfordstancliff.com/Floor-plans.aspx
58378,Nic on Fifth,Minneapolis,MN,https://minnesota.weidner.com/apartments/mn/minneapolis/nic-on-5th/,https://minnesota.weidner.com/minneapolis/nic-on-fifth/conventional/,https://minnesota.weidner.com/floor-plans/,https://minnesota.weidner.com/models,https://minnesota.weidner.com/apartments/mn/minneapolis/floor-plans#/,https://minnesota.weidner.com/Floor-plans.aspx
58697,Vargos On The Lake,Houston,TX,www.vargosonthelake.com,https://www.vargosonthelake.com/houston/vargos-on-the-lake/conventional/,https://www.vargosonthelake.com/floor-plans/,https://www.vargosonthelake.com/models,https://www.vargosonthelake.com/apartments/tx/houston/floor-plans#/,https://www.vargosonthelake.com/Floor-plans.aspx
58169,4th Main,Hillsboro,OR,https://4thmain.tokolaproperties.com/,https://4thmain.tokolaproperties.com/hillsboro/4th-main/conventional/,https://4thmain.tokolaproperties.com/floor-plans/,https://4thmain.tokolaproperties.com/models,https://4thmain.tokolaproperties.com/apartments/or/hillsboro/floor-plans#/,https://4thmain.tokolaproperties.com/Floor-plans.aspx
58699,,,,https://sodoonmain.com/,,https://sodoonmain.com/floor-plans/,https://sodoonmain.com/models,,https://sodoonmain.com/Floor-plans.aspx
58480,Hayleigh Village Apartments,Greensboro,NC,http://www.hayleighvillage-apts.com/,http://www.hayleighvillage-apts.com/greensboro/hayleigh-village-apartments/conventional/,http://www.hayleighvillage-apts.com/floor-plans/,http://www.hayleighvillage-apts.com/models,http://www.hayleighvillage-apts.com/apartments/nc/greensboro/floor-plans#/,http://www.hayleighvillage-apts.com/Floor-plans.aspx
58321,College Park,Lacey,WA,https://collegeparklacey.com/,https://collegeparklacey.com/lacey/college-park/conventional/,https://collegeparklacey.com/floor-plans/,https://collegeparklacey.com/models,https://collegeparklacey.com/apartments/wa/lacey/floor-plans#/,https://collegeparklacey.com/Floor-plans.aspx
5855,Meyer Forest,Houston,TX,https://meyerforest.securecafe.com/onlineleasing/meyer-forest/oleapplication.aspx?stepname=floorplan&myOlePropertyId=1845735,https://meyerforest.securecafe.com/houston/meyer-forest/conventional/,https://meyerforest.securecafe.com/floor-plans/,https://meyerforest.securecafe.com/models,https://meyerforest.securecafe.com/apartments/tx/houston/floor-plans#/,https://meyerforest.securecafe.com/Floor-plans.aspx
58735,Westwood Terrace,San Antonio,TX,https://www.westwoodterraceliving.com/,https://www.westwoodterraceliving.com/san-antonio/westwood-terrace/conventional/,https://www.westwoodterraceliving.com/floor-plans/,https://www.westwoodterraceliving.com/models,https://www.westwoodterraceliving.com/apartments/tx/san-antonio/floor-plans#/,https://www.westwoodterraceliving.com/Floor-plans.aspx
58311,Winchester Park,Groveport,OH,https://gowinchesterparkapts.com/,https://gowinchesterparkapts.com/groveport/winchester-park/conventional/,https://gowinchesterparkapts.com/floor-plans/,https://gowinchesterparkapts.com/models,https://gowinchesterparkapts.com/apartments/oh/groveport/floor-plans#/,https://gowinchesterparkapts.com/Floor-plans.aspx
59709,51 Main,Kansas City,MO,https://www.51mainkc.com/,https://www.51mainkc.com/kansas-city/51-main/conventional/,https://www.51mainkc.com/floor-plans/,https://www.51mainkc.com/models,https://www.51mainkc.com/apartments/mo/kansas-city/floor-plans#/,https://www.51mainkc.com/Floor-plans.aspx
58452,Enclave at Brookside,Tulsa,OK,https://oklahoma.weidner.com/apartments/ok/tulsa/the-enclave-at-brookside/,https://oklahoma.weidner.com/tulsa/enclave-at-brookside/conventional/,https://oklahoma.weidner.com/floor-plans/,https://oklahoma.weidner.com/models,https://oklahoma.weidner.com/apartments/ok/tulsa/floor-plans#/,https://oklahoma.weidner.com/Floor-plans.aspx
58755,The Yards At NoDa,Charlotte,NC,http://www.yardsatnodaapts.com/,http://www.yardsatnodaapts.com/charlotte/the-yards-at-noda/conventional/,http://www.yardsatnodaapts.com/floor-plans/,http://www.yardsatnodaapts.com/models,http://www.yardsatnodaapts.com/apartments/nc/charlotte/floor-plans#/,http://www.yardsatnodaapts.com/Floor-plans.aspx
58546,Lake Park Estates,De Pere,WI,https://wright-weber.com/property/LakePark,https://wright-weber.com/de-pere/lake-park-estates/conventional/,https://wright-weber.com/floor-plans/,https://wright-weber.com/models,https://wright-weber.com/apartments/wi/de-pere/floor-plans#/,https://wright-weber.com/Floor-plans.aspx
5822,The Izzy,Oklahoma City,OK,https://www.theizzyokc.com/,https://www.theizzyokc.com/oklahoma-city/the-izzy/conventional/,https://www.theizzyokc.com/floor-plans/,https://www.theizzyokc.com/models,https://www.theizzyokc.com/apartments/ok/oklahoma-city/floor-plans#/,https://www.theizzyokc.com/Floor-plans.aspx
274335,Maverick,Las Vegas,NV,https://www.mavericklv.com/,https://www.mavericklv.com/las-vegas/maverick/conventional/,https://www.mavericklv.com/floor-plans/,https://www.mavericklv.com/models,https://www.mavericklv.com/apartments/nv/las-vegas/floor-plans#/,https://www.mavericklv.com/Floor-plans.aspx
274342,Amara,Beverly,MA,https://amarabeverly.com/,https://amarabeverly.com/beverly/amara/conventional/,https://amarabeverly.com/floor-plans/,https://amarabeverly.com/models,https://amarabeverly.com/apartments/ma/beverly/floor-plans#/,https://amarabeverly.com/Floor-plans.aspx
274198,Legacy Ridge,St. George,UT,www.legacyridgestgeorge.com,https://www.legacyridgestgeorge.com/st-george/legacy-ridge/conventional/,https://www.legacyridgestgeorge.com/floor-plans/,https://www.legacyridgestgeorge.com/models,https://www.legacyridgestgeorge.com/apartments/ut/st-george/floor-plans#/,https://www.legacyridgestgeorge.com/Floor-plans.aspx
275759,The Flats on Raymond,Poughkeepsie,NY,https://arlingtonpok.com/the-flats-on-raymond/,https://arlingtonpok.com/poughkeepsie/the-flats-on-raymond/conventional/,https://arlingtonpok.com/floor-plans/,https://arlingtonpok.com/models,https://arlingtonpok.com/apartments/ny/poughkeepsie/floor-plans#/,https://arlingtonpok.com/Floor-plans.aspx
27574,Belle Fontaine Apartments,Marina Del Rey,CA,https://www.equityapartments.com/los-angeles/marina-del-rey/belle-fontaine-apartments?propertyid=4035&s_kwcid=TC|4015|marina%20del%20rey%20apartments||S|e|15154714153,https://www.equityapartments.com/marina-del-rey/belle-fontaine-apartments/conventional/,https://www.equityapartments.com/floor-plans/,https://www.equityapartments.com/models,https://www.equityapartments.com/apartments/ca/marina-del-rey/floor-plans#/,https://www.equityapartments.com/Floor-plans.aspx
275959,Wyndstone,Yelm,WA,https://www.wyndstonetarga.com/,https://www.wyndstonetarga.com/yelm/wyndstone/conventional/,https://www.wyndstonetarga.com/floor-plans/,https://www.wyndstonetarga.com/models,https://www.wyndstonetarga.com/apartments/wa/yelm/floor-plans#/,https://www.wyndstonetarga.com/Floor-plans.aspx
275900,Aria,Fort Walton Beach,FL,https://www.liveatthearia.com/,https://www.liveatthearia.com/fort-walton-beach/aria/conventional/,https://www.liveatthearia.com/floor-plans/,https://www.liveatthearia.com/models,https://www.liveatthearia.com/apartments/fl/fort-walton-beach/floor-plans#/,https://www.liveatthearia.com/Floor-plans.aspx
274983,6375 Broadway,Bronx,NY,https://drsrents.com/6375-broadway-bronx/,https://drsrents.com/bronx/6375-broadway/conventional/,https://drsrents.com/floor-plans/,https://drsrents.com/models,https://drsrents.com/apartments/ny/bronx/floor-plans#/,https://drsrents.com/Floor-plans.aspx
274954,Hurston,Jacksonville,FL,https://www.hurstonjacksonville.com/,https://www.hurstonjacksonville.com/jacksonville/hurston/conventional/,https://www.hurstonjacksonville.com/floor-plans/,https://www.hurstonjacksonville.com/models,https://www.hurstonjacksonville.com/apartments/fl/jacksonville/floor-plans#/,https://www.hurstonjacksonville.com/Floor-plans.aspx
27577,Park Catalina,Los Angeles,CA,https://www.essexapartmenthomes.com/california/los-angeles-area-apartments/los-angeles-apartments/park-catalina,https://www.essexapartmenthomes.com/los-angeles/park-catalina/conventional/,https://www.essexapartmenthomes.com/floor-plans/,https://www.essexapartmenthomes.com/models,https://www.essexapartmenthomes.com/apartments/ca/los-angeles/floor-plans#/,https://www.essexapartmenthomes.com/Floor-plans.aspx
274971,Bordeaux,Kingsville,TX,https://www.bordeauxapts.com/,https://www.bordeauxapts.com/kingsville/bordeaux/conventional/,https://www.bordeauxapts.com/floor-plans/,https://www.bordeauxapts.com/models,https://www.bordeauxapts.com/apartments/tx/kingsville/floor-plans#/,https://www.bordeauxapts.com/Floor-plans.aspx
258139,Bowers,South Salt Lake,UT,https://bowersresidences.com/,https://bowersresidences.com/south-salt-lake/bowers/conventional/,https://bowersresidences.com/floor-plans/,https://bowersresidences.com/models,https://bowersresidences.com/apartments/ut/south-salt-lake/floor-plans#/,https://bowersresidences.com/Floor-plans.aspx
257918,,,,https://www.moderanewton.com/,,https://www.moderanewton.com/floor-plans/,https://www.moderanewton.com/models,,https://www.moderanewton.com/Floor-plans.aspx
258173,565 Hank,Atlanta,GA,https://www.565hankbywindsor.com/,https://www.565hankbywindsor.com/atlanta/565-hank/conventional/,https://www.565hankbywindsor.com/floor-plans/,https://www.565hankbywindsor.com/models,https://www.565hankbywindsor.com/apartments/ga/atlanta/floor-plans#/,https://www.565hankbywindsor.com/Floor-plans.aspx
257263,320 East,Appleton,WI,https://tip-llc.com/320-east/,https://tip-llc.com/appleton/320-east/conventional/,https://tip-llc.com/floor-plans/,https://tip-llc.com/models,https://tip-llc.com/apartments/wi/appleton/floor-plans#/,https://tip-llc.com/Floor-plans.aspx
257140,The Depot at Twenty Mile,Parker,CO,https://www.livethedepot.com/?fbclid=IwAR2ZBb-O9yqiGpgNbUNsfFsQAGcDU0YDwPuVWbmMM3tZ3P1tLAOfFZ934DE,https://www.livethedepot.com/parker/the-depot-at-twenty-mile/conventional/,https://www.livethedepot.com/floor-plans/,https://www.livethedepot.com/models,https://www.livethedepot.com/apartments/co/parker/floor-plans#/,https://www.livethedepot.com/Floor-plans.aspx
258143,Alleia Long Meadow Farms,Richmond,TX,https://www.alleialongmeadow.com/#hero,https://www.alleialongmeadow.com/richmond/alleia-long-meadow-farms/conventional/,https://www.alleialongmeadow.com/floor-plans/,https://www.alleialongmeadow.com/models,https://www.alleialongmeadow.com/apartments/tx/richmond/floor-plans#/,https://www.alleialongmeadow.com/Floor-plans.aspx
257328,Seasons at Mount Pleasant,Mt Pleasant,WI,https://www.seasonsmtpleasant.com/,https://www.seasonsmtpleasant.com/mt-pleasant/seasons-at-mount-pleasant/conventional/,https://www.seasonsmtpleasant.com/floor-plans/,https://www.seasonsmtpleasant.com/models,https://www.seasonsmtpleasant.com/apartments/wi/mt-pleasant/floor-plans#/,https://www.seasonsmtpleasant.com/Floor-plans.aspx
257819,Sonoma Ranch Apartment Homes,Santa Rosa,CA,https://www.rentsonomaranch.com/,https://www.rentsonomaranch.com/santa-rosa/sonoma-ranch-apartment-homes/conventional/,https://www.rentsonomaranch.com/floor-plans/,https://www.rentsonomaranch.com/models,https://www.rentsonomaranch.com/apartments/ca/santa-rosa/floor-plans#/,https://www.rentsonomaranch.com/Floor-plans.aspx
258119,Timber Falls,Beaver Dam,WI,https://timberfallsapartments.com/,https://timberfallsapartments.com/beaver-dam/timber-falls/conventional/,https://timberfallsapartments.com/floor-plans/,https://timberfallsapartments.com/models,https://timberfallsapartments.com/apartments/wi/beaver-dam/floor-plans#/,https://timberfallsapartments.com/Floor-plans.aspx
257651,Brownpoint Reserve,Middleton,WI,https://brownpoint.stevebrownapts.com/?utm_medium=social&utm_source=gmb&utm_campaign=conventional+lease+up,https://brownpoint.stevebrownapts.com/middleton/brownpoint-reserve/conventional/,https://brownpoint.stevebrownapts.com/floor-plans/,https://brownpoint.stevebrownapts.com/models,https://brownpoint.stevebrownapts.com/apartments/wi/middleton/floor-plans#/,https://brownpoint.stevebrownapts.com/Floor-plans.aspx
257570,Modera Cherry Creek,Denver,CO,https://www.moderacherrycreek.com/,https://www.moderacherrycreek.com/denver/modera-cherry-creek/conventional/,https://www.moderacherrycreek.com/floor-plans/,https://www.moderacherrycreek.com/models,https://www.moderacherrycreek.com/apartments/co/denver/floor-plans#/,https://www.moderacherrycreek.com/Floor-plans.aspx
257702,The Apartments at Kelton Station,Williamsburg,VA,https://www.keltonstationapts.com/,https://www.keltonstationapts.com/williamsburg/the-apartments-at-kelton-station/conventional/,https://www.keltonstationapts.com/floor-plans/,https://www.keltonstationapts.com/models,https://www.keltonstationapts.com/apartments/va/williamsburg/floor-plans#/,https://www.keltonstationapts.com/Floor-plans.aspx
257761,The Emory,Plano,TX,https://www.theemoryplano.com/,https://www.theemoryplano.com/plano/the-emory/conventional/,https://www.theemoryplano.com/floor-plans/,https://www.theemoryplano.com/models,https://www.theemoryplano.com/apartments/tx/plano/floor-plans#/,https://www.theemoryplano.com/Floor-plans.aspx
258134,Horseshoe,Leander,TX,http://www.horseshoeapartments.com/,http://www.horseshoeapartments.com/leander/horseshoe/conventional/,http://www.horseshoeapartments.com/floor-plans/,http://www.horseshoeapartments.com/models,http://www.horseshoeapartments.com/apartments/tx/leander/floor-plans#/,http://www.horseshoeapartments.com/Floor-plans.aspx
258148,Cyan Cinco Ranch,Richmond,TX,https://www.cyancincoranch.com/,https://www.cyancincoranch.com/richmond/cyan-cinco-ranch/conventional/,https://www.cyancincoranch.com/floor-plans/,https://www.cyancincoranch.com/models,https://www.cyancincoranch.com/apartments/tx/richmond/floor-plans#/,https://www.cyancincoranch.com/Floor-plans.aspx
25769,The Colony Townhomes I,Santa Clarita,CA,https://www.colonytownhomes.com/,https://www.colonytownhomes.com/santa-clarita/the-colony-townhomes-i/conventional/,https://www.colonytownhomes.com/floor-plans/,https://www.colonytownhomes.com/models,https://www.colonytownhomes.com/apartments/ca/santa-clarita/floor-plans#/,https://www.colonytownhomes.com/Floor-plans.aspx
258135,Aven Ridge,Leander,TX,https://www.avenridgeleandertx.com/,https://www.avenridgeleandertx.com/leander/aven-ridge/conventional/,https://www.avenridgeleandertx.com/floor-plans/,https://www.avenridgeleandertx.com/models,https://www.avenridgeleandertx.com/apartments/tx/leander/floor-plans#/,https://www.avenridgeleandertx.com/Floor-plans.aspx
257324,Rosewood Commons,Jackson,WI,https://rosewoodcommonsapartments.com/,https://rosewoodcommonsapartments.com/jackson/rosewood-commons/conventional/,https://rosewoodcommonsapartments.com/floor-plans/,https://rosewoodcommonsapartments.com/models,https://rosewoodcommonsapartments.com/apartments/wi/jackson/floor-plans#/,https://rosewoodcommonsapartments.com/Floor-plans.aspx
257860,Quin,Denver,CO,https://www.hollandresidential.com/co/denver/quin,https://www.hollandresidential.com/denver/quin/conventional/,https://www.hollandresidential.com/floor-plans/,https://www.hollandresidential.com/models,https://www.hollandresidential.com/apartments/co/denver/floor-plans#/,https://www.hollandresidential.com/Floor-plans.aspx
25781,Mayflower,Virginia Beach,VA,https://www.iliveonthebeach.com/,https://www.iliveonthebeach.com/virginia-beach/mayflower/conventional/,https://www.iliveonthebeach.com/floor-plans/,https://www.iliveonthebeach.com/models,https://www.iliveonthebeach.com/apartments/va/virginia-beach/floor-plans#/,https://www.iliveonthebeach.com/Floor-plans.aspx
258188,Springs at Lakeville,Lakeville,MN,https://www.springsapartments.com/apartments/mn/lakeville/springs-at-lakeville/,https://www.springsapartments.com/lakeville/springs-at-lakeville/conventional/,https://www.springsapartments.com/floor-plans/,https://www.springsapartments.com/models,https://www.springsapartments.com/apartments/mn/lakeville/floor-plans#/,https://www.springsapartments.com/Floor-plans.aspx
255903,Elements,Santa Maria,CA,https://www.elements-apartments.com/,https://www.elements-apartments.com/santa-maria/elements/conventional/,https://www.elements-apartments.com/floor-plans/,https://www.elements-apartments.com/models,https://www.elements-apartments.com/apartments/ca/santa-maria/floor-plans#/,https://www.elements-apartments.com/Floor-plans.aspx
256166,Canyon Oaks Luxury Apartments,Santa Rosa,CA,https://livecanyonoaks.com/?modalwidget=sg&utm_content=google_appt,https://livecanyonoaks.com/santa-rosa/canyon-oaks-luxury-apartments/conventional/,https://livecanyonoaks.com/floor-plans/,https://livecanyonoaks.com/models,https://livecanyonoaks.com/apartments/ca/santa-rosa/floor-plans#/,https://livecanyonoaks.com/Floor-plans.aspx
25586,Huntington Continental,Huntington Beach,CA,https://www.lyonliving.com/huntington-beach-california/huntington-continental,https://www.lyonliving.com/huntington-beach/huntington-continental/conventional/,https://www.lyonliving.com/floor-plans/,https://www.lyonliving.com/models,https://www.lyonliving.com/apartments/ca/huntington-beach/floor-plans#/,https://www.lyonliving.com/Floor-plans.aspx
256914,The Reserve at Rivington,Chester,VA,http://www.rivingtonvaapts.com/,http://www.rivingtonvaapts.com/chester/the-reserve-at-rivington/conventional/,http://www.rivingtonvaapts.com/floor-plans/,http://www.rivingtonvaapts.com/models,http://www.rivingtonvaapts.com/apartments/va/chester/floor-plans#/,http://www.rivingtonvaapts.com/Floor-plans.aspx
255578,Circa Fitzsimons,Denver,CO,https://www.equityapartments.com/denver/central-park/circa-fitzsimons-apartments,https://www.equityapartments.com/denver/circa-fitzsimons/conventional/,https://www.equityapartments.com/floor-plans/,https://www.equityapartments.com/models,https://www.equityapartments.com/apartments/co/denver/floor-plans#/,https://www.equityapartments.com/Floor-plans.aspx
256183,Edgemere Crossing at Flint Pond,Shrewsbury,MA,https://www.edgemerecrossing.com/,https://www.edgemerecrossing.com/shrewsbury/edgemere-crossing-at-flint-pond/conventional/,https://www.edgemerecrossing.com/floor-plans/,https://www.edgemerecrossing.com/models,https://www.edgemerecrossing.com/apartments/ma/shrewsbury/floor-plans#/,https://www.edgemerecrossing.com/Floor-plans.aspx
255711,Notch at Nora,Indianapolis,IN,https://www.notchatnora.com/,https://www.notchatnora.com/indianapolis/notch-at-nora/conventional/,https://www.notchatnora.com/floor-plans/,https://www.notchatnora.com/models,https://www.notchatnora.com/apartments/in/indianapolis/floor-plans#/,https://www.notchatnora.com/Floor-plans.aspx
255548,Redbud Ranch,Broken Arrow,OK,https://www.caseusa.com/apartments/ok/broken-arrow/redbud-ranch/#/,https://www.caseusa.com/broken-arrow/redbud-ranch/conventional/,https://www.caseusa.com/floor-plans/,https://www.caseusa.com/models,https://www.caseusa.com/apartments/ok/broken-arrow/floor-plans#/,https://www.caseusa.com/Floor-plans.aspx
255766,Altis Blue Lake,Lake Worth,FL,https://www.altisbluelake.com/,https://www.altisbluelake.com/lake-worth/altis-blue-lake/conventional/,https://www.altisbluelake.com/floor-plans/,https://www.altisbluelake.com/models,https://www.altisbluelake.com/apartments/fl/lake-worth/floor-plans#/,https://www.altisbluelake.com/Floor-plans.aspx
256319,Modera Decatur,Decatur,GA,https://www.moderadecatur.com/,https://www.moderadecatur.com/decatur/modera-decatur/conventional/,https://www.moderadecatur.com/floor-plans/,https://www.moderadecatur.com/models,https://www.moderadecatur.com/apartments/ga/decatur/floor-plans#/,https://www.moderadecatur.com/Floor-plans.aspx
256537,Affinity 56,West Jordan,UT,https://www.affinity56.com/,https://www.affinity56.com/west-jordan/affinity-56/conventional/,https://www.affinity56.com/floor-plans/,https://www.affinity56.com/models,https://www.affinity56.com/apartments/ut/west-jordan/floor-plans#/,https://www.affinity56.com/Floor-plans.aspx
252135,The Residences at Christenbury Village,Concord,NC,https://www.christenburyresidences.com/,https://www.christenburyresidences.com/concord/the-residences-at-christenbury-village/conventional/,https://www.christenburyresidences.com/floor-plans/,https://www.christenburyresidences.com/models,https://www.christenburyresidences.com/apartments/nc/concord/floor-plans#/,https://www.christenburyresidences.com/Floor-plans.aspx
252585,Titletown Flats,Green Bay,WI,https://titletownflats.com/,https://titletownflats.com/green-bay/titletown-flats/conventional/,https://titletownflats.com/floor-plans/,https://titletownflats.com/models,https://titletownflats.com/apartments/wi/green-bay/floor-plans#/,https://titletownflats.com/Floor-plans.aspx
252497,,,,http://olivboulder.com/,,http://olivboulder.com/floor-plans/,http://olivboulder.com/models,,http://olivboulder.com/Floor-plans.aspx
252880,Broadacre,Oak Creek,WI,https://broadacreliving.com/,https://broadacreliving.com/oak-creek/broadacre/conventional/,https://broadacreliving.com/floor-plans/,https://broadacreliving.com/models,https://broadacreliving.com/apartments/wi/oak-creek/floor-plans#/,https://broadacreliving.com/Floor-plans.aspx
251974,Domain at Founders Parc,Euless,TX,https://www.domainatfoundersparc.com/,https://www.domainatfoundersparc.com/euless/domain-at-founders-parc/conventional/,https://www.domainatfoundersparc.com/floor-plans/,https://www.domainatfoundersparc.com/models,https://www.domainatfoundersparc.com/apartments/tx/euless/floor-plans#/,https://www.domainatfoundersparc.com/Floor-plans.aspx
251987,The Edge,Murfreesboro,TN,https://www.alapts.com/apartments/tn/murfreesboro/the-edge/,https://www.alapts.com/murfreesboro/the-edge/conventional/,https://www.alapts.com/floor-plans/,https://www.alapts.com/models,https://www.alapts.com/apartments/tn/murfreesboro/floor-plans#/,https://www.alapts.com/Floor-plans.aspx
252794,Vintage Station North,Mt. Juliet,TN,https://www.stationnorthapts.com/,https://www.stationnorthapts.com/mt-juliet/vintage-station-north/conventional/,https://www.stationnorthapts.com/floor-plans/,https://www.stationnorthapts.com/models,https://www.stationnorthapts.com/apartments/tn/mt-juliet/floor-plans#/,https://www.stationnorthapts.com/Floor-plans.aspx
252560,The Boardwalk Luxury,Bakersfield,CA,https://www.boardwalklux.com/,https://www.boardwalklux.com/bakersfield/the-boardwalk-luxury/conventional/,https://www.boardwalklux.com/floor-plans/,https://www.boardwalklux.com/models,https://www.boardwalklux.com/apartments/ca/bakersfield/floor-plans#/,https://www.boardwalklux.com/Floor-plans.aspx
253100,Aspire Gulch,Nashville,TN,https://www.aspiregulch.com/,https://www.aspiregulch.com/nashville/aspire-gulch/conventional/,https://www.aspiregulch.com/floor-plans/,https://www.aspiregulch.com/models,https://www.aspiregulch.com/apartments/tn/nashville/floor-plans#/,https://www.aspiregulch.com/Floor-plans.aspx
251944,Easton Place,Murfreesboro,TN,https://www.eastonplaceapartments.com/,https://www.eastonplaceapartments.com/murfreesboro/easton-place/conventional/,https://www.eastonplaceapartments.com/floor-plans/,https://www.eastonplaceapartments.com/models,https://www.eastonplaceapartments.com/apartments/tn/murfreesboro/floor-plans#/,https://www.eastonplaceapartments.com/Floor-plans.aspx
253035,The Court Yard,Salem,OR,http://www.thecourtyardsalem.com/,http://www.thecourtyardsalem.com/salem/the-court-yard/conventional/,http://www.thecourtyardsalem.com/floor-plans/,http://www.thecourtyardsalem.com/models,http://www.thecourtyardsalem.com/apartments/or/salem/floor-plans#/,http://www.thecourtyardsalem.com/Floor-plans.aspx
252534,The Mark at Fishers District,Fishers,IN,https://www.themarkatfishersdistrict.com/the-mark-at-fishers-district-fishers-in/,https://www.themarkatfishersdistrict.com/fishers/the-mark-at-fishers-district/conventional/,https://www.themarkatfishersdistrict.com/floor-plans/,https://www.themarkatfishersdistrict.com/models,https://www.themarkatfishersdistrict.com/apartments/in/fishers/floor-plans#/,https://www.themarkatfishersdistrict.com/Floor-plans.aspx
252997,,,,https://ironstate.com/property/the-eddy/,,https://ironstate.com/floor-plans/,https://ironstate.com/models,,https://ironstate.com/Floor-plans.aspx
252952,Vantage St Pete,St Petersburg,FL,https://www.vantagestpete.com/,https://www.vantagestpete.com/st-petersburg/vantage-st-pete/conventional/,https://www.vantagestpete.com/floor-plans/,https://www.vantagestpete.com/models,https://www.vantagestpete.com/apartments/fl/st-petersburg/floor-plans#/,https://www.vantagestpete.com/Floor-plans.aspx
252947,Gage Crossing,Dublin,OH,https://www.ardentcommunities.com/apartments/dublin/gage-crossing,https://www.ardentcommunities.com/dublin/gage-crossing/conventional/,https://www.ardentcommunities.com/floor-plans/,https://www.ardentcommunities.com/models,https://www.ardentcommunities.com/apartments/oh/dublin/floor-plans#/,https://www.ardentcommunities.com/Floor-plans.aspx
252717,Brea,Katy,TX,https://www.brealuxury.com?utm_source=realpage&utm_medium=referral&utm_campaign=cta,https://www.brealuxury.com/katy/brea/conventional/,https://www.brealuxury.com/floor-plans/,https://www.brealuxury.com/models,https://www.brealuxury.com/apartments/tx/katy/floor-plans#/,https://www.brealuxury.com/Floor-plans.aspx
252019,Crawford,Detroit,MI,https://www.eltonparkcorktown.com/buildings/crawford/.,https://www.eltonparkcorktown.com/detroit/crawford/conventional/,https://www.eltonparkcorktown.com/floor-plans/,https://www.eltonparkcorktown.com/models,https://www.eltonparkcorktown.com/apartments/mi/detroit/floor-plans#/,https://www.eltonparkcorktown.com/Floor-plans.aspx
252116,Emerson Park,Westerville,OH,https://www.liveemersonpark.com/,https://www.liveemersonpark.com/westerville/emerson-park/conventional/,https://www.liveemersonpark.com/floor-plans/,https://www.liveemersonpark.com/models,https://www.liveemersonpark.com/apartments/oh/westerville/floor-plans#/,https://www.liveemersonpark.com/Floor-plans.aspx
251989,Broadstone Archive,Santa Ana,CA,https://broadstonearchive.com/,https://broadstonearchive.com/santa-ana/broadstone-archive/conventional/,https://broadstonearchive.com/floor-plans/,https://broadstonearchive.com/models,https://broadstonearchive.com/apartments/ca/santa-ana/floor-plans#/,https://broadstonearchive.com/Floor-plans.aspx
26772,Parkview Palms,Riverside,CA,https://www.rentdwp.com/parkviewpalms,https://www.rentdwp.com/riverside/parkview-palms/conventional/,https://www.rentdwp.com/floor-plans/,https://www.rentdwp.com/models,https://www.rentdwp.com/apartments/ca/riverside/floor-plans#/,https://www.rentdwp.com/Floor-plans.aspx
267802,Tessa Springs,Thonotosassa,FL,https://www.livetessasprings.com/,https://www.livetessasprings.com/thonotosassa/tessa-springs/conventional/,https://www.livetessasprings.com/floor-plans/,https://www.livetessasprings.com/models,https://www.livetessasprings.com/apartments/fl/thonotosassa/floor-plans#/,https://www.livetessasprings.com/Floor-plans.aspx
26736,The Boro - Phipps,Atlanta,GA,https://www.theboroapartments.com/?switch_cls%5Bid%5D=64893&utm_source=gmb&utm_medium=organic&oll_switch_cls%5Bid%5D=64893&oll_utm_source=gmb&oll_utm_medium=organic,https://www.theboroapartments.com/atlanta/the-boro-phipps/conventional/,https://www.theboroapartments.com/floor-plans/,https://www.theboroapartments.com/models,https://www.theboroapartments.com/apartments/ga/atlanta/floor-plans#/,https://www.theboroapartments.com/Floor-plans.aspx
267574,Bridge at Heritage Woods,Austin,TX,https://www.bridgeatheritagewoods.com/,https://www.bridgeatheritagewoods.com/austin/bridge-at-heritage-woods/conventional/,https://www.bridgeatheritagewoods.com/floor-plans/,https://www.bridgeatheritagewoods.com/models,https://www.bridgeatheritagewoods.com/apartments/tx/austin/floor-plans#/,https://www.bridgeatheritagewoods.com/Floor-plans.aspx
267285,The Springs at Three Oaks,Crystal Lake,IL,https://www.springsapartments.com/apartments/il/crystal-lake/springs-at-three-oaks/,https://www.springsapartments.com/crystal-lake/the-springs-at-three-oaks/conventional/,https://www.springsapartments.com/floor-plans/,https://www.springsapartments.com/models,https://www.springsapartments.com/apartments/il/crystal-lake/floor-plans#/,https://www.springsapartments.com/Floor-plans.aspx
26716,Colony Oaks,North Brunswick Township,NJ,http://www.colonyoaksapartments.com/,http://www.colonyoaksapartments.com/north-brunswick-township/colony-oaks/conventional/,http://www.colonyoaksapartments.com/floor-plans/,http://www.colonyoaksapartments.com/models,http://www.colonyoaksapartments.com/apartments/nj/north-brunswick-township/floor-plans#/,http://www.colonyoaksapartments.com/Floor-plans.aspx
26733,Parc 85,Duluth,GA,https://www.parc85.com/,https://www.parc85.com/duluth/parc-85/conventional/,https://www.parc85.com/floor-plans/,https://www.parc85.com/models,https://www.parc85.com/apartments/ga/duluth/floor-plans#/,https://www.parc85.com/Floor-plans.aspx
268521,The Lucy,St Paul,MN,https://thelucystpaul.com/,https://thelucystpaul.com/st-paul/the-lucy/conventional/,https://thelucystpaul.com/floor-plans/,https://thelucystpaul.com/models,https://thelucystpaul.com/apartments/mn/st-paul/floor-plans#/,https://thelucystpaul.com/Floor-plans.aspx
267793,,,,https://www.carsonphilly.com/,,https://www.carsonphilly.com/floor-plans/,https://www.carsonphilly.com/models,,https://www.carsonphilly.com/Floor-plans.aspx
267117,Azure Carnes Crossroads,Summerville,SC,https://www.azurecarnescrossroads.com/,https://www.azurecarnescrossroads.com/summerville/azure-carnes-crossroads/conventional/,https://www.azurecarnescrossroads.com/floor-plans/,https://www.azurecarnescrossroads.com/models,https://www.azurecarnescrossroads.com/apartments/sc/summerville/floor-plans#/,https://www.azurecarnescrossroads.com/Floor-plans.aspx
267777,The Oliver,Charlotte,NC,https://theoliverclt.com/,https://theoliverclt.com/charlotte/the-oliver/conventional/,https://theoliverclt.com/floor-plans/,https://theoliverclt.com/models,https://theoliverclt.com/apartments/nc/charlotte/floor-plans#/,https://theoliverclt.com/Floor-plans.aspx
26852,Emberwood,Lafayette,LA,www.emberwood-apts.com,https://www.emberwood-apts.com/lafayette/emberwood/conventional/,https://www.emberwood-apts.com/floor-plans/,https://www.emberwood-apts.com/models,https://www.emberwood-apts.com/apartments/la/lafayette/floor-plans#/,https://www.emberwood-apts.com/Floor-plans.aspx
267183,Sienna,Seattle,WA,https://www.thesiennaapartments.com/,https://www.thesiennaapartments.com/seattle/sienna/conventional/,https://www.thesiennaapartments.com/floor-plans/,https://www.thesiennaapartments.com/models,https://www.thesiennaapartments.com/apartments/wa/seattle/floor-plans#/,https://www.thesiennaapartments.com/Floor-plans.aspx
