finding_id,finding_title,disposition,coverage_mode,property_role,adapter,canonical_id,name,address,city,state,zip,website,acceptance_contract,evidence_file,evidence_line,test_selectors
1,RentCafe Applicant API manufactures availability on inquiry-only plans,confirmed_remediated,explicit_audit_scope,affected,rentcafe_applicant,234581,Georgetown Crossing,100 Georgetown Rd,Mechanicsburg,PA,17050,https://www.triplecrowncorp.com/company/locations/georgetown-crossing/,Inquiry-only plans remain plan-level UNKNOWN and never become available units.,investigations/2026-08-01-consolidated-canary/ADAPTER_DATA_QUALITY_FINDINGS.md,18,ma_poc/tests/pms/adapters/test_rentcafe_applicant_recovery.py
1,RentCafe Applicant API manufactures availability on inquiry-only plans,confirmed_remediated,explicit_audit_scope,affected,rentcafe_applicant,239094,Zander Place,1300 Main St,Cross Plains,WI,53528,http://www.zanderplace.com/,Inquiry-only plans remain plan-level UNKNOWN and never become available units.,investigations/2026-08-01-consolidated-canary/ADAPTER_DATA_QUALITY_FINDINGS.md,18,ma_poc/tests/pms/adapters/test_rentcafe_applicant_recovery.py
1,RentCafe Applicant API manufactures availability on inquiry-only plans,confirmed_remediated,explicit_audit_scope,affected,rentcafe_applicant,240595,Stockbridge Trails,319 E Hill Pkwy,Madison,WI,53718,https://www.stockbridgetrailsapartments.com/,Inquiry-only plans remain plan-level UNKNOWN and never become available units.,investigations/2026-08-01-consolidated-canary/ADAPTER_DATA_QUALITY_FINDINGS.md,18,ma_poc/tests/pms/adapters/test_rentcafe_applicant_recovery.py
2,AvalonBay discards the unique native apartment ID,confirmed_remediated,explicit_audit_scope,affected,avalonbay,26892,Avalon at Arlington Square,2350 26th Ct S,Arlington,VA,22206,https://new.avaloncommunities.com/virginia/arlington-apartments/avalon-at-arlington-square/?utm_source=gmb&utm_medium=organic&utm_campaign=gmblist,Every native Avalon apartment ID survives even when visible unit labels repeat.,investigations/2026-08-01-consolidated-canary/ADAPTER_DATA_QUALITY_FINDINGS.md,106,ma_poc/tests/pms/adapters/test_avalonbay_html.py
2,AvalonBay discards the unique native apartment ID,confirmed_remediated,explicit_audit_scope,affected,avalonbay,36964,Avalon Meydenbauer,10410 NE 2nd St,Bellevue,WA,98004,https://www.avaloncommunities.com/washington/bellevue-apartments/avalon-meydenbauer,Every native Avalon apartment ID survives even when visible unit labels repeat.,investigations/2026-08-01-consolidated-canary/ADAPTER_DATA_QUALITY_FINDINGS.md,106,ma_poc/tests/pms/adapters/test_avalonbay_html.py
2,AvalonBay discards the unique native apartment ID,confirmed_remediated,explicit_audit_scope,affected,avalonbay,262540,AvalonBay Montville,85 Old Bloomfield Ave,Pine Brook,NJ,7058,https://www.avaloncommunities.com/new-jersey/montville-apartments/avalon-montville/,Every native Avalon apartment ID survives even when visible unit labels repeat.,investigations/2026-08-01-consolidated-canary/ADAPTER_DATA_QUALITY_FINDINGS.md,106,ma_poc/tests/pms/adapters/test_avalonbay_html.py
3,Entrata unit cards discard the building/address disambiguator,confirmed_remediated,explicit_audit_scope,affected,entrata,19299,Phoenix Orlando,10801 Heather Ridge Cir,Orlando,FL,32817,https://www.livephoenixorlando.com/,Building/address and native apartment identity disambiguate repeated visible numbers.,investigations/2026-08-01-consolidated-canary/ADAPTER_DATA_QUALITY_FINDINGS.md,176,ma_poc/tests/pms/adapters/test_entrata_pp_building_identity.py
3,Entrata unit cards discard the building/address disambiguator,confirmed_remediated,explicit_audit_scope,affected,entrata,34482,Abberly Grove,1160 Auston Grove Dr,Raleigh,NC,27610,www.abberlygrove.com,Building/address and native apartment identity disambiguate repeated visible numbers.,investigations/2026-08-01-consolidated-canary/ADAPTER_DATA_QUALITY_FINDINGS.md,176,ma_poc/tests/pms/adapters/test_entrata_pp_building_identity.py
3,Entrata unit cards discard the building/address disambiguator,confirmed_remediated,explicit_audit_scope,affected,entrata,36173,Wedgewood on the Green,161 Green Moor Way,Henrietta,NY,14467,https://wg.barringtonresidential.com/,Building/address and native apartment identity disambiguate repeated visible numbers.,investigations/2026-08-01-consolidated-canary/ADAPTER_DATA_QUALITY_FINDINGS.md,176,ma_poc/tests/pms/adapters/test_entrata_pp_building_identity.py
3,Entrata unit cards discard the building/address disambiguator,confirmed_remediated,explicit_audit_scope,affected,entrata,257328,Seasons at Mount Pleasant,4301 Yates Dr,Mt Pleasant,WI,53403,https://www.seasonsmtpleasant.com/,Building/address and native apartment identity disambiguate repeated visible numbers.,investigations/2026-08-01-consolidated-canary/ADAPTER_DATA_QUALITY_FINDINGS.md,176,ma_poc/tests/pms/adapters/test_entrata_pp_building_identity.py
4,UDR July collision candidate is cleared on the current branch,cleared_control,explicit_audit_scope,regression_control,udr,2958,Newport Village I,4757 W Braddock Rd,Alexandria,VA,22311,https://www.udr.com/washington-dc-apartments/alexandria/newport-village,Current UDR identity remains collision-free.,investigations/2026-08-01-consolidated-canary/ADAPTER_DATA_QUALITY_FINDINGS.md,245,ma_poc/tests/pms/adapters/test_udr_jsonld.py
4,UDR July collision candidate is cleared on the current branch,cleared_control,explicit_audit_scope,regression_control,udr,8179,Cambridge Woods,14138 Monterey Pines Dr,Tampa,FL,33613,https://www.udr.com/tampa-apartments/university-center/cambridge-woods/contact-us/,Current UDR identity remains collision-free.,investigations/2026-08-01-consolidated-canary/ADAPTER_DATA_QUALITY_FINDINGS.md,245,ma_poc/tests/pms/adapters/test_udr_jsonld.py
4,UDR July collision candidate is cleared on the current branch,cleared_control,explicit_audit_scope,regression_control,udr,30751,Commons at Windsor Gardens,624 Walpole St,Norwood,MA,2062,https://www.udr.com/boston-apartments/norwood/the-commons-at-windsor-gardens/,Current UDR identity remains collision-free.,investigations/2026-08-01-consolidated-canary/ADAPTER_DATA_QUALITY_FINDINGS.md,245,ma_poc/tests/pms/adapters/test_udr_jsonld.py
5,Knock July collision candidate is cleared on the current branch,cleared_control,explicit_audit_scope,regression_control,knock,1783,Madison at Largo,601 Rosery Rd NE,Largo,FL,33770,https://gscapts.com/apartments/florida/madison-at-largo/,Current Knock UUID identity remains collision-free.,investigations/2026-08-01-consolidated-canary/ADAPTER_DATA_QUALITY_FINDINGS.md,268,ma_poc/tests/pms/adapters/test_knock.py
5,Knock July collision candidate is cleared on the current branch,cleared_control,explicit_audit_scope,regression_control,knock,2305,Sun Lake Apartments,420 Sun Lake Cir,Lake Mary,FL,32746,www.livesunlake.com,Current Knock UUID identity remains collision-free.,investigations/2026-08-01-consolidated-canary/ADAPTER_DATA_QUALITY_FINDINGS.md,268,ma_poc/tests/pms/adapters/test_knock.py
5,Knock July collision candidate is cleared on the current branch,cleared_control,explicit_audit_scope,regression_control,knock,221319,Royal Park,501 HWY 54 Bypass,Carrboro,NC,27510,https://gscapts.com/apartments/north-carolina/royal-park/,Current Knock UUID identity remains collision-free.,investigations/2026-08-01-consolidated-canary/ADAPTER_DATA_QUALITY_FINDINGS.md,268,ma_poc/tests/pms/adapters/test_knock.py
5,Knock July collision candidate is cleared on the current branch,cleared_control,explicit_audit_scope,regression_control,knock,281928,Mosby Citrus Ridge,130 Orlando Breeze Cir,Davenport,FL,33897,https://www.mosbycitrusridge.com/?utm_source=GBP&utm_medium=organic&utm_knock=g,Current Knock UUID identity remains collision-free.,investigations/2026-08-01-consolidated-canary/ADAPTER_DATA_QUALITY_FINDINGS.md,268,ma_poc/tests/pms/adapters/test_knock.py
6,AppFolio rejects Wisconsin grid addresses as identity,confirmed_remediated,explicit_audit_scope,affected,appfolio,241643,Jade at North Hills,N72W12727 Good Hope Rd,Menomonee Falls,WI,53051,https://www.movetojade.com/,Wisconsin grid addresses and native listing IDs keep all physical apartments distinct.,investigations/2026-08-01-consolidated-canary/ADAPTER_DATA_QUALITY_FINDINGS.md,293,ma_poc/tests/pms/adapters/test_appfolio_wisconsin_grid_identity.py
7,Venterra keeps the unique unit code only as provenance,confirmed_remediated,explicit_audit_scope,affected,venterra,14524,Canton Mill Lofts,550 Riverstone Pkwy,Canton,GA,30114,https://venterraliving.com/apartments/canton-mill-lofts/,Native unit code is canonical; the short public label remains display metadata.,investigations/2026-08-01-consolidated-canary/ADAPTER_DATA_QUALITY_FINDINGS.md,352,ma_poc/tests/pms/adapters/test_venterra.py
7,Venterra keeps the unique unit code only as provenance,confirmed_remediated,explicit_audit_scope,affected,venterra,30237,Forest View,4545 S Panther Creek Dr,The Woodlands,TX,77381,https://venterraliving.com/apartments/forest-view/,Native unit code is canonical; the short public label remains display metadata.,investigations/2026-08-01-consolidated-canary/ADAPTER_DATA_QUALITY_FINDINGS.md,352,ma_poc/tests/pms/adapters/test_venterra.py
7,Venterra keeps the unique unit code only as provenance,confirmed_remediated,explicit_audit_scope,affected,venterra,33327,The Parker,14140 N Broadway Ext,Edmond,OK,73013,https://venterraliving.com/apartments/the-parker/,Native unit code is canonical; the short public label remains display metadata.,investigations/2026-08-01-consolidated-canary/ADAPTER_DATA_QUALITY_FINDINGS.md,352,ma_poc/tests/pms/adapters/test_venterra.py
7,Venterra keeps the unique unit code only as provenance,confirmed_remediated,explicit_audit_scope,affected,venterra,48177,The Metropolitan,2612 Whitehall Terrace,Louisville,KY,40220,https://venterraliving.com/apartments/the-metropolitan/,Native unit code is canonical; the short public label remains display metadata.,investigations/2026-08-01-consolidated-canary/ADAPTER_DATA_QUALITY_FINDINGS.md,352,ma_poc/tests/pms/adapters/test_venterra.py
8,Cortland drops both building and native apartment identity,confirmed_remediated,explicit_audit_scope,affected,cortland,3181,Cortland Mirror Lake,700 Post Lake Pl,Apopka,FL,32703,https://cortland.com/apartments/cortland-mirror-lake/,Native apartment and building identity survive both modern and legacy Cortland cards.,investigations/2026-08-01-consolidated-canary/ADAPTER_DATA_QUALITY_FINDINGS.md,391,ma_poc/tests/pms/adapters/test_cortland_cards.py
8,Cortland drops both building and native apartment identity,confirmed_remediated,explicit_audit_scope,affected,cortland,34500,Cortland Brier Creek,7920 Oak Estate St,Raleigh,NC,27617,https://cortland.com/apartments/cortland-brier-creek/,Native apartment and building identity survive both modern and legacy Cortland cards.,investigations/2026-08-01-consolidated-canary/ADAPTER_DATA_QUALITY_FINDINGS.md,391,ma_poc/tests/pms/adapters/test_cortland_cards.py
8,Cortland drops both building and native apartment identity,confirmed_remediated,explicit_audit_scope,affected,cortland,255134,Cortland Royal Palm Beach,11200 Nicole Dr,Royal Palm Beach,FL,33414,https://cortland.com/apartments/the-villas-at-tuttle-royale/,Native apartment and building identity survive both modern and legacy Cortland cards.,investigations/2026-08-01-consolidated-canary/ADAPTER_DATA_QUALITY_FINDINGS.md,391,ma_poc/tests/pms/adapters/test_cortland_cards.py
9,Cortland emits fee-inclusive price as base rent,confirmed_remediated,explicit_audit_scope,affected,cortland,2982,Cortland on Pike,1850 Columbia Pike,Arlington,VA,22204,https://cortland.com/apartments/cortland-on-pike/,Base rent remains separate from fee-inclusive total monthly rent.,investigations/2026-08-01-consolidated-canary/ADAPTER_DATA_QUALITY_FINDINGS.md,444,ma_poc/tests/pms/adapters/test_cortland_cards.py
9,Cortland emits fee-inclusive price as base rent,confirmed_remediated,explicit_audit_scope,affected,cortland,3181,Cortland Mirror Lake,700 Post Lake Pl,Apopka,FL,32703,https://cortland.com/apartments/cortland-mirror-lake/,Base rent remains separate from fee-inclusive total monthly rent.,investigations/2026-08-01-consolidated-canary/ADAPTER_DATA_QUALITY_FINDINGS.md,444,ma_poc/tests/pms/adapters/test_cortland_cards.py
9,Cortland emits fee-inclusive price as base rent,confirmed_remediated,explicit_audit_scope,affected,cortland,34500,Cortland Brier Creek,7920 Oak Estate St,Raleigh,NC,27617,https://cortland.com/apartments/cortland-brier-creek/,Base rent remains separate from fee-inclusive total monthly rent.,investigations/2026-08-01-consolidated-canary/ADAPTER_DATA_QUALITY_FINDINGS.md,444,ma_poc/tests/pms/adapters/test_cortland_cards.py
9,Cortland emits fee-inclusive price as base rent,confirmed_remediated,explicit_audit_scope,affected,cortland,62782,Cortland Alameda Station,415 S Cherokee St,Denver,CO,80223,https://cortland.com/apartments/cortland-alameda-station/,Base rent remains separate from fee-inclusive total monthly rent.,investigations/2026-08-01-consolidated-canary/ADAPTER_DATA_QUALITY_FINDINGS.md,444,ma_poc/tests/pms/adapters/test_cortland_cards.py
10,G5 substitutes the floor-plan type for apartment identity,confirmed_remediated,explicit_audit_scope,affected,g5,3785,Shadowbrook,3852 S 1845 W,West Valley City,UT,84119,http://www.shadowbrookapartments.com/,Native apartment identity wins over repeated floor-plan type labels.,investigations/2026-08-01-consolidated-canary/ADAPTER_DATA_QUALITY_FINDINGS.md,471,ma_poc/tests/pms/adapters/test_g5.py
10,G5 substitutes the floor-plan type for apartment identity,confirmed_remediated,explicit_audit_scope,affected,g5,33267,Brookside Village,28700 34th Ave S,Auburn,WA,98001,https://www.brooksidevillageapts.com/,Native apartment identity wins over repeated floor-plan type labels.,investigations/2026-08-01-consolidated-canary/ADAPTER_DATA_QUALITY_FINDINGS.md,471,ma_poc/tests/pms/adapters/test_g5.py
10,G5 substitutes the floor-plan type for apartment identity,confirmed_remediated,explicit_audit_scope,affected,g5,35934,Hawthorn Village,3663 Solano Ave,Napa,CA,94558,http://www.hawthornvillageapts.com,Native apartment identity wins over repeated floor-plan type labels.,investigations/2026-08-01-consolidated-canary/ADAPTER_DATA_QUALITY_FINDINGS.md,471,ma_poc/tests/pms/adapters/test_g5.py
11,Harbor Group future dates are lost at the Jugnu boundary,confirmed_remediated,explicit_audit_scope,affected,harbor_group,67524,Riverworks,45 N Main St,Phoenixville,PA,19460,https://www.hgliving.com/apartments/pa/phoenixville/riverworks,Every explicit Harbor future date survives the production formatter.,investigations/2026-08-01-consolidated-canary/ADAPTER_DATA_QUALITY_FINDINGS.md,526,ma_poc/tests/pms/adapters/test_harbor_group.py|ma_poc/tests/scripts/test_availability_date_contract.py
11,Harbor Group future dates are lost at the Jugnu boundary,confirmed_remediated,explicit_audit_scope,regression_control,harbor_group,4944,Triangle Place,2800 Bainbridge Dr,Durham,NC,27713,https://www.hgliving.com/apartments/nc/durham/triangle-place/,Every explicit Harbor future date survives the production formatter.,investigations/2026-08-01-consolidated-canary/ADAPTER_DATA_QUALITY_FINDINGS.md,526,ma_poc/tests/pms/adapters/test_harbor_group.py|ma_poc/tests/scripts/test_availability_date_contract.py
11,Harbor Group future dates are lost at the Jugnu boundary,confirmed_remediated,explicit_audit_scope,regression_control,harbor_group,30734,Waterford Village,51 Meadow Ln,Bridgewater,MA,2324,https://www.harborgroupmanagement.com/apartments/MA/Bridgewater/Waterford-Village/,Every explicit Harbor future date survives the production formatter.,investigations/2026-08-01-consolidated-canary/ADAPTER_DATA_QUALITY_FINDINGS.md,526,ma_poc/tests/pms/adapters/test_harbor_group.py|ma_poc/tests/scripts/test_availability_date_contract.py
12,OneSite adopts a sibling Mark-Taylor property's apartments,confirmed_remediated,explicit_audit_scope,affected,onesite_workflow,14155,Waterside at Ocotillo,4800 S Alma School Rd,Chandler,AZ,85248,https://www.mark-taylor.com/apartments/az/chandler/waterside-at-ocotillo/,Only the configured Mark-Taylor property roster may be admitted.,investigations/2026-08-01-consolidated-canary/ADAPTER_DATA_QUALITY_FINDINGS.md,583,ma_poc/tests/pms/adapters/test_mark_taylor.py
12,OneSite adopts a sibling Mark-Taylor property's apartments,confirmed_remediated,explicit_audit_scope,affected,onesite_workflow,14538,Mira Santi,800 W Queen Creek Rd,Chandler,AZ,85248,https://www.mark-taylor.com/apartments/az/chandler/mira-santi/,Only the configured Mark-Taylor property roster may be admitted.,investigations/2026-08-01-consolidated-canary/ADAPTER_DATA_QUALITY_FINDINGS.md,583,ma_poc/tests/pms/adapters/test_mark_taylor.py
12,OneSite adopts a sibling Mark-Taylor property's apartments,confirmed_remediated,explicit_audit_scope,affected,onesite_workflow,16078,San Cervantes,400 N Coronado St,Chandler,AZ,85224,https://www.mark-taylor.com/apartments/az/chandler/san-cervantes/,Only the configured Mark-Taylor property roster may be admitted.,investigations/2026-08-01-consolidated-canary/ADAPTER_DATA_QUALITY_FINDINGS.md,583,ma_poc/tests/pms/adapters/test_mark_taylor.py
13,SecureCafe legacy rows discard native `UnitID`,confirmed_remediated,explicit_audit_scope,affected,securecafe,43097,Big Creek Apartments and Townhomes,11540 Apache Dr,Parma Heights,OH,44130,https://www.goldbergcompanies.com/big-creek-apartments-parma-heights-oh/?utm_source=GMB&utm_medium=Website,Native SecureCafe UnitID is canonical when published.,investigations/2026-08-01-consolidated-canary/ADAPTER_DATA_QUALITY_FINDINGS.md,647,ma_poc/tests/pms/adapters/test_rentcafe_rc2.py
13,SecureCafe legacy rows discard native `UnitID`,confirmed_remediated,explicit_audit_scope,affected,securecafe,54743,Twin Oaks,3800 14th St NW,Washington,DC,20011,https://www.twinoaksdc.com/,Native SecureCafe UnitID is canonical when published.,investigations/2026-08-01-consolidated-canary/ADAPTER_DATA_QUALITY_FINDINGS.md,647,ma_poc/tests/pms/adapters/test_rentcafe_rc2.py
13,SecureCafe legacy rows discard native `UnitID`,confirmed_remediated,explicit_audit_scope,affected,securecafe,60386,The Paramount at South Market,611 O'Keefe Ave,New Orleans,LA,70113,https://www.paramountnola.com/,Native SecureCafe UnitID is canonical when published.,investigations/2026-08-01-consolidated-canary/ADAPTER_DATA_QUALITY_FINDINGS.md,647,ma_poc/tests/pms/adapters/test_rentcafe_rc2.py
13,SecureCafe legacy rows discard native `UnitID`,confirmed_remediated,explicit_audit_scope,affected,securecafe,239318,Legacy Fort Mill,700 Gates Mills Dr,Fort Mill,SC,29708,http://www.legacyfortmill.com/,Native SecureCafe UnitID is canonical when published.,investigations/2026-08-01-consolidated-canary/ADAPTER_DATA_QUALITY_FINDINGS.md,647,ma_poc/tests/pms/adapters/test_rentcafe_rc2.py
13,SecureCafe legacy rows discard native `UnitID`,confirmed_remediated,explicit_audit_scope,regression_control,securecafe,232538,Woodman Apartment Homes,8811 Woodman Ave,Arleta,CA,91331,https://www.woodmanapartments.com/,Native SecureCafe UnitID is canonical when published.,investigations/2026-08-01-consolidated-canary/ADAPTER_DATA_QUALITY_FINDINGS.md,647,ma_poc/tests/pms/adapters/test_rentcafe_rc2.py
14,Generic API fallback deduplicates apartments before using building identity,confirmed_remediated,explicit_audit_scope,affected,generic_spherexx,70255,Coventry Square,20 Charles St,Westwood,NJ,7675,https://coventrysquareapartments.com/,Building/native identity is applied before deduplication.,investigations/2026-08-01-consolidated-canary/ADAPTER_DATA_QUALITY_FINDINGS.md,703,ma_poc/tests/pms/adapters/test_spherexx.py
14,Generic API fallback deduplicates apartments before using building identity,confirmed_remediated,explicit_audit_scope,affected,generic_spherexx,259386,Fairmount,585 Newark Ave,Elizabeth,NJ,7208,https://www.fairmount-towers.com/,Building/native identity is applied before deduplication.,investigations/2026-08-01-consolidated-canary/ADAPTER_DATA_QUALITY_FINDINGS.md,703,ma_poc/tests/pms/adapters/test_spherexx.py
14,Generic API fallback deduplicates apartments before using building identity,confirmed_remediated,explicit_audit_scope,affected,generic_spherexx,281149,Irondale at Wharton,47 Kossuth St,Wharton,NJ,7885,http://irondaleatwharton.com/,Building/native identity is applied before deduplication.,investigations/2026-08-01-consolidated-canary/ADAPTER_DATA_QUALITY_FINDINGS.md,703,ma_poc/tests/pms/adapters/test_spherexx.py
15,The formatter assigns today's date to explicitly unavailable apartments,confirmed_remediated,explicit_audit_scope,affected,shared_formatter,14581,Milano,2500 Woodland Park Dr,Houston,TX,77077,https://www.milanoatwestchase.com/#,Explicitly unavailable rows without a date never receive the capture date.,investigations/2026-08-01-consolidated-canary/ADAPTER_DATA_QUALITY_FINDINGS.md,757,ma_poc/tests/pms/adapters/test_api_parser_available_flag.py
15,The formatter assigns today's date to explicitly unavailable apartments,confirmed_remediated,explicit_audit_scope,affected,shared_formatter,37143,Village of Cross Creek,7536 Hillcrest Dr,Florence,KY,41042,www.villageofcrosscreek.com,Explicitly unavailable rows without a date never receive the capture date.,investigations/2026-08-01-consolidated-canary/ADAPTER_DATA_QUALITY_FINDINGS.md,757,ma_poc/tests/pms/adapters/test_api_parser_available_flag.py
15,The formatter assigns today's date to explicitly unavailable apartments,confirmed_remediated,explicit_audit_scope,affected,shared_formatter,56166,Village at Crown Woods,9201 Riverside Pkwy,Tulsa,OK,74137,https://www.crownwoodsvillagelc.com/,Explicitly unavailable rows without a date never receive the capture date.,investigations/2026-08-01-consolidated-canary/ADAPTER_DATA_QUALITY_FINDINGS.md,757,ma_poc/tests/pms/adapters/test_api_parser_available_flag.py
15,The formatter assigns today's date to explicitly unavailable apartments,confirmed_remediated,explicit_audit_scope,affected,shared_formatter,258143,Alleia Long Meadow Farms,5600 Berkeley Knl Cir,Richmond,TX,77407,https://www.alleialongmeadow.com/#hero,Explicitly unavailable rows without a date never receive the capture date.,investigations/2026-08-01-consolidated-canary/ADAPTER_DATA_QUALITY_FINDINGS.md,757,ma_poc/tests/pms/adapters/test_api_parser_available_flag.py
16,UDR building-safe identity disconnects every source availability date,confirmed_remediated,complete_20_property_cohort,affected,udr,2709,Wellington Place at Olde Town,10303 7th Regiment Dr,Manassas,VA,20110,https://www.udr.com/washington-dc-apartments/manassas/wellington-place-at-olde-town/,Join UDR dates by native apartment ID first; preserve all source dates and existing canonical IDs.,investigations/2026-08-01-consolidated-canary/ADAPTER_DATA_QUALITY_FINDINGS.md,814,ma_poc/tests/pms/adapters/test_udr_jsonld.py|ma_poc/tests/scripts/test_availability_date_contract.py
16,UDR building-safe identity disconnects every source availability date,confirmed_remediated,complete_20_property_cohort,affected,udr,2957,Arbor Park of Alexandria,6340 Wingate St,Alexandria,VA,22312,http://arborparkofalexandria.com,Join UDR dates by native apartment ID first; preserve all source dates and existing canonical IDs.,investigations/2026-08-01-consolidated-canary/ADAPTER_DATA_QUALITY_FINDINGS.md,814,ma_poc/tests/pms/adapters/test_udr_jsonld.py|ma_poc/tests/scripts/test_availability_date_contract.py
16,UDR building-safe identity disconnects every source availability date,confirmed_remediated,complete_20_property_cohort,affected,udr,2958,Newport Village I,4757 W Braddock Rd,Alexandria,VA,22311,https://www.udr.com/washington-dc-apartments/alexandria/newport-village,Join UDR dates by native apartment ID first; preserve all source dates and existing canonical IDs.,investigations/2026-08-01-consolidated-canary/ADAPTER_DATA_QUALITY_FINDINGS.md,814,ma_poc/tests/pms/adapters/test_udr_jsonld.py|ma_poc/tests/scripts/test_availability_date_contract.py
16,UDR building-safe identity disconnects every source availability date,confirmed_remediated,complete_20_property_cohort,affected,udr,3749,Highlands of Marin,1001 Cresta Way,San Rafael,CA,94903,https://www.udr.com/san-francisco-bay-area-apartments/san-rafael/highlands-of-marin/,Join UDR dates by native apartment ID first; preserve all source dates and existing canonical IDs.,investigations/2026-08-01-consolidated-canary/ADAPTER_DATA_QUALITY_FINDINGS.md,814,ma_poc/tests/pms/adapters/test_udr_jsonld.py|ma_poc/tests/scripts/test_availability_date_contract.py
16,UDR building-safe identity disconnects every source availability date,confirmed_remediated,complete_20_property_cohort,affected,udr,4752,Regatta Shores,2335 W Seminole Blvd,Sanford,FL,32771,https://www.udr.com/orlando-apartments/north-sanford/regatta-shores/,Join UDR dates by native apartment ID first; preserve all source dates and existing canonical IDs.,investigations/2026-08-01-consolidated-canary/ADAPTER_DATA_QUALITY_FINDINGS.md,814,ma_poc/tests/pms/adapters/test_udr_jsonld.py|ma_poc/tests/scripts/test_availability_date_contract.py
16,UDR building-safe identity disconnects every source availability date,confirmed_remediated,complete_20_property_cohort,affected,udr,8179,Cambridge Woods,14138 Monterey Pines Dr,Tampa,FL,33613,https://www.udr.com/tampa-apartments/university-center/cambridge-woods/contact-us/,Join UDR dates by native apartment ID first; preserve all source dates and existing canonical IDs.,investigations/2026-08-01-consolidated-canary/ADAPTER_DATA_QUALITY_FINDINGS.md,814,ma_poc/tests/pms/adapters/test_udr_jsonld.py|ma_poc/tests/scripts/test_availability_date_contract.py
16,UDR building-safe identity disconnects every source availability date,confirmed_remediated,complete_20_property_cohort,affected,udr,12355,THIRTY377,3377 Blackburn St,Dallas,TX,75204,https://www.udr.com/dallas-apartments/uptown-dallas/thirty377/,Join UDR dates by native apartment ID first; preserve all source dates and existing canonical IDs.,investigations/2026-08-01-consolidated-canary/ADAPTER_DATA_QUALITY_FINDINGS.md,814,ma_poc/tests/pms/adapters/test_udr_jsonld.py|ma_poc/tests/scripts/test_availability_date_contract.py
16,UDR building-safe identity disconnects every source availability date,confirmed_remediated,complete_20_property_cohort,affected,udr,24366,Bay Terrace,3204 Casa De Campo Way,San Mateo,CA,94403,http://www.udr.com/san-francisco-bay-area-apartments/san-mateo/bay-terrace/,Join UDR dates by native apartment ID first; preserve all source dates and existing canonical IDs.,investigations/2026-08-01-consolidated-canary/ADAPTER_DATA_QUALITY_FINDINGS.md,814,ma_poc/tests/pms/adapters/test_udr_jsonld.py|ma_poc/tests/scripts/test_availability_date_contract.py
16,UDR building-safe identity disconnects every source availability date,confirmed_remediated,complete_20_property_cohort,affected,udr,26094,Garrison Square,7 Harcourt St,Boston,MA,2116,https://www.udr.com/boston-apartments/back-bay/garrison-square/,Join UDR dates by native apartment ID first; preserve all source dates and existing canonical IDs.,investigations/2026-08-01-consolidated-canary/ADAPTER_DATA_QUALITY_FINDINGS.md,814,ma_poc/tests/pms/adapters/test_udr_jsonld.py|ma_poc/tests/scripts/test_availability_date_contract.py
16,UDR building-safe identity disconnects every source availability date,confirmed_remediated,complete_20_property_cohort,affected,udr,30751,Commons at Windsor Gardens,624 Walpole St,Norwood,MA,2062,https://www.udr.com/boston-apartments/norwood/the-commons-at-windsor-gardens/,Join UDR dates by native apartment ID first; preserve all source dates and existing canonical IDs.,investigations/2026-08-01-consolidated-canary/ADAPTER_DATA_QUALITY_FINDINGS.md,814,ma_poc/tests/pms/adapters/test_udr_jsonld.py|ma_poc/tests/scripts/test_availability_date_contract.py
16,UDR building-safe identity disconnects every source availability date,confirmed_remediated,complete_20_property_cohort,affected,udr,36925,View 14,2303 14th St NW,Washington,DC,20009,http://www.view14.com/,Join UDR dates by native apartment ID first; preserve all source dates and existing canonical IDs.,investigations/2026-08-01-consolidated-canary/ADAPTER_DATA_QUALITY_FINDINGS.md,814,ma_poc/tests/pms/adapters/test_udr_jsonld.py|ma_poc/tests/scripts/test_availability_date_contract.py
16,UDR building-safe identity disconnects every source availability date,confirmed_remediated,complete_20_property_cohort,affected,udr,36972,The Kennedy Building,907 NE 45th St,Seattle,WA,98105,https://www.udr.com/seattle-apartments/downtown-seattle/the-kennedy-building/.,Join UDR dates by native apartment ID first; preserve all source dates and existing canonical IDs.,investigations/2026-08-01-consolidated-canary/ADAPTER_DATA_QUALITY_FINDINGS.md,814,ma_poc/tests/pms/adapters/test_udr_jsonld.py|ma_poc/tests/scripts/test_availability_date_contract.py
16,UDR building-safe identity disconnects every source availability date,confirmed_remediated,complete_20_property_cohort,affected,udr,37716,Ten20,10710 NE 10th St,Bellevue,WA,98004,https://www.udr.com/seattle-apartments/bellevue/ten20/,Join UDR dates by native apartment ID first; preserve all source dates and existing canonical IDs.,investigations/2026-08-01-consolidated-canary/ADAPTER_DATA_QUALITY_FINDINGS.md,814,ma_poc/tests/pms/adapters/test_udr_jsonld.py|ma_poc/tests/scripts/test_availability_date_contract.py
16,UDR building-safe identity disconnects every source availability date,confirmed_remediated,complete_20_property_cohort,affected,udr,40566,The Courts at Huntington Station I,5950 Grand Pavilion Way,Alexandria,VA,22303,http://www.udr.com/washington-dc-apartments/alexandria/the-courts-at-huntington-station/,Join UDR dates by native apartment ID first; preserve all source dates and existing canonical IDs.,investigations/2026-08-01-consolidated-canary/ADAPTER_DATA_QUALITY_FINDINGS.md,814,ma_poc/tests/pms/adapters/test_udr_jsonld.py|ma_poc/tests/scripts/test_availability_date_contract.py
16,UDR building-safe identity disconnects every source availability date,confirmed_remediated,complete_20_property_cohort,affected,udr,40989,Savoye,3850 Vitruvian Way,Addison,TX,75001,http://www.savoyeaddison.com/,Join UDR dates by native apartment ID first; preserve all source dates and existing canonical IDs.,investigations/2026-08-01-consolidated-canary/ADAPTER_DATA_QUALITY_FINDINGS.md,814,ma_poc/tests/pms/adapters/test_udr_jsonld.py|ma_poc/tests/scripts/test_availability_date_contract.py
16,UDR building-safe identity disconnects every source availability date,confirmed_remediated,complete_20_property_cohort,affected,udr,66998,345 Harrison,345 Harrison Ave,Boston,MA,2118,https://www.udr.com/boston-apartments/south-end/345-harrison/,Join UDR dates by native apartment ID first; preserve all source dates and existing canonical IDs.,investigations/2026-08-01-consolidated-canary/ADAPTER_DATA_QUALITY_FINDINGS.md,814,ma_poc/tests/pms/adapters/test_udr_jsonld.py|ma_poc/tests/scripts/test_availability_date_contract.py
16,UDR building-safe identity disconnects every source availability date,confirmed_remediated,complete_20_property_cohort,affected,udr,72593,Slade at Channelside,1190 E Washington St,Tampa,FL,33602,https://www.udr.com/tampa-apartments/tampa/the-slade-at-channelside/,Join UDR dates by native apartment ID first; preserve all source dates and existing canonical IDs.,investigations/2026-08-01-consolidated-canary/ADAPTER_DATA_QUALITY_FINDINGS.md,814,ma_poc/tests/pms/adapters/test_udr_jsonld.py|ma_poc/tests/scripts/test_availability_date_contract.py
16,UDR building-safe identity disconnects every source availability date,confirmed_remediated,complete_20_property_cohort,affected,udr,95149,HQ @ 1532 Harrison,1532 Harrison St,San Francisco,CA,94103,https://www.udr.com/san-francisco-bay-area-apartments/west-soma/hq-apartments/,Join UDR dates by native apartment ID first; preserve all source dates and existing canonical IDs.,investigations/2026-08-01-consolidated-canary/ADAPTER_DATA_QUALITY_FINDINGS.md,814,ma_poc/tests/pms/adapters/test_udr_jsonld.py|ma_poc/tests/scripts/test_availability_date_contract.py
16,UDR building-safe identity disconnects every source availability date,confirmed_remediated,complete_20_property_cohort,affected,udr,228582,1274 at Towson,1274 E Joppa Rd,Towson,MD,21286,https://www.udr.com/baltimore-apartments/towson/1274-at-towson/,Join UDR dates by native apartment ID first; preserve all source dates and existing canonical IDs.,investigations/2026-08-01-consolidated-canary/ADAPTER_DATA_QUALITY_FINDINGS.md,814,ma_poc/tests/pms/adapters/test_udr_jsonld.py|ma_poc/tests/scripts/test_availability_date_contract.py
16,UDR building-safe identity disconnects every source availability date,confirmed_remediated,complete_20_property_cohort,affected,udr,230081,Vitruvian West II,3737 Vitruvian Way,Addison,TX,75001,www.vitruvianwest.com,Join UDR dates by native apartment ID first; preserve all source dates and existing canonical IDs.,investigations/2026-08-01-consolidated-canary/ADAPTER_DATA_QUALITY_FINDINGS.md,814,ma_poc/tests/pms/adapters/test_udr_jsonld.py|ma_poc/tests/scripts/test_availability_date_contract.py
17,One G5 property publishes zero dimensions that contradict explicit plan codes,confirmed_remediated,explicit_audit_scope,affected,g5,238944,Eagle Rock Apartments At Woodbury,92 Fairhaven Blvd,Woodbury,NY,11797,https://www.eaglerockmanagement.com/apartments/new-york/woodbury/eagle-rock-11797,Repair zero dimensions only when explicit non-studio plan tokens prove the value.,investigations/2026-08-01-consolidated-canary/ADAPTER_DATA_QUALITY_FINDINGS.md,882,ma_poc/tests/pms/adapters/test_g5.py
17,One G5 property publishes zero dimensions that contradict explicit plan codes,confirmed_remediated,explicit_audit_scope,regression_control,g5,37972,Eagle Rock Apartments at West Hartford,1248 Farmington Ave,West Hartford,CT,6107,https://www.eaglerockproperties.com/apartments/ct/west-hartford/eagle-rock-apartments-of-west-hartford/,Repair zero dimensions only when explicit non-studio plan tokens prove the value.,investigations/2026-08-01-consolidated-canary/ADAPTER_DATA_QUALITY_FINDINGS.md,882,ma_poc/tests/pms/adapters/test_g5.py
17,One G5 property publishes zero dimensions that contradict explicit plan codes,confirmed_remediated,explicit_audit_scope,regression_control,g5,37983,Eagle Rock Apartments at Towson,5 Stonewain Ct,Towson,MD,21204,https://www.eaglerockproperties.com/apartments/md/towson/eagle-rock-apartments-at-towson/,Repair zero dimensions only when explicit non-studio plan tokens prove the value.,investigations/2026-08-01-consolidated-canary/ADAPTER_DATA_QUALITY_FINDINGS.md,882,ma_poc/tests/pms/adapters/test_g5.py
18,SecureCafe RP future-date candidate is not confirmed from the current source,cleared_control,explicit_audit_scope,regression_control,securecafe,4904,Saybrooke,100 Old MacDonald Rd,Gaithersburg,MD,20877,https://www.saybrookeapartments.com/,Do not invent future dates absent from the current public source.,investigations/2026-08-01-consolidated-canary/ADAPTER_DATA_QUALITY_FINDINGS.md,925,ma_poc/tests/pms/adapters/test_rentcafe_unit_roster.py
18,SecureCafe RP future-date candidate is not confirmed from the current source,cleared_control,explicit_audit_scope,regression_control,securecafe,5974,Promenade at Aventura Apartments,19680 E Country Club Dr,Aventura,FL,33180,https://www.promenadeataventuraapartments.com/,Do not invent future dates absent from the current public source.,investigations/2026-08-01-consolidated-canary/ADAPTER_DATA_QUALITY_FINDINGS.md,925,ma_poc/tests/pms/adapters/test_rentcafe_unit_roster.py
18,SecureCafe RP future-date candidate is not confirmed from the current source,cleared_control,explicit_audit_scope,regression_control,securecafe,60750,The Meyden,10333 Main St,Bellevue,WA,98004,http://www.themeydenbellevue.com/,Do not invent future dates absent from the current public source.,investigations/2026-08-01-consolidated-canary/ADAPTER_DATA_QUALITY_FINDINGS.md,925,ma_poc/tests/pms/adapters/test_rentcafe_unit_roster.py
18,SecureCafe RP future-date candidate is not confirmed from the current source,cleared_control,explicit_audit_scope,regression_control,securecafe,250124,One Clinton Park,55 Clinton Pl,New Rochelle,NY,10801,https://oneclintonpark.com/,Do not invent future dates absent from the current public source.,investigations/2026-08-01-consolidated-canary/ADAPTER_DATA_QUALITY_FINDINGS.md,925,ma_poc/tests/pms/adapters/test_rentcafe_unit_roster.py
18,SecureCafe RP future-date candidate is not confirmed from the current source,cleared_control,explicit_audit_scope,regression_control,securecafe,261530,Waterline Square,400 W 61st St,New York,NY,10069,https://www.waterlinesquare.com/,Do not invent future dates absent from the current public source.,investigations/2026-08-01-consolidated-canary/ADAPTER_DATA_QUALITY_FINDINGS.md,925,ma_poc/tests/pms/adapters/test_rentcafe_unit_roster.py
19,Lake Haven re-crawls one successful Jonah roster under two URL spellings,confirmed_remediated,explicit_audit_scope,affected,jonah_ssr,230770,Lake Haven,732 Bluff St,Carol Stream,IL,60188,http://www.lakehavenluxury.com/,Equivalent URL spellings are crawled once and merge by immutable apartment identity.,investigations/2026-08-01-consolidated-canary/ADAPTER_DATA_QUALITY_FINDINGS.md,964,ma_poc/tests/pms/adapters/test_jonah_ssr_recovery.py
20,Rose Park discards both native identity and street address,confirmed_remediated,explicit_audit_scope,affected,rentmanager_iloveleasing,78381,Rose Park Commons,1634-1635 W Eldridge Ave,Roseville,MN,55113,https://krcapartments.com/property-detail/?propid=148&propname=1634EA%20Rose%20Park,Retain native detail ID and street-qualified identity for every Rose Park row.,investigations/2026-08-01-consolidated-canary/ADAPTER_DATA_QUALITY_FINDINGS.md,1011,ma_poc/tests/pms/adapters/test_iloveleasing_table.py
21,Birch Pond drops an explicit building and two native unit IDs,confirmed_remediated,explicit_audit_scope,affected,rentvision,75722,Birch Pond,5 Birch Pond Dr,Shallotte,NC,28470,http://www.birchpondapts.com/,Retain Apply UnitId and building; repeated short apartment labels remain distinct.,investigations/2026-08-01-consolidated-canary/ADAPTER_DATA_QUALITY_FINDINGS.md,1048,ma_poc/tests/pms/adapters/test_rentvision_building_identity.py
22,ResMan full-roster and availability sources are joined on mutable rent,confirmed_remediated,explicit_audit_scope,affected,resman,37143,Village of Cross Creek,7536 Hillcrest Dr,Florence,KY,41042,www.villageofcrosscreek.com,"Join full roster and availability surfaces by immutable identity, never mutable rent.",investigations/2026-08-01-consolidated-canary/ADAPTER_DATA_QUALITY_FINDINGS.md,1084,ma_poc/tests/pms/adapters/test_resman.py
22,ResMan full-roster and availability sources are joined on mutable rent,confirmed_remediated,explicit_audit_scope,affected,resman,56151,Brandon Place,6700 W Memorial Rd,Oklahoma City,OK,73142,www.brandonplaceapthome.com,"Join full roster and availability surfaces by immutable identity, never mutable rent.",investigations/2026-08-01-consolidated-canary/ADAPTER_DATA_QUALITY_FINDINGS.md,1084,ma_poc/tests/pms/adapters/test_resman.py
22,ResMan full-roster and availability sources are joined on mutable rent,confirmed_remediated,explicit_audit_scope,affected,resman,243936,Centennial Gardens,7841 N Garden Manor Dr,Memphis,TN,38125,http://www.centennialgardensapts.com,"Join full roster and availability surfaces by immutable identity, never mutable rent.",investigations/2026-08-01-consolidated-canary/ADAPTER_DATA_QUALITY_FINDINGS.md,1084,ma_poc/tests/pms/adapters/test_resman.py
23,SightMap's direct roster route clears three source-to-final controls,cleared_control,explicit_audit_scope,regression_control,sightmap,32746,Wildwood off Main,200 Lake Forest Blvd,Kalamazoo,MI,49006,https://www.wildwoodoffmainapts.com/,Direct SightMap source-to-final identity and value mapping remains exact.,investigations/2026-08-01-consolidated-canary/ADAPTER_DATA_QUALITY_FINDINGS.md,1133,ma_poc/tests/pms/adapters/test_sightmap_direct_probe.py
23,SightMap's direct roster route clears three source-to-final controls,cleared_control,explicit_audit_scope,regression_control,sightmap,279758,Tisdale at Lakeline Station,13621 Lyndhurst St,Austin,TX,78717,https://www.irtliving.com/Apartments-In/Austin-TX/Tisdale-at-Lakeline-Station,Direct SightMap source-to-final identity and value mapping remains exact.,investigations/2026-08-01-consolidated-canary/ADAPTER_DATA_QUALITY_FINDINGS.md,1133,ma_poc/tests/pms/adapters/test_sightmap_direct_probe.py
23,SightMap's direct roster route clears three source-to-final controls,cleared_control,explicit_audit_scope,regression_control,sightmap,288891,The Parker,5944 Hwy 92,Acworth,GA,30102,https://theparkerga.com/,Direct SightMap source-to-final identity and value mapping remains exact.,investigations/2026-08-01-consolidated-canary/ADAPTER_DATA_QUALITY_FINDINGS.md,1133,ma_poc/tests/pms/adapters/test_sightmap_direct_probe.py
24,Apts247 discards a stable native PMS identity on numbered apartments,confirmed_remediated,explicit_audit_scope,affected,apts247,9168,The Lake Lofts,2795 N Buckner Blvd,Dallas,TX,75228,https://www.thelakeloftsapts.com/,Stable native PMS identity is canonical for numbered apartments.,investigations/2026-08-01-consolidated-canary/ADAPTER_DATA_QUALITY_FINDINGS.md,1172,ma_poc/tests/pms/adapters/test_apts247.py
24,Apts247 discards a stable native PMS identity on numbered apartments,confirmed_remediated,explicit_audit_scope,affected,apts247,31564,The 1856 Apartments,1703 S I-35 South Frontage Rd,San Marcos,TX,78666,https://www.the1856apartments.com/,Stable native PMS identity is canonical for numbered apartments.,investigations/2026-08-01-consolidated-canary/ADAPTER_DATA_QUALITY_FINDINGS.md,1172,ma_poc/tests/pms/adapters/test_apts247.py
24,Apts247 discards a stable native PMS identity on numbered apartments,confirmed_remediated,explicit_audit_scope,affected,apts247,64390,Broadway Palace,1026 S Broadway,Los Angeles,CA,90015,http://www.broadwaypalaceapartments.com,Stable native PMS identity is canonical for numbered apartments.,investigations/2026-08-01-consolidated-canary/ADAPTER_DATA_QUALITY_FINDINGS.md,1172,ma_poc/tests/pms/adapters/test_apts247.py
24,Apts247 discards a stable native PMS identity on numbered apartments,confirmed_remediated,explicit_audit_scope,affected,apts247,68313,The Maxwell,7777 Adelaide St,Frisco,TX,75034,https://www.themaxwellfrisco.com/,Stable native PMS identity is canonical for numbered apartments.,investigations/2026-08-01-consolidated-canary/ADAPTER_DATA_QUALITY_FINDINGS.md,1172,ma_poc/tests/pms/adapters/test_apts247.py
25,"Funnel Spaces discards its native unit, plan, and property IDs",confirmed_remediated,explicit_audit_scope,affected,funnel_spaces,26967,The Estates at Cougar Mountain,2128 NW Shy Bear Way,Issaquah,WA,98027,http://www.estatesatcougarmountain.com/,"Native property, plan, and unit IDs survive final formatting.",investigations/2026-08-01-consolidated-canary/ADAPTER_DATA_QUALITY_FINDINGS.md,1219,ma_poc/tests/pms/adapters/test_funnel_spaces_identity.py
25,"Funnel Spaces discards its native unit, plan, and property IDs",confirmed_remediated,explicit_audit_scope,affected,funnel_spaces,58969,Cirrus,2030 8th Ave,Seattle,WA,98121,https://www.cirrusseattle.com/,"Native property, plan, and unit IDs survive final formatting.",investigations/2026-08-01-consolidated-canary/ADAPTER_DATA_QUALITY_FINDINGS.md,1219,ma_poc/tests/pms/adapters/test_funnel_spaces_identity.py
25,"Funnel Spaces discards its native unit, plan, and property IDs",confirmed_remediated,explicit_audit_scope,affected,funnel_spaces,119144,Windsor Burnet,10301 Burnet Rd,Austin,TX,78758,https://www.windsorburnet.com/,"Native property, plan, and unit IDs survive final formatting.",investigations/2026-08-01-consolidated-canary/ADAPTER_DATA_QUALITY_FINDINGS.md,1219,ma_poc/tests/pms/adapters/test_funnel_spaces_identity.py
26,RealPage public GetUnits routes preserve native IDs and explicit dates,cleared_control,explicit_audit_scope,regression_control,realpage_getunits,11317,Dixon at Stonegate,2501 Oak Hill Cir,Fort Worth,TX,76109,https://www.dixonatstonegate.com/,Native IDs and explicit dates on public GetUnits routes remain exact.,investigations/2026-08-01-consolidated-canary/ADAPTER_DATA_QUALITY_FINDINGS.md,1283,ma_poc/tests/pms/adapters/test_realpage_onlineleasing_getunits.py
26,RealPage public GetUnits routes preserve native IDs and explicit dates,cleared_control,explicit_audit_scope,regression_control,realpage_getunits,25781,Mayflower,205 34th St,Virginia Beach,VA,23451,https://www.iliveonthebeach.com/,Native IDs and explicit dates on public GetUnits routes remain exact.,investigations/2026-08-01-consolidated-canary/ADAPTER_DATA_QUALITY_FINDINGS.md,1283,ma_poc/tests/pms/adapters/test_realpage_onlineleasing_getunits.py
26,RealPage public GetUnits routes preserve native IDs and explicit dates,cleared_control,explicit_audit_scope,regression_control,realpage_getunits,39346,Bella Mirage,3800 N El Mirage Rd,Avondale,AZ,85392,https://www.bellamirageapts.com/,Native IDs and explicit dates on public GetUnits routes remain exact.,investigations/2026-08-01-consolidated-canary/ADAPTER_DATA_QUALITY_FINDINGS.md,1283,ma_poc/tests/pms/adapters/test_realpage_onlineleasing_getunits.py
26,RealPage public GetUnits routes preserve native IDs and explicit dates,cleared_control,explicit_audit_scope,regression_control,realpage_getunits,258135,Aven Ridge,1141 Pleasant Hill Rd,Leander,TX,78641,https://www.avenridgeleandertx.com/,Native IDs and explicit dates on public GetUnits routes remain exact.,investigations/2026-08-01-consolidated-canary/ADAPTER_DATA_QUALITY_FINDINGS.md,1283,ma_poc/tests/pms/adapters/test_realpage_onlineleasing_getunits.py
26,RealPage public GetUnits routes preserve native IDs and explicit dates,cleared_control,explicit_audit_scope,regression_control,realpage_getunits,279103,Shade,10340 S Decatur Blvd,Las Vegas,NV,89141,https://shadeapartments.com/,Native IDs and explicit dates on public GetUnits routes remain exact.,investigations/2026-08-01-consolidated-canary/ADAPTER_DATA_QUALITY_FINDINGS.md,1283,ma_poc/tests/pms/adapters/test_realpage_onlineleasing_getunits.py
26,RealPage public GetUnits routes preserve native IDs and explicit dates,cleared_control,explicit_audit_scope,regression_control,realpage_getunits,293332,Taverna at the Forum,3240 Champion Ring Rd,Fort Myers,FL,33905,https://livetavernaftmyers.com/,Native IDs and explicit dates on public GetUnits routes remain exact.,investigations/2026-08-01-consolidated-canary/ADAPTER_DATA_QUALITY_FINDINGS.md,1283,ma_poc/tests/pms/adapters/test_realpage_onlineleasing_getunits.py
27,Repli360 turns waitlist sentinels into apartments and drops native IDs,confirmed_remediated,explicit_audit_scope,affected,repli360,2594,The Reserve At Capital Center,3466 Data Dr,Rancho Cordova,CA,95670,https://www.elevatetosequoia.com/apartments/ca/rancho-cordova/reserve-at-capital-center-apartment-homes/,Waitlist sentinels are excluded and native unit IDs are retained.,investigations/2026-08-01-consolidated-canary/ADAPTER_DATA_QUALITY_FINDINGS.md,1345,ma_poc/tests/pms/adapters/test_repli360.py
27,Repli360 turns waitlist sentinels into apartments and drops native IDs,confirmed_remediated,explicit_audit_scope,affected,repli360,2598,Shore Park at Riverlake,7952 Pocket Rd,Sacramento,CA,95831,https://www.elevatetosequoia.com/apartments/ca/sacramento/shore-park-at-riverlake/,Waitlist sentinels are excluded and native unit IDs are retained.,investigations/2026-08-01-consolidated-canary/ADAPTER_DATA_QUALITY_FINDINGS.md,1345,ma_poc/tests/pms/adapters/test_repli360.py
27,Repli360 turns waitlist sentinels into apartments and drops native IDs,confirmed_remediated,explicit_audit_scope,affected,repli360,14117,Marquis at Great Hills,10050 Great Hills Trl,Austin,TX,78759,www.mqgreathills.com,Waitlist sentinels are excluded and native unit IDs are retained.,investigations/2026-08-01-consolidated-canary/ADAPTER_DATA_QUALITY_FINDINGS.md,1345,ma_poc/tests/pms/adapters/test_repli360.py
27,Repli360 turns waitlist sentinels into apartments and drops native IDs,confirmed_remediated,explicit_audit_scope,affected,repli360,16969,Hidden Hills,30041 Tessier St,Laguna Niguel,CA,92677,https://www.elevatetosequoia.com/apartments/ca/laguna-niguel/hidden-hills-condominium-rentals/,Waitlist sentinels are excluded and native unit IDs are retained.,investigations/2026-08-01-consolidated-canary/ADAPTER_DATA_QUALITY_FINDINGS.md,1345,ma_poc/tests/pms/adapters/test_repli360.py
27,Repli360 turns waitlist sentinels into apartments and drops native IDs,confirmed_remediated,explicit_audit_scope,affected,repli360,21347,River Oaks,1000 Allison Dr,Vacaville,CA,95687,https://www.elevatetosequoia.com/apartments/ca/vacaville/river-oaks-apartment-homes/,Waitlist sentinels are excluded and native unit IDs are retained.,investigations/2026-08-01-consolidated-canary/ADAPTER_DATA_QUALITY_FINDINGS.md,1345,ma_poc/tests/pms/adapters/test_repli360.py
27,Repli360 turns waitlist sentinels into apartments and drops native IDs,confirmed_remediated,explicit_audit_scope,affected,repli360,38525,Marquis Sonoran Preserve,29675 N North Valley Pkwy,Phoenix,AZ,85085,https://www.mqsonoranpreserve.com/,Waitlist sentinels are excluded and native unit IDs are retained.,investigations/2026-08-01-consolidated-canary/ADAPTER_DATA_QUALITY_FINDINGS.md,1345,ma_poc/tests/pms/adapters/test_repli360.py
28,MAAC preserves inventory values and dates but discards native identity,confirmed_remediated,explicit_audit_scope,affected,maac,6194,MAA Rocky Point,3101 N Rocky Point Dr E,Tampa,FL,33607,https://www.maac.com/florida/tampa/maa-rocky-point/,MAAC native identity survives without changing exact values or dates.,investigations/2026-08-01-consolidated-canary/ADAPTER_DATA_QUALITY_FINDINGS.md,1422,ma_poc/tests/pms/adapters/test_maac_html.py
28,MAAC preserves inventory values and dates but discards native identity,confirmed_remediated,explicit_audit_scope,affected,maac,12525,MAA Boulder Ridge,1515 Cannon Pkwy,Roanoke,TX,76262,https://www.maac.com/texas/dallas/maa-boulder-ridge/,MAAC native identity survives without changing exact values or dates.,investigations/2026-08-01-consolidated-canary/ADAPTER_DATA_QUALITY_FINDINGS.md,1422,ma_poc/tests/pms/adapters/test_maac_html.py
28,MAAC preserves inventory values and dates but discards native identity,confirmed_remediated,explicit_audit_scope,affected,maac,52140,MAA Wade Park,5443 Wade Park Blvd,Raleigh,NC,27607,https://www.maac.com/north-carolina/raleigh-cary/maa-wade-park/,MAAC native identity survives without changing exact values or dates.,investigations/2026-08-01-consolidated-canary/ADAPTER_DATA_QUALITY_FINDINGS.md,1422,ma_poc/tests/pms/adapters/test_maac_html.py
28,MAAC preserves inventory values and dates but discards native identity,confirmed_remediated,explicit_audit_scope,affected,maac,54550,MAA West Village,4600 W Village Pl,Smyrna,GA,30080,https://www.maac.com/georgia/atlanta/maa-west-village/,MAAC native identity survives without changing exact values or dates.,investigations/2026-08-01-consolidated-canary/ADAPTER_DATA_QUALITY_FINDINGS.md,1422,ma_poc/tests/pms/adapters/test_maac_html.py
28,MAAC preserves inventory values and dates but discards native identity,confirmed_remediated,explicit_audit_scope,affected,maac,218985,MAA Trinity II,1140 Trinity Pine Ln,Raleigh,NC,27607,https://www.maac.com/north-carolina/raleigh-cary/maa-trinity/,MAAC native identity survives without changing exact values or dates.,investigations/2026-08-01-consolidated-canary/ADAPTER_DATA_QUALITY_FINDINGS.md,1422,ma_poc/tests/pms/adapters/test_maac_html.py
28,MAAC preserves inventory values and dates but discards native identity,confirmed_remediated,explicit_audit_scope,affected,maac,232992,The Paddock Club at Providence,685 Providence Main St NW,Huntsville,AL,35806,https://www.maac.com/alabama/huntsville/the-paddock-club-at-providence/,MAAC native identity survives without changing exact values or dates.,investigations/2026-08-01-consolidated-canary/ADAPTER_DATA_QUALITY_FINDINGS.md,1422,ma_poc/tests/pms/adapters/test_maac_html.py
29,"Encore/Jonah resource identity is clean, but the SSR route drops it",confirmed_remediated,explicit_audit_scope,affected,encore_jonah,253388,Quattro,385 S 400 E,Salt Lake City,UT,84111,https://www.livequattro.com/,SSR and resource routes preserve the same property-bound native identity.,investigations/2026-08-01-consolidated-canary/ADAPTER_DATA_QUALITY_FINDINGS.md,1495,ma_poc/tests/pms/adapters/test_encoreskyline_units.py
29,"Encore/Jonah resource identity is clean, but the SSR route drops it",confirmed_remediated,explicit_audit_scope,affected,encore_jonah,274384,Bryn House,2490 N Druid Hills Rd,Atlanta,GA,30329,https://brynhouseatl.com/,SSR and resource routes preserve the same property-bound native identity.,investigations/2026-08-01-consolidated-canary/ADAPTER_DATA_QUALITY_FINDINGS.md,1495,ma_poc/tests/pms/adapters/test_encoreskyline_units.py
29,"Encore/Jonah resource identity is clean, but the SSR route drops it",confirmed_remediated,explicit_audit_scope,affected,encore_jonah,276734,5Line,2005 Empire St,Charlotte,NC,28217,https://liveatfiveline.com/,SSR and resource routes preserve the same property-bound native identity.,investigations/2026-08-01-consolidated-canary/ADAPTER_DATA_QUALITY_FINDINGS.md,1495,ma_poc/tests/pms/adapters/test_encoreskyline_units.py
29,"Encore/Jonah resource identity is clean, but the SSR route drops it",confirmed_remediated,explicit_audit_scope,affected,encore_jonah,278113,Ascend NonaWest I,4000 Nona West Blvd,Orlando,FL,32824,https://ascendnonawest.com/?utm_source=gbp&utm_medium=organic&utm_campaign=website_clicks,SSR and resource routes preserve the same property-bound native identity.,investigations/2026-08-01-consolidated-canary/ADAPTER_DATA_QUALITY_FINDINGS.md,1495,ma_poc/tests/pms/adapters/test_encoreskyline_units.py
29,"Encore/Jonah resource identity is clean, but the SSR route drops it",confirmed_remediated,explicit_audit_scope,affected,encore_jonah,288502,Marlowe Tomoka Village,100 Windflower Ln,Daytona Beach,FL,32117,https://marlowetomokavillage.com/,SSR and resource routes preserve the same property-bound native identity.,investigations/2026-08-01-consolidated-canary/ADAPTER_DATA_QUALITY_FINDINGS.md,1495,ma_poc/tests/pms/adapters/test_encoreskyline_units.py
29,"Encore/Jonah resource identity is clean, but the SSR route drops it",confirmed_remediated,explicit_audit_scope,affected,encore_jonah,295254,Broadstone Overlands,5000 Collina Ter,Clermont,FL,34711,https://broadstoneoverlands.com/,SSR and resource routes preserve the same property-bound native identity.,investigations/2026-08-01-consolidated-canary/ADAPTER_DATA_QUALITY_FINDINGS.md,1495,ma_poc/tests/pms/adapters/test_encoreskyline_units.py
30,"Irvine values are clean, but `unitID` is not a community-unique key",confirmed_remediated,complete_13_property_cohort,affected,irvine,738,Cross Creek,22 Creek Rd,Irvine,CA,92604,https://www.irvinecompanyapartments.com/communities/cross-creek,Community-qualified native unit identity prevents cross-community collisions.,investigations/2026-08-01-consolidated-canary/ADAPTER_DATA_QUALITY_FINDINGS.md,1590,ma_poc/tests/pms/adapters/test_irvine_identity.py
30,"Irvine values are clean, but `unitID` is not a community-unique key",confirmed_remediated,complete_13_property_cohort,affected,irvine,16387,The Colony at Fashion Island,5100 Colony Plaza,Newport Beach,CA,92660,https://www.irvinecompanyapartments.com/locations/orange-county/newport-beach/colony-at-fashion-island.html,Community-qualified native unit identity prevents cross-community collisions.,investigations/2026-08-01-consolidated-canary/ADAPTER_DATA_QUALITY_FINDINGS.md,1590,ma_poc/tests/pms/adapters/test_irvine_identity.py
30,"Irvine values are clean, but `unitID` is not a community-unique key",confirmed_remediated,complete_13_property_cohort,affected,irvine,16758,Sonoma at Oak Creek,700 Sonoma Aisle,Irvine,CA,92618,https://www.irvinecompanyapartments.com/locations/orange-county/irvine/oak-creek/sonoma.html,Community-qualified native unit identity prevents cross-community collisions.,investigations/2026-08-01-consolidated-canary/ADAPTER_DATA_QUALITY_FINDINGS.md,1590,ma_poc/tests/pms/adapters/test_irvine_identity.py
30,"Irvine values are clean, but `unitID` is not a community-unique key",confirmed_remediated,complete_13_property_cohort,affected,irvine,16796,Santa Rosa,500 Cardiff,Irvine,CA,92606,https://www.irvinecompanyapartments.com/locations/orange-county/irvine/westpark/santa-rosa.html,Community-qualified native unit identity prevents cross-community collisions.,investigations/2026-08-01-consolidated-canary/ADAPTER_DATA_QUALITY_FINDINGS.md,1590,ma_poc/tests/pms/adapters/test_irvine_identity.py
30,"Irvine values are clean, but `unitID` is not a community-unique key",confirmed_remediated,complete_13_property_cohort,affected,irvine,17102,Woodbridge Willows,344 Knollglen,Irvine,CA,92614,https://www.irvinecompanyapartments.com/locations/orange-county/irvine/woodbridge/woodbridge-willows.html,Community-qualified native unit identity prevents cross-community collisions.,investigations/2026-08-01-consolidated-canary/ADAPTER_DATA_QUALITY_FINDINGS.md,1590,ma_poc/tests/pms/adapters/test_irvine_identity.py
30,"Irvine values are clean, but `unitID` is not a community-unique key",confirmed_remediated,complete_13_property_cohort,affected,irvine,17178,Oak Glen,100 Oak Glen,Irvine,CA,92618,https://www.irvinecompanyapartments.com/locations/orange-county/irvine/oak-creek/oak-glen.html,Community-qualified native unit identity prevents cross-community collisions.,investigations/2026-08-01-consolidated-canary/ADAPTER_DATA_QUALITY_FINDINGS.md,1590,ma_poc/tests/pms/adapters/test_irvine_identity.py
30,"Irvine values are clean, but `unitID` is not a community-unique key",confirmed_remediated,complete_13_property_cohort,affected,irvine,17320,The Villas of Renaissance,5280 Fiore Terrace,San Diego,CA,92122,https://www.irvinecompanyapartments.com/communities/the-villas-of-renaissance,Community-qualified native unit identity prevents cross-community collisions.,investigations/2026-08-01-consolidated-canary/ADAPTER_DATA_QUALITY_FINDINGS.md,1590,ma_poc/tests/pms/adapters/test_irvine_identity.py
30,"Irvine values are clean, but `unitID` is not a community-unique key",confirmed_remediated,complete_13_property_cohort,affected,irvine,26901,Bordeaux,1 Ambroise,Newport Beach,CA,92657,https://www.irvinecompanyapartments.com/communities/bordeaux,Community-qualified native unit identity prevents cross-community collisions.,investigations/2026-08-01-consolidated-canary/ADAPTER_DATA_QUALITY_FINDINGS.md,1590,ma_poc/tests/pms/adapters/test_irvine_identity.py
30,"Irvine values are clean, but `unitID` is not a community-unique key",confirmed_remediated,complete_13_property_cohort,affected,irvine,32561,Pacific View,5162 Whitman Way,Carlsbad,CA,92008,https://www.irvinecompanyapartments.com/locations/san-diego/carlsbad/pacific-view.html,Community-qualified native unit identity prevents cross-community collisions.,investigations/2026-08-01-consolidated-canary/ADAPTER_DATA_QUALITY_FINDINGS.md,1590,ma_poc/tests/pms/adapters/test_irvine_identity.py
30,"Irvine values are clean, but `unitID` is not a community-unique key",confirmed_remediated,complete_13_property_cohort,affected,irvine,34548,Marbella,2504 Marron Rd,Carlsbad,CA,92010,https://www.irvinecompanyapartments.com/communities/marbella/,Community-qualified native unit identity prevents cross-community collisions.,investigations/2026-08-01-consolidated-canary/ADAPTER_DATA_QUALITY_FINDINGS.md,1590,ma_poc/tests/pms/adapters/test_irvine_identity.py
30,"Irvine values are clean, but `unitID` is not a community-unique key",confirmed_remediated,complete_13_property_cohort,affected,irvine,230542,Santa Clara Square,3320 Montgomery Dr,Santa Clara,CA,95054,https://www.irvinecompanyapartments.com/locations/northern-california/santa-clara/santa-clara-square.html,Community-qualified native unit identity prevents cross-community collisions.,investigations/2026-08-01-consolidated-canary/ADAPTER_DATA_QUALITY_FINDINGS.md,1590,ma_poc/tests/pms/adapters/test_irvine_identity.py
30,"Irvine values are clean, but `unitID` is not a community-unique key",confirmed_remediated,complete_13_property_cohort,affected,irvine,231107,Crescent Village - Verona,401 River Oaks Pkwy,San Jose,CA,95134,www.irvinecompanyapartments.com/communities/crescent-village,Community-qualified native unit identity prevents cross-community collisions.,investigations/2026-08-01-consolidated-canary/ADAPTER_DATA_QUALITY_FINDINGS.md,1590,ma_poc/tests/pms/adapters/test_irvine_identity.py
30,"Irvine values are clean, but `unitID` is not a community-unique key",confirmed_remediated,complete_13_property_cohort,affected,irvine,263158,Promenade at Irvine Spectrum,1100 Perlita,Irvine,CA,92618,https://www.irvinecompanyapartments.com/locations/orange-county/irvine/spectrum/promenade-at-spectrum.html,Community-qualified native unit identity prevents cross-community collisions.,investigations/2026-08-01-consolidated-canary/ADAPTER_DATA_QUALITY_FINDINGS.md,1590,ma_poc/tests/pms/adapters/test_irvine_identity.py
31,AMLI admits submarket siblings and drops exact target-unit fields,confirmed_remediated,complete_11_property_audit_cohort,affected,amli,37386,AMLI Quadrangle,2717 Howell St,Dallas,TX,75204,https://www.amli.com/apartments/dallas/downtown-dallas-apartments/amli-quadrangle,Only target-property AMLI units are admitted and exact unit fields survive.,investigations/2026-08-01-consolidated-canary/ADAPTER_DATA_QUALITY_FINDINGS.md,1682,ma_poc/tests/pms/adapters/test_amli_property_binding.py
31,AMLI admits submarket siblings and drops exact target-unit fields,confirmed_remediated,complete_11_property_audit_cohort,affected,amli,40193,AMLI South Shore,1620 E Riverside Dr,Austin,TX,78741,https://www.amli.com/apartments/austin/downtown-austin-apartments/amli-south-shore,Only target-property AMLI units are admitted and exact unit fields survive.,investigations/2026-08-01-consolidated-canary/ADAPTER_DATA_QUALITY_FINDINGS.md,1682,ma_poc/tests/pms/adapters/test_amli_property_binding.py
31,AMLI admits submarket siblings and drops exact target-unit fields,confirmed_remediated,complete_11_property_audit_cohort,affected,amli,54553,AMLI Evanston,737 Chicago Ave,Evanston,IL,60202,https://www.amli.com/apartments/chicago/near-north-suburbs-apartments/amli-evanston,Only target-property AMLI units are admitted and exact unit fields survive.,investigations/2026-08-01-consolidated-canary/ADAPTER_DATA_QUALITY_FINDINGS.md,1682,ma_poc/tests/pms/adapters/test_amli_property_binding.py
31,AMLI admits submarket siblings and drops exact target-unit fields,confirmed_remediated,complete_11_property_audit_cohort,affected,amli,61548,AMLI Dadeland,8250 SW 72nd Ct,Miami,FL,33143,https://www.amli.com/apartments/southeast-florida/dadeland-apartments/amli-dadeland,Only target-property AMLI units are admitted and exact unit fields survive.,investigations/2026-08-01-consolidated-canary/ADAPTER_DATA_QUALITY_FINDINGS.md,1682,ma_poc/tests/pms/adapters/test_amli_property_binding.py
31,AMLI admits submarket siblings and drops exact target-unit fields,confirmed_remediated,complete_11_property_audit_cohort,affected,amli,62778,AMLI Dry Creek,7471 S Clinton St,Englewood,CO,80112,https://www.amli.com/apartments/denver/englewood-centennial-apartments/amli-dry-creek,Only target-property AMLI units are admitted and exact unit fields survive.,investigations/2026-08-01-consolidated-canary/ADAPTER_DATA_QUALITY_FINDINGS.md,1682,ma_poc/tests/pms/adapters/test_amli_property_binding.py
31,AMLI admits submarket siblings and drops exact target-unit fields,confirmed_remediated,complete_11_property_audit_cohort,affected,amli,66940,AMLI Riverfront Green,1750 Little Raven St,Denver,CO,80202,https://www.amli.com/apartments/denver/lodo-apartments/amli-riverfront-green,Only target-property AMLI units are admitted and exact unit fields survive.,investigations/2026-08-01-consolidated-canary/ADAPTER_DATA_QUALITY_FINDINGS.md,1682,ma_poc/tests/pms/adapters/test_amli_property_binding.py
31,AMLI admits submarket siblings and drops exact target-unit fields,confirmed_remediated,complete_11_property_audit_cohort,affected,amli,68148,AMLI Midtown 29,180 NE 29th St,Miami,FL,33137,https://www.amli.com/apartments/southeast-florida/miami-apartments/amli-midtown-29,Only target-property AMLI units are admitted and exact unit fields survive.,investigations/2026-08-01-consolidated-canary/ADAPTER_DATA_QUALITY_FINDINGS.md,1682,ma_poc/tests/pms/adapters/test_amli_property_binding.py
31,AMLI admits submarket siblings and drops exact target-unit fields,confirmed_remediated,complete_11_property_audit_cohort,affected,amli,237704,AMLI on Aldrich,2401 Aldrich St,Austin,TX,78723,https://www.amli.com/apartments/austin/mueller-apartments/amli-on-aldrich,Only target-property AMLI units are admitted and exact unit fields survive.,investigations/2026-08-01-consolidated-canary/ADAPTER_DATA_QUALITY_FINDINGS.md,1682,ma_poc/tests/pms/adapters/test_amli_property_binding.py
31,AMLI admits submarket siblings and drops exact target-unit fields,confirmed_remediated,complete_11_property_audit_cohort,affected,amli,239952,AMLI Toscana Place,5971 Toscana Dr,Davie,FL,33314,https://www.amli.com/apartments/southeast-florida/fort-lauderdale-apartments/amli-toscana-place,Only target-property AMLI units are admitted and exact unit fields survive.,investigations/2026-08-01-consolidated-canary/ADAPTER_DATA_QUALITY_FINDINGS.md,1682,ma_poc/tests/pms/adapters/test_amli_property_binding.py
31,AMLI admits submarket siblings and drops exact target-unit fields,confirmed_remediated,complete_11_property_audit_cohort,affected,amli,242191,AMLI West Loop,205 S Peoria St,Chicago,IL,60607,https://www.amli.com/apartments/chicago/west-loop-apartments/amli-west-loop,Only target-property AMLI units are admitted and exact unit fields survive.,investigations/2026-08-01-consolidated-canary/ADAPTER_DATA_QUALITY_FINDINGS.md,1682,ma_poc/tests/pms/adapters/test_amli_property_binding.py
31,AMLI admits submarket siblings and drops exact target-unit fields,confirmed_remediated,complete_11_property_audit_cohort,affected,amli,261770,AMLI Broadway Park,357 S Bannock St,Denver,CO,80223,https://www.amli.com/apartments/denver/broadway-park-apartments/amli-broadway-park,Only target-property AMLI units are admitted and exact unit fields survive.,investigations/2026-08-01-consolidated-canary/ADAPTER_DATA_QUALITY_FINDINGS.md,1682,ma_poc/tests/pms/adapters/test_amli_property_binding.py
32,"On-Site kept rows and dates but lost baths, plans, and canonical ID",confirmed_remediated,deterministic_july_success_superset_plus_current_no_link_controls,affected,onsite_apply,1165,Tustin View,2002 & 2010 N Ponderosa St,Santa Ana,CA,92705,https://www.allenproperties.net/tustin-view-santa-ana-ca/,"Native On-Site ID, baths, exact proven plan, dates, and property binding survive.",investigations/2026-08-01-consolidated-canary/ADAPTER_DATA_QUALITY_FINDINGS.md,1784,ma_poc/tests/pms/adapters/test_onsite_apply.py
32,"On-Site kept rows and dates but lost baths, plans, and canonical ID",confirmed_remediated,deterministic_july_success_superset_plus_current_no_link_controls,affected,onsite_apply,4724,MiraBella,40300 Washington St,Bermuda Dunes,CA,92203,www.mirabellalifestyle.com,"Native On-Site ID, baths, exact proven plan, dates, and property binding survive.",investigations/2026-08-01-consolidated-canary/ADAPTER_DATA_QUALITY_FINDINGS.md,1784,ma_poc/tests/pms/adapters/test_onsite_apply.py
32,"On-Site kept rows and dates but lost baths, plans, and canonical ID",confirmed_remediated,deterministic_july_success_superset_plus_current_no_link_controls,affected,onsite_apply,12927,Wyvernwood Garden,2901 E Olympic Blvd,Los Angeles,CA,90023,http://www.wyvernwoodla.com,"Native On-Site ID, baths, exact proven plan, dates, and property binding survive.",investigations/2026-08-01-consolidated-canary/ADAPTER_DATA_QUALITY_FINDINGS.md,1784,ma_poc/tests/pms/adapters/test_onsite_apply.py
32,"On-Site kept rows and dates but lost baths, plans, and canonical ID",confirmed_remediated,deterministic_july_success_superset_plus_current_no_link_controls,affected,onsite_apply,15361,Hidden Springs,5220 Pearblossom Dr,Riverside,CA,92507,https://www.allenproperties.net/hidden-springs-riverside-ca/floorplans,"Native On-Site ID, baths, exact proven plan, dates, and property binding survive.",investigations/2026-08-01-consolidated-canary/ADAPTER_DATA_QUALITY_FINDINGS.md,1784,ma_poc/tests/pms/adapters/test_onsite_apply.py
32,"On-Site kept rows and dates but lost baths, plans, and canonical ID",confirmed_remediated,deterministic_july_success_superset_plus_current_no_link_controls,affected,onsite_apply,16101,Park Place Townhomes,1005 S Gilbert St,Hemet,CA,92543,https://www.allenproperties.net/parkplacetownhomes-hemet-ca,"Native On-Site ID, baths, exact proven plan, dates, and property binding survive.",investigations/2026-08-01-consolidated-canary/ADAPTER_DATA_QUALITY_FINDINGS.md,1784,ma_poc/tests/pms/adapters/test_onsite_apply.py
32,"On-Site kept rows and dates but lost baths, plans, and canonical ID",confirmed_remediated,deterministic_july_success_superset_plus_current_no_link_controls,affected,onsite_apply,16198,Rose Luxury Apartments,10853 Rose Ave,Los Angeles,CA,90034,https://www.theroseapts.com/,"Native On-Site ID, baths, exact proven plan, dates, and property binding survive.",investigations/2026-08-01-consolidated-canary/ADAPTER_DATA_QUALITY_FINDINGS.md,1784,ma_poc/tests/pms/adapters/test_onsite_apply.py
32,"On-Site kept rows and dates but lost baths, plans, and canonical ID",confirmed_remediated,deterministic_july_success_superset_plus_current_no_link_controls,affected,onsite_apply,16953,Serrano Highlands,25421 Alta Loma,Lake Forest,CA,92630,https://www.serranohighlandsapts.com/,"Native On-Site ID, baths, exact proven plan, dates, and property binding survive.",investigations/2026-08-01-consolidated-canary/ADAPTER_DATA_QUALITY_FINDINGS.md,1784,ma_poc/tests/pms/adapters/test_onsite_apply.py
32,"On-Site kept rows and dates but lost baths, plans, and canonical ID",confirmed_remediated,deterministic_july_success_superset_plus_current_no_link_controls,affected,onsite_apply,17161,Monterey Villas,7000 La Praix St,Highland,CA,92346,https://www.allenproperties.net/monterey-villas-highland-ca/,"Native On-Site ID, baths, exact proven plan, dates, and property binding survive.",investigations/2026-08-01-consolidated-canary/ADAPTER_DATA_QUALITY_FINDINGS.md,1784,ma_poc/tests/pms/adapters/test_onsite_apply.py
32,"On-Site kept rows and dates but lost baths, plans, and canonical ID",confirmed_remediated,deterministic_july_success_superset_plus_current_no_link_controls,affected,onsite_apply,17541,Greentree Gardens,2618 Flint Way,San Bernardino,CA,92408,https://www.allenproperties.net/greentree-gardens-san-bernardino-ca/,"Native On-Site ID, baths, exact proven plan, dates, and property binding survive.",investigations/2026-08-01-consolidated-canary/ADAPTER_DATA_QUALITY_FINDINGS.md,1784,ma_poc/tests/pms/adapters/test_onsite_apply.py
32,"On-Site kept rows and dates but lost baths, plans, and canonical ID",confirmed_remediated,deterministic_july_success_superset_plus_current_no_link_controls,affected,onsite_apply,19108,Canopy,923 112th St SW,Everett,WA,98204,https://www.canopyeverett.com/,"Native On-Site ID, baths, exact proven plan, dates, and property binding survive.",investigations/2026-08-01-consolidated-canary/ADAPTER_DATA_QUALITY_FINDINGS.md,1784,ma_poc/tests/pms/adapters/test_onsite_apply.py
32,"On-Site kept rows and dates but lost baths, plans, and canonical ID",confirmed_remediated,deterministic_july_success_superset_plus_current_no_link_controls,affected,onsite_apply,20349,Loma Palisades,2799 Adrian St,San Diego,CA,92110,http://www.lomapalisades.com/,"Native On-Site ID, baths, exact proven plan, dates, and property binding survive.",investigations/2026-08-01-consolidated-canary/ADAPTER_DATA_QUALITY_FINDINGS.md,1784,ma_poc/tests/pms/adapters/test_onsite_apply.py
32,"On-Site kept rows and dates but lost baths, plans, and canonical ID",confirmed_remediated,deterministic_july_success_superset_plus_current_no_link_controls,affected,onsite_apply,21169,Montebello at Summit Ridge,5200 Summit Ridge Dr,Reno,NV,89523,https://www.montebelloatsummitridge.com/,"Native On-Site ID, baths, exact proven plan, dates, and property binding survive.",investigations/2026-08-01-consolidated-canary/ADAPTER_DATA_QUALITY_FINDINGS.md,1784,ma_poc/tests/pms/adapters/test_onsite_apply.py
32,"On-Site kept rows and dates but lost baths, plans, and canonical ID",confirmed_remediated,deterministic_july_success_superset_plus_current_no_link_controls,affected,onsite_apply,23306,Villas Willow Glen,850 Meridian Way,San Jose,CA,95126,www.villaswillowglen.com,"Native On-Site ID, baths, exact proven plan, dates, and property binding survive.",investigations/2026-08-01-consolidated-canary/ADAPTER_DATA_QUALITY_FINDINGS.md,1784,ma_poc/tests/pms/adapters/test_onsite_apply.py
32,"On-Site kept rows and dates but lost baths, plans, and canonical ID",confirmed_remediated,deterministic_july_success_superset_plus_current_no_link_controls,affected,onsite_apply,26946,Bermuda Terrace,9850 Bermuda Rd,Las Vegas,NV,89183,www.bermudaterraceapts.com,"Native On-Site ID, baths, exact proven plan, dates, and property binding survive.",investigations/2026-08-01-consolidated-canary/ADAPTER_DATA_QUALITY_FINDINGS.md,1784,ma_poc/tests/pms/adapters/test_onsite_apply.py
32,"On-Site kept rows and dates but lost baths, plans, and canonical ID",confirmed_remediated,deterministic_july_success_superset_plus_current_no_link_controls,affected,onsite_apply,27161,Huntington Gardens,4901 Heil Ave,Huntington Beach,CA,92649,https://www.allenproperties.net/huntington-gardens-huntington-beach-ca/,"Native On-Site ID, baths, exact proven plan, dates, and property binding survive.",investigations/2026-08-01-consolidated-canary/ADAPTER_DATA_QUALITY_FINDINGS.md,1784,ma_poc/tests/pms/adapters/test_onsite_apply.py
32,"On-Site kept rows and dates but lost baths, plans, and canonical ID",confirmed_remediated,deterministic_july_success_superset_plus_current_no_link_controls,affected,onsite_apply,28372,Las Ventanas,3819 Vineyard Ave,Pleasanton,CA,94566,www.lasventanasapt.com,"Native On-Site ID, baths, exact proven plan, dates, and property binding survive.",investigations/2026-08-01-consolidated-canary/ADAPTER_DATA_QUALITY_FINDINGS.md,1784,ma_poc/tests/pms/adapters/test_onsite_apply.py
32,"On-Site kept rows and dates but lost baths, plans, and canonical ID",confirmed_remediated,deterministic_july_success_superset_plus_current_no_link_controls,affected,onsite_apply,28386,Greenback Ridge,7566 Greenback Ln,Citrus Heights,CA,95610,www.thegreenbackridge.com,"Native On-Site ID, baths, exact proven plan, dates, and property binding survive.",investigations/2026-08-01-consolidated-canary/ADAPTER_DATA_QUALITY_FINDINGS.md,1784,ma_poc/tests/pms/adapters/test_onsite_apply.py
32,"On-Site kept rows and dates but lost baths, plans, and canonical ID",confirmed_remediated,deterministic_july_success_superset_plus_current_no_link_controls,affected,onsite_apply,28538,The Mark,24650 Amador St,Hayward,CA,94544,https://www.experiencethemark.com/,"Native On-Site ID, baths, exact proven plan, dates, and property binding survive.",investigations/2026-08-01-consolidated-canary/ADAPTER_DATA_QUALITY_FINDINGS.md,1784,ma_poc/tests/pms/adapters/test_onsite_apply.py
32,"On-Site kept rows and dates but lost baths, plans, and canonical ID",confirmed_remediated,deterministic_july_success_superset_plus_current_no_link_controls,affected,onsite_apply,28696,Ellinwood,400 Longbrook Way,Pleasant Hill,CA,94523,https://www.ellinwoodapartments.com/,"Native On-Site ID, baths, exact proven plan, dates, and property binding survive.",investigations/2026-08-01-consolidated-canary/ADAPTER_DATA_QUALITY_FINDINGS.md,1784,ma_poc/tests/pms/adapters/test_onsite_apply.py
32,"On-Site kept rows and dates but lost baths, plans, and canonical ID",confirmed_remediated,deterministic_july_success_superset_plus_current_no_link_controls,affected,onsite_apply,28728,ArtHaus Central,544 Central Ave,Alameda,CA,94501,https://www.arthauscentral.mov/,"Native On-Site ID, baths, exact proven plan, dates, and property binding survive.",investigations/2026-08-01-consolidated-canary/ADAPTER_DATA_QUALITY_FINDINGS.md,1784,ma_poc/tests/pms/adapters/test_onsite_apply.py
32,"On-Site kept rows and dates but lost baths, plans, and canonical ID",confirmed_remediated,deterministic_july_success_superset_plus_current_no_link_controls,affected,onsite_apply,33318,Riverstone,7459 Rush River Dr,Sacramento,CA,95831,http://www.riverstoneaptliving.com/,"Native On-Site ID, baths, exact proven plan, dates, and property binding survive.",investigations/2026-08-01-consolidated-canary/ADAPTER_DATA_QUALITY_FINDINGS.md,1784,ma_poc/tests/pms/adapters/test_onsite_apply.py
32,"On-Site kept rows and dates but lost baths, plans, and canonical ID",confirmed_remediated,deterministic_july_success_superset_plus_current_no_link_controls,affected,onsite_apply,34275,Bella Rose,4900 Canada Valley Rd,Antioch,CA,94531,www.bellaroseapts.com,"Native On-Site ID, baths, exact proven plan, dates, and property binding survive.",investigations/2026-08-01-consolidated-canary/ADAPTER_DATA_QUALITY_FINDINGS.md,1784,ma_poc/tests/pms/adapters/test_onsite_apply.py
32,"On-Site kept rows and dates but lost baths, plans, and canonical ID",confirmed_remediated,deterministic_july_success_superset_plus_current_no_link_controls,affected,onsite_apply,37577,Siena Villas,9130 Nolan St,Elk Grove,CA,95758,https://www.sienavillaapartment.com/,"Native On-Site ID, baths, exact proven plan, dates, and property binding survive.",investigations/2026-08-01-consolidated-canary/ADAPTER_DATA_QUALITY_FINDINGS.md,1784,ma_poc/tests/pms/adapters/test_onsite_apply.py
32,"On-Site kept rows and dates but lost baths, plans, and canonical ID",confirmed_remediated,deterministic_july_success_superset_plus_current_no_link_controls,affected,onsite_apply,37712,The Enclave,507 NE Northgate Way,Seattle,WA,98125,https://www.enclavenorthgate.com/,"Native On-Site ID, baths, exact proven plan, dates, and property binding survive.",investigations/2026-08-01-consolidated-canary/ADAPTER_DATA_QUALITY_FINDINGS.md,1784,ma_poc/tests/pms/adapters/test_onsite_apply.py
32,"On-Site kept rows and dates but lost baths, plans, and canonical ID",confirmed_remediated,deterministic_july_success_superset_plus_current_no_link_controls,affected,onsite_apply,39387,High Rock 5300,5300 Los Altos Pkwy,Sparks,NV,89436,www.highrock5300.com,"Native On-Site ID, baths, exact proven plan, dates, and property binding survive.",investigations/2026-08-01-consolidated-canary/ADAPTER_DATA_QUALITY_FINDINGS.md,1784,ma_poc/tests/pms/adapters/test_onsite_apply.py
32,"On-Site kept rows and dates but lost baths, plans, and canonical ID",confirmed_remediated,deterministic_july_success_superset_plus_current_no_link_controls,affected,onsite_apply,41973,Rosewood Park,4500 Mira Loma Dr,Reno,NV,89502,http://www.rosewoodparkreno.com/,"Native On-Site ID, baths, exact proven plan, dates, and property binding survive.",investigations/2026-08-01-consolidated-canary/ADAPTER_DATA_QUALITY_FINDINGS.md,1784,ma_poc/tests/pms/adapters/test_onsite_apply.py
32,"On-Site kept rows and dates but lost baths, plans, and canonical ID",confirmed_remediated,deterministic_july_success_superset_plus_current_no_link_controls,affected,onsite_apply,44765,Aero Place Apartments,3885 Lakehurst Drive,Colorado Springs,CO,80916,https://www.aeroplaceliving.com/,"Native On-Site ID, baths, exact proven plan, dates, and property binding survive.",investigations/2026-08-01-consolidated-canary/ADAPTER_DATA_QUALITY_FINDINGS.md,1784,ma_poc/tests/pms/adapters/test_onsite_apply.py
32,"On-Site kept rows and dates but lost baths, plans, and canonical ID",confirmed_remediated,deterministic_july_success_superset_plus_current_no_link_controls,affected,onsite_apply,46561,Preserve at Creekside,1299 Antelope Creek Dr,Roseville,CA,95678,http://www.thepreserveatcreeksideapts.com/,"Native On-Site ID, baths, exact proven plan, dates, and property binding survive.",investigations/2026-08-01-consolidated-canary/ADAPTER_DATA_QUALITY_FINDINGS.md,1784,ma_poc/tests/pms/adapters/test_onsite_apply.py
32,"On-Site kept rows and dates but lost baths, plans, and canonical ID",confirmed_remediated,deterministic_july_success_superset_plus_current_no_link_controls,affected,onsite_apply,52967,Seville at Mace Ranch,4501 Alhambra Dr,Davis,CA,95618,http://www.liveattheseville.com/,"Native On-Site ID, baths, exact proven plan, dates, and property binding survive.",investigations/2026-08-01-consolidated-canary/ADAPTER_DATA_QUALITY_FINDINGS.md,1784,ma_poc/tests/pms/adapters/test_onsite_apply.py
32,"On-Site kept rows and dates but lost baths, plans, and canonical ID",confirmed_remediated,deterministic_july_success_superset_plus_current_no_link_controls,affected,onsite_apply,55194,Village,3661 River Rd N,Keizer,OR,97303,https://www.thevillagekeizer.com/,"Native On-Site ID, baths, exact proven plan, dates, and property binding survive.",investigations/2026-08-01-consolidated-canary/ADAPTER_DATA_QUALITY_FINDINGS.md,1784,ma_poc/tests/pms/adapters/test_onsite_apply.py
32,"On-Site kept rows and dates but lost baths, plans, and canonical ID",confirmed_remediated,deterministic_july_success_superset_plus_current_no_link_controls,affected,onsite_apply,57918,Chandler,6767 W Windmill Ln,Las Vegas,NV,89139,http://www.chandlerapthomes.com/,"Native On-Site ID, baths, exact proven plan, dates, and property binding survive.",investigations/2026-08-01-consolidated-canary/ADAPTER_DATA_QUALITY_FINDINGS.md,1784,ma_poc/tests/pms/adapters/test_onsite_apply.py
32,"On-Site kept rows and dates but lost baths, plans, and canonical ID",confirmed_remediated,deterministic_july_success_superset_plus_current_no_link_controls,affected,onsite_apply,58341,Heritage Park,1818 Evergreen Park Dr SW,Olympia,WA,98502,http://heritageparkolympia.com/,"Native On-Site ID, baths, exact proven plan, dates, and property binding survive.",investigations/2026-08-01-consolidated-canary/ADAPTER_DATA_QUALITY_FINDINGS.md,1784,ma_poc/tests/pms/adapters/test_onsite_apply.py
32,"On-Site kept rows and dates but lost baths, plans, and canonical ID",confirmed_remediated,deterministic_july_success_superset_plus_current_no_link_controls,affected,onsite_apply,62178,Bungalows,9755 Silver Sky Pkwy,Reno,NV,89506,https://thebungalowsatskyvista.com/,"Native On-Site ID, baths, exact proven plan, dates, and property binding survive.",investigations/2026-08-01-consolidated-canary/ADAPTER_DATA_QUALITY_FINDINGS.md,1784,ma_poc/tests/pms/adapters/test_onsite_apply.py
32,"On-Site kept rows and dates but lost baths, plans, and canonical ID",confirmed_remediated,deterministic_july_success_superset_plus_current_no_link_controls,affected,onsite_apply,63933,Vercanta Riverfront,4949 S Landing Dr,Portland,OR,97239,http://www.oxbow49.com/,"Native On-Site ID, baths, exact proven plan, dates, and property binding survive.",investigations/2026-08-01-consolidated-canary/ADAPTER_DATA_QUALITY_FINDINGS.md,1784,ma_poc/tests/pms/adapters/test_onsite_apply.py
32,"On-Site kept rows and dates but lost baths, plans, and canonical ID",confirmed_remediated,deterministic_july_success_superset_plus_current_no_link_controls,affected,onsite_apply,64618,70 Pine,70 Pine St,New York,NY,10005,http://www.70pine.com/,"Native On-Site ID, baths, exact proven plan, dates, and property binding survive.",investigations/2026-08-01-consolidated-canary/ADAPTER_DATA_QUALITY_FINDINGS.md,1784,ma_poc/tests/pms/adapters/test_onsite_apply.py
32,"On-Site kept rows and dates but lost baths, plans, and canonical ID",confirmed_remediated,deterministic_july_success_superset_plus_current_no_link_controls,affected,onsite_apply,65134,Garnet Creek,5002 Jewel St,Rocklin,CA,95677,http://www.garnetcreekapts.com/,"Native On-Site ID, baths, exact proven plan, dates, and property binding survive.",investigations/2026-08-01-consolidated-canary/ADAPTER_DATA_QUALITY_FINDINGS.md,1784,ma_poc/tests/pms/adapters/test_onsite_apply.py
32,"On-Site kept rows and dates but lost baths, plans, and canonical ID",confirmed_remediated,deterministic_july_success_superset_plus_current_no_link_controls,affected,onsite_apply,69323,Fusion 355,355 Eldorado Blvd,Broomfield,CO,80021,https://www.fusion355.com/,"Native On-Site ID, baths, exact proven plan, dates, and property binding survive.",investigations/2026-08-01-consolidated-canary/ADAPTER_DATA_QUALITY_FINDINGS.md,1784,ma_poc/tests/pms/adapters/test_onsite_apply.py
32,"On-Site kept rows and dates but lost baths, plans, and canonical ID",confirmed_remediated,deterministic_july_success_superset_plus_current_no_link_controls,affected,onsite_apply,71651,Waterfront at the Marina,375 Harbour Cove Dr,Sparks,NV,89434,http://www.waterfrontmarinaliving.com/,"Native On-Site ID, baths, exact proven plan, dates, and property binding survive.",investigations/2026-08-01-consolidated-canary/ADAPTER_DATA_QUALITY_FINDINGS.md,1784,ma_poc/tests/pms/adapters/test_onsite_apply.py
32,"On-Site kept rows and dates but lost baths, plans, and canonical ID",confirmed_remediated,deterministic_july_success_superset_plus_current_no_link_controls,affected,onsite_apply,72192,Autumn Oaks,1400 Humphrey Dr,Suisun City,CA,94585,https://www.liveatautumnoaks.com/,"Native On-Site ID, baths, exact proven plan, dates, and property binding survive.",investigations/2026-08-01-consolidated-canary/ADAPTER_DATA_QUALITY_FINDINGS.md,1784,ma_poc/tests/pms/adapters/test_onsite_apply.py
32,"On-Site kept rows and dates but lost baths, plans, and canonical ID",confirmed_remediated,deterministic_july_success_superset_plus_current_no_link_controls,affected,onsite_apply,72374,Alderwood Park,277 Junction Ave,Livermore,CA,94551,https://www.alderwoodparkaptliving.com/,"Native On-Site ID, baths, exact proven plan, dates, and property binding survive.",investigations/2026-08-01-consolidated-canary/ADAPTER_DATA_QUALITY_FINDINGS.md,1784,ma_poc/tests/pms/adapters/test_onsite_apply.py
32,"On-Site kept rows and dates but lost baths, plans, and canonical ID",confirmed_remediated,deterministic_july_success_superset_plus_current_no_link_controls,affected,onsite_apply,74193,Summerhill Terrace,15267 Hesperian Blvd,San Leandro,CA,94578,https://www.summerhillterraceaptliving.com/,"Native On-Site ID, baths, exact proven plan, dates, and property binding survive.",investigations/2026-08-01-consolidated-canary/ADAPTER_DATA_QUALITY_FINDINGS.md,1784,ma_poc/tests/pms/adapters/test_onsite_apply.py
32,"On-Site kept rows and dates but lost baths, plans, and canonical ID",confirmed_remediated,deterministic_july_success_superset_plus_current_no_link_controls,affected,onsite_apply,78373,Fenway Apartments,7112 Fenway Dr,Westminster,CA,92683,https://www.allenproperties.net/fenway-apartments-westminster-ca/,"Native On-Site ID, baths, exact proven plan, dates, and property binding survive.",investigations/2026-08-01-consolidated-canary/ADAPTER_DATA_QUALITY_FINDINGS.md,1784,ma_poc/tests/pms/adapters/test_onsite_apply.py
32,"On-Site kept rows and dates but lost baths, plans, and canonical ID",confirmed_remediated,deterministic_july_success_superset_plus_current_no_link_controls,affected,onsite_apply,224538,The Toluca Lofts,4605 Cahuenga Blvd,Toluca Lake,CA,91602,http://www.tolucalofts.com/index.aspx,"Native On-Site ID, baths, exact proven plan, dates, and property binding survive.",investigations/2026-08-01-consolidated-canary/ADAPTER_DATA_QUALITY_FINDINGS.md,1784,ma_poc/tests/pms/adapters/test_onsite_apply.py
32,"On-Site kept rows and dates but lost baths, plans, and canonical ID",confirmed_remediated,deterministic_july_success_superset_plus_current_no_link_controls,affected,onsite_apply,227366,Stazione:25,2715 25th Ave S,Seattle,WA,98144,https://www.stazione25.com/,"Native On-Site ID, baths, exact proven plan, dates, and property binding survive.",investigations/2026-08-01-consolidated-canary/ADAPTER_DATA_QUALITY_FINDINGS.md,1784,ma_poc/tests/pms/adapters/test_onsite_apply.py
32,"On-Site kept rows and dates but lost baths, plans, and canonical ID",confirmed_remediated,deterministic_july_success_superset_plus_current_no_link_controls,affected,onsite_apply,246304,Vista Creek Apartments,22432 Center St,Castro Valley,CA,94546,https://www.vistacreekaptliving.com/,"Native On-Site ID, baths, exact proven plan, dates, and property binding survive.",investigations/2026-08-01-consolidated-canary/ADAPTER_DATA_QUALITY_FINDINGS.md,1784,ma_poc/tests/pms/adapters/test_onsite_apply.py
32,"On-Site kept rows and dates but lost baths, plans, and canonical ID",confirmed_remediated,deterministic_july_success_superset_plus_current_no_link_controls,affected,onsite_apply,250342,Station House,16550 NE 79th St,Redmond,WA,98052,https://www.stationhouseredmond.com/,"Native On-Site ID, baths, exact proven plan, dates, and property binding survive.",investigations/2026-08-01-consolidated-canary/ADAPTER_DATA_QUALITY_FINDINGS.md,1784,ma_poc/tests/pms/adapters/test_onsite_apply.py
32,"On-Site kept rows and dates but lost baths, plans, and canonical ID",confirmed_remediated,deterministic_july_success_superset_plus_current_no_link_controls,affected,onsite_apply,253383,Pullman Lofts,755 Wilson St,Santa Rosa,CA,95401,https://www.pullmansantarosa.com/,"Native On-Site ID, baths, exact proven plan, dates, and property binding survive.",investigations/2026-08-01-consolidated-canary/ADAPTER_DATA_QUALITY_FINDINGS.md,1784,ma_poc/tests/pms/adapters/test_onsite_apply.py
32,"On-Site kept rows and dates but lost baths, plans, and canonical ID",confirmed_remediated,deterministic_july_success_superset_plus_current_no_link_controls,affected,onsite_apply,256972,Pottery Creek,2000 SE Sedgwick Rd,Port Orchard,WA,98366,http://www.potterycreek.com/,"Native On-Site ID, baths, exact proven plan, dates, and property binding survive.",investigations/2026-08-01-consolidated-canary/ADAPTER_DATA_QUALITY_FINDINGS.md,1784,ma_poc/tests/pms/adapters/test_onsite_apply.py
32,"On-Site kept rows and dates but lost baths, plans, and canonical ID",confirmed_remediated,deterministic_july_success_superset_plus_current_no_link_controls,affected,onsite_apply,257779,38 North,1020 Kawana Springs Rd,Santa Rosa,CA,95404,https://www.rent38north.com/?utm_source=apartmentseo&utm_medium=gmb&utm_campaign=organicmaplisting,"Native On-Site ID, baths, exact proven plan, dates, and property binding survive.",investigations/2026-08-01-consolidated-canary/ADAPTER_DATA_QUALITY_FINDINGS.md,1784,ma_poc/tests/pms/adapters/test_onsite_apply.py
32,"On-Site kept rows and dates but lost baths, plans, and canonical ID",confirmed_remediated,deterministic_july_success_superset_plus_current_no_link_controls,affected,onsite_apply,261648,The Larson,3706 Larson Ln W,University Place,WA,98466,https://www.larsonapts.com/,"Native On-Site ID, baths, exact proven plan, dates, and property binding survive.",investigations/2026-08-01-consolidated-canary/ADAPTER_DATA_QUALITY_FINDINGS.md,1784,ma_poc/tests/pms/adapters/test_onsite_apply.py
32,"On-Site kept rows and dates but lost baths, plans, and canonical ID",confirmed_remediated,deterministic_july_success_superset_plus_current_no_link_controls,affected,onsite_apply,262518,Bloom,13120 NE 85th St,Kirkland,WA,98033,https://www.bloomkirkland.com/,"Native On-Site ID, baths, exact proven plan, dates, and property binding survive.",investigations/2026-08-01-consolidated-canary/ADAPTER_DATA_QUALITY_FINDINGS.md,1784,ma_poc/tests/pms/adapters/test_onsite_apply.py
32,"On-Site kept rows and dates but lost baths, plans, and canonical ID",confirmed_remediated,deterministic_july_success_superset_plus_current_no_link_controls,affected,onsite_apply,265383,Monterey Garden,150 W 3rd Ave,San Mateo,CA,94402,https://www.themontereygarden.com/,"Native On-Site ID, baths, exact proven plan, dates, and property binding survive.",investigations/2026-08-01-consolidated-canary/ADAPTER_DATA_QUALITY_FINDINGS.md,1784,ma_poc/tests/pms/adapters/test_onsite_apply.py
32,"On-Site kept rows and dates but lost baths, plans, and canonical ID",confirmed_remediated,deterministic_july_success_superset_plus_current_no_link_controls,affected,onsite_apply,266348,Solasta,7606 Klotz Ranch Ct,Sacramento,CA,95831,https://www.livesolasta.com/,"Native On-Site ID, baths, exact proven plan, dates, and property binding survive.",investigations/2026-08-01-consolidated-canary/ADAPTER_DATA_QUALITY_FINDINGS.md,1784,ma_poc/tests/pms/adapters/test_onsite_apply.py
32,"On-Site kept rows and dates but lost baths, plans, and canonical ID",confirmed_remediated,deterministic_july_success_superset_plus_current_no_link_controls,affected,onsite_apply,274909,The Sinclair II,414 SW Hayworth Dr,Port Orchard,WA,98367,https://www.thesinclair.com/,"Native On-Site ID, baths, exact proven plan, dates, and property binding survive.",investigations/2026-08-01-consolidated-canary/ADAPTER_DATA_QUALITY_FINDINGS.md,1784,ma_poc/tests/pms/adapters/test_onsite_apply.py
32,"On-Site kept rows and dates but lost baths, plans, and canonical ID",confirmed_remediated,deterministic_july_success_superset_plus_current_no_link_controls,affected,onsite_apply,278167,Aspen Vista at Anchor Pointe,548 Aurora Vw Dr,Reno,NV,89506,https://www.aspenvistaliving.com/,"Native On-Site ID, baths, exact proven plan, dates, and property binding survive.",investigations/2026-08-01-consolidated-canary/ADAPTER_DATA_QUALITY_FINDINGS.md,1784,ma_poc/tests/pms/adapters/test_onsite_apply.py
32,"On-Site kept rows and dates but lost baths, plans, and canonical ID",confirmed_remediated,deterministic_july_success_superset_plus_current_no_link_controls,affected,onsite_apply,286725,Kinsley Yards,2801 Grewal Pkwy,Modesto,CA,95356,https://www.kinsleyyardapts.com/,"Native On-Site ID, baths, exact proven plan, dates, and property binding survive.",investigations/2026-08-01-consolidated-canary/ADAPTER_DATA_QUALITY_FINDINGS.md,1784,ma_poc/tests/pms/adapters/test_onsite_apply.py
32,"On-Site kept rows and dates but lost baths, plans, and canonical ID",confirmed_remediated,deterministic_july_success_superset_plus_current_no_link_controls,affected,onsite_apply,290807,Meri Palm Bay,1880 Mogra Cir NE,Palm Bay,FL,32905,https://www.meripalmbay.com/,"Native On-Site ID, baths, exact proven plan, dates, and property binding survive.",investigations/2026-08-01-consolidated-canary/ADAPTER_DATA_QUALITY_FINDINGS.md,1784,ma_poc/tests/pms/adapters/test_onsite_apply.py
32,"On-Site kept rows and dates but lost baths, plans, and canonical ID",confirmed_remediated,deterministic_july_success_superset_plus_current_no_link_controls,affected,onsite_apply,291337,Vasari at Ventana,4800 Citrus Ave,Fontana,CA,92336,https://livingatvasari.com/,"Native On-Site ID, baths, exact proven plan, dates, and property binding survive.",investigations/2026-08-01-consolidated-canary/ADAPTER_DATA_QUALITY_FINDINGS.md,1784,ma_poc/tests/pms/adapters/test_onsite_apply.py
32,"On-Site kept rows and dates but lost baths, plans, and canonical ID",confirmed_remediated,deterministic_july_success_superset_plus_current_no_link_controls,affected,onsite_apply,294552,Red Hawk Laurel Grey,2031 NE Holliday Ave,Bend,OR,97701,https://www.redhawklaurelgrey.com/,"Native On-Site ID, baths, exact proven plan, dates, and property binding survive.",investigations/2026-08-01-consolidated-canary/ADAPTER_DATA_QUALITY_FINDINGS.md,1784,ma_poc/tests/pms/adapters/test_onsite_apply.py
32,"On-Site kept rows and dates but lost baths, plans, and canonical ID",confirmed_remediated,deterministic_july_success_superset_plus_current_no_link_controls,regression_control,onsite_apply,14956,Mill Creek,1823 Stadium Rd,Wharton,TX,77488,https://www.millcreektx.com/,"Native On-Site ID, baths, exact proven plan, dates, and property binding survive.",investigations/2026-08-01-consolidated-canary/ADAPTER_DATA_QUALITY_FINDINGS.md,1784,ma_poc/tests/pms/adapters/test_onsite_apply.py
32,"On-Site kept rows and dates but lost baths, plans, and canonical ID",confirmed_remediated,deterministic_july_success_superset_plus_current_no_link_controls,regression_control,onsite_apply,32793,The Reserve,1930 Ridge Ave,Evanston,IL,60201,www.reserveatevanston.com,"Native On-Site ID, baths, exact proven plan, dates, and property binding survive.",investigations/2026-08-01-consolidated-canary/ADAPTER_DATA_QUALITY_FINDINGS.md,1784,ma_poc/tests/pms/adapters/test_onsite_apply.py
33,"Equity values were clean, but identity was lossy",confirmed_remediated,complete_26_property_current_cohort,affected,equity,2955,2501 Porter Apartments,2501 Porter St NW,Washington,DC,20008,http://www.equityapartments.com/washington-dc/washington-dc-apartments/cleveland-park/2501-porter-apartments.aspx,Property-scoped buildingId:unitId is canonical and all source values remain exact.,investigations/2026-08-01-consolidated-canary/ADAPTER_DATA_QUALITY_FINDINGS.md,1872,ma_poc/tests/pms/adapters/test_equity.py
33,"Equity values were clean, but identity was lossy",confirmed_remediated,complete_26_property_current_cohort,affected,equity,7797,Village at Del Mar Heights,13138 Kellam Ct,San Diego,CA,92130,https://www.equityapartments.com/san-diego/del-mar/the-village-at-del-mar-heights-apartments,Property-scoped buildingId:unitId is canonical and all source values remain exact.,investigations/2026-08-01-consolidated-canary/ADAPTER_DATA_QUALITY_FINDINGS.md,1872,ma_poc/tests/pms/adapters/test_equity.py
33,"Equity values were clean, but identity was lossy",confirmed_remediated,complete_26_property_current_cohort,affected,equity,8418,City Gate at Cupertino Apartments,5608 Stevens Creek Blvd,Cupertino,CA,95014,http://www.equityapartments.com/california/san-francisco-bay-apartments/cupertino/archstone-cupertino-apartments.aspx,Property-scoped buildingId:unitId is canonical and all source values remain exact.,investigations/2026-08-01-consolidated-canary/ADAPTER_DATA_QUALITY_FINDINGS.md,1872,ma_poc/tests/pms/adapters/test_equity.py
33,"Equity values were clean, but identity was lossy",confirmed_remediated,complete_26_property_current_cohort,affected,equity,13153,Canyon Creek Apartments,1000 Canyon Village Cir,San Ramon,CA,94583,http://www.equityapartments.com/california/san-francisco-bay-apartments/san-ramon/canyon-creek-apartments.aspx,Property-scoped buildingId:unitId is canonical and all source values remain exact.,investigations/2026-08-01-consolidated-canary/ADAPTER_DATA_QUALITY_FINDINGS.md,1872,ma_poc/tests/pms/adapters/test_equity.py
33,"Equity values were clean, but identity was lossy",confirmed_remediated,complete_26_property_current_cohort,affected,equity,24542,Archstone Fremont Center Apartments,39410 Civic Center Dr,Fremont,CA,94538,http://www.equityapartments.com/california/san-francisco-bay-apartments/fremont/archstone-fremont-center-apartments.aspx,Property-scoped buildingId:unitId is canonical and all source values remain exact.,investigations/2026-08-01-consolidated-canary/ADAPTER_DATA_QUALITY_FINDINGS.md,1872,ma_poc/tests/pms/adapters/test_equity.py
33,"Equity values were clean, but identity was lossy",confirmed_remediated,complete_26_property_current_cohort,affected,equity,24998,Liberty Park Apartments,1 Matthew Ln,Braintree,MA,2184,https://www.equityapartments.com/south-boston/braintree/liberty-park-apartments,Property-scoped buildingId:unitId is canonical and all source values remain exact.,investigations/2026-08-01-consolidated-canary/ADAPTER_DATA_QUALITY_FINDINGS.md,1872,ma_poc/tests/pms/adapters/test_equity.py
33,"Equity values were clean, but identity was lossy",confirmed_remediated,complete_26_property_current_cohort,affected,equity,27574,Belle Fontaine Apartments,4077 Glencoe Ave,Marina Del Rey,CA,90292,https://www.equityapartments.com/los-angeles/marina-del-rey/belle-fontaine-apartments?propertyid=4035&s_kwcid=TC|4015|marina%20del%20rey%20apartments||S|e|15154714153,Property-scoped buildingId:unitId is canonical and all source values remain exact.,investigations/2026-08-01-consolidated-canary/ADAPTER_DATA_QUALITY_FINDINGS.md,1872,ma_poc/tests/pms/adapters/test_equity.py
33,"Equity values were clean, but identity was lossy",confirmed_remediated,complete_26_property_current_cohort,affected,equity,30657,Pegasus Apartments,612 Flower St,Los Angeles,CA,90017,https://www.equityapartments.com/los-angeles/financial-district/pegasus-apartments,Property-scoped buildingId:unitId is canonical and all source values remain exact.,investigations/2026-08-01-consolidated-canary/ADAPTER_DATA_QUALITY_FINDINGS.md,1872,ma_poc/tests/pms/adapters/test_equity.py
33,"Equity values were clean, but identity was lossy",confirmed_remediated,complete_26_property_current_cohort,affected,equity,32336,1210 Mass Apartments,1210 Massachusetts Ave NW,Washington,DC,20005,http://www.equityapartments.com/washington-dc/washington-dc-apartments/northwest-dc/1210-mass-apartments.aspx,Property-scoped buildingId:unitId is canonical and all source values remain exact.,investigations/2026-08-01-consolidated-canary/ADAPTER_DATA_QUALITY_FINDINGS.md,1872,ma_poc/tests/pms/adapters/test_equity.py
33,"Equity values were clean, but identity was lossy",confirmed_remediated,complete_26_property_current_cohort,affected,equity,32995,2400 M Apartments,2400 M St NW,Washington,DC,20037,http://www.equityapartments.com/washington-dc/georgetown/2400-m-apartments,Property-scoped buildingId:unitId is canonical and all source values remain exact.,investigations/2026-08-01-consolidated-canary/ADAPTER_DATA_QUALITY_FINDINGS.md,1872,ma_poc/tests/pms/adapters/test_equity.py
33,"Equity values were clean, but identity was lossy",confirmed_remediated,complete_26_property_current_cohort,affected,equity,33986,South City Station Apartments,101 McLellan Drive,South San Francisco,CA,94080,http://www.equityapartments.com/california/san-francisco-bay-apartments/south-san-francisco/archstone-south-san-francisco-apartments.aspx,Property-scoped buildingId:unitId is canonical and all source values remain exact.,investigations/2026-08-01-consolidated-canary/ADAPTER_DATA_QUALITY_FINDINGS.md,1872,ma_poc/tests/pms/adapters/test_equity.py
33,"Equity values were clean, but identity was lossy",confirmed_remediated,complete_26_property_current_cohort,affected,equity,35540,The Flats At Dupont Circle Apartments,2000 N St NW,Washington,DC,20036,https://www.equityapartments.com/washington-dc/dupont-circle/the-flats-at-dupont-circle-apartments,Property-scoped buildingId:unitId is canonical and all source values remain exact.,investigations/2026-08-01-consolidated-canary/ADAPTER_DATA_QUALITY_FINDINGS.md,1872,ma_poc/tests/pms/adapters/test_equity.py
33,"Equity values were clean, but identity was lossy",confirmed_remediated,complete_26_property_current_cohort,affected,equity,35919,Murray Hill Tower,245 E 40th St,New York,NY,10016,http://www.equityapartments.com/new-york/new-york-city-apartments/gramercy-park-murray-hill/archstone-murray-hill-apartments.aspx,Property-scoped buildingId:unitId is canonical and all source values remain exact.,investigations/2026-08-01-consolidated-canary/ADAPTER_DATA_QUALITY_FINDINGS.md,1872,ma_poc/tests/pms/adapters/test_equity.py
33,"Equity values were clean, but identity was lossy",confirmed_remediated,complete_26_property_current_cohort,affected,equity,37919,Parc Coliseum Apartments,228 W 71st St,New York,NY,10023,http://www.equityapartments.com/New-York/New-York-City-apartments/Upper-West-Side/Parc-Coliseum-apartments.aspx,Property-scoped buildingId:unitId is canonical and all source values remain exact.,investigations/2026-08-01-consolidated-canary/ADAPTER_DATA_QUALITY_FINDINGS.md,1872,ma_poc/tests/pms/adapters/test_equity.py
33,"Equity values were clean, but identity was lossy",confirmed_remediated,complete_26_property_current_cohort,affected,equity,37920,Parc Cameron,41 W 86th St,New York,NY,10024,http://www.equityapartments.com/new-york/new-york-city-apartments/upper-west-side/parc-cameron-apartments.aspx,Property-scoped buildingId:unitId is canonical and all source values remain exact.,investigations/2026-08-01-consolidated-canary/ADAPTER_DATA_QUALITY_FINDINGS.md,1872,ma_poc/tests/pms/adapters/test_equity.py
33,"Equity values were clean, but identity was lossy",confirmed_remediated,complete_26_property_current_cohort,affected,equity,38733,Versailles Koreatown Apartments,918 S Oxford Ave,Los Angeles,CA,90006,http://www.equityapartments.com/bbrochure.aspx?PropertyId=2359&utm_source=google&utm_medium=cpc&utm_campaign=losangelesproperties_versailleskoreatown&s_kwcid=TC%7c4015%7cversailles+koreatown+apartments%7c%7cS%7cp%7c9013274593,Property-scoped buildingId:unitId is canonical and all source values remain exact.,investigations/2026-08-01-consolidated-canary/ADAPTER_DATA_QUALITY_FINDINGS.md,1872,ma_poc/tests/pms/adapters/test_equity.py
33,"Equity values were clean, but identity was lossy",confirmed_remediated,complete_26_property_current_cohort,affected,equity,40710,Chloe on Union,1408 E Union St,Seattle,WA,98122,https://www.equityapartments.com/seattle/pike-pine/chloe-apartments,Property-scoped buildingId:unitId is canonical and all source values remain exact.,investigations/2026-08-01-consolidated-canary/ADAPTER_DATA_QUALITY_FINDINGS.md,1872,ma_poc/tests/pms/adapters/test_equity.py
33,"Equity values were clean, but identity was lossy",confirmed_remediated,complete_26_property_current_cohort,affected,equity,71558,The Bishop,1115 Springwood Connector,Sandy Springs,GA,30328,https://www.equityapartments.com/atlanta/sandy-springs/the-bishop-apartments,Property-scoped buildingId:unitId is canonical and all source values remain exact.,investigations/2026-08-01-consolidated-canary/ADAPTER_DATA_QUALITY_FINDINGS.md,1872,ma_poc/tests/pms/adapters/test_equity.py
33,"Equity values were clean, but identity was lossy",confirmed_remediated,complete_26_property_current_cohort,affected,equity,118445,Mara Pacific Beach Apartments,4275 Mission Bay Dr.,San Diego,CA,92109,https://www.equityapartments.com/san-diego/pacific-beach/mara-pacific-beach-apartments,Property-scoped buildingId:unitId is canonical and all source values remain exact.,investigations/2026-08-01-consolidated-canary/ADAPTER_DATA_QUALITY_FINDINGS.md,1872,ma_poc/tests/pms/adapters/test_equity.py
33,"Equity values were clean, but identity was lossy",confirmed_remediated,complete_26_property_current_cohort,affected,equity,221098,Ayla Stonebriar,3030 Ohio Dr,Frisco,TX,75035,https://www.equityapartments.com/dallas/frisco/ayla-stonebriar-apartments##neighborhood-tile,Property-scoped buildingId:unitId is canonical and all source values remain exact.,investigations/2026-08-01-consolidated-canary/ADAPTER_DATA_QUALITY_FINDINGS.md,1872,ma_poc/tests/pms/adapters/test_equity.py
33,"Equity values were clean, but identity was lossy",confirmed_remediated,complete_26_property_current_cohort,affected,equity,228359,Milo,4109 E 10th Ave,Denver,CO,80220,https://www.equityapartments.com/denver/congress-park/milo-apartments,Property-scoped buildingId:unitId is canonical and all source values remain exact.,investigations/2026-08-01-consolidated-canary/ADAPTER_DATA_QUALITY_FINDINGS.md,1872,ma_poc/tests/pms/adapters/test_equity.py
33,"Equity values were clean, but identity was lossy",confirmed_remediated,complete_26_property_current_cohort,affected,equity,232480,Vintage at 425 Broadway,1455 4th St,Santa Monica,CA,90401,https://www.equityapartments.com/los-angeles/santa-monica/vintage-at-425-broadway-apartments,Property-scoped buildingId:unitId is canonical and all source values remain exact.,investigations/2026-08-01-consolidated-canary/ADAPTER_DATA_QUALITY_FINDINGS.md,1872,ma_poc/tests/pms/adapters/test_equity.py
33,"Equity values were clean, but identity was lossy",confirmed_remediated,complete_26_property_current_cohort,affected,equity,245501,Luna Upper Westside Apartments,2265 Marietta Blvd NW,Atlanta,GA,30318,https://www.equityapartments.com/atlanta/upper-westside/luna-upper-westside-apartments#/,Property-scoped buildingId:unitId is canonical and all source values remain exact.,investigations/2026-08-01-consolidated-canary/ADAPTER_DATA_QUALITY_FINDINGS.md,1872,ma_poc/tests/pms/adapters/test_equity.py
33,"Equity values were clean, but identity was lossy",confirmed_remediated,complete_26_property_current_cohort,affected,equity,255578,Circa Fitzsimons,11700 E 26th Ave,Denver,CO,80238,https://www.equityapartments.com/denver/central-park/circa-fitzsimons-apartments,Property-scoped buildingId:unitId is canonical and all source values remain exact.,investigations/2026-08-01-consolidated-canary/ADAPTER_DATA_QUALITY_FINDINGS.md,1872,ma_poc/tests/pms/adapters/test_equity.py
33,"Equity values were clean, but identity was lossy",confirmed_remediated,complete_26_property_current_cohort,affected,equity,265281,The Louise,4151 Viridian Village Dr,Arlington,TX,76005,https://www.equityapartments.com/dallas/arlington/the-louise-apartments##unit-availability-tile,Property-scoped buildingId:unitId is canonical and all source values remain exact.,investigations/2026-08-01-consolidated-canary/ADAPTER_DATA_QUALITY_FINDINGS.md,1872,ma_poc/tests/pms/adapters/test_equity.py
33,"Equity values were clean, but identity was lossy",confirmed_remediated,complete_26_property_current_cohort,regression_control,equity,218378,The Terraces Apartments,1330 Bush St,San Francisco,CA,94109,http://www.equityapartments.com/california/san-francisco-bay-apartments/lower-nob-hill/the-terraces-apartments.aspx,Property-scoped buildingId:unitId is canonical and all source values remain exact.,investigations/2026-08-01-consolidated-canary/ADAPTER_DATA_QUALITY_FINDINGS.md,1872,ma_poc/tests/pms/adapters/test_equity.py
34,Essex preserves mapped values but loses native identity and fails opaquely,confirmed_remediated,complete_27_property_current_cohort,affected,essex,2282,City View,25200 Carlos Bee Blvd,Hayward,CA,94542,https://www.essexapartmenthomes.com/california/san-francisco-bay-area-apartments/hayward-apartments/city-view,Native unit/floor-plan IDs and property request binding survive; empty exits are observable.,investigations/2026-08-01-consolidated-canary/ADAPTER_DATA_QUALITY_FINDINGS.md,1952,ma_poc/tests/pms/adapters/test_essex.py
34,Essex preserves mapped values but loses native identity and fails opaquely,confirmed_remediated,complete_27_property_current_cohort,affected,essex,2405,Foster's Landing,700 Bounty Dr,Foster City,CA,94404,https://www.essexapartmenthomes.com/apartments/foster-city/fosters-landing,Native unit/floor-plan IDs and property request binding survive; empty exits are observable.,investigations/2026-08-01-consolidated-canary/ADAPTER_DATA_QUALITY_FINDINGS.md,1952,ma_poc/tests/pms/adapters/test_essex.py
34,Essex preserves mapped values but loses native identity and fails opaquely,confirmed_remediated,complete_27_property_current_cohort,affected,essex,2537,Bothell Ridge,19928 Bothell Everett Hwy,Bothell,WA,98012,https://www.essexapartmenthomes.com/apartments/bothell-ridge,Native unit/floor-plan IDs and property request binding survive; empty exits are observable.,investigations/2026-08-01-consolidated-canary/ADAPTER_DATA_QUALITY_FINDINGS.md,1952,ma_poc/tests/pms/adapters/test_essex.py
34,Essex preserves mapped values but loses native identity and fails opaquely,confirmed_remediated,complete_27_property_current_cohort,affected,essex,2587,The Palms at Laguna Niguel,28188 Moulton Pkwy,Laguna Niguel,CA,92677,https://www.essexapartmenthomes.com/california/orange-county-area-apartments/laguna-niguel-apartments/the-palms-laguna-niguel,Native unit/floor-plan IDs and property request binding survive; empty exits are observable.,investigations/2026-08-01-consolidated-canary/ADAPTER_DATA_QUALITY_FINDINGS.md,1952,ma_poc/tests/pms/adapters/test_essex.py
34,Essex preserves mapped values but loses native identity and fails opaquely,confirmed_remediated,complete_27_property_current_cohort,affected,essex,3748,Brookside Oaks,1651 Belleville Way,Sunnyvale,CA,94087,https://www.essexapartmenthomes.com/apartments/sunnyvale/brookside-oaks,Native unit/floor-plan IDs and property request binding survive; empty exits are observable.,investigations/2026-08-01-consolidated-canary/ADAPTER_DATA_QUALITY_FINDINGS.md,1952,ma_poc/tests/pms/adapters/test_essex.py
34,Essex preserves mapped values but loses native identity and fails opaquely,confirmed_remediated,complete_27_property_current_cohort,affected,essex,12586,Avondale at Warner Center,22222 Victory Blvd,Woodland Hills,CA,91367,https://www.essexapartmenthomes.com/apartments/woodland-hills/avondale-at-warner-center,Native unit/floor-plan IDs and property request binding survive; empty exits are observable.,investigations/2026-08-01-consolidated-canary/ADAPTER_DATA_QUALITY_FINDINGS.md,1952,ma_poc/tests/pms/adapters/test_essex.py
34,Essex preserves mapped values but loses native identity and fails opaquely,confirmed_remediated,complete_27_property_current_cohort,affected,essex,12963,The Blake LA,733 N Kings Rd,Los Angeles,CA,90069,https://www.essexapartmenthomes.com/apartments/the-blake-la,Native unit/floor-plan IDs and property request binding survive; empty exits are observable.,investigations/2026-08-01-consolidated-canary/ADAPTER_DATA_QUALITY_FINDINGS.md,1952,ma_poc/tests/pms/adapters/test_essex.py
34,Essex preserves mapped values but loses native identity and fails opaquely,confirmed_remediated,complete_27_property_current_cohort,affected,essex,12985,Meadowood,1733 Cochran St,Simi Valley,CA,93065,https://www.essexapartmenthomes.com/california/ventura-county-apartments/simi-valley-apartments/meadowood,Native unit/floor-plan IDs and property request binding survive; empty exits are observable.,investigations/2026-08-01-consolidated-canary/ADAPTER_DATA_QUALITY_FINDINGS.md,1952,ma_poc/tests/pms/adapters/test_essex.py
34,Essex preserves mapped values but loses native identity and fails opaquely,confirmed_remediated,complete_27_property_current_cohort,affected,essex,13181,Park Hill at Issaquah,22500 SE 56th St,Issaquah,WA,98029,https://www.essexapartmenthomes.com/apartments/park-hill-at-issaquah,Native unit/floor-plan IDs and property request binding survive; empty exits are observable.,investigations/2026-08-01-consolidated-canary/ADAPTER_DATA_QUALITY_FINDINGS.md,1952,ma_poc/tests/pms/adapters/test_essex.py
34,Essex preserves mapped values but loses native identity and fails opaquely,confirmed_remediated,complete_27_property_current_cohort,affected,essex,15579,Regency Palm Court,914 S Wilton Pl,Los Angeles,CA,90019,https://www.essexapartmenthomes.com/apartments/los-angeles/regency-palm-court,Native unit/floor-plan IDs and property request binding survive; empty exits are observable.,investigations/2026-08-01-consolidated-canary/ADAPTER_DATA_QUALITY_FINDINGS.md,1952,ma_poc/tests/pms/adapters/test_essex.py
34,Essex preserves mapped values but loses native identity and fails opaquely,confirmed_remediated,complete_27_property_current_cohort,affected,essex,17984,Alessio,5700 W Centinela Ave,Los Angeles,CA,90045,https://www.essexapartmenthomes.com/apartments/los-angeles/alessio,Native unit/floor-plan IDs and property request binding survive; empty exits are observable.,investigations/2026-08-01-consolidated-canary/ADAPTER_DATA_QUALITY_FINDINGS.md,1952,ma_poc/tests/pms/adapters/test_essex.py
34,Essex preserves mapped values but loses native identity and fails opaquely,confirmed_remediated,complete_27_property_current_cohort,affected,essex,19995,BellCentre,308 108th Ave NE,Bellevue,WA,98004,https://www.essexapartmenthomes.com/apartments/bellevue/bellcentre,Native unit/floor-plan IDs and property request binding survive; empty exits are observable.,investigations/2026-08-01-consolidated-canary/ADAPTER_DATA_QUALITY_FINDINGS.md,1952,ma_poc/tests/pms/adapters/test_essex.py
34,Essex preserves mapped values but loses native identity and fails opaquely,confirmed_remediated,complete_27_property_current_cohort,affected,essex,20050,Carmel Creek,11724 Carmel Creek Rd,San Diego,CA,92130,https://www.essexapartmenthomes.com/apartments/san-diego/carmel-creek?sc_camp=2648D1300BEC431BB11EB86F02F52DBD&utm_source=googlesearch,Native unit/floor-plan IDs and property request binding survive; empty exits are observable.,investigations/2026-08-01-consolidated-canary/ADAPTER_DATA_QUALITY_FINDINGS.md,1952,ma_poc/tests/pms/adapters/test_essex.py
34,Essex preserves mapped values but loses native identity and fails opaquely,confirmed_remediated,complete_27_property_current_cohort,affected,essex,21149,Pinnacle at MacArthur Place,31 E Macarthur Cres,Santa Ana,CA,92707,https://www.essexapartmenthomes.com/apartments/santa-ana/pinnacle-at-macarthur-place,Native unit/floor-plan IDs and property request binding survive; empty exits are observable.,investigations/2026-08-01-consolidated-canary/ADAPTER_DATA_QUALITY_FINDINGS.md,1952,ma_poc/tests/pms/adapters/test_essex.py
34,Essex preserves mapped values but loses native identity and fails opaquely,confirmed_remediated,complete_27_property_current_cohort,affected,essex,21381,Summit Park Village,8563 Lake Murray Blvd,San Diego,CA,92119,https://www.essexapartmenthomes.com/apartments/summit-park-village,Native unit/floor-plan IDs and property request binding survive; empty exits are observable.,investigations/2026-08-01-consolidated-canary/ADAPTER_DATA_QUALITY_FINDINGS.md,1952,ma_poc/tests/pms/adapters/test_essex.py
34,Essex preserves mapped values but loses native identity and fails opaquely,confirmed_remediated,complete_27_property_current_cohort,affected,essex,23143,Mira Monte,10360 Maya Linda Rd,San Diego,CA,92126,https://www.essexapartmenthomes.com/apartments/mira-monte?sc_camp=2648D1300BEC431BB11EB86F02F52DBD&utm_source=googlesearch,Native unit/floor-plan IDs and property request binding survive; empty exits are observable.,investigations/2026-08-01-consolidated-canary/ADAPTER_DATA_QUALITY_FINDINGS.md,1952,ma_poc/tests/pms/adapters/test_essex.py
34,Essex preserves mapped values but loses native identity and fails opaquely,confirmed_remediated,complete_27_property_current_cohort,affected,essex,24180,Pinnacle at Otay Ranch,1310 Santa Rita E,Chula Vista,CA,91913,https://www.essexapartmenthomes.com/california/san-diego-area-apartments/chula-vista-apartments/pinnacle-otay-ranch,Native unit/floor-plan IDs and property request binding survive; empty exits are observable.,investigations/2026-08-01-consolidated-canary/ADAPTER_DATA_QUALITY_FINDINGS.md,1952,ma_poc/tests/pms/adapters/test_essex.py
34,Essex preserves mapped values but loses native identity and fails opaquely,confirmed_remediated,complete_27_property_current_cohort,affected,essex,24315,Riley Square,3707 Poinciana Dr,Santa Clara,CA,95051,https://www.essexapartmenthomes.com/apartments/santa-clara/riley-square,Native unit/floor-plan IDs and property request binding survive; empty exits are observable.,investigations/2026-08-01-consolidated-canary/ADAPTER_DATA_QUALITY_FINDINGS.md,1952,ma_poc/tests/pms/adapters/test_essex.py
34,Essex preserves mapped values but loses native identity and fails opaquely,confirmed_remediated,complete_27_property_current_cohort,affected,essex,27577,Park Catalina,690 S Catalina St,Los Angeles,CA,90005,https://www.essexapartmenthomes.com/california/los-angeles-area-apartments/los-angeles-apartments/park-catalina,Native unit/floor-plan IDs and property request binding survive; empty exits are observable.,investigations/2026-08-01-consolidated-canary/ADAPTER_DATA_QUALITY_FINDINGS.md,1952,ma_poc/tests/pms/adapters/test_essex.py
34,Essex preserves mapped values but loses native identity and fails opaquely,confirmed_remediated,complete_27_property_current_cohort,affected,essex,31197,The Village at Toluca Lake I,211 N Valley St,Burbank,CA,91505,https://www.essexapartmenthomes.com/apartments/burbank/the-village-at-toluca-lake,Native unit/floor-plan IDs and property request binding survive; empty exits are observable.,investigations/2026-08-01-consolidated-canary/ADAPTER_DATA_QUALITY_FINDINGS.md,1952,ma_poc/tests/pms/adapters/test_essex.py
34,Essex preserves mapped values but loses native identity and fails opaquely,confirmed_remediated,complete_27_property_current_cohort,affected,essex,37721,Belcarra,10688 NE 10th St,Bellevue,WA,98004,https://www.essexapartmenthomes.com/apartments/bellevue/belcarra?sc_camp=2648D1300BEC431BB11EB86F02F52DBD&utm_source=googlesearch,Native unit/floor-plan IDs and property request binding survive; empty exits are observable.,investigations/2026-08-01-consolidated-canary/ADAPTER_DATA_QUALITY_FINDINGS.md,1952,ma_poc/tests/pms/adapters/test_essex.py
34,Essex preserves mapped values but loses native identity and fails opaquely,confirmed_remediated,complete_27_property_current_cohort,affected,essex,63770,1000 Kiely,1000 Kiely Blvd,Santa Clara,CA,95051,https://www.essexapartmenthomes.com/apartments/1000-kiely?sc_camp=2648D1300BEC431BB11EB86F02F52DBD&utm_source=googlesearch,Native unit/floor-plan IDs and property request binding survive; empty exits are observable.,investigations/2026-08-01-consolidated-canary/ADAPTER_DATA_QUALITY_FINDINGS.md,1952,ma_poc/tests/pms/adapters/test_essex.py
34,Essex preserves mapped values but loses native identity and fails opaquely,confirmed_remediated,complete_27_property_current_cohort,affected,essex,63771,Apex,1102 S Abel St,Milpitas,CA,95035,https://www.essexapartmenthomes.com/apartments/milpitas/apex?sc_camp=2648D1300BEC431BB11EB86F02F52DBD&utm_source=googlesearch,Native unit/floor-plan IDs and property request binding survive; empty exits are observable.,investigations/2026-08-01-consolidated-canary/ADAPTER_DATA_QUALITY_FINDINGS.md,1952,ma_poc/tests/pms/adapters/test_essex.py
34,Essex preserves mapped values but loses native identity and fails opaquely,confirmed_remediated,complete_27_property_current_cohort,affected,essex,77713,Pure Redmond Apartments,17634 NE Union Hill Rd,Redmond,WA,98052,https://www.essexapartmenthomes.com/apartments/pure-redmond,Native unit/floor-plan IDs and property request binding survive; empty exits are observable.,investigations/2026-08-01-consolidated-canary/ADAPTER_DATA_QUALITY_FINDINGS.md,1952,ma_poc/tests/pms/adapters/test_essex.py
34,Essex preserves mapped values but loses native identity and fails opaquely,confirmed_remediated,complete_27_property_current_cohort,affected,essex,94295,Silver,333 Sunol St,San Jose,CA,95126,https://www.essexapartmenthomes.com/apartments/san-jose/silver,Native unit/floor-plan IDs and property request binding survive; empty exits are observable.,investigations/2026-08-01-consolidated-canary/ADAPTER_DATA_QUALITY_FINDINGS.md,1952,ma_poc/tests/pms/adapters/test_essex.py
34,Essex preserves mapped values but loses native identity and fails opaquely,confirmed_remediated,complete_27_property_current_cohort,affected,essex,226350,1250 Lakeside,1250 Lakeside Dr,Sunnyvale,CA,94085,https://www.essexapartmenthomes.com/apartments/sunnyvale/1250-lakeside,Native unit/floor-plan IDs and property request binding survive; empty exits are observable.,investigations/2026-08-01-consolidated-canary/ADAPTER_DATA_QUALITY_FINDINGS.md,1952,ma_poc/tests/pms/adapters/test_essex.py
34,Essex preserves mapped values but loses native identity and fails opaquely,confirmed_remediated,complete_27_property_current_cohort,affected,essex,229748,Chestnut Street,143 Chestnut St,Santa Cruz,CA,95060,https://www.essexapartmenthomes.com/apartments/chestnut-street,Native unit/floor-plan IDs and property request binding survive; empty exits are observable.,investigations/2026-08-01-consolidated-canary/ADAPTER_DATA_QUALITY_FINDINGS.md,1952,ma_poc/tests/pms/adapters/test_essex.py
35,"FortressTech is stable, but a trusted 282-sq-ft plan is falsely clamped",confirmed_remediated,complete_10_property_cohort,affected,fortresstech,296916,Vivo Living Port Royal,1660 Ribaut Rd,Port Royal,SC,29935,https://www.vivolivingportroyal.com/,Trusted structured 282-sq-ft studio area survives without weakening general clamps.,investigations/2026-08-01-consolidated-canary/ADAPTER_DATA_QUALITY_FINDINGS.md,2063,ma_poc/tests/pms/adapters/test_fortresstech.py
35,"FortressTech is stable, but a trusted 282-sq-ft plan is falsely clamped",confirmed_remediated,complete_10_property_cohort,regression_control,fortresstech,1752,Kensington Park,11651 Norbourne Dr,Forest Park,OH,45240,www.kensingtonparkaptsoh.com,Trusted structured 282-sq-ft studio area survives without weakening general clamps.,investigations/2026-08-01-consolidated-canary/ADAPTER_DATA_QUALITY_FINDINGS.md,2063,ma_poc/tests/pms/adapters/test_fortresstech.py
35,"FortressTech is stable, but a trusted 282-sq-ft plan is falsely clamped",confirmed_remediated,complete_10_property_cohort,regression_control,fortresstech,50746,Crawford Square,510 Protectory Pl,Pittsburgh,PA,15219,http://www.crawfordsquareapts.com,Trusted structured 282-sq-ft studio area survives without weakening general clamps.,investigations/2026-08-01-consolidated-canary/ADAPTER_DATA_QUALITY_FINDINGS.md,2063,ma_poc/tests/pms/adapters/test_fortresstech.py
35,"FortressTech is stable, but a trusted 282-sq-ft plan is falsely clamped",confirmed_remediated,complete_10_property_cohort,regression_control,fortresstech,58156,District at Seven Springs,300 Seven Springs Way,Brentwood,TN,37027,http://www.districtsevensprings.com/,Trusted structured 282-sq-ft studio area survives without weakening general clamps.,investigations/2026-08-01-consolidated-canary/ADAPTER_DATA_QUALITY_FINDINGS.md,2063,ma_poc/tests/pms/adapters/test_fortresstech.py
35,"FortressTech is stable, but a trusted 282-sq-ft plan is falsely clamped",confirmed_remediated,complete_10_property_cohort,regression_control,fortresstech,61951,Ellis at Germantown,1600 Rosa L Parks Blvd,Nashville,TN,37208,https://www.ellisgermantown.com/,Trusted structured 282-sq-ft studio area survives without weakening general clamps.,investigations/2026-08-01-consolidated-canary/ADAPTER_DATA_QUALITY_FINDINGS.md,2063,ma_poc/tests/pms/adapters/test_fortresstech.py
35,"FortressTech is stable, but a trusted 282-sq-ft plan is falsely clamped",confirmed_remediated,complete_10_property_cohort,regression_control,fortresstech,67516,The Eastland,1035 W Eastland Ave,Nashville,TN,37206,https://www.theeastlandnashville.com/,Trusted structured 282-sq-ft studio area survives without weakening general clamps.,investigations/2026-08-01-consolidated-canary/ADAPTER_DATA_QUALITY_FINDINGS.md,2063,ma_poc/tests/pms/adapters/test_fortresstech.py
35,"FortressTech is stable, but a trusted 282-sq-ft plan is falsely clamped",confirmed_remediated,complete_10_property_cohort,regression_control,fortresstech,220976,The Summit at Rivery Park I,1400 Rivery Blvd,Georgetown,TX,78628,http://riveryparkapts.com/,Trusted structured 282-sq-ft studio area survives without weakening general clamps.,investigations/2026-08-01-consolidated-canary/ADAPTER_DATA_QUALITY_FINDINGS.md,2063,ma_poc/tests/pms/adapters/test_fortresstech.py
35,"FortressTech is stable, but a trusted 282-sq-ft plan is falsely clamped",confirmed_remediated,complete_10_property_cohort,regression_control,fortresstech,234936,Amber Ridge Apartments,2312 55th St S,Fargo,ND,58104,https://www.prg.propertyresourcesgroup.com/amber-ridge-apartments,Trusted structured 282-sq-ft studio area survives without weakening general clamps.,investigations/2026-08-01-consolidated-canary/ADAPTER_DATA_QUALITY_FINDINGS.md,2063,ma_poc/tests/pms/adapters/test_fortresstech.py
35,"FortressTech is stable, but a trusted 282-sq-ft plan is falsely clamped",confirmed_remediated,complete_10_property_cohort,regression_control,fortresstech,269985,Resia Tributary,1851 Market St,Douglasville,GA,30135,https://www.resiatributary.com/,Trusted structured 282-sq-ft studio area survives without weakening general clamps.,investigations/2026-08-01-consolidated-canary/ADAPTER_DATA_QUALITY_FINDINGS.md,2063,ma_poc/tests/pms/adapters/test_fortresstech.py
35,"FortressTech is stable, but a trusted 282-sq-ft plan is falsely clamped",confirmed_remediated,complete_10_property_cohort,regression_control,fortresstech,291150,Carlson Place,7954 Jacks Way,Horace,ND,58047,https://www.prg.propertyresourcesgroup.com/carlson-place-apartments,Trusted structured 282-sq-ft studio area survives without weakening general clamps.,investigations/2026-08-01-consolidated-canary/ADAPTER_DATA_QUALITY_FINDINGS.md,2063,ma_poc/tests/pms/adapters/test_fortresstech.py
36,ResidentServices365 drops visible unit fields and multiplies one plan catalogue,confirmed_remediated,complete_10_property_cohort,affected,residentservices365,1777,Rustic Woods,7901 S Yale Ave,Tulsa,OK,74136,https://www.rusticwoodsapts.com/,Exact plan/floor/term and coherent Best Value tuple survive; visible Now overrides stale epochs.,investigations/2026-08-01-consolidated-canary/ADAPTER_DATA_QUALITY_FINDINGS.md,2161,ma_poc/tests/pms/adapters/test_residentservices365.py
36,ResidentServices365 drops visible unit fields and multiplies one plan catalogue,confirmed_remediated,complete_10_property_cohort,affected,residentservices365,16196,Village Square Apartments,12011 Veirs Mill Rd,Wheaton,MD,20906,http://www.villagesquarewheaton.com/Home/Index/36189,Exact plan/floor/term and coherent Best Value tuple survive; visible Now overrides stale epochs.,investigations/2026-08-01-consolidated-canary/ADAPTER_DATA_QUALITY_FINDINGS.md,2161,ma_poc/tests/pms/adapters/test_residentservices365.py
36,ResidentServices365 drops visible unit fields and multiplies one plan catalogue,confirmed_remediated,complete_10_property_cohort,affected,residentservices365,16377,Westshore,4601 W Gray St,Tampa,FL,33609,www.westshoretampabay.com/,Exact plan/floor/term and coherent Best Value tuple survive; visible Now overrides stale epochs.,investigations/2026-08-01-consolidated-canary/ADAPTER_DATA_QUALITY_FINDINGS.md,2161,ma_poc/tests/pms/adapters/test_residentservices365.py
36,ResidentServices365 drops visible unit fields and multiplies one plan catalogue,confirmed_remediated,complete_10_property_cohort,affected,residentservices365,34909,Polo Downs,1135 London Cir Ln,Fenton,MO,63026,http://www.polodowns.com/,Exact plan/floor/term and coherent Best Value tuple survive; visible Now overrides stale epochs.,investigations/2026-08-01-consolidated-canary/ADAPTER_DATA_QUALITY_FINDINGS.md,2161,ma_poc/tests/pms/adapters/test_residentservices365.py
36,ResidentServices365 drops visible unit fields and multiplies one plan catalogue,confirmed_remediated,complete_10_property_cohort,affected,residentservices365,39573,Prime at Gardenside,2044 Georgian Way,Lexington,KY,40504,https://www.liveprimegardenside.com/,Exact plan/floor/term and coherent Best Value tuple survive; visible Now overrides stale epochs.,investigations/2026-08-01-consolidated-canary/ADAPTER_DATA_QUALITY_FINDINGS.md,2161,ma_poc/tests/pms/adapters/test_residentservices365.py
36,ResidentServices365 drops visible unit fields and multiplies one plan catalogue,confirmed_remediated,complete_10_property_cohort,affected,residentservices365,52348,The Vue,110 Somerset St,New Brunswick,NJ,8901,http://thevuenj.com/,Exact plan/floor/term and coherent Best Value tuple survive; visible Now overrides stale epochs.,investigations/2026-08-01-consolidated-canary/ADAPTER_DATA_QUALITY_FINDINGS.md,2161,ma_poc/tests/pms/adapters/test_residentservices365.py
36,ResidentServices365 drops visible unit fields and multiplies one plan catalogue,confirmed_remediated,complete_10_property_cohort,affected,residentservices365,60939,Greenarch,10 N Greenwood Ave,Tulsa,OK,74120,http://www.greenarchtulsa.com/,Exact plan/floor/term and coherent Best Value tuple survive; visible Now overrides stale epochs.,investigations/2026-08-01-consolidated-canary/ADAPTER_DATA_QUALITY_FINDINGS.md,2161,ma_poc/tests/pms/adapters/test_residentservices365.py
36,ResidentServices365 drops visible unit fields and multiplies one plan catalogue,confirmed_remediated,complete_10_property_cohort,affected,residentservices365,63462,Telfair Lofts,7500 Branford Pl,Sugar Land,TX,77479,https://apartmentssugarlandtexas.com/,Exact plan/floor/term and coherent Best Value tuple survive; visible Now overrides stale epochs.,investigations/2026-08-01-consolidated-canary/ADAPTER_DATA_QUALITY_FINDINGS.md,2161,ma_poc/tests/pms/adapters/test_residentservices365.py
36,ResidentServices365 drops visible unit fields and multiplies one plan catalogue,confirmed_remediated,complete_10_property_cohort,affected,residentservices365,217605,Bennett Pointe,930 S Blvd,Edmond,OK,73034,https://www.livebennettpointe.com/,Exact plan/floor/term and coherent Best Value tuple survive; visible Now overrides stale epochs.,investigations/2026-08-01-consolidated-canary/ADAPTER_DATA_QUALITY_FINDINGS.md,2161,ma_poc/tests/pms/adapters/test_residentservices365.py
36,ResidentServices365 drops visible unit fields and multiplies one plan catalogue,confirmed_remediated,complete_10_property_cohort,affected,residentservices365,246152,Oxford at Lake View,3300 S Garrison Rd,Corinth,TX,76210,http://www.oxfordlakeview.com/,Exact plan/floor/term and coherent Best Value tuple survive; visible Now overrides stale epochs.,investigations/2026-08-01-consolidated-canary/ADAPTER_DATA_QUALITY_FINDINGS.md,2161,ma_poc/tests/pms/adapters/test_residentservices365.py
37,"RentalAddress plans are exact, but inquiry-only cards receive a fake date",confirmed_remediated,explicit_audit_scope,affected,rentaladdress,218586,Cedar Ridge,4945 Mack Rd,Sacramento,CA,95823,https://cedarridgeapts.rentaladdress.com/,Inquiry-only plan cards retain exact values but no fabricated availability date.,investigations/2026-08-01-consolidated-canary/ADAPTER_DATA_QUALITY_FINDINGS.md,2286,ma_poc/tests/pms/adapters/test_rentaladdress.py
38,AspenSquare's Knock fallback loses public identity and reverses availability,confirmed_remediated,complete_8_property_cohort,affected,aspensquare,4079,The View at Waters Edge,6175 Reflections Blvd,Lantana,FL,33462,https://www.aspensquare.com/apartments/florida/lantana/the-view-at-waters-edge?utm_source=google&utm_medium=referral,Stable UUID plus public label/building/human plan survive and future offerings stay available.,investigations/2026-08-01-consolidated-canary/ADAPTER_DATA_QUALITY_FINDINGS.md,2366,ma_poc/tests/pms/adapters/test_aspensquare.py
38,AspenSquare's Knock fallback loses public identity and reverses availability,confirmed_remediated,complete_8_property_cohort,affected,aspensquare,6526,Southwood Acres,342 Southwick Rd,Westfield,MA,1085,https://www.aspensquare.com/apartments/massachusetts/westfield/southwood-acres,Stable UUID plus public label/building/human plan survive and future offerings stay available.,investigations/2026-08-01-consolidated-canary/ADAPTER_DATA_QUALITY_FINDINGS.md,2366,ma_poc/tests/pms/adapters/test_aspensquare.py
38,AspenSquare's Knock fallback loses public identity and reverses availability,confirmed_remediated,complete_8_property_cohort,affected,aspensquare,14907,Boca Winds,530 NE 47th St,Boca Raton,FL,33431,https://www.aspensquare.com/apartments/florida/boca-raton/boca-winds?utm_source=google&utm_medium=referral,Stable UUID plus public label/building/human plan survive and future offerings stay available.,investigations/2026-08-01-consolidated-canary/ADAPTER_DATA_QUALITY_FINDINGS.md,2366,ma_poc/tests/pms/adapters/test_aspensquare.py
38,AspenSquare's Knock fallback loses public identity and reverses availability,confirmed_remediated,complete_8_property_cohort,affected,aspensquare,14934,Country Manor,59 S Westfield St,Feeding Hills,MA,1030,https://www.aspensquare.com/apartments/massachusetts/feeding-hills/country-manor,Stable UUID plus public label/building/human plan survive and future offerings stay available.,investigations/2026-08-01-consolidated-canary/ADAPTER_DATA_QUALITY_FINDINGS.md,2366,ma_poc/tests/pms/adapters/test_aspensquare.py
38,AspenSquare's Knock fallback loses public identity and reverses availability,confirmed_remediated,complete_8_property_cohort,affected,aspensquare,16186,Edgewood Court,649 Prospect St,Chicopee,MA,1020,https://www.aspensquare.com/apartments/massachusetts/chicopee/edgewood-court,Stable UUID plus public label/building/human plan survive and future offerings stay available.,investigations/2026-08-01-consolidated-canary/ADAPTER_DATA_QUALITY_FINDINGS.md,2366,ma_poc/tests/pms/adapters/test_aspensquare.py
38,AspenSquare's Knock fallback loses public identity and reverses availability,confirmed_remediated,complete_8_property_cohort,affected,aspensquare,24049,River Bluff of Lexington,300 Palmetto Park Blvd,Lexington,SC,29072,https://www.aspensquare.com/apartments/south-carolina/lexington/river-bluff-of-lexington?utm_source=google&utm_medium=referral,Stable UUID plus public label/building/human plan survive and future offerings stay available.,investigations/2026-08-01-consolidated-canary/ADAPTER_DATA_QUALITY_FINDINGS.md,2366,ma_poc/tests/pms/adapters/test_aspensquare.py
38,AspenSquare's Knock fallback loses public identity and reverses availability,confirmed_remediated,complete_8_property_cohort,affected,aspensquare,47710,Adley at 72nd,1214 Applewood Dr,Papillion,NE,68046,https://www.aspensquare.com/apartments/nebraska/papillion/adley-72nd,Stable UUID plus public label/building/human plan survive and future offerings stay available.,investigations/2026-08-01-consolidated-canary/ADAPTER_DATA_QUALITY_FINDINGS.md,2366,ma_poc/tests/pms/adapters/test_aspensquare.py
38,AspenSquare's Knock fallback loses public identity and reverses availability,confirmed_remediated,complete_8_property_cohort,affected,aspensquare,48514,The Avenue,300 Chapel Ridge Dr,Cabot,AR,72023,https://www.aspensquare.com/apartments/arkansas/cabot/the-avenue,Stable UUID plus public label/building/human plan survive and future offerings stay available.,investigations/2026-08-01-consolidated-canary/ADAPTER_DATA_QUALITY_FINDINGS.md,2366,ma_poc/tests/pms/adapters/test_aspensquare.py
39,EdificeCMS keeps exact values but reverses future status and mixes sibling plans,confirmed_remediated,complete_5_property_cohort,affected,edificecms,12377,Metropolitan at Cityplace,2802 N Carroll Ave,Dallas,TX,75204,https://www.metropolitancityplace.com/,Future on-notice rows remain available and only property-bound plan catalogues merge.,investigations/2026-08-01-consolidated-canary/ADAPTER_DATA_QUALITY_FINDINGS.md,2521,ma_poc/tests/pms/adapters/test_edificecms.py
39,EdificeCMS keeps exact values but reverses future status and mixes sibling plans,confirmed_remediated,complete_5_property_cohort,affected,edificecms,19357,Newport Village Apartments,1827 W Gowan Rd,North Las Vegas,NV,89032,https://newportvillageaptslv.com/?utm_knock=g,Future on-notice rows remain available and only property-bound plan catalogues merge.,investigations/2026-08-01-consolidated-canary/ADAPTER_DATA_QUALITY_FINDINGS.md,2521,ma_poc/tests/pms/adapters/test_edificecms.py
39,EdificeCMS keeps exact values but reverses future status and mixes sibling plans,confirmed_remediated,complete_5_property_cohort,affected,edificecms,20977,Cobblestone,15449 N 25th Ave,Phoenix,AZ,85023,https://www.cobblestonephx.com/,Future on-notice rows remain available and only property-bound plan catalogues merge.,investigations/2026-08-01-consolidated-canary/ADAPTER_DATA_QUALITY_FINDINGS.md,2521,ma_poc/tests/pms/adapters/test_edificecms.py
39,EdificeCMS keeps exact values but reverses future status and mixes sibling plans,confirmed_remediated,complete_5_property_cohort,affected,edificecms,37388,Villas At Wylie,600 Woodbridge Pkwy,Wylie,TX,75098,http://www.villasatwylie.com/,Future on-notice rows remain available and only property-bound plan catalogues merge.,investigations/2026-08-01-consolidated-canary/ADAPTER_DATA_QUALITY_FINDINGS.md,2521,ma_poc/tests/pms/adapters/test_edificecms.py
39,EdificeCMS keeps exact values but reverses future status and mixes sibling plans,confirmed_remediated,complete_5_property_cohort,affected,edificecms,222652,Turtle Dove I,3516 Matilda St,Dallas,TX,75206,https://liveatturtledove.com/,Future on-notice rows remain available and only property-bound plan catalogues merge.,investigations/2026-08-01-consolidated-canary/ADAPTER_DATA_QUALITY_FINDINGS.md,2521,ma_poc/tests/pms/adapters/test_edificecms.py
40,"MarketApts units are exact, but the shared plan merge turns deposits into rent",confirmed_remediated,complete_29_property_cohort,affected,marketapts,13756,Ellis Midtown,3117 N 7th Ave,Phoenix,AZ,85013,www.ellismidtown.com,Authoritative MarketApts plan channel suppresses degraded generic rows; deposits never become rent.,investigations/2026-08-01-consolidated-canary/ADAPTER_DATA_QUALITY_FINDINGS.md,2662,ma_poc/tests/pms/adapters/test_marketapts.py
40,"MarketApts units are exact, but the shared plan merge turns deposits into rent",confirmed_remediated,complete_29_property_cohort,affected,marketapts,73916,Riverbank Apartments,4433 Continental Way,Stockton,CA,95207,https://www.riverbankapartments.com/,Authoritative MarketApts plan channel suppresses degraded generic rows; deposits never become rent.,investigations/2026-08-01-consolidated-canary/ADAPTER_DATA_QUALITY_FINDINGS.md,2662,ma_poc/tests/pms/adapters/test_marketapts.py
40,"MarketApts units are exact, but the shared plan merge turns deposits into rent",confirmed_remediated,complete_29_property_cohort,regression_control,marketapts,3379,Atwater Cove,425 Merrimac Way,Costa Mesa,CA,92626,https://www.atwatercove.com/,Authoritative MarketApts plan channel suppresses degraded generic rows; deposits never become rent.,investigations/2026-08-01-consolidated-canary/ADAPTER_DATA_QUALITY_FINDINGS.md,2662,ma_poc/tests/pms/adapters/test_marketapts.py
40,"MarketApts units are exact, but the shared plan merge turns deposits into rent",confirmed_remediated,complete_29_property_cohort,regression_control,marketapts,3535,Aspire Thunderbird,5150 W Eugie Ave,Glendale,AZ,85304,https://www.aspirethunderbird.com/,Authoritative MarketApts plan channel suppresses degraded generic rows; deposits never become rent.,investigations/2026-08-01-consolidated-canary/ADAPTER_DATA_QUALITY_FINDINGS.md,2662,ma_poc/tests/pms/adapters/test_marketapts.py
40,"MarketApts units are exact, but the shared plan merge turns deposits into rent",confirmed_remediated,complete_29_property_cohort,regression_control,marketapts,5119,Embarc at West Jordan,6885 S Redwood Rd,West Jordan,UT,84084,http://www.embarcatwestjordan.com/,Authoritative MarketApts plan channel suppresses degraded generic rows; deposits never become rent.,investigations/2026-08-01-consolidated-canary/ADAPTER_DATA_QUALITY_FINDINGS.md,2662,ma_poc/tests/pms/adapters/test_marketapts.py
40,"MarketApts units are exact, but the shared plan merge turns deposits into rent",confirmed_remediated,complete_29_property_cohort,regression_control,marketapts,13305,Portola Redlands,1250 N University St,Redlands,CA,92374,https://www.portolaredlands.com/,Authoritative MarketApts plan channel suppresses degraded generic rows; deposits never become rent.,investigations/2026-08-01-consolidated-canary/ADAPTER_DATA_QUALITY_FINDINGS.md,2662,ma_poc/tests/pms/adapters/test_marketapts.py
40,"MarketApts units are exact, but the shared plan merge turns deposits into rent",confirmed_remediated,complete_29_property_cohort,regression_control,marketapts,14336,Mountain View Casitas,1130 E Grovers Ave,Phoenix,AZ,85022,https://www.mountainviewcasitas.com/,Authoritative MarketApts plan channel suppresses degraded generic rows; deposits never become rent.,investigations/2026-08-01-consolidated-canary/ADAPTER_DATA_QUALITY_FINDINGS.md,2662,ma_poc/tests/pms/adapters/test_marketapts.py
40,"MarketApts units are exact, but the shared plan merge turns deposits into rent",confirmed_remediated,complete_29_property_cohort,regression_control,marketapts,14596,Portola South Mountain,7611 S 36th St,Phoenix,AZ,85042,https://www.portolasouthmountain.com/,Authoritative MarketApts plan channel suppresses degraded generic rows; deposits never become rent.,investigations/2026-08-01-consolidated-canary/ADAPTER_DATA_QUALITY_FINDINGS.md,2662,ma_poc/tests/pms/adapters/test_marketapts.py
40,"MarketApts units are exact, but the shared plan merge turns deposits into rent",confirmed_remediated,complete_29_property_cohort,regression_control,marketapts,16961,Creek at 2645 Apartments,2645 Stonecreek Dr,Sacramento,CA,95833,https://www.thecreekat2645.com/,Authoritative MarketApts plan channel suppresses degraded generic rows; deposits never become rent.,investigations/2026-08-01-consolidated-canary/ADAPTER_DATA_QUALITY_FINDINGS.md,2662,ma_poc/tests/pms/adapters/test_marketapts.py
40,"MarketApts units are exact, but the shared plan merge turns deposits into rent",confirmed_remediated,complete_29_property_cohort,regression_control,marketapts,18752,Brookstone Apartments,1401 N Lamb Blvd,Las Vegas,NV,89110,https://www.liveatbrookstoneapartments.com/?utm_source=GMB&utm_medium=organic,Authoritative MarketApts plan channel suppresses degraded generic rows; deposits never become rent.,investigations/2026-08-01-consolidated-canary/ADAPTER_DATA_QUALITY_FINDINGS.md,2662,ma_poc/tests/pms/adapters/test_marketapts.py
40,"MarketApts units are exact, but the shared plan merge turns deposits into rent",confirmed_remediated,complete_29_property_cohort,regression_control,marketapts,19940,Portola Biltmore,2323 E Flower St,Phoenix,AZ,85016,https://www.portolabiltmore.com/,Authoritative MarketApts plan channel suppresses degraded generic rows; deposits never become rent.,investigations/2026-08-01-consolidated-canary/ADAPTER_DATA_QUALITY_FINDINGS.md,2662,ma_poc/tests/pms/adapters/test_marketapts.py
40,"MarketApts units are exact, but the shared plan merge turns deposits into rent",confirmed_remediated,complete_29_property_cohort,regression_control,marketapts,23549,Landmark,6303 Indian School Rd NE,Albuquerque,NM,87110,https://www.thelandmark-apartments.com/,Authoritative MarketApts plan channel suppresses degraded generic rows; deposits never become rent.,investigations/2026-08-01-consolidated-canary/ADAPTER_DATA_QUALITY_FINDINGS.md,2662,ma_poc/tests/pms/adapters/test_marketapts.py
40,"MarketApts units are exact, but the shared plan merge turns deposits into rent",confirmed_remediated,complete_29_property_cohort,regression_control,marketapts,26194,Ventana Palms,7021 W McDowell Rd,Phoenix,AZ,85035,http://www.ventanapalmsapartments.com/,Authoritative MarketApts plan channel suppresses degraded generic rows; deposits never become rent.,investigations/2026-08-01-consolidated-canary/ADAPTER_DATA_QUALITY_FINDINGS.md,2662,ma_poc/tests/pms/adapters/test_marketapts.py
40,"MarketApts units are exact, but the shared plan merge turns deposits into rent",confirmed_remediated,complete_29_property_cohort,regression_control,marketapts,27999,Echo Pointe,4300 Echo Ct,La Mesa,CA,91941,https://www.liveatechopointe.com/,Authoritative MarketApts plan channel suppresses degraded generic rows; deposits never become rent.,investigations/2026-08-01-consolidated-canary/ADAPTER_DATA_QUALITY_FINDINGS.md,2662,ma_poc/tests/pms/adapters/test_marketapts.py
40,"MarketApts units are exact, but the shared plan merge turns deposits into rent",confirmed_remediated,complete_29_property_cohort,regression_control,marketapts,28391,Hill Country Villas,9032 Dugas Rd,San Antonio,TX,78251,http://www.hillcountryvillasapartments.com/,Authoritative MarketApts plan channel suppresses degraded generic rows; deposits never become rent.,investigations/2026-08-01-consolidated-canary/ADAPTER_DATA_QUALITY_FINDINGS.md,2662,ma_poc/tests/pms/adapters/test_marketapts.py
40,"MarketApts units are exact, but the shared plan merge turns deposits into rent",confirmed_remediated,complete_29_property_cohort,regression_control,marketapts,30723,Mountain Ridge,2605 Verde Dr,Colorado Springs,CO,80910,http://www.mountainridge-apts.com/,Authoritative MarketApts plan channel suppresses degraded generic rows; deposits never become rent.,investigations/2026-08-01-consolidated-canary/ADAPTER_DATA_QUALITY_FINDINGS.md,2662,ma_poc/tests/pms/adapters/test_marketapts.py
40,"MarketApts units are exact, but the shared plan merge turns deposits into rent",confirmed_remediated,complete_29_property_cohort,regression_control,marketapts,46986,Mountain Ridge Manor,820 Monroe Blvd,Ogden,UT,84404,http://www.mountainridgemanor.com,Authoritative MarketApts plan channel suppresses degraded generic rows; deposits never become rent.,investigations/2026-08-01-consolidated-canary/ADAPTER_DATA_QUALITY_FINDINGS.md,2662,ma_poc/tests/pms/adapters/test_marketapts.py
40,"MarketApts units are exact, but the shared plan merge turns deposits into rent",confirmed_remediated,complete_29_property_cohort,regression_control,marketapts,49248,Sandpiper,1496 Spring Ln,Holladay,UT,84117,https://www.sandpiperapartmentssaltlakecity.com/,Authoritative MarketApts plan channel suppresses degraded generic rows; deposits never become rent.,investigations/2026-08-01-consolidated-canary/ADAPTER_DATA_QUALITY_FINDINGS.md,2662,ma_poc/tests/pms/adapters/test_marketapts.py
40,"MarketApts units are exact, but the shared plan merge turns deposits into rent",confirmed_remediated,complete_29_property_cohort,regression_control,marketapts,54769,Emerson Park Apartment Homes,1701 E Don Carlos Ave,Tempe,AZ,85281,https://www.emersonparkapartmenthomes.com/,Authoritative MarketApts plan channel suppresses degraded generic rows; deposits never become rent.,investigations/2026-08-01-consolidated-canary/ADAPTER_DATA_QUALITY_FINDINGS.md,2662,ma_poc/tests/pms/adapters/test_marketapts.py
40,"MarketApts units are exact, but the shared plan merge turns deposits into rent",confirmed_remediated,complete_29_property_cohort,regression_control,marketapts,56750,SB1K,1000 S Broadway,Denver,CO,80209,https://www.liveatsb1k.com/,Authoritative MarketApts plan channel suppresses degraded generic rows; deposits never become rent.,investigations/2026-08-01-consolidated-canary/ADAPTER_DATA_QUALITY_FINDINGS.md,2662,ma_poc/tests/pms/adapters/test_marketapts.py
40,"MarketApts units are exact, but the shared plan merge turns deposits into rent",confirmed_remediated,complete_29_property_cohort,regression_control,marketapts,68991,The Reserve At Water Tower Village,7937 W 54th Ave,Arvada,CO,80002,https://www.thereserveatwatertowervillage.com/,Authoritative MarketApts plan channel suppresses degraded generic rows; deposits never become rent.,investigations/2026-08-01-consolidated-canary/ADAPTER_DATA_QUALITY_FINDINGS.md,2662,ma_poc/tests/pms/adapters/test_marketapts.py
40,"MarketApts units are exact, but the shared plan merge turns deposits into rent",confirmed_remediated,complete_29_property_cohort,regression_control,marketapts,69928,The Azlee,3480 S 300 E,Salt Lake City,UT,84115,https://www.theazleeapartments.com/,Authoritative MarketApts plan channel suppresses degraded generic rows; deposits never become rent.,investigations/2026-08-01-consolidated-canary/ADAPTER_DATA_QUALITY_FINDINGS.md,2662,ma_poc/tests/pms/adapters/test_marketapts.py
40,"MarketApts units are exact, but the shared plan merge turns deposits into rent",confirmed_remediated,complete_29_property_cohort,regression_control,marketapts,217956,Cedar Falls Apartments,385 NW Lost Springs Terrace,Portland,OR,97229,https://www.liveatcedarfalls.com/,Authoritative MarketApts plan channel suppresses degraded generic rows; deposits never become rent.,investigations/2026-08-01-consolidated-canary/ADAPTER_DATA_QUALITY_FINDINGS.md,2662,ma_poc/tests/pms/adapters/test_marketapts.py
40,"MarketApts units are exact, but the shared plan merge turns deposits into rent",confirmed_remediated,complete_29_property_cohort,regression_control,marketapts,224788,Progress Terrace,12230 SW Horizon Blvd,Beaverton,OR,97007,https://www.liveatprogressterrace.com/,Authoritative MarketApts plan channel suppresses degraded generic rows; deposits never become rent.,investigations/2026-08-01-consolidated-canary/ADAPTER_DATA_QUALITY_FINDINGS.md,2662,ma_poc/tests/pms/adapters/test_marketapts.py
40,"MarketApts units are exact, but the shared plan merge turns deposits into rent",confirmed_remediated,complete_29_property_cohort,regression_control,marketapts,225934,KD Place,1601 E Katie Ave,Las Vegas,NV,89119,https://www.kdplaceapartmentslv.com/,Authoritative MarketApts plan channel suppresses degraded generic rows; deposits never become rent.,investigations/2026-08-01-consolidated-canary/ADAPTER_DATA_QUALITY_FINDINGS.md,2662,ma_poc/tests/pms/adapters/test_marketapts.py
40,"MarketApts units are exact, but the shared plan merge turns deposits into rent",confirmed_remediated,complete_29_property_cohort,regression_control,marketapts,242344,Franklin Flats,3208 W 7th St,Greeley,CO,80634,www.franklinflatsapts.com,Authoritative MarketApts plan channel suppresses degraded generic rows; deposits never become rent.,investigations/2026-08-01-consolidated-canary/ADAPTER_DATA_QUALITY_FINDINGS.md,2662,ma_poc/tests/pms/adapters/test_marketapts.py
40,"MarketApts units are exact, but the shared plan merge turns deposits into rent",confirmed_remediated,complete_29_property_cohort,regression_control,marketapts,255737,Vanguard,225 S 6th St,Boise,ID,83702,https://www.vanguardboise.com/,Authoritative MarketApts plan channel suppresses degraded generic rows; deposits never become rent.,investigations/2026-08-01-consolidated-canary/ADAPTER_DATA_QUALITY_FINDINGS.md,2662,ma_poc/tests/pms/adapters/test_marketapts.py
40,"MarketApts units are exact, but the shared plan merge turns deposits into rent",confirmed_remediated,complete_29_property_cohort,regression_control,marketapts,269136,Coventry Townhomes,2323 S 800 W,Woods Cross,UT,84087,https://www.liveatcoventry.com/?_yTrackUser=MTI0NDc2MzY0OSMxMjE3MjEzNDA2-%2foPyM8O4Dko%3d&_yTrackVisit=MjIwNjgxNzA3NSMxNTk0MTk2MTgz-rdkjryyrv%2fE%3d&_yTrackReqDT=35491920210707,Authoritative MarketApts plan channel suppresses degraded generic rows; deposits never become rent.,investigations/2026-08-01-consolidated-canary/ADAPTER_DATA_QUALITY_FINDINGS.md,2662,ma_poc/tests/pms/adapters/test_marketapts.py
40,"MarketApts units are exact, but the shared plan merge turns deposits into rent",confirmed_remediated,complete_29_property_cohort,regression_control,marketapts,284598,Sunrise Station,11260 Point E Dr,Rancho Cordova,CA,95742,https://www.liveatsunrisestation.com/,Authoritative MarketApts plan channel suppresses degraded generic rows; deposits never become rent.,investigations/2026-08-01-consolidated-canary/ADAPTER_DATA_QUALITY_FINDINGS.md,2662,ma_poc/tests/pms/adapters/test_marketapts.py
41,MRI preserves native rows and dates but collapses rent ranges; its Knock fallback is lossy,confirmed_remediated,complete_9_property_attributed_cohort,affected,mri_prospectconnect,540,Bridgepoint I,1500 Monument Rd,Jacksonville,FL,32225,https://www.hgliving.com/apartments/fl/jacksonville/bridgepoint/#/,Preserve both rent-range endpoints and prefer an exactly property-bound MRI route.,investigations/2026-08-01-consolidated-canary/ADAPTER_DATA_QUALITY_FINDINGS.md,2753,ma_poc/tests/pms/adapters/test_mri_prospectconnect.py
41,MRI preserves native rows and dates but collapses rent ranges; its Knock fallback is lossy,confirmed_remediated,complete_9_property_attributed_cohort,affected,mri_prospectconnect,235871,Elmtree Park Apartments,11023 Elmtree Park Dr,Indianapolis,IN,46229,https://www.hgliving.com/apartments/in/indianapolis/elmtree-park/#/,Preserve both rent-range endpoints and prefer an exactly property-bound MRI route.,investigations/2026-08-01-consolidated-canary/ADAPTER_DATA_QUALITY_FINDINGS.md,2753,ma_poc/tests/pms/adapters/test_mri_prospectconnect.py
41,MRI preserves native rows and dates but collapses rent ranges; its Knock fallback is lossy,confirmed_remediated,complete_9_property_attributed_cohort,regression_control,mri_prospectconnect,9133,Lane at Towne Crossing,4035 Towne Crossing Blvd,Mesquite,TX,75150,https://www.hgliving.com/apartments/tx/mesquite/lane-at-towne-crossing/?utm_knock=g,Preserve both rent-range endpoints and prefer an exactly property-bound MRI route.,investigations/2026-08-01-consolidated-canary/ADAPTER_DATA_QUALITY_FINDINGS.md,2753,ma_poc/tests/pms/adapters/test_mri_prospectconnect.py
41,MRI preserves native rows and dates but collapses rent ranges; its Knock fallback is lossy,confirmed_remediated,complete_9_property_attributed_cohort,regression_control,mri_prospectconnect,12370,Rockbrook Creek I,2200 Uecker Dr,Lewisville,TX,75067,https://www.hgliving.com/apartments/tx/lewisville/rockbrook-creek/,Preserve both rent-range endpoints and prefer an exactly property-bound MRI route.,investigations/2026-08-01-consolidated-canary/ADAPTER_DATA_QUALITY_FINDINGS.md,2753,ma_poc/tests/pms/adapters/test_mri_prospectconnect.py
41,MRI preserves native rows and dates but collapses rent ranges; its Knock fallback is lossy,confirmed_remediated,complete_9_property_attributed_cohort,regression_control,mri_prospectconnect,19396,Alcove at Seahurst,14001 Ambaum Blvd SW,Burien,WA,98166,https://www.hgliving.com/apartments/wa/burien/alcove-at-seahurst/,Preserve both rent-range endpoints and prefer an exactly property-bound MRI route.,investigations/2026-08-01-consolidated-canary/ADAPTER_DATA_QUALITY_FINDINGS.md,2753,ma_poc/tests/pms/adapters/test_mri_prospectconnect.py
41,MRI preserves native rows and dates but collapses rent ranges; its Knock fallback is lossy,confirmed_remediated,complete_9_property_attributed_cohort,regression_control,mri_prospectconnect,29583,Norcross Crossings,3400 Peachtree Corners Cir,Norcross,GA,30092,https://www.hgliving.com/apartments/ga/peachtree-corners/norcross-crossing/,Preserve both rent-range endpoints and prefer an exactly property-bound MRI route.,investigations/2026-08-01-consolidated-canary/ADAPTER_DATA_QUALITY_FINDINGS.md,2753,ma_poc/tests/pms/adapters/test_mri_prospectconnect.py
41,MRI preserves native rows and dates but collapses rent ranges; its Knock fallback is lossy,confirmed_remediated,complete_9_property_attributed_cohort,regression_control,mri_prospectconnect,48769,Spring Gate,1500 Springate Dr,Panama City,FL,32404,https://www.hgliving.com/apartments/fl/panama-city/spring-gate/#/,Preserve both rent-range endpoints and prefer an exactly property-bound MRI route.,investigations/2026-08-01-consolidated-canary/ADAPTER_DATA_QUALITY_FINDINGS.md,2753,ma_poc/tests/pms/adapters/test_mri_prospectconnect.py
41,MRI preserves native rows and dates but collapses rent ranges; its Knock fallback is lossy,confirmed_remediated,complete_9_property_attributed_cohort,regression_control,mri_prospectconnect,260340,Linden At The Rim,15022 Vance Jackson Rd,San Antonio,TX,78249,https://www.hgliving.com/apartments/tx/san-antonio/linden-at-the-rim,Preserve both rent-range endpoints and prefer an exactly property-bound MRI route.,investigations/2026-08-01-consolidated-canary/ADAPTER_DATA_QUALITY_FINDINGS.md,2753,ma_poc/tests/pms/adapters/test_mri_prospectconnect.py
41,MRI preserves native rows and dates but collapses rent ranges; its Knock fallback is lossy,confirmed_remediated,complete_9_property_attributed_cohort,regression_control,mri_prospectconnect,264397,Linden Ranch,4300 Ranchero Dr,Sachse,TX,75048,https://www.hgliving.com/apartments/tx/sachse/linden-ranch/?utm_source=GBP&utm_medium=organic,Preserve both rent-range endpoints and prefer an exactly property-bound MRI route.,investigations/2026-08-01-consolidated-canary/ADAPTER_DATA_QUALITY_FINDINGS.md,2753,ma_poc/tests/pms/adapters/test_mri_prospectconnect.py
42,RentCafe layout-tab's whole-roster shortcut is neither whole nor semantically safe,confirmed_remediated,complete_12_property_cohort,affected,rentcafe_layout_tab,1156,Northview Southview Apartment Homes,8111 Reseda Blvd,Reseda,CA,91335,https://www.northview-southview.com/,Union exact plan drills by native apartment identity and let exact plan semantics win.,investigations/2026-08-01-consolidated-canary/ADAPTER_DATA_QUALITY_FINDINGS.md,2856,ma_poc/tests/pms/adapters/test_rentcafe_layout_tab.py
42,RentCafe layout-tab's whole-roster shortcut is neither whole nor semantically safe,confirmed_remediated,complete_12_property_cohort,affected,rentcafe_layout_tab,6281,Wildwood,7610 Cameron Rd,Austin,TX,78752,http://www.wildwoodaustin.com/,Union exact plan drills by native apartment identity and let exact plan semantics win.,investigations/2026-08-01-consolidated-canary/ADAPTER_DATA_QUALITY_FINDINGS.md,2856,ma_poc/tests/pms/adapters/test_rentcafe_layout_tab.py
42,RentCafe layout-tab's whole-roster shortcut is neither whole nor semantically safe,confirmed_remediated,complete_12_property_cohort,affected,rentcafe_layout_tab,11805,Woodland Hills,3541 W Northgate Dr,Irving,TX,75062,http://www.thewoodlandhills411.com/,Union exact plan drills by native apartment identity and let exact plan semantics win.,investigations/2026-08-01-consolidated-canary/ADAPTER_DATA_QUALITY_FINDINGS.md,2856,ma_poc/tests/pms/adapters/test_rentcafe_layout_tab.py
42,RentCafe layout-tab's whole-roster shortcut is neither whole nor semantically safe,confirmed_remediated,complete_12_property_cohort,affected,rentcafe_layout_tab,23367,Broadway Towers,1601 Broadway St,Concord,CA,94520,https://www.broadwayconcord.com/,Union exact plan drills by native apartment identity and let exact plan semantics win.,investigations/2026-08-01-consolidated-canary/ADAPTER_DATA_QUALITY_FINDINGS.md,2856,ma_poc/tests/pms/adapters/test_rentcafe_layout_tab.py
42,RentCafe layout-tab's whole-roster shortcut is neither whole nor semantically safe,confirmed_remediated,complete_12_property_cohort,affected,rentcafe_layout_tab,37360,Goldstone Place,1200 S 1500 E,Clearfield,UT,84015,http://www.goldstoneplace.com,Union exact plan drills by native apartment identity and let exact plan semantics win.,investigations/2026-08-01-consolidated-canary/ADAPTER_DATA_QUALITY_FINDINGS.md,2856,ma_poc/tests/pms/adapters/test_rentcafe_layout_tab.py
42,RentCafe layout-tab's whole-roster shortcut is neither whole nor semantically safe,confirmed_remediated,complete_12_property_cohort,affected,rentcafe_layout_tab,254167,Harbisons Dairy,2041 Coral St,Philadelphia,PA,19125,https://www.harbisonsdairy.com/,Union exact plan drills by native apartment identity and let exact plan semantics win.,investigations/2026-08-01-consolidated-canary/ADAPTER_DATA_QUALITY_FINDINGS.md,2856,ma_poc/tests/pms/adapters/test_rentcafe_layout_tab.py
42,RentCafe layout-tab's whole-roster shortcut is neither whole nor semantically safe,confirmed_remediated,complete_12_property_cohort,affected,rentcafe_layout_tab,268592,Jasper House,1825 E Boston St,Philadelphia,PA,19125,https://live.jasperhousephl.com/,Union exact plan drills by native apartment identity and let exact plan semantics win.,investigations/2026-08-01-consolidated-canary/ADAPTER_DATA_QUALITY_FINDINGS.md,2856,ma_poc/tests/pms/adapters/test_rentcafe_layout_tab.py
42,RentCafe layout-tab's whole-roster shortcut is neither whole nor semantically safe,confirmed_remediated,complete_12_property_cohort,affected,rentcafe_layout_tab,281751,The Franklin Marlboro,2 Jayden Rd,Marlboro,NJ,7746,https://www.thefranklinmarlboro.com/,Union exact plan drills by native apartment identity and let exact plan semantics win.,investigations/2026-08-01-consolidated-canary/ADAPTER_DATA_QUALITY_FINDINGS.md,2856,ma_poc/tests/pms/adapters/test_rentcafe_layout_tab.py
42,RentCafe layout-tab's whole-roster shortcut is neither whole nor semantically safe,confirmed_remediated,complete_12_property_cohort,regression_control,rentcafe_layout_tab,1084,Black Hawk,3010 Simcoe Dr,Fort Wayne,IN,46815,https://www.theblackhawkapartments.com/,Union exact plan drills by native apartment identity and let exact plan semantics win.,investigations/2026-08-01-consolidated-canary/ADAPTER_DATA_QUALITY_FINDINGS.md,2856,ma_poc/tests/pms/adapters/test_rentcafe_layout_tab.py
42,RentCafe layout-tab's whole-roster shortcut is neither whole nor semantically safe,confirmed_remediated,complete_12_property_cohort,regression_control,rentcafe_layout_tab,3811,Vista Del Sol,7100 Louisiana Blvd NE,Albuquerque,NM,87109,www.vista-del-sol.com,Union exact plan drills by native apartment identity and let exact plan semantics win.,investigations/2026-08-01-consolidated-canary/ADAPTER_DATA_QUALITY_FINDINGS.md,2856,ma_poc/tests/pms/adapters/test_rentcafe_layout_tab.py
42,RentCafe layout-tab's whole-roster shortcut is neither whole nor semantically safe,confirmed_remediated,complete_12_property_cohort,regression_control,rentcafe_layout_tab,27125,Tudor Place,5801 Peabody St,Hyattsville,MD,20783,https://www.tudorplaceapts.com/,Union exact plan drills by native apartment identity and let exact plan semantics win.,investigations/2026-08-01-consolidated-canary/ADAPTER_DATA_QUALITY_FINDINGS.md,2856,ma_poc/tests/pms/adapters/test_rentcafe_layout_tab.py
42,RentCafe layout-tab's whole-roster shortcut is neither whole nor semantically safe,confirmed_remediated,complete_12_property_cohort,regression_control,rentcafe_layout_tab,253774,27Seventy Lower Heights,2770 Summer St,Houston,TX,77007,https://www.27seventylowerheights.com/,Union exact plan drills by native apartment identity and let exact plan semantics win.,investigations/2026-08-01-consolidated-canary/ADAPTER_DATA_QUALITY_FINDINGS.md,2856,ma_poc/tests/pms/adapters/test_rentcafe_layout_tab.py
43,Wix's rigid card grammar misses both visible plans and a linked unit roster,confirmed_remediated,explicit_audit_scope,affected,wix_floor_plans,47909,Westerville Park Apartment Homes,4565 Northland Square Dr E,Columbus,OH,43231,https://www.capcityapartments.com/westerville-park,"Recover authored Wix plans and only explicitly linked, identity-bound physical rosters.",investigations/2026-08-01-consolidated-canary/ADAPTER_DATA_QUALITY_FINDINGS.md,3009,ma_poc/tests/pms/adapters/test_wix_floor_plans.py
43,Wix's rigid card grammar misses both visible plans and a linked unit roster,confirmed_remediated,explicit_audit_scope,affected,wix_floor_plans,262964,The Bellagio,1384 Empire Blvd,Rochester,NY,14609,https://www.bellagio1384.com/,"Recover authored Wix plans and only explicitly linked, identity-bound physical rosters.",investigations/2026-08-01-consolidated-canary/ADAPTER_DATA_QUALITY_FINDINGS.md,3009,ma_poc/tests/pms/adapters/test_wix_floor_plans.py
43,Wix's rigid card grammar misses both visible plans and a linked unit roster,confirmed_remediated,explicit_audit_scope,regression_control,wix_floor_plans,220345,Vestawood Apartments,1716 Vestawood Ct,Vestavia Hills,AL,35216,https://www.vestawood.com/,"Recover authored Wix plans and only explicitly linked, identity-bound physical rosters.",investigations/2026-08-01-consolidated-canary/ADAPTER_DATA_QUALITY_FINDINGS.md,3009,ma_poc/tests/pms/adapters/test_wix_floor_plans.py
44,Camden reports a suggestion sample as unit inventory; its older expansion fabricates rows,confirmed_remediated,complete_16_property_cohort,affected,camden,1740,Camden Fairview,8738 Fairview Rd,Charlotte,NC,28226,https://www.camdenliving.com/apartments/charlotte-nc/camden-fairview?utm_source=gmb&utm_medium=local&utm_campaign=camden-fairview&y_source=1_MTE2Nzc0MTctNzE1LWxvY2F0aW9uLndlYnNpdGU%3D,Exact catalogue/plan drills produce every community-qualified unit; suggestion cross-products are forbidden.,investigations/2026-08-01-consolidated-canary/ADAPTER_DATA_QUALITY_FINDINGS.md,3123,ma_poc/tests/pms/adapters/test_camden.py
44,Camden reports a suggestion sample as unit inventory; its older expansion fabricates rows,confirmed_remediated,complete_16_property_cohort,affected,camden,7383,Camden Lakeway,7355 Grant Ranch Blvd,Lakewood,CO,80123,https://www.camdenliving.com/apartments/lakewood-co/camden-lakeway,Exact catalogue/plan drills produce every community-qualified unit; suggestion cross-products are forbidden.,investigations/2026-08-01-consolidated-canary/ADAPTER_DATA_QUALITY_FINDINGS.md,3123,ma_poc/tests/pms/adapters/test_camden.py
44,Camden reports a suggestion sample as unit inventory; its older expansion fabricates rows,confirmed_remediated,complete_16_property_cohort,affected,camden,14062,Camden Lake Pine,600 Park Summit Blvd,Apex,NC,27523,https://www.camdenliving.com/apartments/apex-nc/camden-lake-pine,Exact catalogue/plan drills produce every community-qualified unit; suggestion cross-products are forbidden.,investigations/2026-08-01-consolidated-canary/ADAPTER_DATA_QUALITY_FINDINGS.md,3123,ma_poc/tests/pms/adapters/test_camden.py
44,Camden reports a suggestion sample as unit inventory; its older expansion fabricates rows,confirmed_remediated,complete_16_property_cohort,affected,camden,15064,Camden Holly Springs,680 W Sam Houston Pkwy S,Houston,TX,77042,https://www.camdenliving.com/apartments/houston-tx/camden-holly-springs,Exact catalogue/plan drills produce every community-qualified unit; suggestion cross-products are forbidden.,investigations/2026-08-01-consolidated-canary/ADAPTER_DATA_QUALITY_FINDINGS.md,3123,ma_poc/tests/pms/adapters/test_camden.py
44,Camden reports a suggestion sample as unit inventory; its older expansion fabricates rows,confirmed_remediated,complete_16_property_cohort,affected,camden,15332,Camden Ashburn Farm,20886 Isherwood Terrace,Ashburn,VA,20147,https://www.camdenliving.com/apartments/ashburn-va/camden-ashburn-farm?utm_source=gmb&utm_medium=local&utm_campaign=camden-ashburn-farm&y_source=1_MTE2NzczODUtNzE1LWxvY2F0aW9uLndlYnNpdGU%3D,Exact catalogue/plan drills produce every community-qualified unit; suggestion cross-products are forbidden.,investigations/2026-08-01-consolidated-canary/ADAPTER_DATA_QUALITY_FINDINGS.md,3123,ma_poc/tests/pms/adapters/test_camden.py
44,Camden reports a suggestion sample as unit inventory; its older expansion fabricates rows,confirmed_remediated,complete_16_property_cohort,affected,camden,24648,Camden Overlook,4703 Summit Overlook Dr,Raleigh,NC,27612,https://www.camdenliving.com/apartments/raleigh-nc/camden-overlook,Exact catalogue/plan drills produce every community-qualified unit; suggestion cross-products are forbidden.,investigations/2026-08-01-consolidated-canary/ADAPTER_DATA_QUALITY_FINDINGS.md,3123,ma_poc/tests/pms/adapters/test_camden.py
44,Camden reports a suggestion sample as unit inventory; its older expansion fabricates rows,confirmed_remediated,complete_16_property_cohort,affected,camden,26730,Camden Brookwood,147 26th St NW,Atlanta,GA,30309,https://www.camdenliving.com/apartments/atlanta-ga/camden-brookwood,Exact catalogue/plan drills produce every community-qualified unit; suggestion cross-products are forbidden.,investigations/2026-08-01-consolidated-canary/ADAPTER_DATA_QUALITY_FINDINGS.md,3123,ma_poc/tests/pms/adapters/test_camden.py
44,Camden reports a suggestion sample as unit inventory; its older expansion fabricates rows,confirmed_remediated,complete_16_property_cohort,affected,camden,30997,Camden Fallsgrove,719 Fallsgrove Dr,Rockville,MD,20850,https://www.camdenliving.com/apartments/rockville-md/camden-fallsgrove,Exact catalogue/plan drills produce every community-qualified unit; suggestion cross-products are forbidden.,investigations/2026-08-01-consolidated-canary/ADAPTER_DATA_QUALITY_FINDINGS.md,3123,ma_poc/tests/pms/adapters/test_camden.py
44,Camden reports a suggestion sample as unit inventory; its older expansion fabricates rows,confirmed_remediated,complete_16_property_cohort,affected,camden,35256,Camden Manor Park,4000 Manor Club Dr,Raleigh,NC,27612,https://www.camdenliving.com/apartments/raleigh-nc/camden-manor-park,Exact catalogue/plan drills produce every community-qualified unit; suggestion cross-products are forbidden.,investigations/2026-08-01-consolidated-canary/ADAPTER_DATA_QUALITY_FINDINGS.md,3123,ma_poc/tests/pms/adapters/test_camden.py
44,Camden reports a suggestion sample as unit inventory; its older expansion fabricates rows,confirmed_remediated,complete_16_property_cohort,affected,camden,37545,Camden Cedar Hills,4100 W Slaughter Ln,Austin,TX,78749,https://www.camdenliving.com/apartments/austin-tx/camden-cedar-hills,Exact catalogue/plan drills produce every community-qualified unit; suggestion cross-products are forbidden.,investigations/2026-08-01-consolidated-canary/ADAPTER_DATA_QUALITY_FINDINGS.md,3123,ma_poc/tests/pms/adapters/test_camden.py
44,Camden reports a suggestion sample as unit inventory; its older expansion fabricates rows,confirmed_remediated,complete_16_property_cohort,affected,camden,38541,Camden Brushy Creek,1101 Brushy Creek Rd,Cedar Park,TX,78613,https://www.camdenliving.com/apartments/cedar-park-tx/camden-brushy-creek#overview,Exact catalogue/plan drills produce every community-qualified unit; suggestion cross-products are forbidden.,investigations/2026-08-01-consolidated-canary/ADAPTER_DATA_QUALITY_FINDINGS.md,3123,ma_poc/tests/pms/adapters/test_camden.py
44,Camden reports a suggestion sample as unit inventory; its older expansion fabricates rows,confirmed_remediated,complete_16_property_cohort,affected,camden,62512,Camden Chandler,2777 S Arizona Ave,Chandler,AZ,85286,https://www.camdenliving.com/apartments/chandler-az/camden-chandler,Exact catalogue/plan drills produce every community-qualified unit; suggestion cross-products are forbidden.,investigations/2026-08-01-consolidated-canary/ADAPTER_DATA_QUALITY_FINDINGS.md,3123,ma_poc/tests/pms/adapters/test_camden.py
44,Camden reports a suggestion sample as unit inventory; its older expansion fabricates rows,confirmed_remediated,complete_16_property_cohort,affected,camden,78724,Camden North End,6800 E Mayo Blvd,Phoenix,AZ,85054,https://www.camdenliving.com/apartments/phoenix-az/camden-north-end?utm_source=gmb&utm_medium=local&utm_campaign=camden-north-end&y_source=1_MTE2Nzc1MjAtNzE1LWxvY2F0aW9uLndlYnNpdGU%3D,Exact catalogue/plan drills produce every community-qualified unit; suggestion cross-products are forbidden.,investigations/2026-08-01-consolidated-canary/ADAPTER_DATA_QUALITY_FINDINGS.md,3123,ma_poc/tests/pms/adapters/test_camden.py
44,Camden reports a suggestion sample as unit inventory; its older expansion fabricates rows,confirmed_remediated,complete_16_property_cohort,affected,camden,227989,Camden Riverwalk,3800 Grapevine Mills Pkwy,Grapevine,TX,76051,https://www.camdenliving.com/apartments/grapevine-tx/camden-riverwalk,Exact catalogue/plan drills produce every community-qualified unit; suggestion cross-products are forbidden.,investigations/2026-08-01-consolidated-canary/ADAPTER_DATA_QUALITY_FINDINGS.md,3123,ma_poc/tests/pms/adapters/test_camden.py
44,Camden reports a suggestion sample as unit inventory; its older expansion fabricates rows,confirmed_remediated,complete_16_property_cohort,affected,camden,229295,Camden Farmers Market,2210 Canton St,Dallas,TX,75201,https://www.camdenliving.com/apartments/dallas-tx/camden-farmers-market,Exact catalogue/plan drills produce every community-qualified unit; suggestion cross-products are forbidden.,investigations/2026-08-01-consolidated-canary/ADAPTER_DATA_QUALITY_FINDINGS.md,3123,ma_poc/tests/pms/adapters/test_camden.py
44,Camden reports a suggestion sample as unit inventory; its older expansion fabricates rows,confirmed_remediated,complete_16_property_cohort,affected,camden,234916,Camden Vanderbilt,7171 Buffalo Speedway,Houston,TX,77025,https://www.camdenliving.com/apartments/houston-tx/camden-vanderbilt?utm_source=gmb&utm_medium=local&utm_campaign=camden-vanderbilt&y_source=1_MTE2Nzc0ODMtNzE1LWxvY2F0aW9uLndlYnNpdGU%3D,Exact catalogue/plan drills produce every community-qualified unit; suggestion cross-products are forbidden.,investigations/2026-08-01-consolidated-canary/ADAPTER_DATA_QUALITY_FINDINGS.md,3123,ma_poc/tests/pms/adapters/test_camden.py
45,Squarespace's fixed-route recovery misses two authored rosters and admits a SightMap placeholder,confirmed_remediated,complete_6_property_cohort,affected,squarespace_nopms,56903,The Landmark,550 Washington St,Braintree,MA,2184,https://www.fxmessina.com/the-landmark?rq=The%20Landmark,Recover authored property-bound rosters and reject provider placeholders.,investigations/2026-08-01-consolidated-canary/ADAPTER_DATA_QUALITY_FINDINGS.md,3263,ma_poc/tests/pms/adapters/test_squarespace_authored_routes.py
45,Squarespace's fixed-route recovery misses two authored rosters and admits a SightMap placeholder,confirmed_remediated,complete_6_property_cohort,affected,squarespace_nopms,61950,250 High,250 S High St,Columbus,OH,43215,https://250high.com/,Recover authored property-bound rosters and reject provider placeholders.,investigations/2026-08-01-consolidated-canary/ADAPTER_DATA_QUALITY_FINDINGS.md,3263,ma_poc/tests/pms/adapters/test_squarespace_authored_routes.py
45,Squarespace's fixed-route recovery misses two authored rosters and admits a SightMap placeholder,confirmed_remediated,complete_6_property_cohort,affected,squarespace_nopms,68505,30Sixty Apartments,3060 W Olympic Blvd,Los Angeles,CA,90006,https://www.30sixtyapts.com/,Recover authored property-bound rosters and reject provider placeholders.,investigations/2026-08-01-consolidated-canary/ADAPTER_DATA_QUALITY_FINDINGS.md,3263,ma_poc/tests/pms/adapters/test_squarespace_authored_routes.py
45,Squarespace's fixed-route recovery misses two authored rosters and admits a SightMap placeholder,confirmed_remediated,complete_6_property_cohort,affected,squarespace_nopms,241432,Cricket Flats,65 Cricket Ave,Ardmore,PA,19003,http://cricketflats.com/,Recover authored property-bound rosters and reject provider placeholders.,investigations/2026-08-01-consolidated-canary/ADAPTER_DATA_QUALITY_FINDINGS.md,3263,ma_poc/tests/pms/adapters/test_squarespace_authored_routes.py
45,Squarespace's fixed-route recovery misses two authored rosters and admits a SightMap placeholder,confirmed_remediated,complete_6_property_cohort,regression_control,squarespace_nopms,57195,Tribeca,720 W 3rd Ave,Columbus,OH,43212,https://tribecacolumbus.com/,Recover authored property-bound rosters and reject provider placeholders.,investigations/2026-08-01-consolidated-canary/ADAPTER_DATA_QUALITY_FINDINGS.md,3263,ma_poc/tests/pms/adapters/test_squarespace_authored_routes.py
45,Squarespace's fixed-route recovery misses two authored rosters and admits a SightMap placeholder,confirmed_remediated,complete_6_property_cohort,regression_control,squarespace_nopms,280355,Town Center Apartments,4653 S Amherst Hwy,Madison Heights,VA,24572,https://www.mhtowncenter.com/,Recover authored property-bound rosters and reject provider placeholders.,investigations/2026-08-01-consolidated-canary/ADAPTER_DATA_QUALITY_FINDINGS.md,3263,ma_poc/tests/pms/adapters/test_squarespace_authored_routes.py
46,ThinkReside misses its current towncommunity card shape and erases `Now` provenance,confirmed_remediated,explicit_audit_scope,affected,thinkreside,51921,Deer Run,9957 Darrow Park Dr,Twinsburg,OH,44087,https://www.liveatdeerrunapts.com/,Current towncommunity shapes remain complete; visible Now provenance and exact plan cards survive.,investigations/2026-08-01-consolidated-canary/ADAPTER_DATA_QUALITY_FINDINGS.md,3409,ma_poc/tests/pms/adapters/test_thinkreside.py
46,ThinkReside misses its current towncommunity card shape and erases `Now` provenance,confirmed_remediated,explicit_audit_scope,affected,thinkreside,271195,Indy Flats,1304 N Delaware St,Indianapolis,IN,46202,https://www.indyflatsapts.com/,Current towncommunity shapes remain complete; visible Now provenance and exact plan cards survive.,investigations/2026-08-01-consolidated-canary/ADAPTER_DATA_QUALITY_FINDINGS.md,3409,ma_poc/tests/pms/adapters/test_thinkreside.py
47,`wix_nopms` mixes clean provider routes with lossy plan parsing and four recoverable misses,confirmed_remediated,complete_18_property_cohort,affected,wix_nopms,19538,Stadium Apartments,2999 Woodway Dr SW,Huntsville,AL,35805,http://www.stadiumapartmentshuntsville.com/,Provider routes stay identity-bound; recoverable plan/unit routes emit exact rows without waitlist or placeholder records.,investigations/2026-08-01-consolidated-canary/ADAPTER_DATA_QUALITY_FINDINGS.md,3536,ma_poc/tests/pms/adapters/test_wix_iframe_walker.py
47,`wix_nopms` mixes clean provider routes with lossy plan parsing and four recoverable misses,confirmed_remediated,complete_18_property_cohort,affected,wix_nopms,23494,Indian Village,930 Old Goddard Rd,Lincoln Park,MI,48146,https://indianvillageapt.wixsite.com/home/apartments,Provider routes stay identity-bound; recoverable plan/unit routes emit exact rows without waitlist or placeholder records.,investigations/2026-08-01-consolidated-canary/ADAPTER_DATA_QUALITY_FINDINGS.md,3536,ma_poc/tests/pms/adapters/test_wix_iframe_walker.py
47,`wix_nopms` mixes clean provider routes with lossy plan parsing and four recoverable misses,confirmed_remediated,complete_18_property_cohort,affected,wix_nopms,23963,Luna Bear Arcos,1637 E Missouri Ave,Phoenix,AZ,85016,http://www.arcosphx.com/,Provider routes stay identity-bound; recoverable plan/unit routes emit exact rows without waitlist or placeholder records.,investigations/2026-08-01-consolidated-canary/ADAPTER_DATA_QUALITY_FINDINGS.md,3536,ma_poc/tests/pms/adapters/test_wix_iframe_walker.py
47,`wix_nopms` mixes clean provider routes with lossy plan parsing and four recoverable misses,confirmed_remediated,complete_18_property_cohort,affected,wix_nopms,34523,Constellation Ranch,500 W Loop 820 S,Fort Worth,TX,76108,https://www.constellationranchtx.com/,Provider routes stay identity-bound; recoverable plan/unit routes emit exact rows without waitlist or placeholder records.,investigations/2026-08-01-consolidated-canary/ADAPTER_DATA_QUALITY_FINDINGS.md,3536,ma_poc/tests/pms/adapters/test_wix_iframe_walker.py
47,`wix_nopms` mixes clean provider routes with lossy plan parsing and four recoverable misses,confirmed_remediated,complete_18_property_cohort,affected,wix_nopms,36268,Stoney Creek,570 Stowell Dr,Rochester,NY,14616,http://www.stoneycreekapthomes.com/,Provider routes stay identity-bound; recoverable plan/unit routes emit exact rows without waitlist or placeholder records.,investigations/2026-08-01-consolidated-canary/ADAPTER_DATA_QUALITY_FINDINGS.md,3536,ma_poc/tests/pms/adapters/test_wix_iframe_walker.py
47,`wix_nopms` mixes clean provider routes with lossy plan parsing and four recoverable misses,confirmed_remediated,complete_18_property_cohort,affected,wix_nopms,37805,The Gentry's Landing,400 N 4th St,St. Louis,MO,63102,http://www.gentryslanding.com/,Provider routes stay identity-bound; recoverable plan/unit routes emit exact rows without waitlist or placeholder records.,investigations/2026-08-01-consolidated-canary/ADAPTER_DATA_QUALITY_FINDINGS.md,3536,ma_poc/tests/pms/adapters/test_wix_iframe_walker.py
47,`wix_nopms` mixes clean provider routes with lossy plan parsing and four recoverable misses,confirmed_remediated,complete_18_property_cohort,affected,wix_nopms,67150,Harbor Vista at Crawford Street,800 Crawford St,Portsmouth,VA,23704,https://www.liveharborvista.com/,Provider routes stay identity-bound; recoverable plan/unit routes emit exact rows without waitlist or placeholder records.,investigations/2026-08-01-consolidated-canary/ADAPTER_DATA_QUALITY_FINDINGS.md,3536,ma_poc/tests/pms/adapters/test_wix_iframe_walker.py
47,`wix_nopms` mixes clean provider routes with lossy plan parsing and four recoverable misses,confirmed_remediated,complete_18_property_cohort,affected,wix_nopms,69203,The Marq,4781 Alicia Dr,Virginia Beach,VA,23462,https://www.livemarqvb.com/,Provider routes stay identity-bound; recoverable plan/unit routes emit exact rows without waitlist or placeholder records.,investigations/2026-08-01-consolidated-canary/ADAPTER_DATA_QUALITY_FINDINGS.md,3536,ma_poc/tests/pms/adapters/test_wix_iframe_walker.py
47,`wix_nopms` mixes clean provider routes with lossy plan parsing and four recoverable misses,confirmed_remediated,complete_18_property_cohort,affected,wix_nopms,71345,Westgate Village Townhouses,680 Pinckney Ct,Comstock Park,MI,49321,https://www.westgate-village-townhouses.com/,Provider routes stay identity-bound; recoverable plan/unit routes emit exact rows without waitlist or placeholder records.,investigations/2026-08-01-consolidated-canary/ADAPTER_DATA_QUALITY_FINDINGS.md,3536,ma_poc/tests/pms/adapters/test_wix_iframe_walker.py
47,`wix_nopms` mixes clean provider routes with lossy plan parsing and four recoverable misses,confirmed_remediated,complete_18_property_cohort,affected,wix_nopms,217343,Eagle Harbor II,220 Marsh Landing,Carrollton,VA,23314,https://www.liveeagleharbor.com/,Provider routes stay identity-bound; recoverable plan/unit routes emit exact rows without waitlist or placeholder records.,investigations/2026-08-01-consolidated-canary/ADAPTER_DATA_QUALITY_FINDINGS.md,3536,ma_poc/tests/pms/adapters/test_wix_iframe_walker.py
47,`wix_nopms` mixes clean provider routes with lossy plan parsing and four recoverable misses,confirmed_remediated,complete_18_property_cohort,affected,wix_nopms,240745,The Allure at Jefferson I,4660 Monroe Way,Fredericksburg,VA,22407,https://www.liveallureva.com/,Provider routes stay identity-bound; recoverable plan/unit routes emit exact rows without waitlist or placeholder records.,investigations/2026-08-01-consolidated-canary/ADAPTER_DATA_QUALITY_FINDINGS.md,3536,ma_poc/tests/pms/adapters/test_wix_iframe_walker.py
47,`wix_nopms` mixes clean provider routes with lossy plan parsing and four recoverable misses,confirmed_remediated,complete_18_property_cohort,affected,wix_nopms,254556,Park Place,305 W Jack Finney Blvd,Greenville,TX,75402,https://www.parkplacegreenville.com/,Provider routes stay identity-bound; recoverable plan/unit routes emit exact rows without waitlist or placeholder records.,investigations/2026-08-01-consolidated-canary/ADAPTER_DATA_QUALITY_FINDINGS.md,3536,ma_poc/tests/pms/adapters/test_wix_iframe_walker.py
47,`wix_nopms` mixes clean provider routes with lossy plan parsing and four recoverable misses,confirmed_remediated,complete_18_property_cohort,affected,wix_nopms,271721,The Millennium on Monroe,2002 N Monroe St,Spokane,WA,99205,https://www.millenniumnw.com/,Provider routes stay identity-bound; recoverable plan/unit routes emit exact rows without waitlist or placeholder records.,investigations/2026-08-01-consolidated-canary/ADAPTER_DATA_QUALITY_FINDINGS.md,3536,ma_poc/tests/pms/adapters/test_wix_iframe_walker.py
47,`wix_nopms` mixes clean provider routes with lossy plan parsing and four recoverable misses,confirmed_remediated,complete_18_property_cohort,affected,wix_nopms,276351,The Parkline,4250 Oregon St,San Diego,CA,92104,https://www.parkline.live/,Provider routes stay identity-bound; recoverable plan/unit routes emit exact rows without waitlist or placeholder records.,investigations/2026-08-01-consolidated-canary/ADAPTER_DATA_QUALITY_FINDINGS.md,3536,ma_poc/tests/pms/adapters/test_wix_iframe_walker.py
47,`wix_nopms` mixes clean provider routes with lossy plan parsing and four recoverable misses,confirmed_remediated,complete_18_property_cohort,affected,wix_nopms,282696,Allen Ranch Estates,1893 SW Hungry Hill Dr,Grants Pass,OR,97527,https://www.ishranchestates.com/allen-ranch,Provider routes stay identity-bound; recoverable plan/unit routes emit exact rows without waitlist or placeholder records.,investigations/2026-08-01-consolidated-canary/ADAPTER_DATA_QUALITY_FINDINGS.md,3536,ma_poc/tests/pms/adapters/test_wix_iframe_walker.py
47,`wix_nopms` mixes clean provider routes with lossy plan parsing and four recoverable misses,confirmed_remediated,complete_18_property_cohort,regression_control,wix_nopms,46179,East Hampton,2901 N Governeour St,Wichita,KS,67226,https://www.hayloftapartmenthomes.com/east-hampton-estates,Provider routes stay identity-bound; recoverable plan/unit routes emit exact rows without waitlist or placeholder records.,investigations/2026-08-01-consolidated-canary/ADAPTER_DATA_QUALITY_FINDINGS.md,3536,ma_poc/tests/pms/adapters/test_wix_iframe_walker.py
47,`wix_nopms` mixes clean provider routes with lossy plan parsing and four recoverable misses,confirmed_remediated,complete_18_property_cohort,regression_control,wix_nopms,118965,16 Bennett,16 Bennett St,Jersey City,NJ,7304,https://www.16bennett.com,Provider routes stay identity-bound; recoverable plan/unit routes emit exact rows without waitlist or placeholder records.,investigations/2026-08-01-consolidated-canary/ADAPTER_DATA_QUALITY_FINDINGS.md,3536,ma_poc/tests/pms/adapters/test_wix_iframe_walker.py
47,`wix_nopms` mixes clean provider routes with lossy plan parsing and four recoverable misses,confirmed_remediated,complete_18_property_cohort,regression_control,wix_nopms,263732,Hoyt Tower,50-54 Sussex Ave,Newark,NJ,7103,https://www.hoyttowernewark.com/,Provider routes stay identity-bound; recoverable plan/unit routes emit exact rows without waitlist or placeholder records.,investigations/2026-08-01-consolidated-canary/ADAPTER_DATA_QUALITY_FINDINGS.md,3536,ma_poc/tests/pms/adapters/test_wix_iframe_walker.py
48,"Yotta preserves its apartment roster and future dates but loses plan, floor, and `Today` semantics",confirmed_remediated,explicit_audit_scope,affected,yotta,15049,Verandah at Lakepointe,8300 Farm to Market 1960 Rd E,Humble,TX,77346,https://verandahlake.com/,"Provider plan IDs, floor ordinals, literal Today provenance, future dates, and response lineage survive.",investigations/2026-08-01-consolidated-canary/ADAPTER_DATA_QUALITY_FINDINGS.md,3728,ma_poc/tests/pms/adapters/test_yotta.py
48,"Yotta preserves its apartment roster and future dates but loses plan, floor, and `Today` semantics",confirmed_remediated,explicit_audit_scope,affected,yotta,34785,Pepper Tree,2701 Longmire Dr,College Station,TX,77845,http://adaraportal.yottareal.com/pages/HomePage.aspx?Id=55,"Provider plan IDs, floor ordinals, literal Today provenance, future dates, and response lineage survive.",investigations/2026-08-01-consolidated-canary/ADAPTER_DATA_QUALITY_FINDINGS.md,3728,ma_poc/tests/pms/adapters/test_yotta.py
48,"Yotta preserves its apartment roster and future dates but loses plan, floor, and `Today` semantics",confirmed_remediated,explicit_audit_scope,affected,yotta,35349,The Redland,18979 Redland Rd,San Antonio,TX,78259,www.livetheredland.com,"Provider plan IDs, floor ordinals, literal Today provenance, future dates, and response lineage survive.",investigations/2026-08-01-consolidated-canary/ADAPTER_DATA_QUALITY_FINDINGS.md,3728,ma_poc/tests/pms/adapters/test_yotta.py
49,"Non-registry recoveries preserve physical rows, but ShowMojo loses a future date and the static table drops five plans",confirmed_remediated,explicit_audit_scope,affected,non_registry,1765,Annaberg,2905 Arrowhead Dr,Augusta,GA,30909,https://www.augustarentalhomes.net/_system/listings/56/2905-Arrowhead-Drive---D3-Augusta-GA-30909-US,"Each exact non-registry route stays property-bound and preserves physical rows, future dates, and authored plans.",investigations/2026-08-01-consolidated-canary/ADAPTER_DATA_QUALITY_FINDINGS.md,3823,ma_poc/tests/pms/adapters/test_betternoi_public.py|ma_poc/tests/pms/adapters/test_nesthub_public.py|ma_poc/tests/pms/adapters/test_showmojo_public.py|ma_poc/tests/pms/adapters/test_static_residence_table.py
49,"Non-registry recoveries preserve physical rows, but ShowMojo loses a future date and the static table drops five plans",confirmed_remediated,explicit_audit_scope,affected,non_registry,38378,Park Northside,1601 Roane St,Richmond,VA,23222,https://www.parknorthsiderva.com/,"Each exact non-registry route stays property-bound and preserves physical rows, future dates, and authored plans.",investigations/2026-08-01-consolidated-canary/ADAPTER_DATA_QUALITY_FINDINGS.md,3823,ma_poc/tests/pms/adapters/test_betternoi_public.py|ma_poc/tests/pms/adapters/test_nesthub_public.py|ma_poc/tests/pms/adapters/test_showmojo_public.py|ma_poc/tests/pms/adapters/test_static_residence_table.py
49,"Non-registry recoveries preserve physical rows, but ShowMojo loses a future date and the static table drops five plans",confirmed_remediated,explicit_audit_scope,affected,non_registry,55709,Vista Pointe Apartments,2981 Ridge Ave,Macon,GA,31204,https://ridgepointeblueridgeapts.com/en/,"Each exact non-registry route stays property-bound and preserves physical rows, future dates, and authored plans.",investigations/2026-08-01-consolidated-canary/ADAPTER_DATA_QUALITY_FINDINGS.md,3823,ma_poc/tests/pms/adapters/test_betternoi_public.py|ma_poc/tests/pms/adapters/test_nesthub_public.py|ma_poc/tests/pms/adapters/test_showmojo_public.py|ma_poc/tests/pms/adapters/test_static_residence_table.py
49,"Non-registry recoveries preserve physical rows, but ShowMojo loses a future date and the static table drops five plans",confirmed_remediated,explicit_audit_scope,affected,non_registry,261580,1515 Park Place,1515 Park Pl,Brooklyn,NY,11213,https://www.1515parkplace.com/,"Each exact non-registry route stays property-bound and preserves physical rows, future dates, and authored plans.",investigations/2026-08-01-consolidated-canary/ADAPTER_DATA_QUALITY_FINDINGS.md,3823,ma_poc/tests/pms/adapters/test_betternoi_public.py|ma_poc/tests/pms/adapters/test_nesthub_public.py|ma_poc/tests/pms/adapters/test_showmojo_public.py|ma_poc/tests/pms/adapters/test_static_residence_table.py
