apartmentid,name,address,city,state,zip,website
67598,Lofts At Little Creek,1315 Creekshire Way,Winston-Salem,NC,27103,http://www.loftsatlittlecreek.com/
45534,Walnut Creek,700 Ryan Ct,Raleigh,NC,27606,https://www.liveatwalnutcreekapts.com/?rcstdid=Mg%3D%3D-YRjTEizZPgM%3D
77595,Inspire,2656 N Buffalo Dr,Las Vegas,NV,89128,https://ovationco.com/property/inspire/
5119,Embarc at West Jordan,6885 S Redwood Rd,West Jordan,UT,84084,http://www.embarcatwestjordan.com/
218586,Cedar Ridge,4945 Mack Rd,Sacramento,CA,95823,https://cedarridgeapts.rentaladdress.com/
7931,Lamonte Park,3737 Watonga Blvd,Houston,TX,77092,https://www.lamonteparktownhomes.com/
71345,Westgate Village Townhouses,680 Pinckney Ct,Comstock Park,MI,49321,https://www.westgate-village-townhouses.com/
74592,Crosswynde Apartments,1502 Marsh Cove Ct,Tampa,FL,33619,http://www.crosswyndeapts.com/
24928,Summer Winds,2725 W Wigwam Ave,Las Vegas,NV,89123,https://lasvegasliving.com/properties/summer-winds/
10966,Colonies,2525 Bolton Boone Dr,DeSoto,TX,75115,https://www.thecoloniesapartments.com/
16982,Pleasant View Gardens,258 Carlton Ave,Piscataway,NJ,8854,http://www.pleasantviewgardensnj.com/
31890,The Oaks,101 Arbor Run Dr,Lincolnton,NC,28092,https://www.theoaksapartments.com/
53382,The Martin,2105 5th Ave,Seattle,WA,98121,http://www.themartinseattle.com
16196,Village Square Apartments,12011 Veirs Mill Rd,Wheaton,MD,20906,http://www.villagesquarewheaton.com/Home/Index/36189
11797,Wray North Dallas,18749 Marsh Ln,Dallas,TX,75287,https://www.wraynorthdallas.com/wray-north-dallas-tx/
55940,Eleven by Windsor,811 E 11th St,Austin,TX,78702,www.elevenbywindsor.com
285770,The Rise Living Community,2100 W Iris Dr SE,Conyers,GA,30013,https://www.riselivingapts.com/
21997,Roundtree,2835 Roundtree Blvd,Ypsilanti,MI,48197,http://www.mckinley.com/apartments/michigan/ypsilanti/roundtree-apartments#.VQhSL2X4LEE
251190,The Carlaw,1020 R St,Sacramento,CA,95811,https://liveatthecarlaw.com/
3106,Woodhollow,4502 Lake Shore Dr,Waco,TX,76710,http://www.woodhollowwaco.com/
74364,Wilmington Pointe,933 Wilmington Ave,Dayton,OH,45420,www.wilmingtonpointe.com
16186,Edgewood Court,649 Prospect St,Chicopee,MA,1020,https://www.aspensquare.com/apartments/massachusetts/chicopee/edgewood-court
5785,Grove Parkview,1900 Glenn Club Dr,Stone Mountain,GA,30087,https://www.groveparkview.com/
26151,Madera,2600 S Town Center Dr,Las Vegas,NV,89135,https://lasvegasliving.com/properties/madera/
242945,Elevation Luxury Apartments,5000 N Mall Way,Flagstaff,AZ,86004,www.elevationflagstaff.com
18752,Brookstone Apartments,1401 N Lamb Blvd,Las Vegas,NV,89110,https://www.liveatbrookstoneapartments.com/?utm_source=GMB&utm_medium=organic
36784,Cypress Grove,6C Cypress Grove Dr,Wilmington,NC,28401,https://www.cypressgroveaptliving.com/
71773,Cloister Gardens,845 Dawn Ave,Ephrata,PA,17522,https://www.theapartmentgallery.com/communities/cloister-gardens#k=42298
49598,Shelard Village,400420 Ford Rd,St. Louis Park,MN,55426,https://shelardvillage.com/
7165,Tides on 27th,6131 N 27th Ave,Phoenix,AZ,85017,https://www.tideson27th.com/
233188,The Mansions at Sunset Ridge,1440 Carrollton Pkwy,Carrollton,TX,75010,www.mansionsatsunsetridge.com
1258,Crossings at Madison,110 Archwood Pl,Madison,TN,37115,https://www.crossingsmadison.com/
61377,Grant Park Village I - Henshaw,1580 NE 32nd Ave,Portland,OR,97232,https://www.grantparkvillage.com/
55954,Waterside Place by Windsor,505 Congress St,Boston,MA,2210,www.watersideplacebywindsor.com
56775,Avalon Hill Country,3499 Ranch Rd 620 S,Austin,TX,78738,https://www.avaloncommunities.com/texas/austin-apartments/avalon-hill-country/
77589,Windsor Sugarloaf,1455 Satellite Blvd,Suwanee,GA,30024,https://www.windsorcommunities.com/properties/windsor-sugarloaf/
43551,Willow Trail,1700 Mindanao Dr,Jacksonville,FL,32246,https://www.willowtrailjax.com/contact-us/
77782,Atlantico at Miramar,12121 SW 43rd St,Miramar,FL,33025,http://www.atlanticomiramarfl.com/miramar-fl-apartments.asp
238785,The Reserve at Belvedere,200 Reserve Blvd,Charlottesville,VA,22901,www.liveatbelvedere.com
5715,Windsor Westminster,9100 Vance St,Westminster,CO,80021,https://www.windsorwestminster.com/
10993,Hillside Community,1020 Raleigh Dr,Carrollton,TX,75007,http://www.hillsidecarrollton.com
5859,Cypress Winds,6904 Manatee Ave W,Bradenton,FL,34209,https://gscapts.com/apartments/florida/cypress-winds-apartment-homes/?y_source=1_MTUyOTEzMTItNzE1LWxvY2F0aW9uLndlYnNpdGU%3D
49726,Landmark of D'Iberville,11059 Lamey Brg Rd,D'Iberville,MS,39540,www.landmarkdiberville.com
35736,Loch Raven Village,8402 Greenway Rd,Towson,MD,21286,https://www.lochravenapts.com/
239121,Enclave,1005 W Stassney Ln,Austin,TX,78745,http://www.theenclaveaustin.com/
6526,Southwood Acres,342 Southwick Rd,Westfield,MA,1085,https://www.aspensquare.com/apartments/massachusetts/westfield/southwood-acres
261116,Copper Pointe,6410 S New Braunfels Ave,San Antonio,TX,78223,https://copperpointeapts.com/
56182,Acorn Acres,3605 Brandywine Ct,Lafayette,IN,47905,https://www.liveatacornacres.com/
27190,The Park at Palermo,4302 Gunn Hwy,Tampa,FL,33618,https://theparkatpalermo.com/
64955,Dry Creek Ranch,13861 Raceway Dr,Northlake,TX,76262,http://www.liveatdrycreekranch.com/
1777,Rustic Woods,7901 S Yale Ave,Tulsa,OK,74136,https://www.rusticwoodsapts.com/
60939,Greenarch,10 N Greenwood Ave,Tulsa,OK,74120,http://www.greenarchtulsa.com/
35534,The Monarch by Windsor,801 W 5th St,Austin,TX,78703,http://www.themonarchbywindsor.com/
119144,Windsor Burnet,10301 Burnet Rd,Austin,TX,78758,https://www.windsorburnet.com/
64195,Windsor West Lemmon,3650 Cedarplaza Ln,Dallas,TX,75209,https://www.windsorcommunities.com/properties/windsor-west-lemmon/
242344,Franklin Flats,3208 W 7th St,Greeley,CO,80634,www.franklinflatsapts.com
16754,Waterford Point,8960 SW 122nd Ave,Miami,FL,33186,https://waterfordpoint.us/
64158,Allure by Windsor,6750 Congress Ave,Boca Raton,FL,33487,https://www.allurebywindsor.com/
68490,The Park At Anzio,4083 Sunbeam Rd,Jacksonville,FL,32257,https://theparkatanzio.com/
38110,Vero Green,2650 69th Terrace,Vero Beach,FL,32966,www.verogreenapts.com
20977,Cobblestone,15449 N 25th Ave,Phoenix,AZ,85023,https://www.cobblestonephx.com/
9746,Westgate Apartments,4003 N Belt Line Rd,Irving,TX,75038,https://www.westgateirving.com/
274954,Hurston,50 Lago Mar Way,Jacksonville,FL,32258,https://www.hurstonjacksonville.com/
22187,Golfside Lake Apartments,2345 Woodridge Way,Ypsilanti,MI,48197,http://www.mckinley.com/apartments/michigan/ypsilanti/golfside-lake-apartments#.VeDC7flVhBc
275305,Aria at Ella,20525 Ella Blvd,Spring,TX,77388,https://www.ariaatella.com/
75521,Juniper Apartments,9190 Blue Point Lane,Sacramento,CA,95826,https://www.liveatthejuniper.com/
221319,Royal Park,501 HWY 54 Bypass,Carrboro,NC,27510,https://gscapts.com/apartments/north-carolina/royal-park/
252496,Bridger Commons,8922 N Kellogg St,Portland,OR,97203,https://www.bridgercommonspdx.com/
74523,Charter Club,1040 Windward Dr,London,OH,43140,http://www.charterclubapts.com/
302701,Ascent At Fitzsimons,1678 Paris St,Aurora,CO,80010,https://ascentfitzsimons.com/
217796,Old Shell Lofts,1706 Old Shell Rd,Mobile,AL,36604,https://themobilelofts.com/apartments/al/mobile/the-old-shell-lofts/
34523,Constellation Ranch,500 W Loop 820 S,Fort Worth,TX,76108,https://www.constellationranchtx.com/
44163,Wycliff West,10515 Mastin St,Overland Park,KS,66212,https://www.rentwycliffwest.com/
244705,Devine District,2712 Lee St,Columbia,SC,29205,https://devinedistrict.com/
16579,Zura Bay,111 73rd Ave N,St Petersburg,FL,33702,https://www.zurabay.com/
46986,Mountain Ridge Manor,820 Monroe Blvd,Ogden,UT,84404,http://www.mountainridgemanor.com
60926,170 Amsterdam,170 Amsterdam Ave,New York,NY,10023,https://www.equityapartments.com/new-york-city/upper-west-side/170-amsterdam-apartments
26967,The Estates at Cougar Mountain,2128 NW Shy Bear Way,Issaquah,WA,98027,http://www.estatesatcougarmountain.com/
21589,Honeyman Hardware Lofts,555 NW Park Ave,Portland,OR,97209,http://www.honeymanhardwarelofts.com/
13942,Iron Horse Flats,1930 W Rundberg Ln,Austin,TX,78758,https://ironhorseflats.com/
14907,Boca Winds,530 NE 47th St,Boca Raton,FL,33431,https://www.aspensquare.com/apartments/florida/boca-raton/boca-winds?utm_source=google&utm_medium=referral
93778,Carraway Village,600 Carraway Crossing,Chapel Hill,NC,27516,https://www.livecarrawayvillage.com/
42981,Alexander Pointe,2121 Burwick Ave,Orange Park,FL,32073,https://www.livealexanderpointefl.com/
9741,West Gate,4003 N Belt Line Rd,Irving,TX,75038,https://www.westgateirving.com
61136,Mansions At Timberland,11401 N Riverside Dr,Fort Worth,TX,76244,http://www.mansionsattimberland.com/
38153,Magnolia Trace,5445 Provine Pl,Alexandria,LA,71303,http://www.liveatmagnoliatrace.com/
32794,The Majestic,1155 Museum Blvd,Vernon Hills,IL,60061,https://majesticvernonhills.com/
234940,1010 On the Rhine,1010 Walnut St,Cincinnati,OH,45202,http://1010ontherhine.com
118780,The Lofts Hillside at Little Creek I,1315 Creekshire Way,Winston-Salem,NC,27103,https://www.loftsatlittlecreek.com/
12906,Indigo,11501 Braesview,San Antonio,TX,78213,www.indigosanantonio.com
45791,Signature Place,101 Signature Way,Hampton,VA,23666,www.signatureplaceva.com
253966,Aventura at Maryland Oaks,2100 E Aventura Way,St Louis,MO,63146,https://www.avmarylandoaks.com/
38398,The Monterey by Windsor,3930 McKinney Ave,Dallas,TX,75204,www.themontereybywindsor.com
34909,Polo Downs,1135 London Cir Ln,Fenton,MO,63026,http://www.polodowns.com/
26278,The Park at Morella,4300 Flat Shoals Rd,Union City,GA,30291,www.theparkatmorella.com
255500,Poudre Trails I,3004 West A Street,Greeley,CO,80631,https://poudretrailsapartments.com/floor-plans/
18684,Le Mirage,9777 N Thornydale Rd,Tucson,AZ,85742,https://lemirageapts.managebuilding.com/Resident/public/home
34305,Beach Creek,12221 Beach Blvd,Garden Grove,CA,92841,www.beachcreekresort.com
281911,Laurel Glen,1401 E 24th St,Lawrence,KS,66046,https://www.liveatlaurelglen.com/
6477,Harbour Pointe,4501 71st St W,Bradenton,FL,34210,http://www.gscapts.com/apartments/Bradenton_FL/zip_34210/gsc/15388
76528,Woodbury Heights,4333 Fieldcrest Dr,Sioux City,IA,51103,http://www.woodburyheightsia.com/
27595,Positano,10115 Jeffreys St,Las Vegas,NV,89183,http://lasvegasliving.com/community/positano
262964,The Bellagio,1384 Empire Blvd,Rochester,NY,14609,https://www.bellagio1384.com/
4709,1020 at Winter Springs,1020 Chatham Pines,Winter Springs,FL,32708,https://www.1020atwinterspringsfl.com/
70913,Zachary Park,3601 NE 162nd Ave,Portland,OR,97230,https://www.zacharyparkprinceton.com/
65069,Olympic by Windsor,936 S Olive St,Los Angeles,CA,90015,https://www.olympicbywindsor.com/index.aspx
7679,Champions Park,13050 Champions Park Dr,Houston,TX,77069,https://championsparkhomes.com/#
35971,Grand Palms Apartments,2931 Barker Cypress Rd,Houston,TX,77084,https://www.grandpalms.com/
77558,Arriv√© Seattle,2116 4th Ave,Seattle,WA,98121,http://arriveseattle.com/
47710,Adley at 72nd,1214 Applewood Dr,Papillion,NE,68046,https://www.aspensquare.com/apartments/nebraska/papillion/adley-72nd
12967,Luxor Gardens,1201 Heeney Ave,Johnstown,PA,15904,https://www.luxorgardens.com/
33596,The Park at Sorrento,3400 Shady Hill Dr,Baytown,TX,77521,https://theparkatsorrentoapts.com/
299665,Turner Pointe,100 Turner Pointe Rd,Powdersville,SC,29642,https://turnerpointesc.com/
7759,Champions Centre,13222 Champions Centre Dr,Houston,TX,77069,https://www.championscentrehomes.com/
24098,Windsor Coral Springs,6150 Wiles Rd,Coral Springs,FL,33067,https://www.windsorcoralsprings.com/
64088,The Aldyn,60 Riverside Blvd,New York,NY,10069,www.thealdynnyc.com
263187,Van De Vyver,701 N 1st St,Richmond,VA,23219,https://vandevyver.enterpriseresidential.org/
73916,Riverbank Apartments,4433 Continental Way,Stockton,CA,95207,https://www.riverbankapartments.com/
4079,The View at Waters Edge,6175 Reflections Blvd,Lantana,FL,33462,https://www.aspensquare.com/apartments/florida/lantana/the-view-at-waters-edge?utm_source=google&utm_medium=referral
53928,North Star Lodge,6614 N Cedar St,Spokane,WA,99208,www.nstarlodge.net/
10179,Marion,9750 Forest Ln,Dallas,TX,75243,https://www.livethemarion.com/#hero
57142,Metro 303,303 Main St,Hempstead,NY,11550,https://www.metro303.com/
10298,Jaxon,2502 Burney Oaks Ln,Arlington,TX,76006,https://www.jaxonliving.com/
293112,Riverview,111 Hancock Rd,Peterborough,NH,3458,https://keystonemanagement.com/peterborough-new-hampshire-apartments/riverview-apartments/
1084,Black Hawk,3010 Simcoe Dr,Fort Wayne,IN,46815,https://www.theblackhawkapartments.com/
30796,Eden Prairie Apartments,303 L W Besinger Dr,Carpentersville,IL,60110,https://www.aptsedenprairie.com/
17886,The Park at Torino,2035 Philippe Pkwy,Safety Harbor,FL,34695,https://theparkattorino.com/
1721,Hidden Valley Club,600 Hidden Valley Club Dr,Ann Arbor,MI,48104,https://www.hvca2.com/
27360,Aspen Court,1641 N Kadota Ave,Casa Grande,AZ,85122,www.aspencourtapartmenthomes.com
16076,San Lagos at Arrowhead Highlands,5901 W Behrend Dr,Glendale,AZ,85308,https://www.mark-taylor.com/apartments/az/glendale/san-lagos/
50054,Cypress,585 Ellsworth St,Bridgeport,CT,6605,https://www.hubrealty.com/cypress-apartments
57947,The Catherine,214 Barton Springs Rd,Austin,TX,78704,www.thecatherineaustin.com
235473,Rooftop 252,252 Marie Ave E,West St Paul,MN,55118,http://www.rooftop252.com/
119450,Cielo at Tramonto,35035 N Vly Pkwy,Phoenix,AZ,85086,https://www.cieloattramonto.com/
220976,The Summit at Rivery Park I,1400 Rivery Blvd,Georgetown,TX,78628,http://riveryparkapts.com/
14934,Country Manor,59 S Westfield St,Feeding Hills,MA,1030,https://www.aspensquare.com/apartments/massachusetts/feeding-hills/country-manor
246152,Oxford at Lake View,3300 S Garrison Rd,Corinth,TX,76210,http://www.oxfordlakeview.com/
3902,Pelham Apartments,260 Pelham Rd,Greenville,SC,29615,https://pelhamgreenville.com/home
65677,The Vue at Creve Coeur,1001 Old Olive Wy,Creve Coeur,MO,63141,http://www.cthevue.com/
68716,The Harrison Collection 330 Angelo Cifelli,330 Angelo Cifelli Dr,Harrison,NJ,7029,https://ironstate.com/property/330-angelo-cifelli/
16377,Westshore,4601 W Gray St,Tampa,FL,33609,www.westshoretampabay.com/
22382,4418 Spruce Street,4418 Spruce St,Philadelphia,PA,19104,https://www.livecampusapts.com/property/4418-spruce-street/?search-parameters=1&start_date=0&end_date=9999999999&price_min=0&price_max=10000
29755,Dunes,11425 McCormick Rd,Jacksonville,FL,32225,https://www.thedunesjax.com/index.php
13925,Sterling Glen,1121 Indian Trail Lilburn Rd NW,Norcross,GA,30093,http://www.sterlingglenapthomes.com/
238157,Morningside Atlanta by Windsor II,1845 Piedmont Ave NE,Atlanta,GA,30324,https://www.morningsidebywindsor.com
269664,The Pinnacle at Stone Creek Falls,2269 Stone Falls Rd,Republic,MO,65619,https://www.stonecreekfalls.com/apartments/mo/brookline/the-pinnacle#/
17369,Windsor at Midtown,222 14th St NE,Atlanta,GA,30309,https://www.windsoratmidtown.com/
24049,River Bluff of Lexington,300 Palmetto Park Blvd,Lexington,SC,29072,https://www.aspensquare.com/apartments/south-carolina/lexington/river-bluff-of-lexington?utm_source=google&utm_medium=referral
16940,Clearwater Creek,4000 E Renner Rd,Richardson,TX,75082,www.clearwatercreekapartments.com
48514,The Avenue,300 Chapel Ridge Dr,Cabot,AR,72023,https://www.aspensquare.com/apartments/arkansas/cabot/the-avenue
69928,The Azlee,3480 S 300 E,Salt Lake City,UT,84115,https://www.theazleeapartments.com/
254122,Avril Cambridge Village,1332 Holly Rush Lane,Denver,NC,28037,https://www.pedcorliving.com/apartments/avril-cambridge-village
44036,Ascot Place,544 Gadsden Hwy,Birmingham,AL,35235,www.elandisascot.com
274983,6375 Broadway,6375 Broadway,Bronx,NY,10471,https://drsrents.com/6375-broadway-bronx/
236195,Walnut Crossing,3300 Union Deposit Rd,Harrisburg,PA,17109,https://parkrunmgt.com/listing/walnut-crossing/#
29154,Cardinal Hill,420 River Rd,Chatham,NJ,7928,https://jcmliving.com/apartment-rentals/nj/chatham/cardinal-hill/
60985,Greenwood Village,114 Washington Ct,Hamilton Township,NJ,8629,https://www.corsamanagement.com/properties/greenwood-village-apartments/
37805,The Gentry's Landing,400 N 4th St,St. Louis,MO,63102,http://www.gentryslanding.com/
118979,Eve East Village,433 E 13th St,New York,NY,10009,https://eve.nyc
2198,Lincoln Green,4000 Presidential Blvd,Philadelphia,PA,19131,www.lincolngreenapartments.com
68765,Continuum,55-57 Bank St,White Plains,NY,10606,https://www.continuumwhiteplains.com/
14198,The Heights by Marston Lake,7929 W Mansfield Pkwy,Lakewood,CO,80235,https://heightsbymarstonlakeapts.com/
256584,The Station at Millrace,77 W 500 S,Provo,UT,84601,https://thestationatmillrace.com/
281149,Irondale at Wharton,47 Kossuth St,Wharton,NJ,7885,http://irondaleatwharton.com/
254556,Park Place,305 W Jack Finney Blvd,Greenville,TX,75402,https://www.parkplacegreenville.com/
263573,Village at Camelback Park,11200 W Camelback Rd,Phoenix,AZ,85037,https://www.villageatcamelbackpark.com/
245993,Alberta Square,450 Alberta Dr,Buffalo,NY,14226,https://www.glendalecommunities.com/property/alberta-square/
58546,Lake Park Estates,1265 Pershing Rd,De Pere,WI,54115,https://wright-weber.com/property/LakePark
78937,River Breeze South,11315 Breeze Cir,Louisville,KY,40272,https://richardsonproperty.wixsite.com/richardsonproperties/river-breeze-south-apts
301762,Buffalo Ridge,701 W Founders Pkwy,Andover,KS,67002,https://buffaloridgeandover.com/
28951,Sonoma Valley,975 S Royal Palm Rd,Apache Junction,AZ,85119,https://www.sonomavalleyapartments.com/
51143,Lauderdale Hollows,1622 Carl St,Lauderdale,MN,55108,https://mgmmgmt.net/property-details/?pid=136
14943,Estates at Eagle's Pointe,2002 Shaw Ave,Peru,IN,46970,https://eaglepointestates.com/#floor-plans
254982,Belle Vue,613 Geneva Dr,Mechanicsburg,PA,17055,https://www.thebellevueapts.com/
253383,Pullman Lofts,755 Wilson St,Santa Rosa,CA,95401,https://www.pullmansantarosa.com/
24360,Wildwood Manor Apartments,260 N Mathilda Ave,Sunnyvale,CA,94086,https://www.wildwoodmanorapts.com/
36175,Chocolate Works,231 N 3rd St,Philadelphia,PA,19106,https://chocolateworks-living.com/
291150,Carlson Place,7954 Jacks Way,Horace,ND,58047,https://www.prg.propertyresourcesgroup.com/carlson-place-apartments
70533,Vivid,219 1st Ave N,Seattle,WA,98109,www.vividqueenanne.com
236919,Reserve At Stone Port,2015 Reserve Cir,Harrisonburg,VA,22801,http://www.liveatstoneport.com/
282530,Lumos,1866 E 93rd St,Cleveland,OH,44106,https://thelumosapts.com/
275759,The Flats on Raymond,21 Raymond Ave,Poughkeepsie,NY,12603,https://arlingtonpok.com/the-flats-on-raymond/
27986,Center Park,1550 N Casa Grande Ave,Casa Grande,AZ,85122,www.centerparkapartments.com
261342,Elevate at 604 West,604 Colonial Dr,Fort Walton Beach,FL,32547,https://www.pedcorhomes.com/Apartments/Home/460
15049,Verandah at Lakepointe,8300 Farm to Market 1960 Rd E,Humble,TX,77346,https://verandahlake.com/
40523,Hudson Preserve,2600 Beryl Way,Watervliet,NY,12189,http://www.hudsonpreserve.com/
232972,The Dayton,150 S Broad St,Ridgewood,NJ,7450,https://www.gardencommunities.com/Properties/NJ/Bergen/The-Dayton.aspx#overview
231355,Murphy Varnish Lofts,225-239 McWhorter St,Newark,NJ,7105,https://murphyvarnishlofts.com/
30350,Stargate West Apartments,2651 W Broadway Blvd,Tucson,AZ,85745,www.stargatewest.com/
299847,Mirabella,4224 N McColl Rd,McAllen,TX,78504,https://www.mirabellamcallen.com/
37798,Covington Place,1247 Covington Manor Ln,St Louis,MO,63125,http://www.covingtonplace.com/
55317,Woods at Latimer,800 S Clarizz Blvd,Bloomington,IN,47401,https://abodes.com/community/the-woods-at-latimer/
41328,Sunset Ridge Apartments,80 Eastern Ave,Manchester,NH,3104,https://redoakproperties.com/apartments/properties/sunset-ridge-apartments
29970,Delane Glen,1315 Delane Ave,Charlotte,NC,28211,https://www.lernerapartments.com/Delane-Glen-Apartments
12566,High Point Crossing,524 Richmond Hill Rd W,Augusta,GA,30906,https://www.highpointcrossingapts.com/index.php
266934,Liberty Grand,6650 Liberty Grand Blvd,Powell,OH,43065,https://www.libertygrandapts.com/
39093,Mark I Apartments,2501 W 7th St,Hattiesburg,MS,39401,http://hattiesburgmarkapartments.com/mark1/
1146,Signal Pointe Apartment Homes,2500 Howell Branch Rd,Winter Park,FL,32792,http://www.signalpointe.com/
35349,The Redland,18979 Redland Rd,San Antonio,TX,78259,www.livetheredland.com
19171,Sunbay,7001 Aloma Ave,Winter Park,FL,32792,http://www.sunbayapts-wp.com
37930,Autumn Oaks,1102 Autumn Creek Way,Manchester,MO,63088,www.autumnoaksapt.com
296741,Northfield,1825 Center St,Bethlehem,PA,18017,https://www.kriegmanandsmith.com/apartments/pa/bethlehem/northfield/
2382,Quincy Ridge,4404 S Hannibal Way,Aurora,CO,80015,https://quincyridgeapts.com/
261781,One University Drive South,348 Northampton Rd,Amherst,MA,1002,https://oneuds.com/
259386,Fairmount,585 Newark Ave,Elizabeth,NJ,7208,https://www.fairmount-towers.com/
231117,Monroe Village Apartments,3930 Monroeville Blvd,Monroeville,PA,15146,https://www.dbcliving.com/apartment/monroe-village-apartments/
229946,Cascade,3050 SW 37th Ave,Miami,FL,33133,https://www.cascadeatlink.com/
35347,717 Olympic,717 W Olympic Blvd,Los Angeles,CA,90015,https://www.717olympic.com/
280355,Town Center Apartments,4653 S Amherst Hwy,Madison Heights,VA,24572,https://www.mhtowncenter.com/
1713,Brook Lane,4475 W Dean Rd,Milwaukee,WI,53223,https://www.brooklaneapts.com/
40733,Country Club,8400 Country Club Way,Knoxville,TN,37923,https://www.smdproperty.com/resident-properties/country-club-apartments/
50746,Crawford Square,510 Protectory Pl,Pittsburgh,PA,15219,http://www.crawfordsquareapts.com
238708,Stratford Place,4835 E Patrick Rd,Midland,MI,48642,http://www.gldmanagement.com/stratford-place-apartments/
22104,The Oasis,5316 Danville Ln,Las Vegas,NV,89119,https://www.liveoasisapts.com/
52182,Woodside Village Apartments,21821 Woodruff Rd,Rockwood,MI,48173,http://www.woodsideapartments.net
34785,Pepper Tree,2701 Longmire Dr,College Station,TX,77845,http://adaraportal.yottareal.com/pages/HomePage.aspx?Id=55
15358,Mountain View,13135 Heacock St,Moreno Valley,CA,92553,http://www.mountainviewapartmenthomes.com/
50379,Millbrook Pointe,811 Deatsville Hwy,Millbrook,AL,36054,http://www.millbrookpointeapartments.com/
31565,Oak Grove,3625 S 1st St,Austin,TX,78704,https://www.spearheadproperties.com/property/oak-i/
46915,Barberton,605 Barberton Dr,Virginia Beach,VA,23451,https://www.barbertonapt.com/
119798,829 Garfield,829 Garfield Ave,Jersey City,NJ,7305,https://www.829garfield.com/
53932,Misty Hollow,2826 Misty Ln,Bossier City,LA,71111,http://www.landmarkrealty.org/misty-hollow/
16509,Brooklawn Gardens,1617 Solook Dr,Parlin,NJ,8859,http://brooklawngardensapts.com/property/brooklawn/
1765,Annaberg,2905 Arrowhead Dr,Augusta,GA,30909,https://www.augustarentalhomes.net/_system/listings/56/2905-Arrowhead-Drive---D3-Augusta-GA-30909-US
16788,Beach House,1433 Superior Ave,Newport Beach,CA,92663,www.rentthebeachhouseapts.com
261794,The Falls at Crismon Commons I,1760 S Crismon Rd,Mesa,AZ,85209,https://www.mark-taylor.com/apartments/az/mesa/the-falls-at-crismon-commons/
271195,Indy Flats,1304 N Delaware St,Indianapolis,IN,46202,https://www.indyflatsapts.com/
49921,Legacy At Abbington Place,1025 Kensington Dr,Jacksonville,NC,28546,https://www.pedcorliving.com/apartments/legacy-at-abbington-place
243523,The Elaine,1000 Skokie Blvd,Northbrook,IL,60062,https://www.theelaine.com/
13556,Pine Bluffs,6470 Timber Bluff Pt,Colorado Springs,CO,80918,http://www.pinebluffsapartments.com/
300904,Millbrook Horizon,601 Horizon Dr,Edison,NJ,8817,https://www.gardencommunities.com/Properties/NJ/Middlesex/Millbrook-Horizon.aspx
26527,Aquila Park,8150 W 30 1/2 St,St Louis Park,MN,55426,https://finelivingapts.com/
264397,Linden Ranch,4300 Ranchero Dr,Sachse,TX,75048,https://www.hgliving.com/apartments/tx/sachse/linden-ranch/?utm_source=GBP&utm_medium=organic
252396,Fifteen15,1515 S Lamar Blvd,Austin,TX,78704,https://www.fifteen15southlamarapartments.com/
258497,Casa Blanca I,1100 N Sonora St,Coolidge,AZ,85128,https://www.grandviewmanagementaz.com/casa-blanca-coolidge-az/
76138,Covey Chase,601 Lee Cir SW,Cullman,AL,35055,https://morrowapartments.net/wdk-listing/covey-chase-apartments/
49096,Pondview Apartments,2565 Ivy Ave E,Maplewood,MN,55119,https://tvcproperties.com/community-detail/?pid=19
54104,Aspen Hills,300 E James Ct Dr,Meridian,ID,83646,https://www.squareone.properties/property-detail/?pid=20&location=1
292955,3140 Clybourn,3140 N Clybourn Ave,Chicago,IL,60618,https://www.3140clybourn.com/
278316,The Gateway at Maverick Square,2 Maverick Square,Boston,MA,2128,https://www.gatewayatmavericksq.com/
299297,Grove Pointe,7712 Harbor Moor Dr,Palmetto,FL,34221,https://www.invitationhomes.com/communities/tampa/grove-pointe/
27349,Country Village of Sherman,900 S FM 1417,Sherman,TX,75092,https://www.countryvillageapthomes.com/
42582,Trinity Commons at Erwin,2530 Erwin Rd,Durham,NC,27705,https://connorgroup.com/apartments-raleigh-durham-nc/trinity-commons/
50114,Woodgrove Point,3318 Galbraith Rd,Cincinnati,OH,45239,https://rookwoodproperties.com/details/?propID=1&rmwebsvc_id=1&rmwebsvc_command=PropertyDetail.aspx&rmwebsvc_corpid=rookwood&rmwebsvc_location=1&rmwebsvc_mode=javascript&rmwebsvc_AvailabilityDate=8/21/2019&rmwebsvc_template=proplist
277582,Frontera at Pioneer Meadows,6618 Cloud Mountain Drive,Sparks,NV,89436,https://leasefrontera.com/
255333,Big Sky Flats,1400 Montana Ave NE,Washington,DC,20018,https://www.bigskyflatsapts.com/
77725,Red Oak Ranch,5601 Bell St,Amarillo,TX,79109,https://www.redoakranch.net/pricing.html
230358,Evergreen Meadows,208 White Birch Rd,Edison,NJ,8837,http://www.gardencommunities.com/Properties/NJ/Middlesex/Evergreen-Meadows.aspx
67978,Lodge Bellevue,645 Old Hickory Blvd,Nashville,TN,37209,https://thelodgebellevue.com/
49548,4th & Plum Apartments,231 W 4th St,Cincinnati,OH,45202,https://www.fourthplum.com/
13095,Trails at Dominion Park,200 Dominion Park Dr,Houston,TX,77090,https://trailsatdominion.com/
56567,Park Forest Apartments,901 W Aaron Dr,State College,PA,16803,https://www.apartmentsstatecollege.com/park-forest-apartments
8923,Chisholm Trail Townhomes,8900 La Palma Dr,Fort Worth,TX,76116,https://npmainc.com/listing/chisholm-trail-townhomes/
36782,Harbor Station Townhomes,4901 Randall Pkwy,Wilmington,NC,28403,https://www.harborstationtownhomes.com/
16536,Asbury Plaza,5170 E Asbury Ave,Denver,CO,80222,https://www.asburyplazaapartments.com/
218187,Lafayette Townhomes,4812 University Ct,Niagara Falls,NY,14305,https://apartmentsniagara.com/property-detail/?ID=46
34079,The Village Westside,6541 Shady Brook Ln,Dallas,TX,75206,https://villagewestside.prospectportal.com/dallas/the-village-westside/conventional/
73923,The Vineyards Apartments,7720 Vineyards Ln NE,Bremerton,WA,98311,http://www.vineyardsapt.com/
268888,Artthaus Jack London,233 Broadway,Oakland,CA,94607,https://arthaus.mov/building-community.php?slug=arthaus-jack-london
46133,Alameda Pointe,2021 E Alameda St,Norman,OK,73071,https://alamedapointe.com/
232985,Cityscape Arts,301 Nichols St,Fort Worth,TX,76102,https://cityscapearts.com/
14307,Parkwood Plaza,1436 S Irving St,Denver,CO,80219,https://www.parkwoodplazaapts.com/
282696,Allen Ranch Estates,1893 SW Hungry Hill Dr,Grants Pass,OR,97527,https://www.ishranchestates.com/allen-ranch
266940,Riverfront Lofts I,207 N Front St,Allentown,PA,18102,https://riverfrontloftsallentown.com/
67546,223 E Town,223 E Town St,Columbus,OH,43215,https://223etown.com/
263732,Hoyt Tower,50-54 Sussex Ave,Newark,NJ,7103,https://www.hoyttowernewark.com/
61495,The Cosmopolitan,401 N Chaparral St,Corpus Christi,TX,78401,http://thecosmopolitanapts.com/
22530,Fountain Park,4550 SW Murray Blvd,Beaverton,OR,97005,https://www.fountainparkbeaverton.com/
4868,Oakstone,2600 NE Interstate 410 Loop,San Antonio,TX,78217,https://www.sylispm.com/oakstone-apartment-homes/
272772,Hawkeye Village,1422 Irish Dr,Waterloo,IA,50701,http://hawkeyevillageapartments.com/
232870,Sorrento Apartments,2400 Howell Branch Rd,Winter Park,FL,32792,www.SorrentoApartmentsfl.com
23963,Luna Bear Arcos,1637 E Missouri Ave,Phoenix,AZ,85016,http://www.arcosphx.com/
230078,District West Lofts on Elmwood,1020 Elmwood Ave,Buffalo,NY,14222,https://districtwestlofts.com/
234930,Southwind Prairie Apartment Homes II,775 Southwind Dr,Lake Geneva,WI,53147,http://southwindprairie.com/
49102,Parkview Apartments,1244 Hazelwood St,Saint Paul,MN,55106,https://pmsi.biz/details/?pid=30
13189,Briar Glen Village,16 Kings Way,Waltham,MA,2451,https://www.onmarkliving.com/briar-glen-village/
23671,Penthouse,6560 Montezuma Rd,San Diego,CA,92115,www.penthousebysdsu.com/
292317,Alders Grove,1068 Boones Creek Rd,Jonesborough,TN,37659,https://aldersgroveliving.com/
55709,Vista Pointe Apartments,2981 Ridge Ave,Macon,GA,31204,https://ridgepointeblueridgeapts.com/en/
69511,Eden Roc,1200 Elm St,Austin,TX,78703,https://www.spearheadproperties.com/property/elm/
50586,Murray Station Apartments,1262 Murray Ave,San Luis Obispo,CA,93405,https://murraystationapartments.com/
47077,Beldon Spring Lake,3611 Ranch Rd,Columbia,SC,29206,https://www.kunarquen.com/beldonspringlake
50501,Round Barn Manor,1180 Horseshoe Dr,Greencastle,IN,46135,https://www.pedcormanagement.com/Apartments/Home/295
20892,Las Palomas,4040 Boulder Hwy,Las Vegas,NV,89121,https://www.laspalomaslasvegas.com/
32065,Carlisle Park Apartments,525 3rd St,Carlisle,PA,17013,http://www.rentcarlislepark.com/
46355,Kickingbird Hills,1900 Kickingbird Rd,Edmond,OK,73034,https://kickingbirdapts.com/
274342,Amara,6 Rantoul St,Beverly,MA,1915,https://amarabeverly.com/
47909,Westerville Park Apartment Homes,4565 Northland Square Dr E,Columbus,OH,43231,https://www.capcityapartments.com/westerville-park
257779,38 North,1020 Kawana Springs Rd,Santa Rosa,CA,95404,https://www.rent38north.com/?utm_source=apartmentseo&utm_medium=gmb&utm_campaign=organicmaplisting
74067,The Huntington,913 Lilly Rd NE,Olympia,WA,98506,https://sites.google.com/site/huntingtonapartments
53773,Mallard Cove,2900 State Rd A1A,Jacksonville,FL,32233,http://mallardcove.org/
30657,Pegasus Apartments,612 Flower St,Los Angeles,CA,90017,https://www.equityapartments.com/los-angeles/financial-district/pegasus-apartments
26274,Catalina Gardens,6363 Clarice Ave,Las Vegas,NV,89107,http://www.catalinagardenslv.com
274661,1600 S Albion,1600 S Albion St,Denver,CO,80222,https://cornerstoneapartments.com/our-buildings/1600-s-albion/
261458,Eagan Heights,3340 Pilot Knob Rd,Eagan,MN,55121,https://eaganheights.com/
40515,Forge Homestead,20691 Forge Way,Cupertino,CA,95014,https://www.deanzaproperties.com/south-bay-area/forge-homestead-apartments
56903,The Landmark,550 Washington St,Braintree,MA,2184,https://www.fxmessina.com/the-landmark?rq=The%20Landmark
244274,Cornerstone,2115 E Vinson Ave,Harlingen,TX,78550,http://www.cornerstoneaptsharlingen.com/
49869,Colonial Arms,700 N 9th St,Opelika,AL,36801,https://www.colonialarmsopelika.com/
67516,The Eastland,1035 W Eastland Ave,Nashville,TN,37206,https://www.theeastlandnashville.com/
11089,Village Green of Bear Creek,1800 Fuller Wiser Rd,Euless,TX,76039,http://www.villagegreenofbearcreekapts.com/home/
72054,Cedar Glen,603 N Chippewa Ave,Anaheim,CA,92801,http://www.rentcedarglen.com/
43488,Brandywine Manor,785 Cherry Tree Rd,Aston,PA,19014,http://brandywinemanorapts.com/
281503,Magnolia on Main,108 N Hwy 377,Roanoke,TX,76262,https://www.liveatmagnolia.com/homes/tx/fortworth/magnolia-on-main--8c41ac2869694/
52854,Parkside,1408 Brookview Dr,Toledo,OH,43615,https://parksideaptsliving.com/
38378,Park Northside,1601 Roane St,Richmond,VA,23222,https://www.parknorthsiderva.com/
14522,The Charles at Bexley,2765 Coldstream Ln,Columbus,OH,43209,https://www.thecharlesatbexley.com/
18288,Chestnut Lake,17721 Whitney Rd,Strongsville,OH,44136,https://www.chestnutlakeapartments.com/
253929,Wyncrest,9 Presidential Blvd,Bala Cynwyd,PA,19004,https://wyncrestbala.com/
243379,Brookwood,410 Victory Garden Dr,Tallahassee,FL,32301,http://bjbtally.com/brookwood-apartments/
38532,Glenbrook at Rocky Hill,100 Robinson Rd,Rocky Hill,CT,6067,www.glenbrook-apts.com
261580,1515 Park Place,1515 Park Pl,Brooklyn,NY,11213,https://www.1515parkplace.com/
46336,Westbury Square,406 Lang Rd,Portland,TX,78374,https://www.westburyportlandtx.com/
38677,Tor View Village,1 Kensington Cir,Garnerville,NY,10923,www.torviewvillageapts.com
38298,Courtyard,1620 Carol Sue Ave,Terrytown,LA,70056,http://courtyardgretna.com/
246351,Chatsworth Village Townhomes,17 Chatsworth Ave,Buffalo,NY,14217,https://www.glendalecommunities.com/property/chatsworth-townhouses/
72732,The Willows,426 S Springfield Rd,Clifton Heights,PA,19018,http://www.centralmngt.com/Search?Community=15
18738,Grayton on Dean,420 N Dean Rd,Auburn,AL,36830,https://graytonondean.com/
36855,Olentangy Village,2907 N High St,Columbus,OH,43202,http://www.olentangyvillage.com/
23396,6151 Winthrop Apartments,6151 N Winthrop Ave,Chicago,IL,60660,https://www.6151winthrop.com/
23355,Regents Park,5035 S East End Ave,Chicago,IL,60615,https://www.regentsparkchicago.com/s/
299380,Jodeco Landing,150 Purple Finch Pl,McDonough,GA,30253,https://jodecolandingga.com/
45755,The Landings,2248 Hudson Landings Dr,Gastonia,NC,28054,https://www.pedcorliving.com/apartments/the-landings
51921,Deer Run,9957 Darrow Park Dr,Twinsburg,OH,44087,https://www.liveatdeerrunapts.com/
1259,Ashton Parc,1040 Shive Ln,Bowling Green,KY,42103,http://www.ashtonparc.com/
54983,Village on the Green,500 E Main St,Tuckerton,NJ,8087,https://jcmliving.com/apartment-rentals/nj/tuckerton/village-on-the-green/
269346,Ashford Apartment Homes,1200 Rockmont Cir SW,Conyers,GA,30094,https://rjamesproperties.com/ashford-brook/
73120,Bricks on 13th,2416 S 13th St,Temple,TX,76504,https://www.liveatthebricks.com/
14325,The Berkley,1809 W Rundberg Ln,Austin,TX,78758,https://www.theberkleyatx.com/
34195,Mill Valley Estates,420 Riverglade Dr,Amherst,MA,1002,http://www.millvalleyapts.com/
9128,Kingswood,3400 Joyce Ln,Denton,TX,76207,https://www.kingswoodenton.com/
40640,Niskayuna Gardens,1187 Hillside Ave,Niskayuna,NY,12309,https://www.dawnhomes.com/apartments/ny/niskayuna/niskayuna-gardens/floor-plans
74680,August Place,2310 W 26th St,Lawrence,KS,66047,https://autumnaugust.com/
246468,Colonial Manor,22479 Colonial Manor Rd,Watertown,NY,13601,https://www.rentwatertown.com/colonial-manor
289291,Vivo Living Miamisburg,155 Prestige Pl,Miamisburg,OH,45342,https://www.vivolivingmiamisburg.com/
74528,Grand Oaks,7215 Grand Ritz Ln,Indianapolis,IN,46237,https://grandoaks-apartments.com/
15776,LaSalle Park,5443 16th Ave,Chillum,MD,20782,https://jalexrentals.com/property-detail/?propID=61&rmwebsvc_id=61&rmwebsvc_command=PropertyDetail.aspx&rmwebsvc_corpid=jalex&rmwebsvc_location=1&rmwebsvc_mode=javaScript&rmwebsvc_AvailabilityDate=11/18/2019&rmwebsvc_template=default
220042,Chester Tracey,81 Chester Pl,Englewood,NJ,7631,http://englewoodnjapartmentsrent.com/
14987,Pebble Creek,10803 Greencreek Dr,Houston,TX,77070,https://pebblecreekhouston.com/
217578,Acadia Court,2995 S Acadia Ct,Bloomington,IN,47401,https://www.acadiacourtapts.com/
301567,Enby Gardens,50 New Plainville Rd,New Bedford,MA,2745,https://enbygardens.com/
239679,3681 Pavillion Pointe,3681 N Decatur Rd,Decatur,GA,30032,http://www.3681pavilionpointe.com/
235342,Savannah Ridge,4701 Heritage Pl Dr,Norman,OK,73072,https://savannahridgeapts.com/
3041,The Reserve at Bellfort,7987 Bellfort Ave,Houston,TX,77061,www.reserveatbellfort.com
4124,Tramor at Cannon Place,1500 W William Cannon Dr,Austin,TX,78745,https://tramor.com/property/tramor-cannon-place/
44185,Flats on 12,2101 Harvey Mitchell Pkwy S,College Station,TX,77840,https://www.flatson12.com/?utm_knock=gmb
226383,The Colony Apartments,1041 Dabney St,Corpus Christi,TX,78411,http://availability.sparkleam.com/properties/?rmwebsvc_command=PropertyDetail&rmwebsvc_id=4&rmwebsvc_template=Properties
52934,Davis Creek,5419 Meredith St,Portage,MI,49002,https://daviscreekapartments.com/
249960,The Kathryn Ann,2590 NW Upshur St,Portland,OR,97210,https://www.portland-apartment-living.com/communities/the-kathryn-ann/
47570,The Monroe,940 University Woods Dr,New Albany,IN,47150,https://www.themonroenewalbany.com/
58969,Cirrus,2030 8th Ave,Seattle,WA,98121,https://www.cirrusseattle.com/
296794,Willow Creek,1616 Seminole Dr,Johnson City,TN,37604,https://www.homesteadpropertiestn.com/directory/willow-creek/
269659,Avery Creek,3340 Univeter Rd,Canton,GA,30115,https://communities.ah4r.com/communities/avery-creek
98,Bent Oak Apartments,200 Old Boiling Springs Rd,Greer,SC,29650,https://www.dbcliving.com/apartment/bent-oak-apartments/
72631,Linden Lane,2505 E Main Ave,Puyallup,WA,98372,http://www.lindenlaneapartmenthomes.com/
55165,Legacy Oaks,675 White Oak Cir,Independence,OR,97351,http://legacyoaksapts.com/
21553,Chase on Monroe,2163 Commerce Dr,Monroe,NC,28110,https://www.chaseonmonroeapts.com/
47444,Iroquois Green,100 Lawson Ln,Louisville,KY,40214,https://www.sunresidential.com/iroquois-green-apartments0/default
10629,The Oakley,501 Green Oaks Ct,Arlington,TX,76006,https://livebh.com/apartments/the-oakley-apartment-homes/
35901,Promenade Oaks,1160 Northwood Dr,Eagan,MN,55121,https://promenadeoaks-apartments.com/
27514,Festival Field,90 Girard Ave,Newport,RI,2840,https://www.liveatfestivalfield.com/
221113,Coopers Pond,701 Cricklewood Dr,State College,PA,16803,https://www.toftreesapartments.com/coopers-pond/
58319,Fountainview Townhomes,18704 Mesa Terrace,Hagerstown,MD,21742,https://www.shaoolmgt.com/property/fountainview-townhomes/
73791,St. Andrews,1201 Carson Way,Greenwood,IN,46143,http://www.rentindyapartments.com/standrews/
220095,Emerald Gardens,2400 Village Rd,Pittsburgh,PA,15205,https://www.emgardens.com/index.html
36268,Stoney Creek,570 Stowell Dr,Rochester,NY,14616,http://www.stoneycreekapthomes.com/
223864,Kendall Square,209 Old Graves Mill Rd,Lynchburg,VA,24502,http://www.stewartlangleyproperties.com/kendall-square/
20262,Kings Mill,8917 N Davis Hwy,Pensacola,FL,32514,https://www.pedcorliving.com/apartments/kings-mill-apartment-homes
252497,Oliv Boulder,1750 15th St,Boulder,CO,80302,http://olivboulder.com/
55933,Residences at Westgate I,165 S De Lacey Ave,Pasadena,CA,91105,https://www.residencesatwestgate.com/
22459,Colonial Court,36695 Woodward Ave,Birmingham,MI,48009,http://www.colonialcourtapts.com
284683,Sinclair Ridge,445 Warfield Blvd,Clarksville,TN,37043,https://sinclairridgetn.com/
226174,Lakeview Townhomes and Villas,4811 Likins Cir,Wichita Falls,TX,76308,https://npmainc.com/listing/lakeview-townhomes/
244756,Town Commons,1600 Town Commons Dr,Howell,MI,48855,https://harvest-properties.com/project/town-commons-apartments/
12959,Oak Bend,915 Baker Dr,Tomball,TX,77375,https://www.oakbendapt.com/
48708,Windpoint Apartments,4042 N Main St,Racine,WI,53402,https://karademas.org/properties/windpoint
290028,Orchard at Mountain View,1199 Ashlyn Ct,Lawrenceville,GA,30043,https://communities.amh.com/communities/the-orchard-at-mountain-view
446,Cottages @ Sanford,3291 Sanford Ave,Sanford,FL,32773,https://www.cottagesatsanford.com/
253126,Conklin Townhomes,514 S Conklin St,Spokane,WA,99202,https://conklintowns.com/
295643,Walnut River Residences,925 SE River Rd,El Dorado,KS,67042,https://walnutriverresidences.com/
58773,2970 North Sheridan Road,2970 N Sheridan Rd,Chicago,IL,60657,https://www.wirtzresidential.com/apartments/2970-n-sheridan/
69923,Concord Court Apartments,3701 Concord Rd,Aston,PA,19014,http://www.rentconcordcourtapts.com/
23494,Indian Village,930 Old Goddard Rd,Lincoln Park,MI,48146,https://indianvillageapt.wixsite.com/home/apartments
22155,Woodway Apartments,8100 Pinebrook Dr,San Antonio,TX,78230,https://www.sylispm.com/woodway-apartments/
46104,Harvard Apartments,1501 Harvard Cir,Melbourne,FL,32905,https://www.gardencommunitiesfl.com/Properties/FL/Brevard/Harvard-Apartments.aspx
274886,Aster Village Two,1251 Aster Dr,Tiffin,IA,52340,https://parkplace380.com/listings/aster-village-two/
49248,Sandpiper,1496 Spring Ln,Holladay,UT,84117,https://www.sandpiperapartmentssaltlakecity.com/
45986,Aaron Lake Apartments,4325 40th St W,Bradenton,FL,34205,https://www.pedcorhomes.com/Apartments/Home/419
38984,Lakeview Arms,800 Magee Dr,Brookhaven,MS,39601,http://www.lakeviewapartmentsms.com/
32134,Crowders View Townhomes,1926 Hartford Dr,Gastonia,NC,28052,https://crowdersviewtownhomes.com/
217960,Villa Adrian Apartments,2964 Franklin Pike,Nashville,TN,37204,https://villaadrian.schattenproperties.com/overview
42593,Harbor Tower Apartments,1 Harbor Ct,Portsmouth,VA,23704,http://www.harbortowerapartments.com/
37819,Modena at Mallard,7197 Mallard Creek Dr,Horn Lake,MS,38637,https://www.modenaatmallard.com/
52761,The Westmoor,1001 N Byrne Rd,Toledo,OH,43607,www.thewestmoor.com
234066,Wynbrook West Apartments,400 Dutch Neck Rd,East Windsor,NJ,8520,http://www.kriegmanandsmith.com/nj/hightstown/wynbrook-west-apartments/
241432,Cricket Flats,65 Cricket Ave,Ardmore,PA,19003,http://cricketflats.com/
224617,LAKEWOOD APARTMENT HOMES,119 Putter Dr,Sumter,SC,29150,https://www.lakewoodsumter.com/
3307,The Lake House at Martins Landing,1500 Harbor Landing,Roswell,GA,30076,https://www.lakehouseatmartinslanding.com/
51982,Portside,100 Mariner's Cir,Sheffield Lake,OH,44054,www.liveportside.com
20152,La Mesa Village,7914 La Mesa Blvd,La Mesa,CA,91942,https://www.lamesavillage.rent/
71385,Pine Meadow Townhomes,14202 W 63rd Terrace,Shawnee,KS,66216,www.pinemeadowshawnee.com
292753,TerraLane at Campo del Sol,51046 Agave Ct,El Paso,TX,79934,https://www.tlcatcampodelsol.com/
234350,Newport At Clear Lake,15900 Space Center Blvd,Houston,TX,77062,www.newportatclearlake.com
266792,Bellaire,7030 Baker Blvd,Richland Hills,TX,76118,https://bellaire.appianwayapthomes.com/
11398,Eclipse Oak Lawn,2930 Kings Rd,Dallas,TX,75219,https://www.eclipsedallas.com/
296945,Seasons on Skyline I,6019 Wasatch Dr,Ogden,UT,84403,https://skyline.seasonsforrent.com/
5280,Harbour Landing,8033 S Padre Island Dr,Corpus Christi,TX,78412,https://www.harbourlandingtexas.com/
21458,Silver Stone,4110 Triana Blvd SW,Huntsville,AL,35805,https://www.thesilverstoneapts.com/
73079,The Palazzo,5455 Rowley Rd,San Antonio,TX,78240,https://www.thepalazzoapts.com/
8667,Chesapeake,6047 S Hulen St,Fort Worth,TX,76132,http://chesapeakeapartments.net/
9324,The Ayva at Oaklawn,2601 Arroyo Ave,Dallas,TX,75219,https://www.theayvaatoaklawn.com/
16634,Residence at Barrington,226 Barrington Pl E,Aurora,OH,44202,https://www.residenceatbarrington.com/
221973,The Park,4690 Log Cabin Dr,Macon,GA,31204,https://www.thepark4690.com/
273930,West Shire Village,8710 SW 71st Ave Rd,Ocala,FL,34476,https://www.westshireocala.com/
220287,Lansing West Apartments,2250 N Triphammer Rd,Ithaca,NY,14850,http://www.lansingwestapts.com/
22767,Sunset Pointe,16700 Muscatel St,Hesperia,CA,92345,https://www.sunsetpointeapts.net/
257140,The Depot at Twenty Mile,9425 Twenty Mile Rd,Parker,CO,80134,https://www.livethedepot.com/?fbclid=IwAR2ZBb-O9yqiGpgNbUNsfFsQAGcDU0YDwPuVWbmMM3tZ3P1tLAOfFZ934DE
233496,Riverstone Apartments at Long Shoals I,14 Wooster St,Arden,NC,28704,https://www.riverstoneapartmentsatlongshoals.com/
34777,Village at Town Center,6410 Schmidt Ln,El Cerrito,CA,94530,https://www.villagetowncenter.com/
3092,Chimney Hill,6834 Chimney Hill Dr,West Bloomfield,MI,48322,http://www.chimneyhillapartments.com/
64181,Parker House,250 W Lancaster Ave,Fort Worth,TX,76102,https://www.liveatparkerhouse.com/
235778,Fox Run,1910 Honeysuckle Rd,Dothan,AL,36305,http://www.foxrundothan.com/
13966,Parkview Apartments,270 Spring St,Naugatuck,CT,6770,http://www.parkviewapartmenthomes.com/
37685,Sweetwater,12813 Ware Lane,Dade City,FL,33525,www.liveatsweetwaterfl.com
74109,Country Villa Apartment Homes,211 Meadow Dr,Castroville,TX,78009,http://www.countryvillaapts.com/
219660,Lake House,200 Village Pl,Davenport,FL,33896,www.lifeatlakehouse.com
14956,Mill Creek,1823 Stadium Rd,Wharton,TX,77488,https://www.millcreektx.com/
262310,Stevens Creek Villas,9520 Blacksmith Ct,Lincoln,NE,68507,https://concordemgmt.com/apartments/
1617,Crossing at Riverlake,1070 Lake Front Dr,Sacramento,CA,95831,www.crossingatriverlake.com
46179,East Hampton,2901 N Governeour St,Wichita,KS,67226,https://www.hayloftapartmenthomes.com/east-hampton-estates
46581,Villas on rock,920 S Rock Rd,Wichita,KS,67207,https://www.villasonrock.com/
297342,Madrona Park,3001 S Tyler St,Tacoma,WA,98409,https://madronaparktacoma.com/
268738,Quest,13650 Marsh View Blvd,Rogers,MN,55374,https://www.questaptsmn.com/
13345,Bellevue Heights,13902 NE 8th St,Bellevue,WA,98005,https://www.bellevue-heights.com/
267183,Sienna,207 18th Ave,Seattle,WA,98122,https://www.thesiennaapartments.com/
77936,The Reserve at Mendota Village,720 S Plz Wy,Mendota Heights,MN,55120,https://reservemendotavillage.com/
267754,Ironworks Ithaca,430 W State St,Ithaca,NY,14850,https://ironworksithaca.com/
40769,Madrona Estate Townhouses,9520 43rd St Ct W,University Place,WA,98466,https://madronaestatesapts.com/
268521,The Lucy,2063 Marshall Ave,St Paul,MN,55104,https://thelucystpaul.com/
58321,College Park,3307 College St SE,Lacey,WA,98503,https://collegeparklacey.com/
18634,Metropolitan Bala,2746 Belmont Ave,Philadelphia,PA,19131,https://www.yourmetropolitan.com/properties/bala/
297381,Rainier View,5106 Parker Rd E,Sumner,WA,98390,https://rainierviewsumner.com/
251357,Riverland,420 SW 27th Ave,Fort Lauderdale,FL,33312,https://liveatriverland.com/
295964,Tareyton Estates,100 Barclay Ct,Langhorne,PA,19047,https://www.yourmetropolitan.com/properties/tareyton-estates/
69203,The Marq,4781 Alicia Dr,Virginia Beach,VA,23462,https://www.livemarqvb.com/
26534,Granite Peaks,3907 65th Ave N,Minneapolis,MN,55429,https://www.thegranitepeaksapts.com/
252560,The Boardwalk Luxury,5201 Gasol Ct,Bakersfield,CA,93313,https://www.boardwalklux.com/
19712,Steel Lake Plaza,2201 S 312th St,Federal Way,WA,98003,https://steellakeplazaapts.com/
37776,The Gilmore Apartments,6 S McLean Blvd,Memphis,TN,38104,http://thegilmoreapartments.com/
271721,The Millennium on Monroe,2002 N Monroe St,Spokane,WA,99205,https://www.millenniumnw.com/
19538,Stadium Apartments,2999 Woodway Dr SW,Huntsville,AL,35805,http://www.stadiumapartmentshuntsville.com/
276548,Villas at Sandy Creek,101 Brook Blvd,Sandusky,OH,44870,https://villasatsandycreek.com/
119119,Electric City,240 State St,Schenectady,NY,12305,https://www.primeelectriccity.com/
2507,Terrain,5112 S 1st St,Austin,TX,78745,www.terrainaustin.com
32502,Linden Park,316 34th St,Steger,IL,60475,https://www.aptslindenpark.com/
240745,The Allure at Jefferson I,4660 Monroe Way,Fredericksburg,VA,22407,https://www.liveallureva.com/
220345,Vestawood Apartments,1716 Vestawood Ct,Vestavia Hills,AL,35216,https://www.vestawood.com/
97506,Roebling Lofts I,71 Clark St,Trenton,NJ,8611,http://roeblinglofts.com/
217343,Eagle Harbor II,220 Marsh Landing,Carrollton,VA,23314,https://www.liveeagleharbor.com/
67150,Harbor Vista at Crawford Street,800 Crawford St,Portsmouth,VA,23704,https://www.liveharborvista.com/
19715,Trailside,17725 Hall Rd,Bothell,WA,98011,https://www.trailside.graninc.com/
293154,Kinsley,36 Stony Hill Rd,Bethel,CT,6801,https://www.kinsleyct.com/
26772,Parkview Palms,4564 Jones Ave,Riverside,CA,92505,https://www.rentdwp.com/parkviewpalms
35392,Wind Chase,9745 Old Placerville Rd,Sacramento,CA,95827,https://www.pearlinvestment.com/properties/wind-chase-apartments
238178,Boulder Creek,1915 NE Terre View Dr,Pullman,WA,99163,https://www.summerhillapts.net/boulder-creek-apartments
49919,Cambridge Court,1225 11th St,West Des Moines,IA,50265,https://www.cambridgecourtwdm.com/
68983,Gia at Oak Forest,3130 Mangum Rd,Houston,TX,77092,https://www.giacapital.com/gia-at-forest-oak
24251,Milano Apartments,12224 NE 8th St,Bellevue,WA,98005,https://www.milanoapts.com/milano-apartments
20375,Desert Springs Apartments,1750 E Bell Rd,Phoenix,AZ,85022,www.desertspringsapts.com
240127,Maple Gardens,2655 W Farm Rd 164,Springfield,MO,65807,http://www.maplegardensapthomes.com/
284175,SCS Athens,713 Caroline St,Athens,WI,54411,https://www.livescs.com/property/scs-athens
47577,The Heritage by Fairlawn,201 Heritage Hill Trail,Louisville,KY,40223,https://www.theheritagebyfairlawn.com/
68956,266 Lofts,266 S Front St,Memphis,TN,38103,https://www.266lofts.com/
14364,ARIUM Cypress Lakes,2829 S Oakland Forest Dr,Oakland Park,FL,33309,https://ariumliving.com/fort-lauderdale/oakland-park/arium-cypress-lakes/
239730,West Park Village II,9902 Brompton Dr,Tampa,FL,33626,https://ariumliving.com/tampa/westchase/west-park-village
36964,Avalon Meydenbauer,10410 NE 2nd St,Bellevue,WA,98004,https://www.avaloncommunities.com/washington/bellevue-apartments/avalon-meydenbauer
1900,Avalon Ballston Square,850 N Randolph St,Arlington,VA,22203,https://www.avaloncommunities.com/virginia/arlington-apartments/ava-ballston-square?utm_source=google&utm_medium=gmb&utm_campaign=gmblist
241309,Avalon Brea Place,115 S State College Blvd,Brea,CA,92821,https://www.avaloncommunities.com/california/brea-apartments/avalon-brea-place
65377,Avalon Alderwood,2510 164th St SW,Lynnwood,WA,98087,http://www.avaloncommunities.com/washington/lynnwood-apartments/avalon-alderwood/map-directions/
25761,Avalon at Cahill Park,754 The Alameda,San Jose,CA,95126,http://www.avaloncommunities.com/california/san-jose-apartments/avalon-at-cahill-park/
77196,Avalon Union,2400 Vauxhall Rd,Union,NJ,7083,http://www.avaloncommunities.com/new-jersey/union-apartments/avalon-union
26892,Avalon at Arlington Square,2350 26th Ct S,Arlington,VA,22206,https://new.avaloncommunities.com/virginia/arlington-apartments/avalon-at-arlington-square/?utm_source=gmb&utm_medium=organic&utm_campaign=gmblist
12190,Eaves North Dallas,4141 Horizon N Pkwy,Dallas,TX,75287,https://www.wimberlyapthome.com/
66971,Avalon Dogpatch,800 Indiana St,San Francisco,CA,94107,https://www.avaloncommunities.com/california/san-francisco-apartments/avalon-dogpatch
262540,AvalonBay Montville,85 Old Bloomfield Ave,Pine Brook,NJ,7058,https://www.avaloncommunities.com/new-jersey/montville-apartments/avalon-montville/
26519,Eaves Burlington,1 Farms Dr,Burlington,MA,1803,https://www.avaloncommunities.com/massachusetts/burlington-apartments/eaves-burlington/?utm_source=gmb&utm_medium=organic&utm_campaign=gmblist
16134,eaves Lake Forest,22700 Lake Forest Dr,Lake Forest,CA,92630,https://www.avaloncommunities.com/california/lake-forest-apartments/eaves-lake-forest/
262355,Avalon Alderwood Place,18602 Alderwood Mall Pkwy,Lynnwood,WA,98037,https://www.avaloncommunities.com/washington/lynnwood-apartments/avalon-alderwood-place
19976,Avalon Bellevue,11000 NE 10th St,Bellevue,WA,98004,https://www.avaloncommunities.com/washington/bellevue-apartments/avalon-bellevue
13342,Avalon ParcSquare,16080 NE 85th St,Redmond,WA,98052,https://www.avaloncommunities.com/washington/redmond-apartments/avalon-parcsquare?utm_source=gmb&utm_medium=organic&utm_campaign=gmblist
253983,Ava RiNo,2600 Lawrence St,Denver,CO,80205,https://www.avaloncommunities.com/colorado/denver-apartments/ava-rino/?utm_source=gmb&utm_medium=organic&utm_campaign=gmblist
3578,eaves Rancho Penasquitos,10024 Paseo Montril,San Diego,CA,92129,https://www.avaloncommunities.com/california/san-diego-apartments/eaves-rancho-penasquitos/
1918,Eaves West Windsor,1000 Jamie Brooks Ln,West Windsor Township,NJ,8550,https://www.avaloncommunities.com/new-jersey/west-windsor-apartments/eaves-west-windsor/
237769,Avalon Frisco North,12050 Research Rd,Frisco,TX,75033,https://www.avaloncommunities.com/texas/frisco-apartments/avalon-frisco-north/?utm_source=vurl&utm_campaign=valefrisco&utm_medium=redirect
8146,eaves Creekside,151 Calderon Ave,Mountain View,CA,94041,https://www.avaloncommunities.com/california/mountain-view-apartments/eaves-creekside
42179,Avalon Hoboken,800 Madison St,Hoboken,NJ,7030,https://new.avaloncommunities.com/new-jersey/hoboken-apartments/avalon-hoboken/
244123,The Shores of Lake St. Clair,35844 Jefferson Ave,Harrison Township,MI,48045,https://www.beaconmanagement.com/property/the-shores-of-lake-st-clair/
21975,Fairlane Apartments & Townhomes,24268 Haskell St,Taylor,MI,48180,https://liveatfairlaneapartments.com/
24769,Spice Tree Apartments,4854 Washtenaw Ave,Ann Arbor,MI,48108,https://spicetreeannarbor.com/
994,Magnolia Ridge,266 Goldmine Springs Rd,Gaffney,SC,29340,https://www.liveatmagnoliaridgeapartments.com/
42571,Westwood Village,2203 Beck Ave,Panama City,FL,32405,https://westwoodvillageapthomes.com/en/
18187,KRC Reserve,4200 Jimmy Carter Blvd,Norcross,GA,30093,http://www.krcreserveapts.com/
275898,Bradley Pointe,1355 Bradley Blvd,Savannah,GA,31419,https://www.liveatbradleypointe.com/
281130,Alta Crossing,11923 State Ave,Marysville,WA,98271,https://www.altacrossingmarysville.com/
19743,Elan 41,4100 SW Edmunds St,Seattle,WA,98116,http://www.elan41apts.com/
49188,The Meadows,11012 Portland Ave E,Tacoma,WA,98445,http://themeadowsaptstacoma.com/
17674,Hollywood Terrace,6550 Yucca St,Los Angeles,CA,90028,http://hpgmanagement.com/property/6550yucca/
55785,Gateway Village,3255 Gateway St,Springfield,OR,97477,http://gatewayvillageapartments.com/
41388,Greenwoods,225 Battles St,Brockton,MA,2301,http://www.greenwoodsapts.com/
273516,The Abbey at Sonterra,20710 Huebner Rd,San Antonio,TX,78258,https://www.abbeyresidential.com/apartments/tx/san-antonio/abbey-at-sonterra/?utm_source=GMB&utm_medium=organic
3785,Shadowbrook,3852 S 1845 W,West Valley City,UT,84119,http://www.shadowbrookapartments.com/
15183,Beacon Hill,3100 Southgate Dr,Alexandria,VA,22306,https://www.beaconhillva.com/
3587,The Bluffs,10801 Lemon Ave,Rancho Cucamonga,CA,91737,https://www.thebluffs-apts.com/
77913,Sierra Vista,500 Arrowcreek Pkwy,Reno,NV,89511,http://www.sierravistaapt.com/
47164,Satyr Hill Apartments,2005 Lowell Ridge Rd,Parkville,MD,21234,https://www.satyrhillapartments.com/
275959,Wyndstone,15025 Tahoma Blvd SE,Yelm,WA,98597,https://www.wyndstonetarga.com/
22393,21 Kristin,21 Kristin Dr,Schaumburg,IL,60195,https://www.21kristinapts.com/
265383,Monterey Garden,150 W 3rd Ave,San Mateo,CA,94402,https://www.themontereygarden.com/
74349,Villages at Eden Crossing,1070 Irongate Ln,Columbus,OH,43213,https://www.villagesatedencrossingohio.com/
26179,Shadow Ridge Apartments,3699 Barnard Dr,Oceanside,CA,92056,https://www.shadowridgeapartment.com/
302348,Spring Rose,10000 Club Creek Dr,Houston,TX,77036,https://www.springroseapartments.com/
217358,Webster Green Phase 1&2,1205 Rousseau Dr,Webster,NY,14580,http://www.webstergreen.com/
268767,Market Flats,250 E Broad St,Bethlehem,PA,18018,https://www.marketflatsbethlehem.com/
231970,The Parkview,16551 Victory Blvd,Los Angeles,CA,91406,www.parkviewapartmentliving.com
272354,Alta,2220 97th St Ct S,Tacoma,WA,98444,https://www.altaaptstarga.com/
21110,Avonlea Riverside,3000 Shadowood Pkwy SE,Atlanta,GA,30339,https://www.avonleariverside.com/
58311,Winchester Park,4080 Waderidge Trail,Groveport,OH,43125,https://gowinchesterparkapts.com/
55342,Solana at the Crossing I and 2,7745 Solana Dr,Indianapolis,IN,46240,https://www.solanaluxuryliving.com/
219528,Portrait at Hance Park I,1313 N 2nd St,Phoenix,AZ,85004,https://portraitathancepark.com/
287981,The Waters at Redstone,301 E Redstone Ave,Crestview,FL,32539,https://www.thewatersatredstone.com/
63533,Helios,7901 E Belleview Ave,Englewood,CO,80111,http://www.livehelios.com/
57772,Avonlea Tributary,2580 Summer Lake Rd,Lithia Springs,GA,30122,https://avonleatributary.com/
28728,ArtHaus Central,544 Central Ave,Alameda,CA,94501,https://www.arthauscentral.mov/
41927,University Heights,250 Colonnade Dr,Charlottesville,VA,22903,http://www.uheights.net/
245185,Parkwood Apartments,826 S Schumaker Dr,Salisbury,MD,21804,https://www.parkwoodsby.com/
243746,Ventana Hills,1350 Ventana Dr,Coraopolis,PA,15108,https://www.ventanahillsliving.com/
22581,Tessera,1304 Bruskrud Rd,Everett,WA,98208,https://www.tesseraapartments.com/
161,Hickory Mill,2767 Hickory Mill Dr,Hilliard,OH,43026,https://www.morgan-properties.com/apartments/oh/hilliard/hickory-mill
4775,Parklane Commons,1283 W Parklane Blvd,Chandler,AZ,85224,https://www.parklanecommonsaz.com/
272721,Costa Verde,7000 Fonvilla St,Houston,TX,77074,https://www.costaverdehtx.com/
40739,Bouldercrest,2000 Wilson Rd,Knoxville,TN,37912,https://bouldercrestapartments.com/
27762,UCA,2404 Nutwood Ave,Fullerton,CA,92831,https://www.ucaapts.com/
11946,Crystal Ridge,1500 N 9th St,Midlothian,TX,76065,http://www.villasofcrystalridge.com/
240910,Sunblossom Woods,4545 Cook Rd,Houston,TX,77072,https://www.sunblossomwoods.com/
73728,Rockside Park Towers,25400 Rockside Rd,Bedford Heights,OH,44146,https://www.ownerslive.com/apartments/oh/bedford-heights/rockside-park-towers/?utm_source=GBP&utm_medium=organic
1785,Beech Meadow,147 Diplomat Ct,Beech Grove,IN,46107,https://www.beechmeadowaptsin.com/
49007,Belclaire,5600 SMU Boulevard,Dallas,TX,75206,https://www.belclaireluxuryliving.com/
19582,Bella Fiore,2881 N Rancho Dr,Las Vegas,NV,89130,https://www.bellafioreliving.com/
242360,Oaks Vernon,5400 Vernon Ave S,Edina,MN,55436,http://www.oaksvernon.com/
72979,Rock Creek Commons,11800 NE 124th Ave,Vancouver,WA,98682,https://www.missionrockresidential.com/apartments/wa/vancouver/rock-creek-commons/
75537,The Waverly,100 Waverly Dr,Bay St. Louis,MS,39520,https://www.waverlyms.com/
218595,678 Bellflower,678 Bellflower Ave,Sunnyvale,CA,94086,https://www.liveat678bellflower.com/
22552,La Vina Apartments,4601 Gerrilyn Way,Livermore,CA,94550,https://www.lavinaapts.com/
65792,Starkweather Lofts,301 Plymouth Rd,Plymouth,MI,48170,https://www.starkweatherlofts.com/
224728,Oak Place,12500 S Western Ave,Oklahoma City,OK,73170,https://www.morgan-properties.com/apartments/ok/oklahoma-city/oak-place/
40722,Eagle Pointe,8608 Eagle Pointe Dr,Knoxville,TN,37931,http://www.eaglepointeknoxville.com
4167,The Hilltop,2402 S 61st St,Temple,TX,76502,https://www.the-hilltop.com/
56711,Josephine DTLA,801 S Hope St,Los Angeles,CA,90017,https://www.josephinedtla.com/
24156,Regency Plaza,600 J St,Martinez,CA,94553,https://www.rutherfordliving.com/apartments/ca/martinez/regency-plaza/
41571,Lakefront on Washington,538 Lakeside Ave S,Seattle,WA,98144,https://www.lakefrontonwashington.com/?utm_source=GBP&utm_medium=organic
221893,Union on Thompson,1000 Thompson Pl,Nashville,TN,37217,http://unionthompson.com/
64945,Alcove Apartments,7261 Crossroads Garden Dr,Orlando,FL,32821,https://www.livealcoveapts.com/
7792,Chatham Village,16331 McFadden Ave,Tustin,CA,92780,www.chathamvillageapts.com
37735,Luminous,5905 W Charleston Blvd,Las Vegas,NV,89146,www.liveatluminous.com
15306,Eagle Crest,5303 Atascocita Road,Humble,TX,77346,https://www.eaglecrestliving.com/
58164,Uptown NW Collection: Benevento,2275 NW Raleigh St,Portland,OR,97210,https://www.uptown-nw.com/
263368,Marina Villa,8150 Shore Dr,Norfolk,VA,23518,https://www.marinavillaapartments.com/
6141,Sabal Palm At Carrollwood,3602 Carrollwood Pl Cir,Tampa,FL,33624,https://www.sabalpalmaptstampa.com/
25763,One55 Lofts,155 Andersen Dr,San Rafael,CA,94901,https://www.liveatone55lofts.net/
227981,Sixth & Alder,3118 6th Ave,Tacoma,WA,98406,https://www.6thandalderapartments.com
35934,Hawthorn Village,3663 Solano Ave,Napa,CA,94558,http://www.hawthornvillageapts.com
20747,The Citizen on Anza,23418 Anza Ave,Torrance,CA,90505,https://www.liveatcitizen.com/citizenanza/
293198,Pinnacle Point,3518 Pacific Hwy E,Fife,WA,98424,https://www.pinnaclepointapts.com/
46588,Winchester Run,201 SE 89th St,Oklahoma City,OK,73149,http://www.winchesterrun.com/
1818,Ridgemont,20 Mason Dr,Chattanooga,TN,37415,http://www.ridgemontapartments.com/
14700,Gateway Park,4255 Kittredge St,Denver,CO,80239,https://www.gatewaypark-apts.com/
39094,Bayou Landing,9245 Cuandet Rd,Gulfport,MS,39503,https://www.bayoulandingapts.com/?utm_source=GMB&utm_medium=organic.
6356,Abbey at Champions,14101 Walters Rd,Houston,TX,77014,https://www.abbeyresidential.com/apartments/tx/houston/champions/#/
301324,Plaza on Hammerly,8515 Hammerly Blvd,Houston,TX,77055,https://www.plazaonhammerlyapartments.com/
236914,Woodbridge,5710 River Run Trail,Fort Wayne,IN,46825,https://gowoodbridgefortwayne.com/
2540,The Docks at Redmond Lakeview,4250 West Lake Sammamish Pkwy NE,Redmond,WA,98052,https://www.docksatredmond.com/
4904,Saybrooke,100 Old MacDonald Rd,Gaithersburg,MD,20877,https://www.saybrookeapartments.com/
19369,Foothill Courtyards,1360 Foothill Dr,Vista,CA,92084,http://www.foothillcourtyard.com/
17697,Sierra Gardens,3915 La Sierra Ave,Riverside,CA,92505,http://www.rent-sierragardens.com/
13901,Carrington Point,50 Carrington Ln,Douglasville,GA,30135,https://www.livecarringtonpoint.com/?utm_knock=gmb
10343,Willow Glen,1301 Sycamore School Rd,Fort Worth,TX,76134,http://www.liveatwillowglen.com/
11909,Rancho Mirage,1200 Hidden Ridge,Irving,TX,75038,https://www.ranchomirageirvingtx.com/
15495,El Sol Del Rio,14405 Rio Bonito Rd,Houston,TX,77083,https://www.elsoldelrioapartments.com/
53117,Watersedge Apartments,936 Waterview Way,Champaign,IL,61822,https://www.watersedgeapartments.net/
24910,Bella Vista Apartments,1500 Vista Club Cir,Santa Clara,CA,95054,www.bellavista-apartments.com
17773,Lennox,10350 W McDowell Rd,Avondale,AZ,85392,https://www.lennoxluxuryliving.com/
255748,Everton Flats,3S635 Everton Dr,Warrenville,IL,60555,https://www.evertonflats.com/
27787,Fairways 5,8710 Datapoint Dr,San Antonio,TX,78229,http://www.fairways5.com/
226992,Forest Ridge,790 S Basswood Dr,Bloomington,IN,47403,https://www.forestridgebloomington.com/forest-ridge-bloomington-in/
42940,Park Vue Place,801 Holly Springs Ave,Richmond,VA,23224,https://www.parkvueplace.com/
7950,1820 South Apartments,1820 S Crawford St,Mount Pleasant,MI,48858,https://www.1820southapts.com/
301321,Las Rocas,5810 Fondren Rd,Houston,TX,77036,https://www.lasrocashtx.com/
17091,Museum Terrace,600 S Curson Ave,Los Angeles,CA,90036,https://www.museumterraceapts.com/
275151,Hamlet at MidCity,100 Chawston Ave,Huntsville,AL,35806,https://www.hamletatmidcity.com/?utm_source=GBP&utm_medium=organic&utm_knock=gmb#/
235372,Marley Manor I & II,1000 Marley Manor Dr,Salisbury,MD,21804,https://livemarleymanor.com/
4155,Cornerstone at Overlook,4934 Woodstone Dr,San Antonio,TX,78230,https://www.cornerstoneatoverlook.com/
33267,Brookside Village,28700 34th Ave S,Auburn,WA,98001,https://www.brooksidevillageapts.com/
218987,The Retreat at Fairhope Village,300 Fly Creek Ave,Fairhope,AL,36532,https://www.theretreatatfairhopevillage.com/
37352,Falcon View,201 E Palestine Ave,Madison,TN,37115,https://falconviewtn.com/
6392,Abbey at Conroe,231 Interstate 45 N,Conroe,TX,77304,https://www.abbeyresidential.com/apartments/tx/conroe/interstate-45-north/
256322,Lumen Doraville,4256 Tilly Mill Rd,Atlanta,GA,30360,https://www.lumendoraville.com/#/
239144,Bridges at San Ramon,309 Springfield Dr,San Ramon,CA,94583,http://www.bridgesatsanramonapts.com/
46690,Aqua at Windmeadows,3700 Windmeadows Blvd,Gainesville,FL,32608,https://goaquaapartments.com/
44765,Aero Place Apartments,3885 Lakehurst Drive,Colorado Springs,CO,80916,https://www.aeroplaceliving.com/
46954,The Willows Apartments,425 Willowdale Dr,Spartanburg,SC,29303,https://gothewillows.com/
57195,Tribeca,720 W 3rd Ave,Columbus,OH,43212,https://tribecacolumbus.com/
72391,Lumina,301 Washington St,Conshohocken,PA,19428,https://liveatlumina.com/
298586,Gateway Lofts Lexington,380 Virginia Ave,Lexington,KY,40504,https://gatewayloftslexington.com/
258789,Luxe 88,1025 Luxe Ave,Columbus,OH,43220,https://luxe88apts.com/
59649,801 Polaris,801 Polaris Pkwy,Columbus,OH,43240,https://801polaris.com/
223507,The West Living,6620 W National Ave,West Allis,WI,53214,https://mandelgroup.com/apartments/the-west-living/
20067,Cayman,12900 E Loop 1604 N,Universal City,TX,78148,https://www.caymanluxuryliving.com/
20770,Lexington Commons,5530 Colony Way,Bartlesville,OK,74006,www.lexingtoncommonsapts.com
255881,City Garden Apartments,357 27th St,Ogden,UT,84401,https://www.liveatcitygarden.com/
234975,Huntley,650 Silver Bluff Rd,Aiken,SC,29803,https://www.liveaikensc.com/
240132,Deerfield Place,1 Patriot Cir,Utica,NY,13502,http://www.deerfieldplaceutica.com/
32371,Villas de Fontenelle,430 W Rainbow Cir,Kokomo,IN,46902,http://www.villasdefontenelle.com/
26852,Emberwood,100 S Meyers Dr,Lafayette,LA,70508,www.emberwood-apts.com
18701,The Marq at 1600,1600 E University Ave.,Las Vegas,NV,89119,https://www.themarqat1600.vegas/
236298,Strasser Village,300 N 4th St,Manhattan,KS,66502,https://mcculloughcorporate.prospectportal.com/manhattan/strasser-village-300-n-4th-street
19914,Rustic Oaks Apts.,15963 Le Claire Ave,Oak Forest,IL,60452,https://www.rusticoaksapartments.com/
42261,Casas de Soledad,3901 Sonoma Springs Rd,Las Cruces,NM,88011,http://www.casasdesoledadapt.com/
252337,Halston Waterleigh,10091 Tuller Loop,Winter Garden,FL,34787,https://halstonwaterleigh.com/
227941,Spring River I,1600 N Sycamore Ave,Roswell,NM,88201,http://www.springriverapartments.com/
282930,Spring Ridge on Fletcher,794 Fletcher Ln,Hayward,CA,94544,http://www.springridgeonfletcher.com/?utm_knock=g
12285,Parks at Treepoint,6601 Treepoint Dr,Arlington,TX,76017,http://www.parksattreepoint.com/
17158,Ashford Casa Serena,6310 Dumfries Dr,Houston,TX,77096,https://www.ashfordcasaserena.com/
257328,Seasons at Mount Pleasant,4301 Yates Dr,Mt Pleasant,WI,53403,https://www.seasonsmtpleasant.com/
233260,Republic Palms,1740 E Hamilton St,Republic,MO,65738,https://republicpalms.thewootenco.com/
37538,Amalie Apartment Homes,5646 Amalie Dr,Nashville,TN,37211,https://www.liveamalie.com/
293923,Woods at Countryside Crossing,994 Countryside Xing Wy,Avon,IN,46123,https://www.woodsatcountrysidecrossing.com/
58697,Vargos On The Lake,2411 Fondren Rd,Houston,TX,77063,www.vargosonthelake.com
263992,Rivermont Park,2935 Rivermont Ave,Lynchburg,VA,24503,https://www.rivermontparkapts.com/
23723,Pheasant Run,9 Silver Dr,Nashua,NH,3060,http://www.yourpheasantrun.com/
48482,Residences at Old Carolina,66 Buck Island Rd,Bluffton,SC,29910,https://www.residencesoldcarolina.com/
20959,Dove Valley Apartment Homes,7550 S Blackhawk St,Englewood,CO,80112,https://www.dovevalleyapts.com/
234772,The Pointe at Harpers Mill,600 Harpers Mill Rd,Glen Burnie,MD,21108,http://www.liveattp.com/
5735,Aventura Apartments,5300 Cinderlane Pkwy,Orlando,FL,32808,https://aventuraorlandoapartments.prospectportal.com/
62199,Cyan on Peachtree,3380 Peachtree Rd NE,Atlanta,GA,30326,http://www.cyanonpeachtree.com/
64369,Modera South Lake Union,435 Dexter Ave N,Seattle,WA,98109,http://www.moderasouthlakeunion.com/
44339,Pronghorn Apartments,1700 W 25th St,Casper,WY,82604,https://www.pronghorncasper.com/?utm_source=GMB&utm_medium=organic
69656,Nordica Landing,1756 S Clyde Morris Blvd,Daytona Beach,FL,32119,https://nl.prospectportal.com/
67684,Two Light,1444 Grand Blvd,Kansas City,MO,64106,http://twolightkc.com/
58169,4th Main,390 E Main St,Hillsboro,OR,97123,https://4thmain.tokolaproperties.com/
77051,Solameer,13357 S Prima Sol Drive,Herriman,UT,84096,https://www.solameerslc.com/solameer-townhomes-herriman-ut/
23372,Stewart Arms,230 N 11th St,Las Vegas,NV,89101,https://www.stewartarms.vegas/
68702,Regalia Bella Terra I,24151 Bella Dolce Ln,Katy,TX,77494,https://www.regaliabellaterra.com/
35859,Echelon Chicago,353 N Desplaines St,Chicago,IL,60661,www.echelonchicago.com
20791,The Avenues of Kennesaw West,3900 George Busbee Pkwy NW,Kennesaw,GA,30144,www.theavenuesofkennesaw.com
38285,Warwick,8001 Jefferson Hwy,Baton Rouge,LA,70809,www.liveatwarwick.com/
30249,Emerald Pointe,201 S Camino Seco,Tucson,AZ,85710,www.emeraldpointeapartments.com
39372,Redfield Ridge,4959 Talbot Ln,Reno,NV,89509,http://www.redfieldridgeapts.com
232502,Drexel Ridge I,7798 S Drexel Ridge Way,Oak Creek,WI,53154,http://drexelridge.com/
23296,Clinton Manor,24666 Katherine Ct,Harrison Township,MI,48045,https://www.clintonmanor-apts.com
29448,Manor Homes of Fox Crest,3151 NW 90th St,Kansas City,MO,64154,http://www.manorhomesapts.com/
36905,Kilburn Crossing,6601 Charmed Way,Fredericksburg,VA,22407,https://www.livekilburncrossing.com/
63940,Riverhouse,1200 Brookwood Dr,Little Rock,AR,72202,http://www.riverhouselittlerock.com/
23950,Argenta,4104 E Broadway Rd,Mesa,AZ,85206,https://www.argentaaz.com/
19540,Chopaka,145 Newport Way NW,Issaquah,WA,98027,www.chopakaapartments.com
280797,Aspire,6611 Seahurst Dr,Canal Winchester,OH,43110,https://www.aspireapthomes.com/
30171,The Henry at Rosenberg,3419 Fountains Dr,Rosenberg,TX,77471,https://www.thehenryatrosenberg.com/
289113,Infinity Hammock Bay West,205 Hammock Trail E,Freeport,FL,32439,https://infinityhammockbay.com/infinity-hammock-bay-west/
26513,Arrive Oak Brook Heights,201 W Oakley Dr NW,Westmont,IL,60559,https://www.arriveoakbrookheights.com/
11727,Rise Bedford Lake,1300 Shady Ln,Bedford,TX,76021,https://www.risebedfordlake.com/
78720,Kingsley Apartments,287 Textile Wy,Fort Mill,SC,29715,http://www.kingsleyapartmenthomes.com/
231669,Riverwood Apartments,10916 75th St,Kenosha,WI,53142,www.riverwoodapts.com
239274,Strata on California,6312 California Ave SW,Seattle,WA,98136,http://www.strataoncalifornia.com
218956,Coronado Villas,9225 E Tanque Verde Rd,Tucson,AZ,85749,https://coronadovillas.tokolaproperties.com/
28085,Canyon Square Townhomes,8030 Old Kings Rd S,Jacksonville,FL,32217,http://www.canyonsquare.com/
242976,Kelly Farms,1280 Cinnamon Hill Ln,Columbia,MO,65201,http://www.kellyfarms.com/?fbclid=IwAR3Ht2UTDJGEhVJqHMlcBmpL_RXbUH4u9mVSJ-Z1gopj5mzcXzrLI4u3ilk
74344,Private Reserve Townhomes,2044 Suffolk Ln,Indianapolis,IN,46260,http://www.privatereserveapts.com
36173,Wedgewood on the Green,161 Green Moor Way,Henrietta,NY,14467,https://wg.barringtonresidential.com/
40942,Los Altos,5412 S Steele St,Tacoma,WA,98409,https://www.rentatlosaltos.com/
52339,Legacy Crossing,1162 W 200 N,Centerville,UT,84014,http://www.legacycrossingapartments.com
44148,Glacier View,3000 SW Corbeth Ln,Troutdale,OR,97060,https://glacierview.tokolaproperties.com/
255110,Broadway190,11813 E Broadway Ave,Spokane Valley,WA,99206,https://www.broadway190.com/
41644,West Mall Terrace,4720 S Pine St,Tacoma,WA,98409,www.rentatwestmallterrace.com
8079,Aspen Lakes,1701 Knapp St NE,Grand Rapids,MI,49505,https://www.ampresidential.com/aspen-lakes-grand-rapids-mi/contact?utm_source=GoogleMyBusiness&utm_medium=organic&utm_campaign=website_link
63498,Hanover Montrose,3400 Montrose Blvd,Houston,TX,77006,http://www.hanovermontrose.com/
37910,Maryland Park,2170 McKelvey Rd,Maryland Heights,MO,63043,https://www.livemarylandpark.com/
282258,Mystic Point,180 Exton Rd,Somers Point,NJ,8244,https://www.frginc.com/apartment/mystic-point/
9297,Park Creek Manor,2520 Coombs Creek Dr,Dallas,TX,75211,https://www.parkcreekmanor.com/
239312,Eland Downe Townhouses,1401 Eland Downe,Phoenixville,PA,19460,https://www.liveeland.com/
55299,High Grove,100 Lochlyn Pl,Bonaire,GA,31005,https://www.highgrovegeorgia.com/
36551,Deer Wood,110 Champions Dr,Lufkin,TX,75901,www.deerwood411.com
77161,Wendwood Square,100 Radcliff Ln,Newport News,VA,23602,https://wsa.prospectportal.com/
225952,Seranado Fountain,100 S Seranado St,Orange,CA,92869,http://www.seranadofountainapartments.com/
20551,Rise at the Preserve,1502 W Glendale Ave,Phoenix,AZ,85021,https://www.riseatthepreserve.com/?utm_source=google_business&utm_medium=profile&utm_campaign=google
44938,Sunset Ridge,3825 Little Rock Dr,Antelope,CA,95843,www.thesunsetridgeapts.com
52243,Ashley Village,2272 Sunshine Pl,Columbus,OH,43232,https://www.ashleyvillageapts.com/
223037,River House,891 Ingleside Ave,Columbus,OH,43215,https://riverhousecolumbus.com/
252116,Emerson Park,6735 Brookline Gardens Rd,Westerville,OH,43081,https://www.liveemersonpark.com/
62790,Cottonwood Lighthouse Point,4411 N Federal Hwy,Pompano Beach,FL,33064,https://www.cottonwoodlighthousepointapts.com/
13793,Bear Run Village,100 Bear Run Dr,Pittsburgh,PA,15237,https://www.liveatbearrunvillage.com/bear-run-village-pittsburgh-pa/
486,Rosewood,8525 N Armenia Ave,Tampa,FL,33604,https://rwoodapts.prospectportal.com/
35778,Brazos Ranch,7404 Town Center Blvd,Rosenberg,TX,77471,https://www.brazosranch-apts.com/
237704,AMLI on Aldrich,2401 Aldrich St,Austin,TX,78723,https://www.amli.com/apartments/austin/mueller-apartments/amli-on-aldrich
37065,Pointe Inverness,7051 Pointe Inverness Way,Fort Wayne,IN,46804,https://www.ptinverness.com/
220088,Ashbrooke,415 NE Delaware Ave,Ankeny,IA,50021,http://www.ashbrookeapts.com/
21597,Arrive West Linn,4001 Robin Pl,West Linn,OR,97068,https://arrivewestlinn.com/
67734,1213 Walnut,1213 Walnut St,Philadelphia,PA,19107,https://www.1213walnut.com/
16060,Ellyn Crossing,440 Gregory Ave,Glendale Heights,IL,60139,https://www.ellyncrossing.com/?utm_source=Google%20Local%20Listing&utm_medium=Organic
26716,Colony Oaks,19 Petunia Dr,North Brunswick Township,NJ,8902,http://www.colonyoaksapartments.com/
18082,River Rock,11301 N 53rd St,Temple Terrace,FL,33617,https://riverrockapt.prospectportal.com/
20169,Rivoli Run,200 Charter Ln,Macon,GA,31210,https://www.rivolirunapartments.com/?switch_cls[id]=100991
298704,Canyon Ridge,2552 E Gowen Rd,Boise,ID,83716,https://www.canyonridgeboise.com/
48847,Cimarron Ridge,6427 Grelot Rd,Mobile,AL,36695,http://www.cimarronridgeapartmenthomes.com/
5967,Bryan Hill,7204 NW 36th St,Bethany,OK,73008,https://www.bryanhillapartments.com/
235788,Rails,2939 Main St,Buffalo,NY,14214,https://www.therailsapt.com/
253444,Advenir at Boulder Creek,11576 Pearland Pkwy,Houston,TX,77089,https://www.advenirliving.com/bouldercreek/
254973,Oakwood Hills,2451 Oakwood Hills Dr,Mechanicsburg,PA,17055,https://www.oakwoodhillsapts.com/
97778,Brookview at Navarre Sound,7381 Navarre Pkwy,Navarre,FL,32566,https://www.brookviewatnavarresound.com/
31432,Vineyards,21550 Provincial Blvd,Katy,TX,77450,https://www.vineyardsapts.com/
21092,Royale,3593 Buford Hwy NE,Atlanta,GA,30329,https://royale.prospectportal.com/
238862,Bells Bluff,7600 Cabot Dr,Nashville,TN,37209,https://www.bellsbluff.com/
56687,Cottonwood Westside,691 14th St NW,Atlanta,GA,30318,www.cottonwoodwestside.com
1060,Bolton Estates,5400 Lindbergh Blvd,Columbus,OH,43228,www.boltonestatesapts.com
33550,Princeton Bradford Apartment Homes,28 Forest Acres Dr,Haverhill,MA,1835,https://www.princetonbradford.com/
240761,The Pearl,1661 Pearl St,Eugene,OR,97401,https://www.ptlamgmt.com/eugene/the-pearl/conventional/
234186,Middle Branch Apartments and Townhomes,2868 Potee St,Baltimore,MD,21225,http://www.middlebranchmanor.com
34482,Abberly Grove,1160 Auston Grove Dr,Raleigh,NC,27610,www.abberlygrove.com
7837,Cedar Shores,2151 Oliver Ave,San Diego,CA,92109,http://www.cedarshoresapts.com/
42925,Lakeside,112 S Little Flower Rd,El Paso,TX,79915,https://www.thelakesideapthomes.com/
65562,Lantower Waverly,6101 Ardrey Kell Rd,Charlotte,NC,28277,https://www.lantower.com/properties/nc/charlotte/lantower-waverly/
42064,Elements at 1600,1600 Travion Ct,Fairfield,CA,94533,https://www.elements1600.com/
272520,Wellington Woods,1 Sweetbriar Rd,Morrisville,PA,19067,https://www.wellingtonwoodsapartments.com/?utm_source=yext%20-%20entrataseo&utm_medium=referral&utm_campaign=directories&utm_content=website%20click
5091,Rise Broadway,945 W Broadway Rd,Mesa,AZ,85210,https://www.risebroadway.com/
48344,Copper Commons,272 Shadow Mountain Dr,El Paso,TX,79912,http://www.coppercommons.com/
25392,Chappell Creek Village,3010 Ira Young Dr,Temple,TX,76504,http://www.chappellcreekapts.com/
273828,Pointe Grand Southlake,7147 Mt Zion Cir,Morrow,GA,30260,https://www.pointegrandsouthlake.com/
40750,The Abigail,4831 Summit Cir,Knoxville,TN,37919,https://www.theabigailapts.com/
63191,Avenir on Fifteenth,42 S 15th St,Philadelphia,PA,19102,http://avenirphilly.com/
38256,Maison Bocage,655 Marie Antoinette St,Lafayette,LA,70506,https://www.maison-bocage.com/
43,Centennial Place,7001 S Congress Ave,Austin,TX,78745,http://www.centennialplaceapts.com/
5252,Shenandoah Ridge,4079 River Watch Pkwy,Martinez,GA,30907,http://www.shenandoahridge.com/
62475,Skyline Vista,2400 Skyline Dr,Pacifica,CA,94044,https://www.skylinevistapacifica.com/
22337,Park Wood,7300 Parkwood Cir,Dublin,CA,94568,https://www.parkwoodluxury.com/
64545,The Lofts at White Furniture,201 E Center St,Mebane,NC,27302,https://www.whitefurniturelofts.com/
52714,Grand Oaks Apartments,6300 SW Grand Oaks Dr,Corvallis,OR,97333,http://www.grandoakscommunity.com/
30775,Tremezzo on the Lake,1007 W 1st St,Tempe,AZ,85281,https://www.tremezzoonthelake.com/
61594,Xavier,625 W Division St,Chicago,IL,60610,http://livexavier.com/
70238,Grace Apartments,1002 SW Gaines st,Portland,OR,97239,http://www.graceapartmentscr.com/
302308,Madison Station,577 Trejo St,Rexburg,ID,83440,https://www.liveatmadisonstation.com/
6620,ReNew Marina Shores,2257 Willow Oak Cir,Virginia Beach,VA,23451,https://www.renewmarinashores.com/
262769,The Standard at Champions,6701 FM 1960 Rd W,Houston,TX,77069,https://www.hpithestandard.com/
273145,SUR17,385 W 1700 S,Salt Lake City,UT,84115,https://www.gosur17.com/
78039,Abberly CenterPointe,1900 Abberly Cir,Midlothian,VA,23114,http://www.abberlycenterpointe.com/
240934,Townhome Villas,1000 Dumont Blvd,Las Vegas,NV,89169,https://www.mytownhomevillasapartments.com/
256319,Modera Decatur,155 Clairemont Ave,Decatur,GA,30030,https://www.moderadecatur.com/
76849,St Phillip Villas,829 N Hill St,Griffin,GA,30223,https://www.liveatstphillipvillas.com/
25490,Rise Creekside,8299 Small Block Rd,Northlake,TX,76262,https://www.risecreekside.com/
74900,Fox Lake,505 Fox Crossing Blvd,Knoxville,TN,37923,https://www.foxlakeonline.com/
19650,Briarwood Terrace,1501 S Wolf Rd,Prospect Heights,IL,60070,http://www.briarwoodapartments.com/
229671,Heather Glen,1650 West Chester Pike,West Chester,PA,19382,www.liveheatherglen.com
245290,The Slate at 96,1841 Lascassas Pike,Murfreesboro,TN,37130,https://www.slate96.com/
27646,Hilltop Apartments,5345 85th Ave,New Carrollton,MD,20784,https://www.liveatha.com/
41784,Sturbridge,1400 Old Forge Dr,Little Rock,AR,72227,https://www.sturbridgetownhomes.com/?rcstdid=MzI%3d-GJOvflXLv8M%3d&_yTrackUser=MTU5NzYzNjg4NyMxMzQwMzMwNTM3-KX%2bWezuhGno%3d&_yTrackVisit=Mjc3NTUyMjk4NiMxMzQwOTUyMzAx-5Uhx6V84PYo%3d&_yTrackReqDT=36362020220504
253100,Aspire Gulch,805 Division St,Nashville,TN,37203,https://www.aspiregulch.com/
230737,Emerald Downs,910 NE Providence Ct,Pullman,WA,99163,https://www.emerald-downs-apts.com/
16980,Springdale Villa,6000 Garden Grove Blvd,Westminster,CA,92683,https://www.springdalevilla.com/
15705,Arrive North Bethesda,5901 Montrose Rd,North Bethesda,MD,20852,https://www.arrivenorthbethesda.com/
5822,The Izzy,8557 Candlewood Dr,Oklahoma City,OK,73132,https://www.theizzyokc.com/
273790,Pointe Grand Augusta,1400 Pointe Grand Dr,Augusta,GA,30909,https://www.pointegrandaugusta.com/
74711,Countryside Village Apartments,2503 Reese Grove Ct,Bartlett,TN,38133,www.reeseroadtn.com
16831,Agora at Port Richey,8228 Chasco Woods Blvd,Port Richey,FL,34668,https://agoraatportrichey.prospectportal.com/
254955,The Club at Enclave,1629 Santa Venetia St,Chula Vista,CA,91913,https://www.clubatenclave.com/
67721,State Street Station,7400 W State St,Wauwatosa,WI,53213,https://www.statestreettosa.com/
27245,Halston Shiloh Valley,2100 Shiloh Valley Dr,Kennesaw,GA,30144,https://www.halstonshilohvalley.com/
45385,Greenview Village,55 Golfview Dr,Manchester,NH,3102,www.greenviewvillage-apts.com
253978,Turtle Creek,4826 Van Buren Boulevard,Riverside,CA,92503,https://www.turtlecreekliving.com/
262292,Camelot at Marlboro,98 Lukas Blvd,Morganville,NJ,7751,https://www.kaplanatmarlboro.com/
11112,Rise West Arlington,3601 S Fielder Rd,Arlington,TX,76015,https://www.risewestarlington.com/
16454,Casa Del Mar,2431 Farm to Market 1960 Rd W,Houston,TX,77068,www.livecasadelmar.com
72446,Chesapeake Village,227 Carroll Island Rd,Middle River,MD,21220,https://www.rentchesapeakevillage.com/
47878,Port Royal At Spring Hill,1001 Pinehurst Dr,Spring Hill,TN,37174,https://www.portroyaltn.com/
253035,The Court Yard,211 Court St NE,Salem,OR,97301,http://www.thecourtyardsalem.com/
15014,Wildwood Park,5550 Columbia Pike,Arlington,VA,22204,http://www.rentdittmar.com/apartment-communities/wildwood-park
38836,Braewood,76 Lester Ave,Murray,UT,84107,https://www.braewoodutah.com/
262156,Modera Woodbridge,10 Main St,Woodbridge,NJ,7095,https://www.moderawoodbridge.com/
257918,Modera Newton,2 Los Angeles St,Newton,MA,2458,https://www.moderanewton.com/
37416,Lunaire at Estrella,949 S Goodyear Blvd E,Goodyear,AZ,85338,https://www.lunaireatestrella.com/?switch_cls%5Bid%5D=101204
19299,Phoenix Orlando,10801 Heather Ridge Cir,Orlando,FL,32817,https://www.livephoenixorlando.com/
38737,Stonegate,7119 62nd Ave W,Lakewood,WA,98499,http://www.rentatstonegateapartments.com/
78992,22Slate,5711 Slate Dr,Madison,WI,53718,http://www.22slate.com/
60141,Bridgeview,701 Harrison St,Allentown,PA,18103,http://www.scullycompany.com/bridgeview-14.html
75936,Keystone,1101 Burlew Blvd,Owensboro,KY,42303,https://www.livekeystone.com/
54359,Riverton Terrace,1908 E South Riverton Ave,Spokane,WA,99207,https://www.rivertonterrace.com/spokane/riverton-terrace/conventional/
22986,Tuscany Hills,715 Ash Ln,San Marcos,CA,92069,http://www.tuscanyhillsapartments.com/
77834,Hanover Northgate,2450 Valdez St,Oakland,CA,94612,https://www.hanovernorthgate.com/
47232,Chapel Manor,4217 Chapel Rd #203,Nottingham,MD,21236,https://aandgmanagement.com/apartments-for-rent/perry-hall-md/chapel-manor/7/
21129,Rise Suncrest,6507 S Hardy Dr,Tempe,AZ,85283,www.risesuncrest.com
253014,Lector 85,2409 E 2nd Ave,Tampa,FL,33605,http://www.lector85.com/
26733,Parc 85,2620 N Berkeley Lake Rd NW,Duluth,GA,30096,https://www.parc85.com/
234616,Mountain View Apartment Homes,3555 US Hwy 78 E,Anniston,AL,36207,www.liveatmountainview.com
40517,Islands of Fox Chase,208 Somerset Bay Dr,Glen Burnie,MD,21061,https://www.islandsoffoxchase.com/
51860,Ravenswood,3674 Kent Rd,Stow,OH,44224,https://www.ravenswoodapartmentsstow.com/
35683,Parkcrest at the Lakes,13621 Parkcrest Blvd,Fort Myers,FL,33912,www.parkcrestatthelakesapts.com
12550,Cuestas,2800 N Roadrunner Pkwy,Las Cruces,NM,88011,https://www.liveatcuestas.com/
65468,Red Tail Apartments,121 E Victory Rd,Meridian,ID,83642,www.redtailapartments.com
40398,Canyon Springs,6185 N Figarden Dr,Fresno,CA,93722,https://www.canyonspringsfresno.com/
270672,Pointe Grand Warner Robins,1601 Leverette Rd,Warner Robins,GA,31088,https://www.pointegrandwarnerrobins.com/
236447,Prescott at West Hills,1201 Vista Ridge Way,Knoxville,TN,37909,https://www.prescottwesthills.com/
38843,Park Court,28 S Water St,Womelsdorf,PA,19567,https://www.rentparkcourtapts.com/
18140,Villas at Park La Brea,5555 W 6th St,Los Angeles,CA,90036,http://www.thevillasapts.com/
227354,Sandstone,5101 Sanger Ave,Waco,TX,76710,https://www.sandstoneapartmenthomes.com/
60798,Liv Ahwatukee,16025 S 50th St,Phoenix,AZ,85048,www.livahwatukee.com
36158,Allen Meadows,5562 Bear Rd,Syracuse,NY,13212,https://allenmeadows.prospectportal.com/
22297,Chestnut Park,901 W Silver Sands Dr,San Antonio,TX,78216,https://www.mychestnutparkapartments.com/
4785,Autumn Creek Apartments,1320 N McQueen Rd,Chandler,AZ,85225,http://www.autumncreekapts.com
11543,Westwind Apartments,4300 Old Benbrook Rd,Fort Worth,TX,76116,http://www.leasewestwindapartments.com/
74872,Heather Ridge,454 Heather Dr N,Mantua,NJ,8051,http://heatherridgeapts.net/
244533,Lynn Hill,416-201 Hillview Dr,Linthicum,MD,21090,https://www.marylandmanagement.com/linthicum/lynn-hill-apartments
236587,Williamsburg Manor,1248 Donaldson Dr,Cary,NC,27511,http://www.williamsburgmanorcary.com/
2375,The Grove Luxury,1 Lakeville Cir,Petaluma,CA,94954,https://www.thegroveluxuryapartments.com/
9334,London Square,4030 Valley View Ln,Farmers Branch,TX,75244,http://www.leaselondonsquareapartments.com/
21293,Beach Villas,11555 Beach Blvd,Jacksonville,FL,32246,www.beachvillasapts.com
76142,Ashford Santa Fe,4010 W Bellfort Ave,Houston,TX,77025,https://www.ashfordsantafe.com/?switch_cls[id]=105131&utm_source=google%20-%20entrataseo&utm_medium=organic&utm_campaign=gmb&utm_content=website%20click
49549,Wing Pointe,900 S 1500 E,Clearfield,UT,84015,www.wingpointeapts.com
23747,Parkview Terrace,4103 54th Pl,San Diego,CA,92105,https://www.parkviewterrace.com
37984,Belmont Station,6900 Tasker Falls,Elkridge,MD,21075,https://www.belmontstationapts.com/
31099,Woodward Place Apartments,3400 SW 44th St,Oklahoma City,OK,73119,https://www.woodwardplace.com/
18271,Bryn Mawr,100 Bryn Mawr Ct,Pittsburgh,PA,15221,http://www.brynmawrapartments.com/
63465,Hanover Southampton,5122 Morningside Dr,Houston,TX,77005,http://www.hanoversouthampton.com/Apartments/module/property_info/property%5Bid%5D/91437/launch_guest_card/1/
52949,Woodlands at Nashua,3 Sapling Cir,Nashua,NH,3062,https://www.livewoodlandsatnashua.com/
54936,Brentwood Square,13433 Greenwood Ave N,Seattle,WA,98133,https://brentwoodsquareapts.prospectportal.com/
37847,Preserve at Research Park,700 Mallards Way,O'Fallon,MO,63368,www.preserveresearchpark.com
31550,Cala Paradise Valley,12211 N Paradise Village Pkwy,Phoenix,AZ,85032,https://www.calaparadisevalleyapts.com
229616,93 East,2565 Shallowford Rd,Atlanta,GA,30345,https://93east.prospectportal.com/
42085,Revive Apartments,2341 58th Ave E,Fife,WA,98424,https://www.reviveapartments.com/
22900,Canyon Springs,15914 44th Ave W,Lynnwood,WA,98087,https://www.liveatcanyonsprings.com/
67393,Southpark Crossing,1701 Oak Hill Ln,Austin,TX,78744,https://www.southparkcrossing.com/
18941,Emerald Bay,4701 E Sahara Ave,Las Vegas,NV,89104,https://www.myemeraldbayapartments.com/
43995,Hamilton Hall,449 Hamilton St,Norristown,PA,19401,http://www.scullycompany.com/hamilton-hall-18.html
43908,ReNew Johnson Creek,12435 SE Linwood Ave,Milwaukie,OR,97222,https://www.renewjohnsoncreek.com/
12459,Bridge Lane,10227 N 32nd Ln,Phoenix,AZ,85051,http://www.bridgelaneapartments.com/Home.aspx
19939,Haven at South Mountain,1630 E Baseline Rd,Phoenix,AZ,85042,https://www.havenatsouthmountainapts.com/
51746,Eagle Crossing,3000 Calvin Dr,Hopkinsville,KY,42240,https://www.liveeaglecrossing.com/
37979,Steeplechase Village,1552 Pine St,Columbus,OH,43217,https://www.steeplechasevillagecolumbus.com/
18865,Meridian Green,11305 SE Kent-Kangley Rd,Kent,WA,98030,www.meridiangreentownhomes.com
65287,Trio Apartments,124 W Washington St,Milwaukee,WI,53204,https://www.triomke.com/
7287,Ashford Willow Falls,10100 Westpark Dr,Houston,TX,77042,https://www.ashfordwillowfalls.com/
246614,French Mill I,29 French Mill Run,Cuyahoga Falls,OH,44223,http://www.frenchmill.com
42949,La Cima,10517 Ashwood Dr,El Paso,TX,79935,https://www.lacimaapts.com/
52570,ReNew High Ridge,2302 High Ridge Trail,Fitchburg,WI,53713,https://www.renewhighridge.com/
71862,Lakeview Villas,2090 Sundance Parkway,New Braunfels,TX,78130,https://www.lakeviewvillasapartments.com/
46267,The Ridge,3834 N Oak Grove Dr,Midwest City,OK,73110,https://www.theridgeokc.com/
55012,Gallery Park,1436 SW Park Ave,Portland,OR,97201,www.galleryparkpdx.com
261603,Wellspring,2327 S Arizona Ave,Pecos,TX,79772,https://www.wellspringpecos.com/
36926,Fenestra at the Square,20 Maryland Ave,Rockville,MD,20850,www.fenestraapts.com
76376,Panorama,45205 Panorama Dr,Palm Desert,CA,92260,https://rentatpanorama.com/contact.aspx
243358,The Villas of Castleton,310 Honeysuckle Dr,Marietta,PA,17547,http://www.castletonvillas.com/
16891,Cobble Creek,920 Lawrence St,Tomball,TX,77375,https://www.cobblecreekliving.com
44719,Arwen Vista,11505 Masterton Rd,Charlotte,NC,28262,www.arwenvista.com
8717,Las Colinas Heights,3701 N O'Connor Rd,Irving,TX,75062,www.liveatlascolinasheights.com
38509,The Belle Meade at River Oaks,2929 Westheimer Rd,Houston,TX,77098,http://www.thebellemeade.com/
48752,Valley Ridge Apartments,1650 George Dieter Dr,El Paso,TX,79936,http://www.valleyridgeapts.com/
228073,Alister Montclair,11 Pine St,Montclair,NJ,7042,https://www.alistermontclair.com/
39038,The Lodge,464 N Oakley Dr,Columbus,GA,31906,https://www.thelodgecolumbus.com/
8119,St. Andrews of Palm Aire,1000 SW 46th Ave,Pompano Beach,FL,33069,https://www.scullycompany.com/apartments/florida/broward-county/pompano-beach/st-andrews-palm-aire/
236157,Witham Village,4400 NW Walnut Blvd,Corvallis,OR,97330,https://www.withamvillageapartments.com/
246641,Passenger Flats,1362 Passenger St,Chattanooga,TN,37408,http://www.passengerflats.com/
43403,Great Northern Village,5272 Victoria Ln,North Olmsted,OH,44070,http://www.burtoncarol.com/ohio/great-northern-village
47750,The Ridge At Chestnut Hill,6108 Chestnut Ridge Dr,Columbus,OH,43230,https://www.theridgeatchestnuthillapts.com/
41667,Wilmington Commons,455 Racine Dr,Wilmington,NC,28403,https://www.wilmingtoncommons.com/
239601,The Southern,1751 Lascassas Pike,Murfreesboro,TN,37130,https://www.thesouthernapts.com/
50817,Legacy at Festival,500 Festival Pl,Montgomery,AL,36117,https://www.hpilegacyatfestival.com/
44497,9920 Apartments,9920 W Camelback Rd,Phoenix,AZ,85037,http://www.9920apartments.com/
233581,Riverside North Apartments,1643 Riverside Dr,South Bend,IN,46616,http://www.riversidenorth-in.com/
228903,Fitchburg Square Apartments,2001 Greenway Cross,Fitchburg,WI,53713,http://www.fitchburgsquare.com/
68781,Fieldcrest Apartments,31 Trillium Cir,Dothan,AL,36301,http://www.fieldcrestapt.com/
47369,Pleasant Ridge,5 Pleasant Ridge Dr,Owings Mills,MD,21117,https://www.residencesatpleasantridge.com/
6180,Renew One 59,1319 159th Ave,San Leandro,CA,94578,https://www.renewone59.com/
52922,Shadetree North,220 California St,Woodland,CA,95695,www.shadetreenorth.com
257651,Brownpoint Reserve,8860 Blackhawk Rd,Middleton,WI,53562,https://brownpoint.stevebrownapts.com/?utm_medium=social&utm_source=gmb&utm_campaign=conventional+lease+up
254859,The Brooke on Bagley,2420 Bagley St,Detroit,MI,48216,http://www.thebrookedetroit.com/
240789,Sawgrass Point,2163 S Veterans Blvd,Gonzales,LA,70737,https://www.sawgrasspoint.com/
220043,Gardens at Briarwood,3580 Buford Hwy,Brookhaven,GA,30329,https://gardensatbriarwood.prospectportal.com/
20672,Quiet Waters Landing,1293 Thom Ct,Annapolis,MD,21403,https://www.quietwaterslanding.com/
271101,Southern Station,826 Bowman Wy,Grandview Heights,OH,43212,https://www.southernstation.com/
293667,Grand Lake Towers,377 Santa Clara Ave,Oakland,CA,94610,https://www.lakemerrittapartments.com/oakland/grand-lake-towers/conventional/
48810,Manchester Oaks,6801 Parkedge Cir,Franklin,WI,53132,http://www.manchesteroaks.com/
51142,Three 44,344 Richland Dr,Waco,TX,76710,https://www.liveatthree44.com/
35921,800 Sixth Apartments,800 6th Ave,New York,NY,10001,https://www.800sixth.com/
73733,Bellevue Crossing,488 NE Bellevue Dr,Bend,OR,97701,http://www.livebellevuecrossing.com/
5842,Ashford Stancliff Park,10350 Lands End Dr,Houston,TX,77099,https://www.ashfordstancliff.com/
280569,Sweetwater,3476 Sweetwater Blvd,Addis,LA,70710,https://www.sweetwateraddis.com/
73610,Kensington at North Pointe,7570 W State St,Boise,ID,83714,http://www.live-kensington.com
8314,Deerfield,1771 S Quebec Way,Denver,CO,80231,http://www.deerfieldapartmenthomes.com/
1759,Taro Walk,5826 Newtown Arch,Virginia Beach,VA,23462,https://www.tarowalk.com/
1589,The Hills at North Mesa,4848 N Mesa St,El Paso,TX,79912,http://www.thehillsatnorthmesa.com/
283566,The Standard at Franz,24300 Franz Rd,Katy,TX,77493,https://www.hpifranz.com/
238698,Stone Creek Apartments,2100 36th Ave S,Grand Forks,ND,58201,https://www.stonecreekgf.com/
230802,ReNew Little Creek II,6450 Crescent Way,Norfolk,VA,23513,https://www.renewlittlecreek.com/
68952,Wy' East Pointe,812 SE 136th Ave,Vancouver,WA,98683,https://www.livewyeast.com/
16554,Ridgeview,6321 113th St,Seminole,FL,33772,http://www.ridgeviewseminole.com/
20683,Alister Parx,12102 4th Ave W,Everett,WA,98204,https://www.alisterparx.com/
77245,Pembrook Place,2775 Stowmarket Ave,Rockford,IL,61109,http://www.pembrookplaceapartments.com/
60118,Autumn Springs,5500 Floral Cir S,Columbus,OH,43228,https://www.liveautumnsprings.com/
48564,Arrive Thousand Oaks,1394 E Hillcrest Dr,Thousand Oaks,CA,91362,https://arrivethousandoaks.com/
257819,Sonoma Ranch Apartment Homes,4450 Old Redwood Hwy,Santa Rosa,CA,95403,https://www.rentsonomaranch.com/
39154,ReNew on Ridgewood,5000 Ridgewood Rd,Jackson,MS,39211,https://www.renewonridgewood.com/
45061,Cottage Meadows,4146 Madison Ave,North Highlands,CA,95660,https://www.cottagemeadows.com/
75050,Santa Cruz,10637 Edgemere Blvd,El Paso,TX,79925,https://www.santacruzapartmenthomes.com/
221098,Ayla Stonebriar,3030 Ohio Dr,Frisco,TX,75035,https://www.equityapartments.com/dallas/frisco/ayla-stonebriar-apartments##neighborhood-tile
25489,Cortland North Dallas,17811 Vail St,Dallas,TX,75287,https://cortland.com/apartments/cortland-north-dallas/
232480,Vintage at 425 Broadway,1455 4th St,Santa Monica,CA,90401,https://www.equityapartments.com/los-angeles/santa-monica/vintage-at-425-broadway-apartments
218378,The Terraces Apartments,1330 Bush St,San Francisco,CA,94109,http://www.equityapartments.com/california/san-francisco-bay-apartments/lower-nob-hill/the-terraces-apartments.aspx
32995,2400 M Apartments,2400 M St NW,Washington,DC,20037,http://www.equityapartments.com/washington-dc/georgetown/2400-m-apartments
2955,2501 Porter Apartments,2501 Porter St NW,Washington,DC,20008,http://www.equityapartments.com/washington-dc/washington-dc-apartments/cleveland-park/2501-porter-apartments.aspx
13153,Canyon Creek Apartments,1000 Canyon Village Cir,San Ramon,CA,94583,http://www.equityapartments.com/california/san-francisco-bay-apartments/san-ramon/canyon-creek-apartments.aspx
7797,Village at Del Mar Heights,13138 Kellam Ct,San Diego,CA,92130,https://www.equityapartments.com/san-diego/del-mar/the-village-at-del-mar-heights-apartments
13379,Verde Apartments,5322 Wong Ct,San Jose,CA,95123,http://www.equityapartments.com/california/san-francisco-bay-apartments/san-jose/verde-apartments.aspx
118445,Mara Pacific Beach Apartments,4275 Mission Bay Dr.,San Diego,CA,92109,https://www.equityapartments.com/san-diego/pacific-beach/mara-pacific-beach-apartments
35540,The Flats At Dupont Circle Apartments,2000 N St NW,Washington,DC,20036,https://www.equityapartments.com/washington-dc/dupont-circle/the-flats-at-dupont-circle-apartments
32336,1210 Mass Apartments,1210 Massachusetts Ave NW,Washington,DC,20005,http://www.equityapartments.com/washington-dc/washington-dc-apartments/northwest-dc/1210-mass-apartments.aspx
24998,Liberty Park Apartments,1 Matthew Ln,Braintree,MA,2184,https://www.equityapartments.com/south-boston/braintree/liberty-park-apartments
8418,City Gate at Cupertino Apartments,5608 Stevens Creek Blvd,Cupertino,CA,95014,http://www.equityapartments.com/california/san-francisco-bay-apartments/cupertino/archstone-cupertino-apartments.aspx
37920,Parc Cameron,41 W 86th St,New York,NY,10024,http://www.equityapartments.com/new-york/new-york-city-apartments/upper-west-side/parc-cameron-apartments.aspx
38733,Versailles Koreatown Apartments,918 S Oxford Ave,Los Angeles,CA,90006,http://www.equityapartments.com/bbrochure.aspx?PropertyId=2359&utm_source=google&utm_medium=cpc&utm_campaign=losangelesproperties_versailleskoreatown&s_kwcid=TC%7c4015%7cversailles+koreatown+apartments%7c%7cS%7cp%7c9013274593
265281,The Louise,4151 Viridian Village Dr,Arlington,TX,76005,https://www.equityapartments.com/dallas/arlington/the-louise-apartments##unit-availability-tile
6167,Chelsea Square,16340 NE 83rd St,Redmond,WA,98052,https://www.equityapartments.com/seattle/downtown-redmond/chelsea-square-apartments
33986,South City Station Apartments,101 McLellan Drive,South San Francisco,CA,94080,http://www.equityapartments.com/california/san-francisco-bay-apartments/south-san-francisco/archstone-south-san-francisco-apartments.aspx
228359,Milo,4109 E 10th Ave,Denver,CO,80220,https://www.equityapartments.com/denver/congress-park/milo-apartments
245501,Luna Upper Westside Apartments,2265 Marietta Blvd NW,Atlanta,GA,30318,https://www.equityapartments.com/atlanta/upper-westside/luna-upper-westside-apartments#/
40710,Chloe on Union,1408 E Union St,Seattle,WA,98122,https://www.equityapartments.com/seattle/pike-pine/chloe-apartments
13341,Heritage Ridge Apartments,16619 Larch Way,Lynnwood,WA,98037,http://www.equityapartments.com/washington/seattle-apartments/lynnwood/heritage-ridge-apartments.aspx
55910,1111 Belle Pre Apartments,1111 Belle Pre Way,Alexandria,VA,22314,http://www.equityapartments.com/developments/1111-belle-pre/1111-belle-pre.html
12586,Avondale at Warner Center,22222 Victory Blvd,Woodland Hills,CA,91367,https://www.essexapartmenthomes.com/apartments/woodland-hills/avondale-at-warner-center
24180,Pinnacle at Otay Ranch,1310 Santa Rita E,Chula Vista,CA,91913,https://www.essexapartmenthomes.com/california/san-diego-area-apartments/chula-vista-apartments/pinnacle-otay-ranch
12985,Meadowood,1733 Cochran St,Simi Valley,CA,93065,https://www.essexapartmenthomes.com/california/ventura-county-apartments/simi-valley-apartments/meadowood
21149,Pinnacle at MacArthur Place,31 E Macarthur Cres,Santa Ana,CA,92707,https://www.essexapartmenthomes.com/apartments/santa-ana/pinnacle-at-macarthur-place
3748,Brookside Oaks,1651 Belleville Way,Sunnyvale,CA,94087,https://www.essexapartmenthomes.com/apartments/sunnyvale/brookside-oaks
229748,Chestnut Street,143 Chestnut St,Santa Cruz,CA,95060,https://www.essexapartmenthomes.com/apartments/chestnut-street
27577,Park Catalina,690 S Catalina St,Los Angeles,CA,90005,https://www.essexapartmenthomes.com/california/los-angeles-area-apartments/los-angeles-apartments/park-catalina
2405,Foster's Landing,700 Bounty Dr,Foster City,CA,94404,https://www.essexapartmenthomes.com/apartments/foster-city/fosters-landing
63770,1000 Kiely,1000 Kiely Blvd,Santa Clara,CA,95051,https://www.essexapartmenthomes.com/apartments/1000-kiely?sc_camp=2648D1300BEC431BB11EB86F02F52DBD&utm_source=googlesearch
2587,The Palms at Laguna Niguel,28188 Moulton Pkwy,Laguna Niguel,CA,92677,https://www.essexapartmenthomes.com/california/orange-county-area-apartments/laguna-niguel-apartments/the-palms-laguna-niguel
24315,Riley Square,3707 Poinciana Dr,Santa Clara,CA,95051,https://www.essexapartmenthomes.com/apartments/santa-clara/riley-square
2537,Bothell Ridge,19928 Bothell Everett Hwy,Bothell,WA,98012,https://www.essexapartmenthomes.com/apartments/bothell-ridge
77713,Pure Redmond Apartments,17634 NE Union Hill Rd,Redmond,WA,98052,https://www.essexapartmenthomes.com/apartments/pure-redmond
13181,Park Hill at Issaquah,22500 SE 56th St,Issaquah,WA,98029,https://www.essexapartmenthomes.com/apartments/park-hill-at-issaquah
21381,Summit Park Village,8563 Lake Murray Blvd,San Diego,CA,92119,https://www.essexapartmenthomes.com/apartments/summit-park-village
17984,Alessio,5700 W Centinela Ave,Los Angeles,CA,90045,https://www.essexapartmenthomes.com/apartments/los-angeles/alessio
226350,1250 Lakeside,1250 Lakeside Dr,Sunnyvale,CA,94085,https://www.essexapartmenthomes.com/apartments/sunnyvale/1250-lakeside
2282,City View,25200 Carlos Bee Blvd,Hayward,CA,94542,https://www.essexapartmenthomes.com/california/san-francisco-bay-area-apartments/hayward-apartments/city-view
20050,Carmel Creek,11724 Carmel Creek Rd,San Diego,CA,92130,https://www.essexapartmenthomes.com/apartments/san-diego/carmel-creek?sc_camp=2648D1300BEC431BB11EB86F02F52DBD&utm_source=googlesearch
4170,Beechwood,2700 Cottage Pl,Greensboro,NC,27455,www.beechwoodnc.net
32390,Laurel Gardens,2616 Mission Rd,Tallahassee,FL,32304,https://oakwoodreserveapts.com/
58156,District at Seven Springs,300 Seven Springs Way,Brentwood,TN,37027,http://www.districtsevensprings.com/
234936,Amber Ridge Apartments,2312 55th St S,Fargo,ND,58104,https://www.prg.propertyresourcesgroup.com/amber-ridge-apartments
61951,Ellis at Germantown,1600 Rosa L Parks Blvd,Nashville,TN,37208,https://www.ellisgermantown.com/
296916,Vivo Living Port Royal,1660 Ribaut Rd,Port Royal,SC,29935,https://www.vivolivingportroyal.com/
13977,Mizner Park Apartments,401 NE Mizner Blvd,Boca Raton,FL,33432,https://www.gables.com/communities/florida/boca-raton/mizner-park-apartments/
27292,Villas at Stone Oak Ranch,13021 Legendary Dr,Austin,TX,78727,https://villasatsor.com/
5046,Aurella Cary,101 Harlon Dr,Cary,NC,27511,https://www.harborgroupmanagement.com/apartments/nc/cary/aurella-cary
257194,The Prospector Modern Apartments,3360 Esker Cir,Castle Rock,CO,80108,https://www.prospectorliving.com/
67524,Riverworks,45 N Main St,Phoenixville,PA,19460,https://www.hgliving.com/apartments/pa/phoenixville/riverworks
30734,Waterford Village,51 Meadow Ln,Bridgewater,MA,2324,https://www.harborgroupmanagement.com/apartments/MA/Bridgewater/Waterford-Village/
260340,Linden At The Rim,15022 Vance Jackson Rd,San Antonio,TX,78249,https://www.hgliving.com/apartments/tx/san-antonio/linden-at-the-rim
4944,Triangle Place,2800 Bainbridge Dr,Durham,NC,27713,https://www.hgliving.com/apartments/nc/durham/triangle-place/
43715,The Heritage at Boca Raton,320 W Palmetto Park Rd,Boca Raton,FL,33432,www.theheritageatbocaraton.com
19396,Alcove at Seahurst,14001 Ambaum Blvd SW,Burien,WA,98166,https://www.hgliving.com/apartments/wa/burien/alcove-at-seahurst/
221349,Chandlers Bay Apartments,1020 Central Ave N,Kent,WA,98032,http://www.chandlersbay.com/
26312,Creekwood Estates,1328 Lake St NE,Hopkins,MN,55343,https://highlandapts.com/Property%20Details/?pid=6
52386,Hemlock Pines,7225 Hemlock Ln N,Maple Grove,MN,55369,https://highlandapts.com/Property%20Details/?pid=112
225610,610 West,6717 Oak Grove Pkwy,Brooklyn Park,MN,55445,http://610west.com/
268047,The Dial,500 E 8th St,Kansas City,MO,64106,https://thedialkc.com/
78794,The Tremont at 3rd Avenue I,32 Second Ave,Burlington,MA,1803,https://www.tremontburlington.com/Floor-Plans.aspx
15104,Portofino Apartment Homes,8702 New Tampa Blvd,Tampa,FL,33647,http://www.rent-portofino.com/
218968,Paxton Cool Springs,2007 Knolltop Ln,Franklin,TN,37067,www.paxtoncoolsprings.com
16818,Santa Fe Village,3700 S Santa Fe Village Dr,Santa Ana,CA,92704,https://www.santafevillagescm.com/
65527,Montaje,449 Canal St,Somerville,MA,2145,https://livemontaje.com/
37701,Eaglewood,1975 Maxwell Ave,Woodland,CA,95776,https://www.eaglewoodaptswoodland.com/
268552,14 Lincoln Place,14 Lincoln Pl,Madison,NJ,7940,https://thelincolnmadison.com/
251690,240 Park Avenue,240 Park Ave,Minneapolis,MN,55415,https://240parkave.com/
259786,Viking Lakes I,710 Vikings Pkwy,Eagan,MN,55121,https://vikinglakesresidences.com/
33764,Haven at Birkdale Village,16725 Birkdale Commons Pkwy,Huntersville,NC,28078,https://havenbirkdalevillage.com/
77585,The Willows at Ashley Park,300 Ashley Park Blvd,Newnan,GA,30265,www.willowsashleypark.com
54589,Flats on Tanglewilde,2630 Tanglewilde St,Houston,TX,77063,https://www.flatsontanglewilde.com/
5355,Winthrop West,6218 Watermark Dr,Riverview,FL,33578,https://cortland.com/apartments/winthrop-west/
290338,The Arthur,21 Washington Ave,Carteret,NJ,7008,https://arthurcarteret.com/
277728,Residences at Lancaster Ridge,2753 Michaelsway Ave,Lancaster,OH,43130,https://www.lancasterridge.com/
63732,HighLine,13201 Legendary Dr,Austin,TX,78727,http://www.highlineaustin.com
239341,The Union,532 Union St,Oakland,CA,94607,https://theunionapts.com/
267958,Pinnacle,7 New York Ave NE,Washington,DC,20002,https://pinnaclenomaapartments.com/
9791,Alta Vista,700 18th St,Plano,TX,75074,https://thealtavistaapts.com/
41556,Steeplechase on Maple,14949 Manderson Plaza,Omaha,NE,68116,https://www.steeplechase-apartments.com/
269130,The Watts,7235 Hwy 431 S,Huntsville,AL,35763,https://www.livethewatts.com/
68318,Broadway,3093 Broadway,Oakland,CA,94611,https://www.livethebroadway.com/
78508,Westpark Townhomes,1225 W Park Way,Indianapolis,IN,46214,https://westparklife.com/
269966,Inspire Missouri City,9944 Hwy 6,Missouri City,TX,77459,https://www.inspiremissouricity.com/
70742,1900 Pacific Residences,1900 Pacific Ave,Dallas,TX,75201,https://www.1900pacific.com/
36377,Ambrose,2901 Indiana St,Dallas,TX,75226,https://www.ambroseliving.com/
263325,Madison Wakefield,11100 Madison Elm Ln,Raleigh,NC,27614,https://livemadisonwakefield.com/
36168,Bennington Hills,340 Bennington Hills Ct,West Henrietta,NY,14586,http://www.benningtonhillsapartments.com/amenities.html
36137,The Preserve at the Meadows,350 Riva Ridge Dr,Fort Collins,CO,80526,https://www.preserveatthemeadowsapts.com/the-preserve-at-the-meadows-fort-collins-co/contact
23714,Carleton East,9747-A Good Luck Rd,Seabrook,MD,20706,http://carletoneastapartments.com/
241655,Encore Skyline,2001 S Hudson Ave,Boise,ID,83705,https://encoreskyline.com/
223923,88 Hillside Apartments I,88 Hillside Blvd,Daly City,CA,94014,https://88hillside.com/
258778,The Metropolitan,92 Millburn Ave,Springfield,NJ,7081,https://rentthemetropolitannj.com/
270768,The Centaur,21200 Brookpark Rd,Fairview Park,OH,44126,https://livecentaur.com/
39961,88 Leonard Street,88 Leonard St,New York,NY,10013,http://www.88leonard.com
290566,Lookout View Townhomes,1230 Oreo Dr,Chattanooga,TN,37410,https://lookoutviewtownhomes.com/?switch_cls[id]=60727
259505,FarmHouse,635 Lyons Farm Pkwy,Murfreesboro,TN,37127,https://www.farmhouseapts.com/
64360,Kinects Tower,1823 Minor Ave,Seattle,WA,98101,http://www.kinectstower.com
294795,Emerson 2537,2537 Emerson Ave S,Minneapolis,MN,55405,https://krcapartments.com/property-detail/?propid=632&propname=2537%20Emerson
294493,Ashland,657 Ashland Ave,St Paul,MN,55104,https://krcapartments.com/property-detail/?propid=587&propname=Ashland%20Apartments
232992,The Paddock Club at Providence,685 Providence Main St NW,Huntsville,AL,35806,https://www.maac.com/alabama/huntsville/the-paddock-club-at-providence/
7313,MAA Heathrow,1122 Greenstone Blvd,Heathrow,FL,32746,https://www.maac.com/florida/orlando/maa-heathrow/?utm_medium=local%20listing&utm_source=google&utm_campaign=gmb&utm_content=website
6194,MAA Rocky Point,3101 N Rocky Point Dr E,Tampa,FL,33607,https://www.maac.com/florida/tampa/maa-rocky-point/
37391,MAA Lowes Farm,1400 N State Hwy 360,Mansfield,TX,76063,https://www.maac.com/texas/dallas/maa-lowes-farm
226997,MAA River's Walk II,301 Seaport Ln,Mount Pleasant,SC,29464,https://www.maac.com/south-carolina/charleston/maa-rivers-walk/
38765,MAA Enclave,710 E 7th St,Charlotte,NC,28202,https://www.maac.com/north-carolina/charlotte/maa-enclave/
268538,Alexan Cathedral Arts,5088 Ross Ave,Dallas,TX,75206,https://alexancathedralartsapartments.com/
38540,MAA Ashton Oaks,300 S A.W. Grimes Blvd,Round Rock,TX,78664,https://www.maac.com/texas/austin/maa-ashton-oaks/
7732,MAA Sunset Valley,5800 Brodie Ln,Austin,TX,78745,https://www.maac.com/texas/austin/maa-sunset-valley/
7305,Colonial Village at Trussville,90 Meadows Dr,Birmingham,AL,35235,https://www.maac.com/alabama/birmingham/colonial-village-at-trussville/
16583,MAA National Landing,1201 S Joyce St,Arlington,VA,22202,https://www.maac.com/virginia/dc-metro/maa-national-landing/
36143,MAA Beaver Creek,1000 Creekside Hills Dr,Apex,NC,27502,https://www.maac.com/north-carolina/raleigh-cary/maa-beaver-creek/
60179,MAA Wilmington Island,909 Penn Waller Rd,Savannah,GA,31410,https://www.maac.com/georgia/savannah/maa-wilmington-island/
34521,MAA Las Colinas,350 E Las Colinas Blvd,Irving,TX,75039,https://www.maac.com/texas/dallas/maa-las-colinas/
3187,MAA Peachtree Hills,350 Peachtree Hills Ave NE,Atlanta,GA,30305,https://www.maac.com/georgia/atlanta/maa-peachtree-hills/
54580,Post 510,510 Richmond Ave,Houston,TX,77006,http://www.maac.com/texas/houston/post-510/
3167,MAA Chastain,4090 Roswell Rd NE,Atlanta,GA,30342,https://www.maac.com/georgia/atlanta/maa-chastain
54550,MAA West Village,4600 W Village Pl,Smyrna,GA,30080,https://www.maac.com/georgia/atlanta/maa-west-village/
12525,MAA Boulder Ridge,1515 Cannon Pkwy,Roanoke,TX,76262,https://www.maac.com/texas/dallas/maa-boulder-ridge/
12887,MAA Barton Creek,2001 S MoPac Expy,Austin,TX,78746,https://www.maac.com/texas/austin/maa-barton-creek/
676,Pavilion Place,2801 Pavilion Pl,Midlothian,VA,23112,https://www.maac.com/virginia/richmond/colonial-village-at-waterford/
52140,MAA Wade Park,5443 Wade Park Blvd,Raleigh,NC,27607,https://www.maac.com/north-carolina/raleigh-cary/maa-wade-park/
27941,MAA Twin Lakes,11500 Myrtlewood Dr,Sanford,FL,32771,https://www.maac.com/florida/orlando/maa-twin-lakes/
11992,MAA Worthington,2808 McKinney Ave,Dallas,TX,75204,https://www.maac.com/texas/dallas/maa-worthington/
37474,MAA Onion Creek,1901 Onion Creek Pkwy,Austin,TX,78748,https://www.maac.com/texas/austin/maa-onion-creek
22765,MAA Parkside,431 E Central Blvd,Orlando,FL,32801,https://www.maac.com/florida/orlando/maa-parkside/
14596,Portola South Mountain,7611 S 36th St,Phoenix,AZ,85042,https://www.portolasouthmountain.com/
23549,Landmark,6303 Indian School Rd NE,Albuquerque,NM,87110,https://www.thelandmark-apartments.com/
68991,The Reserve At Water Tower Village,7937 W 54th Ave,Arvada,CO,80002,https://www.thereserveatwatertowervillage.com/
255737,Vanguard,225 S 6th St,Boise,ID,83702,https://www.vanguardboise.com/
26194,Ventana Palms,7021 W McDowell Rd,Phoenix,AZ,85035,http://www.ventanapalmsapartments.com/
19940,Portola Biltmore,2323 E Flower St,Phoenix,AZ,85016,https://www.portolabiltmore.com/
224788,Progress Terrace,12230 SW Horizon Blvd,Beaverton,OR,97007,https://www.liveatprogressterrace.com/
54769,Emerson Park Apartment Homes,1701 E Don Carlos Ave,Tempe,AZ,85281,https://www.emersonparkapartmenthomes.com/
13305,Portola Redlands,1250 N University St,Redlands,CA,92374,https://www.portolaredlands.com/
27999,Echo Pointe,4300 Echo Ct,La Mesa,CA,91941,https://www.liveatechopointe.com/
28391,Hill Country Villas,9032 Dugas Rd,San Antonio,TX,78251,http://www.hillcountryvillasapartments.com/
14336,Mountain View Casitas,1130 E Grovers Ave,Phoenix,AZ,85022,https://www.mountainviewcasitas.com/
246962,Portola Bridge Creek,9211 NE 15th Ave,Vancouver,WA,98665,http://www.bridgecreekapthomes.com/
3535,Aspire Thunderbird,5150 W Eugie Ave,Glendale,AZ,85304,https://www.aspirethunderbird.com/
3379,Atwater Cove,425 Merrimac Way,Costa Mesa,CA,92626,https://www.atwatercove.com/
30723,Mountain Ridge,2605 Verde Dr,Colorado Springs,CO,80910,http://www.mountainridge-apts.com/
217956,Cedar Falls Apartments,385 NW Lost Springs Terrace,Portland,OR,97229,https://www.liveatcedarfalls.com/
225934,KD Place,1601 E Katie Ave,Las Vegas,NV,89119,https://www.kdplaceapartmentslv.com/
269136,Coventry Townhomes,2323 S 800 W,Woods Cross,UT,84087,https://www.liveatcoventry.com/?_yTrackUser=MTI0NDc2MzY0OSMxMjE3MjEzNDA2-%2foPyM8O4Dko%3d&_yTrackVisit=MjIwNjgxNzA3NSMxNTk0MTk2MTgz-rdkjryyrv%2fE%3d&_yTrackReqDT=35491920210707
32793,The Reserve,1930 Ridge Ave,Evanston,IL,60201,www.reserveatevanston.com
27597,Shadow Hills At Lone Mountain,3501 Shady Timber St,Las Vegas,NV,89129,https://www.mark-taylor.com/apartments/nv/las-vegas/shadow-hills/
14155,Waterside at Ocotillo,4800 S Alma School Rd,Chandler,AZ,85248,https://www.mark-taylor.com/apartments/az/chandler/waterside-at-ocotillo/
32996,TGM Ridge,10901 Wild Ginger Cir,Manassas,VA,20109,https://tgmridge.com/
9133,Lane at Towne Crossing,4035 Towne Crossing Blvd,Mesquite,TX,75150,https://www.hgliving.com/apartments/tx/mesquite/lane-at-towne-crossing/?utm_knock=g
48769,Spring Gate,1500 Springate Dr,Panama City,FL,32404,https://www.hgliving.com/apartments/fl/panama-city/spring-gate/#/
78593,Estes Park,306 Estes Dr Ext,Carrboro,NC,27510,http://www.gscapts.com/apartments/Carrboro_NC/zip_27510/gsc/4510
78785,The Veridian Residences,70 Constitution Ave,Portsmouth,NH,3801,http://veridianresidences.com/
77880,Verde at Greenbelt Station,8010 Greenbelt Station Pkwy,Greenbelt,MD,20770,http://www.verdegreenbelt.com/
540,Bridgepoint I,1500 Monument Rd,Jacksonville,FL,32225,https://www.hgliving.com/apartments/fl/jacksonville/bridgepoint/#/
75912,TGM Creekside Village,303 Maple Tree Dr,Glen Burnie,MD,21060,www.tgmcreeksidevillage.com
13193,Woodview at Randolph,33 Highland Glen Dr,Randolph,MA,2368,http://www.woodviewatrandolph.com/
29583,Norcross Crossings,3400 Peachtree Corners Cir,Norcross,GA,30092,https://www.hgliving.com/apartments/ga/peachtree-corners/norcross-crossing/
256183,Edgemere Crossing at Flint Pond,100 Flint Pond Cir,Shrewsbury,MA,1545,https://www.edgemerecrossing.com/
1575,Hampden Heights,8405 E Hampden Ave,Denver,CO,80231,http://www.hampdenheights-apts.com/
54796,Village at Odenton Station,1415 Duckens St,Odenton,MD,21113,http://www.odentonstation.com/
254187,Crosby Hill,517 N Shipley St,Wilmington,DE,19801,https://www.residecrosbyhill.com/
235871,Elmtree Park Apartments,11023 Elmtree Park Dr,Indianapolis,IN,46229,https://www.hgliving.com/apartments/in/indianapolis/elmtree-park/#/
73993,Royal Palms,5711 W Tropicana Ave,Las Vegas,NV,89103,https://gscapts.com/apartments/nevada/royal-palms/
221995,Booker Creek Townhouse Apartments,2525 Booker Creek Rd,Chapel Hill,NC,27514,http://www.gscapts.com/apartments/Chapel_Hill_NC/zip_27514/gsc/4508
262488,Overlook at Franklin Square,8501 Franklin Square Dr,Baltimore,MD,21237,https://www.myoverlook.com/
34303,Duke Manor,311 S Lasalle St,Durham,NC,27705,http://www.gscapts.com/apartments/Durham_NC/zip_27705/gsc/4506
12370,Rockbrook Creek I,2200 Uecker Dr,Lewisville,TX,75067,https://www.hgliving.com/apartments/tx/lewisville/rockbrook-creek/
266,Ridgewood Apartments,3616 Hogans Run Rd,Columbus,OH,43221,http://www.ridgewoodapartmentscolumbus.com/
75314,Village Park at Paladin,101 Clifton Park Cir,Wilmington,DE,19802,https://pettinaro.com/village-park-paladin/
74488,St. Johns Wood,901 St John's Wood Dr N,Richmond,VA,23225,http://www.gscapts.com/apartments/Richmond_VA/zip_23225/gsc/4497
2844,TGM Danada,2 Sterling Cir,Wheaton,IL,60189,www.tgmdanada.com
56935,The Apartments at Charlestown Crossing I,400 W Claiborne Rd,North East,MD,21901,http://www.charlestowncrossingapts.com/
2239,TGM Autumn Woods,9075 Autumn Woods Dr,Indianapolis,IN,46250,http://www.tgmautumnwoods.com
47669,The Canterbury,3440 Olentangy River Rd,Columbus,OH,43202,https://www.harborgroupmanagement.com/apartments/oh/columbus/the-canterbury/
16381,The Royce at Trumbull,100 Avalon Gates,Trumbull,CT,6611,https://www.royceattrumbull.com/
14324,Bridge at Sweetwater,2323 Wells Branch Pkwy,Austin,TX,78728,https://www.bridgeatsweetwater.com/
36900,Reserve at Saratoga,5701 Saratoga Blvd,Corpus Christi,TX,78414,www.TheReserveSaratoga.com
218597,Valley Oak,2300 Oakdale Rd,Modesto,CA,95355,http://www.valleyoakwelcomehome.com/
2196,Hickory Highlands,100 Hickory Highlands Dr,Antioch,TN,37013,https://www.hickoryhighlandsapts.com/
12991,Preserve at Westchase,10615 Meadowglen Ln,Houston,TX,77042,https://www.thepreserveatwestchase.com/
74031,Emerald Pointe,2700 Whitney Ave,Harvey,LA,70058,http://www.liveatemerald.com/
51775,Aspen Meadow,1050 Denzil Dr,Hopkinsville,KY,42240,https://www.aspenmeadowky.com/
11348,Barrett Creek,6525 Glenview Dr,North Richland Hills,TX,76180,https://www.barrettcreekapts.com/
44794,Crowne Polo,875 Crowne Forest Ct,Winston-Salem,NC,27106,http://crownepolo.com/
279251,Pine Ridge,404 Lynn Ct,Cary,NC,27513,https://pineridgeapartmentscary.com/
4358,West Chase Creek,3000 Woodland Park Dr,Houston,TX,77082,www.westchasecreekapts.com
35520,The Bridge at Tech Ridge,12800 Center Lake Dr,Austin,TX,78753,https://www.bridgeattechridge.com/
37143,Village of Cross Creek,7536 Hillcrest Dr,Florence,KY,41042,www.villageofcrosscreek.com
13327,Briar Park,10401 Old Bammel N Houston Rd,Houston,TX,77086,https://www.ariseequity.com/briar-park#contact
11745,316Fry,316 Fry St,Denton,TX,76201,https://www.316fry.com/316-fry-denton-tx/
12743,Riley,8631 Fairhaven St,San Antonio,TX,78229,https://www.myrileyapts.com/
7322,Crowne at Overton Village,2901 Crowne Ridge Dr,Birmingham,AL,35243,https://crowneovertonvillage.com/
232905,Stone Ridge Apartments,3011 E Gore Blvd,Lawton,OK,73501,https://www.stoneridgeoflawton.com/
28591,Newport,3800 Perrin Central Blvd,San Antonio,TX,78217,https://www.newportsanantonio.com/
8544,Haven NRH,4205 Rufe Snow Dr,North Richland Hills,TX,76180,https://www.havennrhapts.com/
7551,Midtown Oaks,3543 Carter Hill Rd,Montgomery,AL,36111,https://www.midtownoaksmontgomery.com/
50160,Costa Azul,3404 9th Ave N,Texas City,TX,77590,https://www.costaazulapts.net/
32097,Clemmons Trace Village,114 Willow Trace Cir,Clemmons,NC,27012,http://www.clemmonstracevillage.com/
285742,Allora Bear Creek,11918 Clay Rd,Houston,TX,77043,https://allorabearcreek.com/
72723,River View Apartments,4034 W Idewild Lp,Coeur d'Alene,ID,83814,https://www.riverviewapts.net/
118367,Novu New Forest,6301 Pale Sage Dr,Houston,TX,77049,https://www.novunewforest.com/
12557,Bridge Pointe Landing,1090 Lang Rd,Portland,TX,78374,https://bridgepointelanding.com/
6997,WestTown,734 S Mesa Hills Dr,El Paso,TX,79912,http://www.westtownapts.com/
65101,1818 Church Apartments,1818 Church St,Nashville,TN,37203,https://www.1818church.com/
48494,Shady Lake Apartments,9250 Shady Lake Dr,Streetsboro,OH,44241,https://livemillennium.com/community/shady-lake-apartments/
48116,Crown Park,900 Crowne Park Dr,Winston-Salem,NC,27106,http://crownepark.com/
46734,Norwood Court,7217 Woodstead Ct,St Louis,MO,63121,https://www.norwoodcourtapartments.com/
39198,Vista De Palmas Apartments,1415 W Freddy Gonzalez Dr,Edinburg,TX,78539,http://www.vistadepalmasapartments.com/
253118,Tamarac Village II,9141 W Commercial Blvd,Tamarac,FL,33351,https://www.tamaracvillage.com/
63482,Sync at Harmony,3530 Discovery Creek Blvd,Spring,TX,77386,http://www.syncatharmony.com/
12880,Rockridge Park,850 Harvest Time Ln,Houston,TX,77060,https://www.villaserenacommunities.com/rockridge-park/
269985,Resia Tributary,1851 Market St,Douglasville,GA,30135,https://www.resiatributary.com/
266574,Mission on Ascension,2501 Ascension Blvd,Arlington,TX,76006,https://www.missiononascension.com/
12989,Grand at Westchase,10881 Richmond Ave.,Houston,TX,77042,https://www.thegrandatwestchase.com/
44925,Crowne Oaks,1000 Crowne Oaks Cir,Winston-Salem,NC,27106,www.crowneoaks.com
43692,Shadow Bay,1700 Baywood Dr,Bay City,TX,77414,https://www.villaserenacommunities.com/shadow-bay
11307,Creek on Park Place,2001 Park Pl Blvd,Bedford,TX,76021,https://www.liveatcreekonparkplace.com/
1312,Knoll Crest,5700 N Knoll,San Antonio,TX,78240,https://knollcrestsa.com/
268059,Village at Paseo de Luces,9802 W Van Buren St,Tolleson,AZ,85353,https://www.villagepaseodeluces.com/
7726,Sync at Vinings,2158 Cumberland Pkwy SE,Atlanta,GA,30339,https://www.syncatvinings.com/
25166,Triangle Park,5011 S Alston Ave,Durham,NC,27713,https://www.triangleparkapts.com/
16072,Park at Walker's Landing,811 Cloyd Dr,Magnolia,TX,77355,https://www.ariseequity.com/park-at-walkers-landing#neighborhood
247337,Aspire Kenwood,4751 Aspire Blvd,Cincinnati,OH,45236,https://aspirekenwood.com/
65356,The Quaye at Wellington,1090 Quaye Lake Cir,Wellington,FL,33411,http://www.quayewellington.com/
58341,Heritage Park,1818 Evergreen Park Dr SW,Olympia,WA,98502,http://heritageparkolympia.com/
42167,Westcreek,5275 W 7th St,Reno,NV,89523,https://www.westcreekapartmentsreno.com/
64618,70 Pine,70 Pine St,New York,NY,10005,http://www.70pine.com/
25372,Terraza La Jolla,5165 Luigi Terrace,San Diego,CA,92122,https://www.elanterrazalajolla.com/
250342,Station House,16550 NE 79th St,Redmond,WA,98052,https://www.stationhouseredmond.com/
74193,Summerhill Terrace,15267 Hesperian Blvd,San Leandro,CA,94578,https://www.summerhillterraceaptliving.com/
30367,The Rosewood,6208 NE 17th Ave,Vancouver,WA,98665,https://www.therosewoodapts.com/
78373,Fenway Apartments,7112 Fenway Dr,Westminster,CA,92683,https://www.allenproperties.net/fenway-apartments-westminster-ca/
276351,The Parkline,4250 Oregon St,San Diego,CA,92104,https://www.parkline.live/
23145,Shadow Glen,808 Fort Stockton Dr,San Diego,CA,92103,https://www.liveatshadowglen.com/
46342,The Huntington,173 E Mallard Dr,Boise,ID,83706,http://www.thehuntingtonapartments.com/
16953,Serrano Highlands,25421 Alta Loma,Lake Forest,CA,92630,https://www.serranohighlandsapts.com/
37760,Copper Creek,6430 Verner Ave,Sacramento,CA,95841,https://www.livingatcoppercreek.com/
262799,220 East 72nd,220 E 72nd St,New York,NY,10021,https://www.dermotcompany.com/building/220-east-72nd-street#availability
62178,Bungalows,9755 Silver Sky Pkwy,Reno,NV,89506,https://thebungalowsatskyvista.com/
1165,Tustin View,2002 & 2010 N Ponderosa St,Santa Ana,CA,92705,https://www.allenproperties.net/tustin-view-santa-ana-ca/
37577,Siena Villas,9130 Nolan St,Elk Grove,CA,95758,https://www.sienavillaapartment.com/
41937,Row Townhomes,4249 129th Pl SE,Bellevue,WA,98006,http://therowtownhomes.com/
290807,Meri Palm Bay,1880 Mogra Cir NE,Palm Bay,FL,32905,https://www.meripalmbay.com/
7744,Ascent Apartment Homes,1151 E 6720 S,Cottonwood Heights,UT,84121,https://www.ascentapthomesut.com/
49528,Stonebridge,1601 W Fox Park Dr,West Jordan,UT,84088,www.stonebridgeapt.com
27161,Huntington Gardens,4901 Heil Ave,Huntington Beach,CA,92649,https://www.allenproperties.net/huntington-gardens-huntington-beach-ca/
41973,Rosewood Park,4500 Mira Loma Dr,Reno,NV,89502,http://www.rosewoodparkreno.com/
57918,Chandler,6767 W Windmill Ln,Las Vegas,NV,89139,http://www.chandlerapthomes.com/
55194,Village,3661 River Rd N,Keizer,OR,97303,https://www.thevillagekeizer.com/
17161,Monterey Villas,7000 La Praix St,Highland,CA,92346,https://www.allenproperties.net/monterey-villas-highland-ca/
15361,Hidden Springs,5220 Pearblossom Dr,Riverside,CA,92507,https://www.allenproperties.net/hidden-springs-riverside-ca/floorplans
23306,Villas Willow Glen,850 Meridian Way,San Jose,CA,95126,www.villaswillowglen.com
16101,Park Place Townhomes,1005 S Gilbert St,Hemet,CA,92543,https://www.allenproperties.net/parkplacetownhomes-hemet-ca
261648,The Larson,3706 Larson Ln W,University Place,WA,98466,https://www.larsonapts.com/
65138,The Thornton,1953 NW Overton St,Portland,OR,97209,https://www.thethorntonpdx.com/
17541,Greentree Gardens,2618 Flint Way,San Bernardino,CA,92408,https://www.allenproperties.net/greentree-gardens-san-bernardino-ca/
65134,Garnet Creek,5002 Jewel St,Rocklin,CA,95677,http://www.garnetcreekapts.com/
28359,Clubs at Rhodes Ranch,8975 W Warm Springs Rd,Las Vegas,NV,89148,https://www.theclubsapt.com/
52967,Seville at Mace Ranch,4501 Alhambra Dr,Davis,CA,95618,http://www.liveattheseville.com/
36198,Lion's Gate,10101 Northeast Ave,Philadelphia,PA,19116,https://galmangroup.com/property/lions-gate-apartments/
37967,Exeter Village,200 Eastwick Dr,Reading,PA,19606,https://galmangroup.com/property/exeter-village/
274291,The Flats at Jenkintown,1300 Greenwood Ave,Jenkintown,PA,19046,https://galmangroup.com/property/the-flats-at-pavilion-town-center/
73649,Lehigh Flats,650 Lehigh Rd,Newark,DE,19711,https://galmangroup.com/property/lehigh-flats/
284832,Hampton Gardens,13451 Philmont Ave,Philadelphia,PA,19116,https://galmangroup.com/property/hampton-gardens/
37375,Fox Hunt,2095 Valley Greene Dr,Kettering,OH,45440,https://princetonmanagement.com/communities/fox-hunt-apartments/
222122,Lincoln Meadows,3482 4th Ave E,Dickinson,ND,58601,https://princetonmanagement.com/communities/lincoln-meadows-apartments/
21976,Century Square Townhomes,22459 Century Dr,Taylor,MI,48180,https://princetonmanagement.com/communities/century-square-townhomes/
232583,Custer Crossing Apartments,1763 Carroll St,Dickinson,ND,58601,https://princetonmanagement.com/communities/custer-crossing-apartments/
52541,Woodbridge Manor,517 E Edgewood Blvd,Lansing,MI,48911,https://princetonmanagement.com/communities/woodbridge-manor-apartments/
53567,Trafalgar Square Apartments,33210 Trafalgar Square,Westland,MI,48186,https://princetonmanagement.com/communities/trafalgar-square-apartments/
22962,Fox Lane,45600 Fox Ln W,Shelby Township,MI,48317,https://princetonmanagement.com/communities/fox-lane-apartments/
63766,Madrone II,111 N Rengstorff Ave,Mountain View,CA,94043,https://prometheusapartments.com/ca/mountain-view-apartments/madrone
36536,Icon at Park,1401 Park Ave,Emeryville,CA,94608,https://prometheusapartments.com/ca/emeryville-apartments/icon-at-park
78093,Highland at Spring Hill,151 Du Rhu Dr,Mobile,AL,36608,http://highlandatspringhill.com/
269570,Trinity Highline,1101 Gounah St,Fort Worth,TX,76102,https://www.trinityhighline.com/
268381,Gathyr Apartments,1117 E Market St,Indianapolis,IN,46202,https://www.gathyrapts.com/
68703,Waterford Trails,21201 Emerald Mist Pkwy,Spring,TX,77379,https://www.alapts.com/apartments/tx/spring/waterford-trails/
71775,Wilkeswood,9d Princeton Ct,Wilkes-Barre,PA,18702,https://www.liveatwilkeswood.com/
18194,Parke Place Townhomes,44 New Zealand Rd,Seabrook,NH,3874,https://www.forestproperties.net/property/availabilities/parke-place-village
86794,Haven,11924 Washington Blvd,Culver City,CA,90230,https://www.havenculver.com/
251987,The Edge,3833 Manson Pike,Murfreesboro,TN,37129,https://www.alapts.com/apartments/tn/murfreesboro/the-edge/
61459,Oak Street Townhomes,417 15th Ave SE,St Cloud,MN,56304,http://www.thiestalle.com/properties/oakstreet-st-cloud.html
37793,Minikahda Court Apartments,3504 Minikahda Ct,St Louis Park,MN,55416,http://www.myminikahdahome.com
26315,Bass Lake Crossing,5601 Quebec Ave N,New Hope,MN,55428,https://www.basslakecrossingmn.com/
252987,The Winston,222 West Blvd,Charlotte,NC,28203,https://thewinstonclt.com/
24332,Parkway Green,2501 Medallion Dr,Union City,CA,94587,https://www.parkwaygreenapts.com/
46313,Crescent Park Commons,401 Elizabeth Sarah Blvd,Greer,SC,29650,https://www.southwoodrealty.com/community/crescent-park-commons/
227791,Delwyn,20 St Asaphs Rd,Bala Cynwyd,PA,19004,https://delwynapartments.com/
19245,Tenzen,4117 124th Ave SE,Bellevue,WA,98006,http://www.tenzenapartments.com/
273116,Reserve at River Place,5530 Ambassador Caffery Pkwy,Youngsville,LA,70592,https://www.reserveatriverplace.com/
237520,81 Arch,81 Arch St,Hartford,CT,6103,https://81arch.com/
284736,Edgewood,3404 Queen Dr SW,Cedar Rapids,IA,52404,https://www.edgewood-cedarrapids.com/
33981,Village at Brookline,77 Village Way,Brookline,MA,2445,https://www.liveinbrookline.com/
263957,The Pointe on Westshore,4950 W Prescott St,Tampa,FL,33616,https://www.thepointeonwestshore.com/
61569,Thalia Gardens Apartments and Townhomes,4129 Inverness Rd,Virginia Beach,VA,23452,http://www.thaliagardensapts.com/
17991,Provence at Valencia,28160 McBean Pkwy,Valencia,CA,91354,https://www.provenceatvalencia.com/
236966,The Dorsey,286 NW 29th St,Miami,FL,33127,https://dorseywynwood.com/
40123,Watersedge,1799 FM 528 Rd,Webster,TX,77598,https://www.lifeatwatersedge.com/
8654,Riverfalls at Bellmar,10570 Stone Canyon Rd,Dallas,TX,75230,https://www.riverfallsdallas.com/
52347,Aspen Court,2800 New Brunswick Ave,Piscataway,NJ,8854,www.liveaspencourt.com
12781,The Fuse at Park Row,14220 Park Row,Houston,TX,77084,https://www.thefuseatparkrow.com/
286995,Kodiak LeGrande,668 La Grande Dr,Sunnyvale,CA,94087,http://www.kodiak-legrande.com/
14174,Reserve at Lenox Park,1200 Reserve Dr NE,Atlanta,GA,30319,www.reserveatlenoxpark.net
25586,Huntington Continental,17101 Springdale St,Huntington Beach,CA,92649,https://www.lyonliving.com/huntington-beach-california/huntington-continental
225389,Evergreen at River Oaks I,4650 Nelson Rd,Lake Charles,LA,70605,https://www.evergreenatriveroaks.com/
282797,Silver Falls,914 Creekside Dr,Longview,TX,75604,https://livesilverfalls.com/
285397,Vistas Palmetto Bay,18300 SW 98th Ave,Palmetto Bay,FL,33157,https://www.vistaspalmettobay.com/
28797,Meadow Wood,3205 Northwood Dr.,Concord,CA,94520,https://www.rentmeadowwoodapts.com/
51117,The Henry,200 Foxgate Ave,Hattiesburg,MS,39402,https://fosheeresidential.com/communities/the-henry/
60372,Chelsea,4630 Collier St,Beaumont,TX,77706,https://www.thechelseaapartments.com
62275,Villas of Chapel Creek,5775 Parkwood Blvd,Frisco,TX,75034,https://villasofchapelcreek.com/
67392,E6,2400 E 6th St,Austin,TX,78702,https://www.livee6.com/
14374,The Vineyards,11 Sheffield Pl,Cartersville,GA,30121,https://www.vineyardscartersville.com/
282340,The Bend at Gretna,111 E Westplains Rd,Gretna,NE,68028,https://www.thebendatgretna.com/
218584,Springs at Hamburg,2151 Meeting St,Lexington,KY,40509,https://www.springsapartments.com/apartments/ky/lexington/springs-at-hamburg/
285187,Park Cheesman,1177 Race St,Denver,CO,80206,https://www.parkcheesman.com/
253755,The Residences at Sawmill Station,6701 Dempster St,Morton Grove,IL,60053,https://www.residencesatsawmillstation.com/
259784,Reflection Pointe,4720 Ardmore Dr,Ooltewah,TN,37363,https://www.southwoodrealty.com/community/reflection-pointe-tn/
21996,Marsh Creek Village,25010 Marsh Creek Blvd,Woodhaven,MI,48183,https://www.marshcreekresidential.com/home.aspx
67124,The Garfield,1965 E 6th St,Cleveland,OH,44114,http://thegarfield.com/
57787,Blu Atlantic Delray Beach,5550 Nepsa Way,Delray Beach,FL,33484,http://www.livebluatlantic.com
7754,Cary Greens at Preston,2500 Grove Club Ln,Cary,NC,27513,http://carygreens.com/
256989,PURE St Peters,2100 Pure St,St Peters,MO,63376,https://www.purestpeters.com/
21367,4001 Midtown,4001 Fannin St,Houston,TX,77004,https://www.live4001midtown.com/
16973,Cambridge On Devonshire,18013 Devonshire St,Northridge,CA,91325,http://www.cambridgeondevonshireapartments.com/
37075,Spring Lake,1000 Spring Lake Blvd,Byram,MS,39272,http://www.livelifeatspringlake.com/
261349,Broadstone Centennial,2 City Pl,Nashville,TN,37209,https://broadstonecentennial.com/
57581,Parma Park East & West,2705 Snow Rd,Parma,OH,44134,https://www.parmapark.com/
287001,Park Terrace,865 Pomeroy Ave,Santa Clara,CA,95051,https://park-terrace-apts.com/
267550,The Chloe Leander,348 Main St,Leander,TX,78641,https://thechloeleander.com/
65566,Bridge Park,6741 Longshore St,Dublin,OH,43017,http://www.bridgeparkliving.com/
51777,Woodfield Heights,120 Cambridge Ave,Waukesha,WI,53188,https://www.woodfieldheightsapts.com/
2367,Bellaire Oak Ridge,11200 Perrin Beitel,San Antonio,TX,78217,https://www.oakridgesanantonio.com/
234956,Nove at Knox,3031 Oliver St,Dallas,TX,75205,https://noveatknox.com/
229949,Indie Westside,3740 Keystone Av,Los Angeles,CA,90034,https://www.indiewestside.com/
71747,The Atlas,5657 West Barn Road,Herriman,UT,84096,http://www.copperwoodut.com/
68553,Traditions at Westmoore,12205 S Western Ave,Oklahoma City,OK,73170,https://www.traditionswestmoore.com/
68584,Springs at West Chester,9050 West Chester Blvd,West Chester,OH,45069,https://www.springsapartments.com/apartments/oh/west-chester/springs-at-west-chester/
30472,Beach,2525 Tingley Dr SW,Albuquerque,NM,87104,https://www.thebeachapts.com/
253165,Alcott,2424 Alcott St,Denver,CO,80211,https://www.alcottdenver.com/
282594,Timbercreek,1015 Glendale Dr,Greensboro,NC,27406,https://www.livewithtimbercreek.com/
299791,L‚ÄôAttitude27 Riverview,8683 Holly Grove Ct,Riverview,FL,33578,https://lattitude27riverview.com/
269029,The Plaza at Canoga Park,21031 Parthenia St,Los Angeles,CA,91304,https://www.plazacanogapark.com/?utm_source=gmb&utm_medium=organic&utm_campaign=postengine&utm_content=primary&utm_knock=g
251974,Domain at Founders Parc,880 W Euless Blvd,Euless,TX,76040,https://www.domainatfoundersparc.com/
251492,The Elysian,65 Sentosa Dr,St Johns,FL,32259,https://www.alapts.com/apartments/fl/st-johns/the-elysian/?utm_source=GMB&utm_medium=organic
11743,Arbor Park,503 Brown Trail,Hurst,TX,76053,https://www.livearborparkapts.com/
13072,Boynton Place,10492 Boynton Pl,Boynton Beach,FL,33437,https://www.robbinspropertyllc.com/apartments/fl/boynton-beach/boynton-place-apartments/
25063,Highgrove at Big Bend,747 Westbrooke Village Dr,Manchester,MO,63021,https://www.highgroveatbigbend.com
73918,Trellis,2120 SW 352nd St,Federal Way,WA,98023,https://trellisapartments.com/
230593,Town Center at Berry Farms I,6001 Hughes Crossing,Franklin,TN,37064,https://towncenteratberryfarms.com/
251167,Metro at Fireclay II,4358 S Main St,Murray,UT,84107,http://www.metroatfireclay.com/
36777,Huntington Woods,701 S Friendswood Dr,Friendswood,TX,77546,www.HuntingtonWoodsapts.com
62381,Flats at 44,44 Gerrish Ave,Chelsea,MA,2150,http://flatsat44.com/
257905,Cypress Lofts,4901 Knollwood Rd,Sherman,TX,75092,https://cypresslofts.com/
40779,Graystone,4213 Court Royale,Schenectady,NY,12304,https://www.burnsmgmt.com/community/graystone-apartments/
9407,The Leighton Apartments,1717 Independence Pkwy,Plano,TX,75075,https://www.theleightonapartments.com/
5778,Centerpointe Greens,8600 18th Ave W,Everett,WA,98204,http://www.centrepointegreensliving.com/
17993,Canyon Village,6949 Laurel Canyon Blvd,North Hollywood,CA,91605,http://www.canyonvillageapartments.com/
15538,Acadia,19900 Broad Vista Terrace,Ashburn,VA,20147,https://www.acadiabysdk.com/
274232,River Oaks Landing,68 Shumard Wy,Garner,NC,27529,https://liveriveroakslanding.com/
29592,Elliott Pointe,2226 Elliott Ave,Seattle,WA,98121,http://www.elliottpointeapts.com
226967,Central Park Apartments,11 Fir St,Park Forest,IL,60466,https://www.aptscentralpark.com/
260988,Aspire at Redwood,6755 W Arby Ave,Las Vegas,NV,89118,https://lasvegasliving.com/properties/aspire-at-redwood/
11961,Fairways at Prestonwood,5769 Belt Line Rd,Dallas,TX,75254,http://www.fairway-living.com
4554,Park at Canyon Ridge,9767 E Colorado Ave,Aurora,CO,80247,https://www.parkatcanyonridge.com/
220367,The Huntington at King Farm,801 Elmcroft Blvd,Rockville,MD,20850,www.huntingtonkingfarm.com
61143,Maple at Med Center,5522 Maple Ave,Dallas,TX,75235,https://www.mapleatmedcenter.com/
78791,The Watson,116 E Howard St,Quincy,MA,2169,https://www.thewatsonquincy.com/the-watson-quincy-ma/
281338,New Orleans,212 N G St,Tacoma,WA,98403,https://www.theneworleansapts.com/
11327,Plano Park Townhomes,2253 Ashley Park Dr,Plano,TX,75074,https://www.planoparktownhomes.com/
55938,The Oaks at Techridge,14000 The Lakes Blvd,Pflugerville,TX,78660,https://www.theoaksattechridge.com/
68375,Haven at Highland Knolls,20801 Highland Knolls Dr,Katy,TX,77450,http://www.havenhighlandknolls.com/
253646,Tapestry Westland Village,6505 Collins Rd,Jacksonville,FL,32244,https://www.alapts.com/apartments/fl/jacksonville/tapestry-westland-village/
16540,The Grammercy,9600 E Girard Ave,Denver,CO,80231,https://livegrammercy.com/
53970,Colonial Plaza,215 Sand Beach Blvd,Shreveport,LA,71105,https://colonialplazaulc.com/
260310,Teak,3215 S Westbrooke Ln,Sioux Falls,SD,57106,https://www.teaksiouxfalls.com/
14963,The Carson,3700 McCann Rd,Longview,TX,75605,https://www.thecarsonlongview.com/
41998,Overbrook,5901 John F Kennedy Blvd,North Little Rock,AR,72116,http://www.overbrookapthome.com/
14772,Preserve at Legacy Park,900 Legacy Park Dr,Lawrenceville,GA,30043,https://www.preserveatlegacypark.com/
274971,Bordeaux,2901 Brahma Blvd,Kingsville,TX,78363,https://www.bordeauxapts.com/
62144,South Ridge,823 S Church St,Greenville,SC,29601,http://www.southridgeliving.com/
68537,SYMBOL Scotts Addition,1814 Highpoint Ave,Richmond,VA,23230,http://symbolrva.com/
49953,Berrington Village,1 Overton Way,Asheville,NC,28803,www.berrington-apts.com/
1971,Park West End,5300 Glenside Dr,Richmond,VA,23228,https://www.parkwestend.com/
28358,The Sagewood,14325 Plantation Park Blvd,Charlotte,NC,28277,https://thesagewoodapartments.com/
298932,Genesee Pointe,1000 E Genesee Pointe Dr,West Henrietta,NY,14586,https://geneseepointe.com/
48075,Edgefield,5699 Craneybrook Ln,Portsmouth,VA,23703,https://www.edgefieldaptsva.com/
51123,Oak Hill Apartments,22 Strayhorn Wy,Pittsburgh,PA,15213,http://www.oakhillapts.com/
245962,Beacon Station,1480 Wrightsboro Rd,Augusta,GA,30901,https://www.beaconstationaugusta.com/
69368,Creekview,700 S FM 1417,Sherman,TX,75092,https://www.creekviewapthomes.com/
14295,Timber Ridge Apartment Homes,1025 Adams Cir,Boulder,CO,80303,www.myboulderapartment.com
258343,Keystone on 8th,1261 8th St,West Des Moines,IA,50265,https://www.keystoneon8th.com/
94396,The Otis at Fort Ben,9310 Otis Ave,Indianapolis,IN,46216,https://www.theotisfortben.com/
51998,Thousand Oaks,6900 Sumner St,The Colony,TX,75056,http://toapts.com/
60764,Adeline at White Oak,200 Wickerleaf Way,Garner,NC,27529,http://www.adeline-apts.com/
63958,Commonwealth at York,100 Legacy Wy,Yorktown,VA,23693,http://www.thecommonwealthapts.com/apartments-for-rent-in-newport-news-virginia/
263745,Mark on Conquest II,2050 Conquest Blvd,Waxahachie,TX,75167,https://themarkonconquest.com/
16172,Towne Crest,17500 Towne Crest Dr,Gaithersburg,MD,20877,http://www.townecrest.com/
24577,Magnolia Crossing,2824 S Burnside Ave,Gonzales,LA,70737,https://www.liveatmagnoliacrossingapts.com/
269984,Flats at Market Street,4903 Market St,Wilmington,NC,28405,https://www.flatsatmarketstreet.com/
67154,Southern Pine Apartments,2520 Allie Nicole Cir,Virginia Beach,VA,23456,www.southernpineapts.com
75366,Huntington Park,7019 Crowder Blvd,New Orleans,LA,70127,https://www.thehuntingtonparkapts.com/
255949,Magnolia South,1000 Sweet Almond Dr,Holly Springs,NC,27540,https://www.southwoodrealty.com/community/magnolia-south/
36295,Featherstone Village Apartments,4916 Old Page Rd,Durham,NC,27703,http://www.featherstone-apts.com/
50158,Gates of Oakwood,294 Wright Ave,Terrytown,LA,70056,www.liveatgatesofoakwood.com
254140,J Creekside at Exton,360 Creamery Way,Exton,PA,19341,https://www.jcreeksideatexton.com/
55354,Palisades at Paris Mountain,101 Enclave Paris Dr,Greenville,SC,29609,https://www.southwoodrealty.com/community/palisades-at-paris-mountain/
223329,Washington Village,4211 W Potomac Dr,Greenfield,IN,46140,https://www.washingtonvillageliving.com/
44154,Wyncroft Hill,12235 S Black Bob Rd,Olathe,KS,66062,www.wyncrofthill.com
258370,Broadstone SoBro,800 4th Ave S,Nashville,TN,37210,https://broadstonesobro.com/
7770,Twelve 100 Apartments,12100 Metric Blvd,Austin,TX,78758,https://www.twelve100.com/
35395,Stonebridge at the Ranch,1 Stonebridge Cir,Little Rock,AR,72223,https://www.stonebridgeattheranch.com/
78947,Milwaukee Fortress,1726 N 1st St,Milwaukee,WI,53212,https://milwaukeefortress.com/apts/
51540,The Point at West Chester,890 S Matlack St,West Chester,PA,19382,http://www.thepointeatwestchester.com/
265143,The Point at Kingston,1 Kingston Collection Way,Kingston,MA,2364,https://www.thepointatkingston.com/
236188,Monticello Lee,620 Jefferson St,Alexandria,VA,22314,https://monticellolee.com/
6377,The Lodge at 1550,1550 Katy Flewellen Rd,Katy,TX,77494,https://www.lodgeat1550.com/
23760,Ashton Glen,8850 Golden Oak Dr,Manassas,VA,20109,http://www.ashtonglen.com/
270367,Boulevard 45,4540 Helm Dr,Virginia Beach,VA,23452,https://blvd45apts.com/
298756,Prose Murphy Creek,23501 E Colorado Pl,Aurora,CO,80018,https://prosemurphycreek.com/
25781,Mayflower,205 34th St,Virginia Beach,VA,23451,https://www.iliveonthebeach.com/
14939,The Maya,1946 NE Interstate 410 Loop,San Antonio,TX,78217,https://www.livethemaya.com/
48389,Village Gate Apartments,3311 Turtle Point Dr,Fayetteville,NC,28304,http://www.villagegatenc.com/
38775,Sabal Palms,100 Lochaven Dr,Charleston,SC,29414,https://www.southwoodrealty.com/community/sabal-palms-apartment-homes/
71962,Towne House,151 Sea St,Quincy,MA,2169,https://www.townehousequincy.com/
40539,Albers Mill Lofts,1821 Dock St,Tacoma,WA,98402,www.albersmilllofts.com
34765,Springs at Live Oak,8101 Shin Oak Dr,Live Oak,TX,78233,https://www.springsapartments.com/apartments/tx/live-oak/springs-at-live-oak/
293595,Glen Willow,10600 S Post Oak Rd,Houston,TX,77035,https://www.glenwillowapartments.com/
19785,Cottonwood Creek Apartments,3149 E Desert Inn Rd,Las Vegas,NV,89121,www.cottonwoodcreekapartments.com
271152,Harper Lake Houston,17417 W Lake Houston Pkwy,Humble,TX,77346,https://harperlakehouston.com/
233583,Canal Overlook Apartments,430 Indiana Ave,Indianapolis,IN,46202,http://liveatcanal.com/
258963,Reflection Pointe,185 Reflection Pointe Cir,Asheville,NC,28806,https://www.southwoodrealty.com/community/reflection-pointe/
37351,Fairway Meadows,93 Weakley Ln,Smyrna,TN,37167,https://www.livefairwaymeadows.com/
283561,946 MLK,946 Dr Martin Luther King Jr St,Indianapolis,IN,46202,https://www.946mlk.com/
8117,The Morgan at Chapel Hill,100 Spring Meadow Dr,Chapel Hill,NC,27517,https://livethemorganchapelhill.com/
228341,The Commons at Cowan Boulevard,2352 Cowan Blvd,Fredericksburg,VA,22401,http://commonsatcowanboulevard.com/
58755,The Yards At NoDa,703 Rollerton Rd,Charlotte,NC,28205,http://www.yardsatnodaapts.com/
68390,Sampson Lofts,806 Sampson St,Houston,TX,77003,http://www.sampsonlofts.com/
1930,James Towne Village,3 Sawgrass Rd,Charleston,SC,29412,https://www.james-towne-village.com/
291774,Gallatin Village,20190 Murphy Rd,Bend,OR,97702,https://www.123taylor.com/gallatin-village
278511,Merchants Plaza,56 St Joseph St,Mobile,AL,36602,https://themerchantsplaza.com/
67747,The Edge at Raritan Heights,11 US Hwy 1,New Brunswick,NJ,8901,https://www.theedgeatraritanheights.com/
260350,The Savoy,12631 Vance Jackson Rd,San Antonio,TX,78230,https://www.thesavoyapartments.com/
48897,Brittany Place of LaGrange,1235 Hogansville Rd,LaGrange,GA,30241,https://www.southwoodrealty.com/community/brittany-place-apartments-of-lagrange/
36530,The Point at Monroe Place,2300 Woodland Crossing Dr,Herndon,VA,20171,https://www.thepointatmonroeplace.com/
52352,Jory Trail at the Grove,8750 SW Ash Meadows Rd,Wilsonville,OR,97070,http://www.jorytrail.com/
254313,LUMA at Delray,7607 W Atlantic Ave,Delray Beach,FL,33446,https://lumadelray.com/
252388,Quincy,91 Red River St,Austin,TX,78701,https://quincyatx.com/
267777,The Oliver,3000 Gloryland Ave,Charlotte,NC,28213,https://theoliverclt.com/
253733,Stadia Med Main,9330 S Main St,Houston,TX,77025,https://www.stadiamedmain.com/
17373,39 North,10225 E Girard Ave,Denver,CO,80231,https://www.liveat39north.com/
70748,Mercantile River District Apartments,4921 White Settlement Rd,Fort Worth,TX,76114,https://www.mercantileriverdistrict.com/
39346,Bella Mirage,3800 N El Mirage Rd,Avondale,AZ,85392,https://www.bellamirageapts.com/
59709,51 Main,5050 Main St,Kansas City,MO,64112,https://www.51mainkc.com/
32155,Montelago,11881 Gulf Pointe Dr,Houston,TX,77089,http://www.montelagoapts.com/
47192,Reserve at Village Creek,444 E Renfro St,Burleson,TX,76028,http://www.reserveatvillagecreek.com/
230132,Bowman Station,5235 Bowman Rd,Macon,GA,31210,https://www.bowmanstation.com/
64017,The Preserve Scott`s Addition,1310 Roseneath Rd,Richmond,VA,23230,http://www.thepreserverva.com/
229374,Avoca,1405 Avoca Ridge Dr,Louisville,KY,40223,https://www.avocaapartments.com/
72168,San Leandro Racquet Club,2600 San Leandro Blvd,San Leandro,CA,94578,https://www.slracquetclub.com/
43353,Charleston Crossing,4548 S Elm Pl,Broken Arrow,OK,74011,https://charlestoncrossingapthome.com/gallery
296558,The Enclave at Medina,4323 Caraway Bay,Von Ormy,TX,78073,https://www.enclaveatmedina.com/
2981,Ellipse at Fairfax Corner,11842 Federalist Way,Fairfax,VA,22030,http://www.ellipsefairfaxcorner.com/
259986,The Apartments at the Isles of Porto Vista,3936 Pomodoro Cir,Cape Coral,FL,33909,https://rentipv.com/
43727,ASA Apartments,1200 NW Marshall St,Portland,OR,97209,https://www.liveatasa.com/asa-flats-lofts-portland-or/
63516,Griffis Cheesman Park,2190 E 11th Ave,Denver,CO,80206,https://griffisresidential.com/properties/cheesman-park/
251396,Magnolia on Zang Two,888 N Zang Blvd,Dallas,TX,75208,http://www.liveatmagnolia.com/homes/tx/bishop-arts/magnolia-on-zang-two/
225398,Remington Cove I,15430 Founders Ln,Apple Valley,MN,55124,http://www.remingtoncoveapts.com/
39995,South Pointe,6220 N Murray Dr,Hanahan,SC,29410,https://www.southpointehanahan.com/
21117,Veranda Estates,6516 Spalding Dr,Peachtree Corners,GA,30092,https://www.verandaestatesapts.com/
279103,Shade,10340 S Decatur Blvd,Las Vegas,NV,89141,https://shadeapartments.com/
15906,The Ridley Apartment Homes,2815 Greenridge Dr,Houston,TX,77057,https://www.theridleyapartments.com/
75975,Wasatch Pointe,1620 N 200 E,Logan,UT,84341,https://www.wasatchpointesenior.com/
68960,Colonial Gardens,8747 Broadmoor St,Overland Park,KS,66212,www.rentcolonialgardens.com
54708,Cresta Bella,11035 Via Livorno,San Diego,CA,92129,www.crestabellaliving.com
66946,Anthem on Ashley,720 Ralph McGill Blvd NE,Atlanta,GA,30312,http://www.anthemonashley.com
300955,Alcott Woodcroft Glen,9037 - 13577 Woodcroft Trce,North Royalton,OH,44133,https://alcottwoodcroftglen.com/
19713,Elmhurst Terrace,100 Fellows Ct,Elmhurst,IL,60126,https://www.elmhurstterrace.com/
20140,Chatham Square,8150 Chatham Manor Blvd,Orlando,FL,32821,https://www.chathamsquareapartments.com/
33173,Hermann Park Lofts,1 Hermann Park Ct,Houston,TX,77021,https://hermannparklofts.com/?utm_knock=gmb
239713,Reserve at Billingsley Place,3501 Reserve Cir,Montgomery,AL,36116,https://fosheeresidential.com/communities/the-reserve-at-billingsley-place/
272063,Westridge,8910 NE 15th Ave,Vancouver,WA,98665,https://www.westridgeaptstarga.com/
35980,River's Edge,2088 E Lakeshore Dr,Lake Elsinore,CA,92530,https://riversedgeapartmentliving.com/
220302,The District,100 District Dr,Asheville,NC,28803,https://www.thedistrictasheville.com/
29739,Gateway at Ellington,15603 Gulf Fwy,Webster,TX,77598,https://www.gatewayatellington.com/
40339,Hawthorne Communities,900 Hawthorne Cir,Oakdale,PA,15071,https://www.hawthorneoakdale.com/
52047,Domain on the Parkway,1755 Cres Plaza Dr,Houston,TX,77077,https://www.domainontheparkway.com/
49769,Grey Parc Apartments,800 Walker Ave,Rossville,GA,30741,https://www.greyparcofrossville.com/
257702,The Apartments at Kelton Station,901 Shipwright Loop,Williamsburg,VA,23188,https://www.keltonstationapts.com/
11317,Dixon at Stonegate,2501 Oak Hill Cir,Fort Worth,TX,76109,https://www.dixonatstonegate.com/
270305,Olympus Emerald Coast,2004 98 Palms Blvd,Destin,FL,32541,https://www.olympusproperty.com/apartments/fl/destin/olympus-emerald-coast/?utm_source=gmb&utm_medium=organic&utm_knock=g
280316,Flats,524 Elm St,Troy,AL,36081,https://fosheeresidential.com/properties/the-flats/
12733,Creekside,3018 Knickerbocker Rd,San Angelo,TX,76904,http://www.liveatcreeksideapts.com/
75128,Impressions Apartments,501 Coral Key Pl,Newport News,VA,23606,https://www.impressionsapts.com/
49766,Park Knoll,2212 S Cedar Ln,Fort Oglethorpe,GA,30742,https://parkknollapartment.com/
232495,Inverness Apartments,5150 S Elm Pl,Broken Arrow,OK,74011,https://www.invernessapthome.com
95594,Highline,635 E New Haven Ave,Melbourne,FL,32901,https://highline321.com/
53298,Eton at Warner Center,6701 Eton Ave,Woodland Hills,CA,91303,https://www.etonwarnercenter.com/
27617,Arbors of Gahanna,150 Arbors Cir,Gahanna,OH,43230,https://arborsgahanna.com/
240534,The Willows at Wright Island,1333 Coates Bluff Dr,Shreveport,LA,71104,https://thewillowsulc.com/
284199,501 Brady,501 Brady St,Davenport,IA,52801,https://www.501brady.com/
54777,Millennium High Street,4410 Westheimer Rd,Houston,TX,77027,https://millenniumriveroaks.com/
258188,Springs at Lakeville,17400 Glacier Wy,Lakeville,MN,55044,https://www.springsapartments.com/apartments/mn/lakeville/springs-at-lakeville/
289797,Brook Hollow,6731 Southwest Pkwy,Wichita Falls,TX,76310,www.BrookHollowApartments.com
13197,Halstead Beverly Townhomes,201 Broughton Dr,Beverly,MA,1915,https://www.halsteadbeverly.com/
12182,The Reserve on Willow Lake,4101 S Hulen St,Fort Worth,TX,76109,https://thereservefortworth.com/
18736,Central Park,2400 Central Pkwy,Montgomery,AL,36106,www.centralparkmontgomery.com
42599,Phoenician,2345 Bering Dr,Houston,TX,77057,http://www.phoenicianliving.com/
27187,Scottish Towers II,444 N Paula Dr,Dunedin,FL,34698,https://myscottishtowershome.com/
219898,The Julian at South Pointe I,1300 Lowe Rd,Mansfield,TX,76063,https://julianatsouthpointe.com/
11495,The Palisades at Bear Creek,200 W Bear Creek Dr,Euless,TX,76039,https://www.palisadesbearcreek.com/
93993,The Rise Plantation Walk,333 N University Dr,Plantation,FL,33324,https://www.theriseplantationfl.com/
28143,Lyric Apartment Homes,1738 Canyon Dr,Los Angeles,CA,90028,https://www.liveatlyricapts.com/
297957,James Run,2786 Megan Way,Bel Air,MD,21015,https://www.jamesrunapartments.com/
218296,Park 7,201 Wimberly St,Fort Worth,TX,76107,https://park7tx.com/
44700,Abernathy Park,3624 Belmont St,Greensboro,NC,27406,https://www.southwoodrealty.com/community/abernathy-park/
252891,Bellrock Market Station,24002 Colonial Pkwy,Katy,TX,77493,https://www.livebellrock.com/apartments/tx/katy/bellrock-market-station/
34187,Enclave at the Stadium,1600 S M.L.K. Jr Blvd,Waco,TX,76704,https://www.enclavewaco.com/?utm_knock=g
10380,Trails of Valley Ranch,9478 Valley Ranch Pkwy E,Irving,TX,75063,www.trailsofvalleyranch.com
5176,Citadel Apartments,1702 Bushman Dr,Kansas City,MO,64110,http://www.rentcitadel.com
255891,Shalimar at Plantation West,8500 Cleary Blvd,Plantation,FL,33324,https://www.shalimaratplantation.com/
3148,Aven,3207 Stones Throw Ln,Durham,NC,27713,https://www.avenliving.com
8797,Sagamore,5644 Riverwalk Dr,Benbrook,TX,76109,https://sagamoreaptsliving.com/
240743,Evergreen at River Oaks II,4650 Nelson Rd,Lake Charles,LA,70605,https://www.evergreenatriveroaks.com/?utm_source=bingPlaces&utm_medium=organic
94494,Highbridge,2512 Q St NW,Washington,DC,20007,https://highbridgedc.com/
9157,Meadowcrest,5200 Meadowcreek Dr,Dallas,TX,75248,https://www.meadowcrestapartments.com/
296576,Affinity at Hudson,2348 Layman Dr,Gastonia,NC,28054,https://www.affinityathudson.com/
5542,Greentree,2524 Tamarack Ln,Indianapolis,IN,46227,https://www.livegreentreeapts.com/
16144,Casitas,1900 S Campus Ave,Ontario,CA,91761,https://www.casitasapartments.com/
78085,Springs at Laurens Road,1401 Laurens View Rd,Greenville,SC,29607,https://www.springsapartments.com/apartments/sc/greenville/springs-at-laurens-road/
75134,Headwaters at Autumn Hall,612 Council St,Wilmington,NC,28403,http://headwatersautumnhall.com/
222727,Farnham Park,3333 Turtle Creek Dr,Port Arthur,TX,77642,http://www.farnhamparkapartments.com/
31724,Sherwood Gardens,2901 Auburn Way S,Auburn,WA,98092,www.sherwood-gardens-apts.com
72545,Palisades of Jacksonville,5116 Western Blvd,Jacksonville,NC,28546,https://www.southwoodrealty.com/community/palisades-jacksonville-apartments/
17506,Ten68 West,1068 Merchants Dr,Dallas,GA,30132,https://www.ten68west.com/
246703,Landry at Cross Creek,6301 Old Denton Rd,Fort Worth,TX,76131,https://landryatcrosscreek.com/
77980,The Triangle,3020 Leavenworth St,Omaha,NE,68105,https://www.triangleomaha.com/
36786,Hawthorne Village,3900 Yorktowne Blvd,Port Orange,FL,32129,http://www.hawthornevillageapartments.com/
4353,Commons at Westchase,10751 Meadowglen Ln,Houston,TX,77042,https://www.commonswestchase.com/
47991,Rose Vista,1223 1/2 Rose Vista Ct,Roseville,MN,55113,https://www.myrosevistahome.com/
77682,Palisades at Legacy Oaks,485 Traebert Cir,Knightdale,NC,27545,https://www.southwoodrealty.com/community/palisades-legacy-oaks-apartments/
256738,The Palisades at Langley Pond,4020 Furlong Cir,Graniteville,SC,29829,https://www.southwoodrealty.com/community/palisades-at-langley-pond/
23281,Mill Bridge,1045 Sanger Ave,New Braunfels,TX,78130,https://www.millbridgeapartments.com/
25395,Beach Colony,2821 Camino Del Mar,Del Mar,CA,92014,http://www.beachcolonyapts.com/
251562,The Carlton of West Melbourne,4152 Merrillville Dr,West Melbourne,FL,32904,https://www.thecarltonofwestmelbourne.com/
13883,Verano Townhome Rentals,13820 S 44th St,Phoenix,AZ,85044,https://www.veranoapartmenthomes.com/?utm_source=GoogleLocalListing&utm_medium=organic#
97935,Springs at Knapps Crossing,2550 E Beltline Ave NE,Grand Rapids,MI,49525,https://www.springsapartments.com/apartments/mi/grand-rapids/springs-at-knapps-crossing/
54798,The Point at Abington,12 Forsyth Dr,Abington,MA,2351,https://www.thepointatabington.com/
52925,Moria Gardens,1231 Gary Way,Woodland,CA,95695,http://moriagardenapartments.com/
1465,The Rail at 1380,1380 Saylor Dr,Zionsville,IN,46077,http://www.therailat1380.com
273582,La Hacienda,8080 Leigh Ann Dr,Dallas,TX,75232,https://www.lahaciendaapt.com/
77588,The Byron On Peachtree,549 Peachtree St NE,Atlanta,GA,30308,https://www.thebyron.com/
58480,Hayleigh Village Apartments,4020 Eight Belles Ln,Greensboro,NC,27410,http://www.hayleighvillage-apts.com/
236586,Colton Creek Apartments,2014 Avalon Pkwy,McDonough,GA,30253,www.ColtonCreekApartments.com
13094,Hayden at Enclave,12951 Briar Forest Dr,Houston,TX,77077,https://www.alapts.com/apartments/tx/houston/hayden-at-enclave/
62903,M Station,6215 Forest Way Dr,Charlotte,NC,28212,http://www.mstationapts.com/
227512,The Atherton,8655 Brookhollow Blvd,Frisco,TX,75034,https://athertonfrisco.com/
35759,Cortland La Villita,6419 Tranquilo,Irving,TX,75039,www.cortland.com/la-villita
97739,Larkspur Pointe,1000 Knights Spur Ct,Simpsonville,SC,29681,http://www.larkspurpointeapartments.com/Contact.aspx
38107,Fountain Place,833 Misty Hollow Ln,Columbus,OH,43228,https://www.livefountainplaceapts.com/
251944,Easton Place,1709 Cason Ln,Murfreesboro,TN,37128,https://www.eastonplaceapartments.com/
286929,The Fairlane,101 Holiday Square Blvd,Covington,LA,70433,https://thefairlane.com/
50932,Village Square,900 E Sunset Dr,Monroe,NC,28112,https://www.livewithvillagesquare.com/
283913,Farmstead At Lia Lane,1315 Lia Ln,Santa Rosa,CA,95404,https://www.farmsteadsantarosa.com/
73573,Warwick Court Townhomes,3527 Warwick Blvd,Kansas City,MO,64111,http://www.warwickcourttownhomes.com/
251908,The Post House,215 Vine St,Evansville,IN,47708,https://www.posthouseevv.com/
15079,The Left Bank at River Oaks,5353 Memorial Dr,Houston,TX,77007,http://www.leftbankriveroaks.com/
253326,The Point at Reston,1925 Roland Clarke Pl,Reston,VA,20191,https://www.thepointatreston.com/
271975,The Edge,2818 Meridian Ave E,Edgewood,WA,98372,https://www.edgeapartmentstarga.com/
31965,McKenzie at Natomas Park,4601 Blackrock Dr,Sacramento,CA,95835,http://www.themckenzienatomaspark.com/
217716,Taylor Pointe Residences,4-6 Sanders St,Nashua,NH,3060,https://www.taylorpointeresidences.com/
12574,Wimbledon Square And Gardens,2837 SE Colt Dr,Portland,OR,97202,www.wimbledonsquareandgardens.com
21303,Rosemeade,657 Worcester St,Southbridge,MA,1550,http://www.rosemeadema.com/
2948,Crystal Woods of Alexandria,4905 Southland Ave,Alexandria,VA,22312,www.crystalwoodsapts.com
236112,La Joya Bay Resort II,1514 Ennis Joslin Rd,Corpus Christi,TX,78412,https://www.lajoyabyazali.com/floorplans/
278969,Prose Deerbrook,19815 Kenswick Dr,Humble,TX,77338,https://prosedeerbrook.com/
270766,Hue97,9736 E Balsam Ave,Mesa,AZ,85208,https://www.hue97.com/#
67383,The Standard at Leander Station,1680 Hero Way,Leander,TX,78641,http://www.lifeatthestandard.com/
74105,La Paloma,102 W Rampart Dr,San Antonio,TX,78216,http://www.rentlapaloma.com/
56773,Ten Oaks,12612 N Lamar Blvd,Austin,TX,78753,http://tenoaks-apts.com/
263081,Culebra Commons,7106 Culebra Commons,San Antonio,TX,78250,https://www.liveculebra.com/
33786,Estates Team Ranch,8889 Cook Ranch Rd,Benbrook,TX,76126,https://www.estatesatteamranch.com/
47719,Hyde Park,5650 Knighthood Ln,Columbus,OH,43231,https://www.hydeparkcolumbus.com/
276686,Alexan Ludlam,2901 SW 69th Ct,Miami,FL,33155,https://alexanludlamtrace.com/
220109,Melrose Station Apartments,902 Valley Rd,Elkins Park,PA,19027,https://www.fmgnj.com/apartments/pa/elkins-park/melrose-station/floor-plans
2706,Chase Heritage,1212 Chase Heritage Cir,Sterling,VA,20164,https://www.chaseheritageapartments.com/
282952,Melissa Ranch,4500 Pue Rd,San Antonio,TX,78245,https://www.melissaranchapartments.com/
254303,The MID,1601 N Dixie Hwy,Lake Worth,FL,33460,https://www.themidlwb.com/
1845,Sterling Place,5399 Coachman Rd,Columbus,OH,43220,https://sterlingplaceapartments.com/
16347,Contempo Lane,1763 Main St,Dunedin,FL,34698,https://palomarproperties.net/contempo-lane-apartments/
33539,Mercantile Wharf Building,111 Atlantic Ave,Boston,MA,2110,https://www.mercantilewharf.com/
276154,The Domino,3132 Dr Andrew J Brown Ave,Indianapolis,IN,46205,https://www.thedominoindy.com/
15762,The Bentley at Marietta,880 S Cobb Dr SE,Marietta,GA,30060,https://www.thebentleyatmarietta.com/
247171,75 Public Square,75 Public Square,Cleveland,OH,44113,https://75publicsquare.com/
233289,Elevation 1659,1659 N Jackson St,Milwaukee,WI,53202,https://elevation1659apts.com/
239596,Crossings at Greenland,920 Greenland Dr,Murfreesboro,TN,37130,https://www.crossingsatgreenland.com/
27920,Abbey at Vista Ridge,350 E Vista Ridge Mall Dr,Lewisville,TX,75067,www.abbeyvistaridge.com
16998,Griffis Lakeline Station,13425 Ranch Rd 620 N,Austin,TX,78717,https://griffisresidential.com/property/lakeline-station/
94997,Sparq,5 E Reed St,San Jose,CA,95113,https://www.sparqsj.com/
6274,The Village at Voorhees,10 Lucas Ln,Voorhees Township,NJ,8043,https://www.fmgnj.com/apartments/nj/voorhees/the-village-apartments/
42563,Lodge at Lakeshore,5010 Hilltop Rd,Greensboro,NC,27407,https://www.southwoodrealty.com/community/the-lodge-at-lakeshore/
2132,Sherwood Acres,12757 Coursey Blvd,Baton Rouge,LA,70816,www.sherwoodacresapts.com
43278,University Club,1722 S Carson Ave,Tulsa,OK,74119,http://www.universityclubtulsa.com/
15704,East Perimeter Pointe,4946 Snapfinger Woods Dr,Decatur,GA,30035,http://www.eastperimeterpointe.com/east-perimeter-pointe-decater-ga/home
40493,Bristol Park at Oak Ridge,790 Emory Valley Rd,Oak Ridge,TN,37830,http://www.bristolparkoakridge.com/
62379,MBH,1078-1126 Boylston Street,Boston,MA,2215,https://www.mbhapartments.com/
46108,Stratford Mill,110 Stratford Mill Blvd,St. Augustine Beach,FL,32084,http://www.stratfordmill.com/home.html
39156,Seasons at Pebble Creek,1616 Snow Queen Pl,Salt Lake City,UT,84104,https://www.seasonspebblecreek.com/?utm_knock=g
56173,The Edge at Main,125 W Main St,Somerville,NJ,8876,http://www.theedgeatmain.com/index.php
43520,Park at Blanding,222 Blairmore Blvd E,Orange Park,FL,32073,http://www.parkatblanding.com/
22964,Tropicana Village Apartments,4995 S Maryland Pkwy,Las Vegas,NV,89119,https://www.tropicanavillageapartments.com/
63486,Haven Apartments at Eldridge,13115 Whittington Dr,Houston,TX,77077,http://www.havenateldridgeapts.com/
270148,MAC Residences,758 N Broadway,Milwaukee,WI,53202,https://macresidences.com/
31341,Carrington Park,100 Carrington Park,Jonesboro,GA,30236,http://www.carringtonparkjonesboro.com/
224888,The Cove at Overlake,1837 Berra Blvd,Tooele,UT,84074,http://www.coveatoverlakeapts.com/
35188,Trinity Loft,1403 Slocum St,Dallas,TX,75207,www.trinityloft.com
7164,Olive Tree,6201 W Olive Ave,Glendale,AZ,85302,https://olivetree-apartments.com/
50339,Parc At Denham Springs I,31050 LA-16,Denham Springs,LA,70726,https://www.parcatdenhamsprings.com/
794,Haven Apartments & Townhomes,1870 Enterprise Ct,Virginia Beach,VA,23454,http://www.haven-apts.com/
70938,Maybrook,325 Penn Rd,Wynnewood,PA,19096,http://maybrook.com/
282934,Aston Pointe,5001 Pennell Rd,Aston,PA,19014,https://www.liveastonpointe.com/
245526,The Bridgewater Apartments,14916 Riverdale Dr S,Carmel,IN,46033,http://thebridgewaterapartments.com
25875,Sedgefield Square,4215 Bernau Ave,Greensboro,NC,27407,https://www.sedgefieldsquareapts.com/
251597,Wyndham Ridge Townhomes,1112 Ashberry Village Dr,Columbus,OH,43228,https://www.wyndhamridgecolumbus.com/
224139,Meadows Apartments,4300 Meyers Ln,Waco,TX,76705,https://www.themeadows-waco.com/
18389,Westgate Village,333 Lancaster Ave,Malvern,PA,19355,https://www.fmgnj.com/apartments/pa/malvern/westgate-village/
37507,Village Lake Townhomes,93 Village Lake Dr,Smyrna,TN,37167,www.villagelakesmyrna.com
222578,The Pointe at Victoria,2402 N Ben Wilson St,Victoria,TX,77901,https://www.thepointeatvic.com/
5113,Pepperwood Knoll,7200 Pepperwood Knoll Ln,Sacramento,CA,95842,https://www.pepperwoodknoll.com/
231155,Oak Bend Commons,6680 Oak Bend Commons Way,Canal Winchester,OH,43110,www.oakbendcommons.com
230545,La Sevilla,5929 Bissonnet St,Houston,TX,77081,https://www.lasevillaapartments.com/
35066,Legends at Willow Creek,180 S Lexington Dr,Folsom,CA,95630,http://www.legendsatwillowcreek.com/
264476,Encore Narcoossee,7551 Narcoossee Rd,Orlando,FL,32822,https://www.encorenarcoossee.com/
281703,Daynor,1001 N L St,Tacoma,WA,98403,https://www.thedaynorapts.com/
36797,Elan at Bluffview,3850 W Northwest Hwy,Dallas,TX,75220,https://www.elanatbluffview.com/
120503,The Bridges Lofts,1501 State St,Bettendorf,IA,52722,https://bettendorflofts.com/
280469,The Oaks on Chisholm Trail,3000 Chisholm Trail Rd,Round Rock,TX,78681,https://www.theoaksonchisholmtrail.com/
246491,Cedars,22302 Center St,Castro Valley,CA,94546,https://www.rentthecedarsapts.com/
75344,Landmark at 1700,1700 W Main St,Richmond,VA,23220,https://www.landmarkat1700.com/#/
24562,Frank Estates,7510 SW Aloma Way,Portland,OR,97223,http://www.thefrankestate.com/
263289,Landmark At Marshall Broad,5 E Marshall St,Richmond,VA,23219,https://www.landmarkatmarshallbroad.com/
264139,Continuum 115,102 Pullman Ln,Mooresville,NC,28115,https://www.continuum115.com/
256166,Canyon Oaks Luxury Apartments,4627 Thomas Lake Harris Dr,Santa Rosa,CA,95403,https://livecanyonoaks.com/?modalwidget=sg&utm_content=google_appt
303929,Merrill Building,66 Troy St,Fall River,MA,2720,https://downtownloftsfallriver.com/merrill-building/
73066,The Enclave at Homecoming Terra Vista,11755 Malaga Dr,Rancho Cucamonga,CA,91730,https://www.lewisapartments.com/the-enclave-at-homecoming-terra-vista-rancho-cucamonga-ca/
255666,Reverie Belmont,520 McLean Ave,Belmont,NC,28012,https://reveriebelmont.com/
70779,The Kessler,4851 Meadowbrook Pkwy,Prairie Village,KS,66207,http://www.thekessler.com/
252880,Broadacre,9598 S. Clubhouse Way,Oak Creek,WI,53154,https://broadacreliving.com/
38381,Meridian Parkside,1400 Summit Ln,Newport News,VA,23601,www.meridianparkside.com
49180,Washington Townhomes,2307 Washington Ave,Lorain,OH,44052,https://washingtontownhomeslorain.com/
24482,Soma Residences,1045 Mission St,San Francisco,CA,94103,http://www.somaresidences.com/
222197,The Mariner I,4000 S Lake Dr,Saint Francis,WI,53235,https://www.themarinerapts.com/
37483,Kitterman Woods,6600 Woods Island Cir,Port St Lucie,FL,34952,http://www.kittermanwoods.com/
47984,River Pointe,7325 River Pointe Dr,North Little Rock,AR,72113,https://www.riverpointeliving.com/
62380,Fuse,165 Cambridgepark Dr,Cambridge,MA,2140,http://www.fusecambridge.com/
53861,Millicent Crossing,8700 Millicent Way,Shreveport,LA,71115,https://millicent.ulcoleman.com/
47180,Manchester Lake Townhouses,2208 Mandalay Dr,Richmond,VA,23224,http://www.manchesterlake.com/
48584,Fox Hill Village,59 Stapleford Way,Hampton,VA,23669,https://www.foxhillvillageapts.com/fox-hill-village-hampton-va
16437,Broadcast Center Apartments,7660 Beverly Blvd,Los Angeles,CA,90036,http://www.broadcastcenterapts.com/apartments/floorplan.do?lid=en_US&pid=1917
268954,The Villages at Sunnybrook,2421 Brightcreek Fls Trl,Raleigh,NC,27610,https://www.thevillagesatsunnybrook.com/?utm_source=GoogleLocalListing&utm_medium=ogranic&utm_campaign=GMB
53990,777 South Broad,777 S Broad St,Philadelphia,PA,19147,www.777southbroad.com
49,Foxchase,766 N Howard St,Alexandria,VA,22304,https://www.foxchaseofalexandriaapts.com/
63577,1045 on the Park,1045 Piedmont Ave NE,Atlanta,GA,30309,http://www.1045onthepark.com/
7750,Riverloft,2300 Walnut St,Philadelphia,PA,19103,https://www.riverloftapartments.com/
4579,Laurel Crossing,203 Laurie Meadows Dr,San Mateo,CA,94403,https://www.laurelcrossingapthomes.com/en/apartments/floor-plans.html
234732,Chase at Overlook Ridge,11 Overlook Ridge Dr,Revere,MA,2151,https://thechaseatoverlookridge.com/
12981,Bank and Boston Lofts,817 17th St,Denver,CO,80202,http://www.bankloftsapartments.com/
260697,LINQ at South Mountain,1700 E Baseline Rd,Phoenix,AZ,85042,https://www.linqatsouthmountain.com/
68550,Reserve at Quail North,2600 Watermark Blvd,Oklahoma City,OK,73134,www.thereserveatquailnorth.com
8125,The Retreat at Crosstown,10301 Marsh Harbor Way,Riverview,FL,33578,https://www.liveretreatct.com/
33987,Villages at Lost Creek,15302 Judson Rd,San Antonio,TX,78247,www.villagesatlostcreekapts.com
267962,The Mill Old Town,535 S Mill St,Lewisville,TX,75057,https://www.milloldtown.com/
15994,Trio,2317 S Pleasant Valley Rd,Austin,TX,78741,http://www.trioapartmentsaustin.com
219834,Hill East Park Kennedy,1901 C St SE,Washington,DC,20003,https://www.parkkennedy.com/
68018,Elle,801 S Financial Pl,Chicago,IL,60605,https://www.theellechicago.com/
58940,Judson Pointe,5126 N Loop 1604 E,San Antonio,TX,78247,https://www.judsonpointe.com/
15710,The Cobb Apartment Townhomes,7440 Riverside Pkwy,Austell,GA,30168,https://www.lifeatthecobb.com/
75392,Hickory Point Townhomes,399-A Hickory Point Blvd,Newport News,VA,23608,https://www.livehickorypoint.com/
34843,The Atlantic River West,1104 Westchase St,Atlanta,GA,30336,https://www.atlanticriverwestliving.com/
221686,The Plaza,3015 16th St SW,Minot,ND,58701,https://www.plazaminot.com/
5774,River Oak,2400 Mellwood Ave,Louisville,KY,40206,http://www.riveroakapartments-prg.com/
260640,Preston Centre,155 E Broad St,Columbus,OH,43215,https://www.prestoncentrecolumbus.com/
253596,Cyan Southcreek,13220 Foster St,Overland Park,KS,66213,https://www.cyansouthcreek.com?utm_source=realpage&utm_medium=referral&utm_campaign=cta
6597,Pearl At Spring Creek,5600 Gibson Blvd SE,Albuquerque,NM,87108,https://www.thepearlnm.com/
13582,Del Rio,4601 Monta√±o Rd NW,Albuquerque,NM,87120,https://www.mydelrioapartments.com/
64781,Pleasant Meadows Townhomes,12 Fernwood Dr,Lancaster,NY,14086,https://www.townhomesatpleasantmeadows.com/
8998,The View at Lake Highlands,9855 Shadow Way,Dallas,TX,75243,https://www.theviewatlakehighlands.com/
281395,Belle Meade,204 S 64th St,West Des Moines,IA,50266,https://www.liveatbelle.com/
1985,Town Walk at Hamden Hills,100 Town Walk Dr,Hamden,CT,6518,https://www.townwalkhamden.com/
14999,Heritage at Waters landings,20700 Crystal Hill Cir,Germantown,MD,20874,https://www.heritageatwaterslanding.com/
65381,Sparc,1201 121st Ave NE,Bellevue,WA,98005,https://www.sparcapartments.com/
68955,Tides at Eastchase,8900 Randol Mill Rd,Fort Worth,TX,76120,https://www.tidesateastchase.com/
40195,Parkview Terraces,10101 S 1st St,Austin,TX,78748,https://www.parkviewterracesapts.com/
97765,Icon One Daytona Rise Collection,1820 Legends Ln,Daytona Beach,FL,32114,https://www.icononedaytona.com/
261361,Ironridge at Hill Country Village,15083 San Pedro Ave,San Antonio,TX,78232,https://www.ironridgeapartments.com/
49167,Carlyle Place,43144 Carlyle Pl,Clinton Township,MI,48038,https://www.carlyleplace.com/
35434,Monterra Las Colinas,301 W Las Colinas Blvd.,Irving,TX,75039,https://www.monterralascolinas.com/
24719,The Aubry,9180 Coors Blvd NW,Albuquerque,NM,87120,https://www.theaubryapts.com/
2561,Camila,1880 Destiny Blvd,Kissimmee,FL,34741,https://www.livecamila.com/
61169,Plaza 25,1114 Clement Ave,Charlotte,NC,28205,https://www.plaza25apartments.com/
217605,Bennett Pointe,930 S Blvd,Edmond,OK,73034,https://www.livebennettpointe.com/
2384,Horizon East,1055 S Zeno Way,Aurora,CO,80017,https://www.horizoneastapartments.com/
6987,Cape Harbor,7113 Cape Harbor Dr,Wilmington,NC,28411,https://www.capeharboraptswilmington.com/
305169,Redwood Amherst I,1120 Red Thimbleberry Dr,Elyria,OH,44035,https://www.byredwood.com/apartments/oh/elyria/redwood-amherst/
37394,Mandalay Villas,1395 Towne Centre Village Dr,McDonough,GA,30253,http://www.mandalayvillasapartments.com/
37390,Skyview West,6415 Old Denton Rd,Fort Worth,TX,76131,https://www.skyviewwest.com/
33996,Hampshire Green,15 Iron Horse Dr,Bedford,NH,3110,https://www.hampshiregreenapartments.com/
258365,The Commons at Rivertown,4702 Rivertown Commons Dr SW,Grandville,MI,49418,https://www.thecommonsatrivertown.com/
253158,The Lofts at Ten Mile,2940 W Cobalt Dr,Meridian,ID,83642,https://www.tenmilelofts.com/
21180,Chapel View,2701 Homestead Rd,Chapel Hill,NC,27516,https://www.chapelviewapartments.com/
263366,The Crockett,4042 Shurgard Way,Hermitage,TN,37076,https://www.thecrockettapts.com/
219959,The Hadley Riverside,6032 Travertine Ln,Fort Worth,TX,76137,https://www.cortlandriverside.com/Home.aspx
20764,Morgan Place,1680 Chantilly Dr NE,Atlanta,GA,30324,https://www.morganplaceapts.com/
51507,Sophia Square,110 W Main St,Carmel,IN,46032,http://www.sophiasquareapts.com/
60578,1105 Town Brookhaven,1105 Town Blvd,Atlanta,GA,30319,http://www.1105townbrookhaven-apts.com/
32563,Wind Dance,1220 Indian Run Dr,Carrollton,TX,75010,www.winddanceliving.com
3787,Enclave at Breckenridge,7204 Churchill Park Dr,Louisville,KY,40220,https://www.enclaveatbreckenridge.com/
245783,Panorama,918 W School St,Chicago,IL,60657,https://www.panoramachicagoapts.com/
11968,SaddleBrook,5353 Keller Springs Rd,Dallas,TX,75248,www.saddlebrookapts.com
290391,The Enclave at Deer Moss Creek,1200 Deer Moss Loop,Niceville,FL,32578,https://www.theenclaveatdeermosscreek.com/
8376,Alvista 23,3181 NE 23rd St,Gresham,OR,97030,www.alvista23.com
243995,Greystone at Maple Ridge,7778 Schomburg Rd,Columbus,GA,31909,https://www.greystonemapleridge.com/
16765,Spinnaker Landing Apartments,1931 W 16th Ct,Riviera Beach,FL,33404,https://www.spinnakerlandingapts.com/
15517,The Artisan Residences at Bella Terra,15555 Huntington Village Ln,Huntington Beach,CA,92647,https://www.theartisanatbellaterra.com/
252790,Palomino,1160 Damonte Ranch Pkwy,Reno,NV,89521,https://www.palominoreno.com/
71992,The View Apartments,1000 Geneva Rd,St Charles,IL,60174,https://www.liveattheviewstcharles.com
39174,Carlton Park,100 Carlton Park Dr,Flowood,MS,39232,https://www.carltonparkflowood.com/?utm_source=GBP&utm_id=organic
273943,Azalea,2633 Azalea Garden Pl,Tampa,FL,33619,https://www.azaleatampa.com/
303349,Haven South,5 Midway Cir,Brunswick,ME,4011,https://www.thehavensouth.com/
46176,Columbia Village,2500 E Red Cedar Ln,Boise,ID,83716,https://www.thevillageboise.com
15328,Westchase Forest,11355 Richmond Ave.,Houston,TX,77082,https://www.westchaseforest.com/
228755,Cascade Woods,18607 SW Mapleoak Ln,Aloha,OR,97003,http://www.cascadewoodsprinceton.com/
36542,Parkside Commons,100 Stockton St,Chelsea,MA,2150,https://www.parksidecommonsapts.com/
6968,Pebblebrook,7700 W 95th St,Overland Park,KS,66212,www.pebblebrookapts.com
64598,Link Apartments West End,25 River St,Greenville,SC,29601,https://www.linkwestend.com/
94940,The Liberty Lofts,400 S Culberson,Gainesville,TX,76240,https://www.thelibertyapts.com/
61185,Galvan At Twinbrook,1801 Chapman Ave,Rockville,MD,20852,https://www.liveatgalvan.com/
65370,Azura,12755 SW 136th St,Miami,FL,33186,www.azurakendall.com/
57738,Link Apartments Manchester,901 McDonough St,Richmond,VA,23224,www.linkmanchester.com
229185,Greystone Summit Gulf Breeze,1900 Reserve Blvd,Gulf Breeze,FL,32563,https://www.greystonesummitgulfbreeze.com/
28538,The Mark,24650 Amador St,Hayward,CA,94544,https://www.experiencethemark.com/
10590,Tides on Park Lane,8780 Park Ln,Dallas,TX,75231,https://www.tidesonparklane.com/
63353,Residents at Prairiefire,5750 W 137th St,Overland Park,KS,66223,http://www.residencesatprairiefire.com/gallery.aspx
34559,Desert Parks Vista,9393 E Palo Brea Bend,Scottsdale,AZ,85255,www.desertparksvista.com/
246773,The Point at 180,180 Eastern Ave,Malden,MA,2148,https://www.pointat180.com/
53374,Four Lakes,6821 Udall Pl SE,Auburn,WA,98092,http://fourlakes.tarragon.com/
42781,Crescent Ridge,8200 Bridge Blvd SW,Albuquerque,NM,87121,https://www.crescentridgeaptsnm.com/
41558,The Pearl,8510 Millicent Way,Shreveport,LA,71115,https://www.thepearl-la.com/
52756,Ashton Woods Apartments,4645 Drummond Blvd SE,Kentwood,MI,49508,https://www.ashtonwoods-apt.com/
22145,Prelude at the Park,501 E Lake Mead Pkwy,Henderson,NV,89015,https://preludeatthepark.mgproperties.com/
280718,Marq,117 S Avenue 64,Los Angeles,CA,90042,https://www.livethemarqapts.com/
18881,Alta Vista,1245 Morning View Dr,Escondido,CA,92026,http://www.altavistaapthomes.com/
37478,Breckenridge,5160 Preferred Pl,Hilliard,OH,43026,http://www.livebreckenridge.com/
10979,The Hudson,6715 Buenos Aires Dr,North Richland Hills,TX,76180,https://www.thehudsontx.com/
46950,Edge of Uptown,3025 Ottawa Ave S,Minneapolis,MN,55416,https://www.liveattheedgeofuptown.com/
5985,Cliffs at Barton Creek,3050 Tamarron Blvd,Austin,TX,78746,https://www.cliffsatbartoncreek.com/
8766,Vesper,5616 Spring Valley Rd,Dallas,TX,75254,https://www.vesperliving.com/
290096,Janet Court,402 Janet Ct N,Keizer,OR,97303,https://www.janetcourtprinceton.com/
294352,The Goat at Broadmoor,10602 Burns Rd,Pasco,WA,99301,https://www.thegoatatbroadmoor.com/
14338,Granite Bay,14230 N 19th Ave,Phoenix,AZ,85023,http://www.granitebayapts.com/
42556,Landings at Parkview,6226 Barnes Rd S,Jacksonville,FL,32216,https://www.mirageatsouthpoint.com/
20542,Eleven Pines,4777 SW 11th St,Gresham,OR,97080,https://www.elevenpinesapartments.com/
278370,Alder Square,701 S Tyler Ave,Loveland,CO,80537,https://www.aldersquare.com/
242756,The Citizen,1835 Union Ave,Memphis,TN,38104,https://www.thecitizenapts.com/?utm_knock=g
24561,The Fountains at Deerwood,7816 Southside Blvd,Jacksonville,FL,32256,www.thefountainsdeerwood.com
60598,The Dawson,13411 Briar Forest Dr,Houston,TX,77077,https://www.thedawsonapts.com/
234133,Grand View,7215 Wrightsville Ave,Wilmington,NC,28403,http://www.grandviewluxuryapts.com/
17559,The Reserve At Warner Center,22100 Erwin St,Woodland Hills,CA,91367,www.thereserveatwarnercenter.com
20943,Bremerton Park,6313 W 75th St,Prairie Village,KS,66204,https://www.bremertonparkapts.com/
97948,The Nexus at Grays Landing,415 SW 11th St,Des Moines,IA,50309,https://www.nexusgrayslanding.com/
40607,Brookview Court,5 Brookview Ct,Schenectady,NY,12306,https://www.brookviewcourt.com/
237148,Haven at La Mesa,8585 La Mesa Blvd,La Mesa,CA,91942,https://www.thehavenlamesa.com/
3811,Vista Del Sol,7100 Louisiana Blvd NE,Albuquerque,NM,87109,www.vista-del-sol.com
6371,The Place at Barker Cypress -Enclave,1822 Barker Cypress Rd,Houston,TX,77084,https://theplaceatbarkercypress.com/
303963,Allure at Edinburgh,249 Allure Ln,Chesapeake,VA,23322,https://www.allurechesapeake.com/
261963,Geo,17990 Midvale Ave N,Shoreline,WA,98133,https://www.geoapts.com/
253774,27Seventy Lower Heights,2770 Summer St,Houston,TX,77007,https://www.27seventylowerheights.com/
12927,Wyvernwood Garden,2901 E Olympic Blvd,Los Angeles,CA,90023,http://www.wyvernwoodla.com
25558,Lambertson Farms,10260 N Washington St,Thornton,CO,80229,www.mylambertsonfarmsapartments.com
45392,Sunset Summit,2151 Sunset Blvd,Rocklin,CA,95765,http://www.rocklin-apartments.com/
224353,Reserve of Jackson I,2501 River Oaks Blvd,Jackson,MS,39211,https://www.reservejackson.com/
226194,MacArthur's Lake,727 W MacArthur Rd,Wichita,KS,67217,https://www.macarthurslakeapt.com/
72185,Villaggio,1328 Market St,Tacoma,WA,98402,http://www.villaggiotacoma.com/
42504,800J Lofts,800 J St,Sacramento,CA,95814,http://www.800jlofts.com
31743,Boston Woods,800 Gentleman Rd,Balcones Heights,TX,78201,https://www.bostonwoodsapartments.com/
284757,Glen at Taylor Square,6950-A Americana Pkwy,Reynoldsburg,OH,43068,https://www.liveglenattaylorsquare.com/
278770,Atrio,1922 W Ogden Ave,Chicago,IL,60612,https://www.liveatatrio.com/
264123,Hampton Meridian,3000 W Southern Ave,Apache Junction,AZ,85120,https://www.hamptonmeridian.com/
7359,10X Iona Lakes,15000 Iona Lakes Dr,Fort Myers,FL,33908,https://www.10xionalakes.com/?utm_knock=gmb
42525,Park Place Apartments,7514 Hogan Rd,Jacksonville,FL,32216,http://www.parkplacejville.com/
1767,Waverly Place,1900 Waverly Pl Ln,North Charleston,SC,29418,http://www.waverlyplace-apts.com/
3351,Ovation at Tempe,4505 S Hardy Dr,Tempe,AZ,85282,https://www.ovationattempe.com/
266123,Hayden Place II,900 CO-133,Carbondale,CO,81623,https://www.haydenplaceapts.com/
69182,The Lincoln Common,2345 N Lincoln Ave,Chicago,IL,60614,https://www.lincolncommonapartments.com/floorplans
290986,The Orchard,11171 Apple Ct,Sandy,UT,84070,https://www.liveattheorchard.com/
16920,Park West Village,43032 30th St W,Lancaster,CA,93536,http://www.parkwestlancaster.com/
235753,Park South,33 New Scotland Ave,Albany,NY,12208,http://parksouthapartments.com/
269182,The Prescott,8200 S Congress Ave,Austin,TX,78745,https://www.theprescottatx.com/
7727,Palm Haven at Deer Creek,500 Jefferson Dr,Deerfield Beach,FL,33442,https://www.liveatpalmhaven.com/
266115,Hayden Place I,1201 Main St,Carbondale,CO,81623,https://www.haydenplaceapts.com/
64141,Spectrum Paramount,230 Spectrum Ave,Gaithersburg,MD,20879,http://www.spectrum270.com
35590,Stonepost Ranch,12801 W 136th St,Overland Park,KS,66221,https://www.stonepostranchapts.com
76589,Palm Bay Club,13050 Gran Bay Pkwy,Jacksonville,FL,32258,https://www.palmbayclubjax.com
4880,Clairmont Reserve,1575 Clairmont Rd,Decatur,GA,30033,www.clairmontreserve.com
8140,Boulder Creek,6600 SW Wilsonville Rd,Wilsonville,OR,97070,www.livebouldercreekapts.com/
43741,Quatama Village,380 NW Gina Way,Aloha,OR,97006,https://www.quatamaprinceton.com/
36149,Blueberry Hill,15 Still Moon Crescent,Rochester,NY,14624,http://www.blueberryhillapartments.com/
238712,Bel Air West,5220 Hartford St,Abilene,TX,79605,https://www.thebelairwest.com/
263990,The Villas at Kyker Ferry,117 Lee Greenwood Way,Kodak,TN,37764,https://www.udcvillaskykerferry.com/
73159,Sundance at Baxter Meadows,3705 Galloway St,Bozeman,MT,59718,https://baxtermeadowsapts.com/
22339,Cordoba,27600 Cordoba Dr,Farmington Hills,MI,48334,https://www.cordobaaptlife.com/
279767,Gateway Luxury,990 Powerline Rd,Pompano Beach,FL,33069,https://www.gatewayluxuryapartments.com/
37509,Harpeth River Oaks,1000 Champions Cir,Franklin,TN,37064,https://www.harpethriveroaks.com/?utm_source=apartmentseo&utm_medium=gmb&utm_campaign=organicmaplisting
15596,Mountain Vista,15450 Nisqualli Rd,Victorville,CA,92395,https://www.esring.com/apartments/ca/victorville/mountain-vista-victorville/
37148,Washington Place,8801 Motter Ln,Miamisburg,OH,45342,http://www.washingtonplaceapts.com
11777,Water Ridge,4600 W Pioneer Dr,Irving,TX,75061,https://www.waterridgeapartments.com/
286957,Edison,1833 SE 6th St,Gresham,OR,97080,https://www.edisonapts-gresham.com/
13447,Sloan Square,1555 Lavista Rd,Atlanta,GA,30329,www.sloansquareliving.com
78991,Mosaic at Levis Commons,1000 Hollister Ln,Perrysburg,OH,43551,https://www.mosaicleviscommons.com/
72944,Nicholas Square,522 Nicholas Square,Circleville,OH,43113,https://www.livenicholassquare.com/
42345,SouthRidge,1100 County Line Rd,Kansas City,KS,66103,https://www.southridgekc.com/
36572,Villas at Greenview,45660 Jillian Ct,Great Mills,MD,20634,http://www.villasatgreenview.com/
52328,The Fort Apartments,9230 Memorial Park Dr,Indianapolis,IN,46216,http://www.livethefort.com
4756,Clear Run,5300 New Centre Dr,Wilmington,NC,28403,https://www.clearrunaptswilmington.com/
14314,Copper Terrace,6550 S Dayton St,Centennial,CO,80111,https://www.copperterraceapartments.com/?rccustomid=Mzc5Mjg%3d-PD8Nk26WIAE%3d&gad_source=1&gclid=EAIaIQobChMIzced0d6DhgMVG6VmAh3B2AVPEAAYASAAEgK2m_D_BwE
223579,Settler's Landing,725 Bridgeport Ave,Streetsboro,OH,44241,www.settlerslanding.com
44573,Windsor Manor,235 SE 165th Ave,Portland,OR,97233,www.windsormanorprinceton.com
258543,Alta Wren,3000 Orchid St,Cary,NC,27519,https://www.altawren.com/
7386,The Palms at South Mountain,4424 E Baseline Rd,Phoenix,AZ,85042,https://www.thepalmsatsouthmountain.com/
17728,West Park Village,11400 Rochester Ave,Los Angeles,CA,90025,https://www.esring.com/apartments/ca/los-angeles/west-park-village/
43549,Woodlake Park,9439 San Jose Blvd,Jacksonville,FL,32257,www.woodlakeparkapts.com
231263,Park at Meadow Ridge,2495 Meadow Ridge Ln,Montgomery,AL,36117,https://www.parkatmeadowridge.com/
48768,Tadousac,418 S 38th Ave,Omaha,NE,68131,http://www.classiccollectionaptstadousac.com/
244324,Canopy at Ginter Park,3200 Brook Rd,Richmond,VA,23227,https://www.canopyatginterpark.com?utm_source=realpage&utm_medium=referral&utm_campaign=cta
224120,N&E,107 13th Ave NE,Minneapolis,MN,55413,https://www.nandeapts.com/
275964,Aura,3240 W Harmon Ave,Las Vegas,NV,89103,https://www.auravegas.com/
55913,Arrive Wheaton,11215 Georgia Ave,Wheaton,MD,20902,https://www.arrivewheaton.com/
4903,Atria at Crabtree Valley,4601 Baymar Dr,Raleigh,NC,27612,www.atriaatcrabtreevalley.com
41539,Main Street Square,1001 Hayes Ln,Holly Springs,NC,27540,www.mainstreetsquareapartments.com
231755,Lowa46,4621 Snelling Ave,Minneapolis,MN,55406,https://www.lowa46.com/
289338,201 Walnut,201 Walnut Ave,Cranford,NJ,7016,https://www.201walnut.com/
239318,Legacy Fort Mill,700 Gates Mills Dr,Fort Mill,SC,29708,http://www.legacyfortmill.com/
13941,10X Woodway Square,1200 Winrock Blvd,Houston,TX,77057,https://www.10xwoodwaysquare.com/?utm_knock=gmb
239699,Hunters Run,4136 Falcon Pl,Waldorf,MD,20603,https://www.huntersruncharles.com/
14191,300 East Seventeenth,300 E 17th Ave,Denver,CO,80203,https://www.maxxproperties.com/co/denver/300-east-seventeenth/index.aspx
47502,Stonewater Apartments,11353 N Tazwell Dr,Louisville,KY,40241,https://www.stonewaterpark.com/
13905,Wesley St Clair,3350 Sweetwater Rd,Lawrenceville,GA,30044,http://www.wesleystclaire.com/
73715,Sussex West,34748 Lakeshore Blvd,Eastlake,OH,44095,https://www.sussexwestlife.com/
251395,Neon Local,99 S Broadway,Denver,CO,80209,https://www.rentneonlocal.com/
73112,Somerset Place,5009 N Sheridan Rd,Chicago,IL,60640,www.somersetplace-apartments.com
267573,Eastridge,5501 Ross Rd,Del Valle,TX,78617,https://www.eastridgeatx.com/
29505,Campo Basso,15923 Hwy 99,Lynnwood,WA,98087,http://www.campobassoapts.com/
18988,Canyon Run,1365 Broadway,El Cajon,CA,92021,http://www.canyonrunapartments.com/
58939,The Landings at Brooks City-Base,7803 S New Braunfels Ave,San Antonio,TX,78235,http://www.thelandingsatbrookscity-base.com/
63742,33Hundred,3300 Wells Branch Pkwy,Austin,TX,78728,http://www.33hundredapts.com/
272898,The Penhurst Collective,2800 N Wayzata Blvd,Minneapolis,MN,55405,https://www.thepenhurst.com/
22617,Barrington Lakes,2200 Hassell Rd,Hoffman Estates,IL,60169,https://barringtonlakes.groupfox.com/
246751,Park Place,240 Park Pl Blvd,Waxahachie,TX,75165,https://www.parkplacewaxahachie.com/
36779,Lauradale,2 Aragona Blvd,Jacksonville,NC,28540,https://www.brazoslauradale.com/
14097,The Maddox Sunnyvale,874 E El Camino Real,Sunnyvale,CA,94087,https://www.maddoxsunnyvaleapartments.com/
283191,Sumner Village,1414 Sumner Ave,Charleston,SC,29406,https://www.sumnervillageliving.com/
12124,Carrington Park,3001 Communications Pkwy,Plano,TX,75093,http://www.livecarringtonpark.com/
253304,Levante,14951 Foothill Blvd,Fontana,CA,92335,https://www.levanteapartmenthomes.com/
232548,Penstock Quarter I,5001 Libbie Mill E Blvd,Richmond,VA,23230,https://www.penstockquarter.com/
27096,The Summit at Avent Ferry,1025 Avent Hill,Raleigh,NC,27606,http://www.summitaventferry.com/
11805,Woodland Hills,3541 W Northgate Dr,Irving,TX,75062,http://www.thewoodlandhills411.com/
269311,Link Apartments Calyx,55 Maxwell Rd,Chapel Hill,NC,27517,https://www.linkapartmentscalyx.com/
67102,Marc San Marcos,1045 Armorlite Dr,San Marcos,CA,92069,http://www.marcsanmarcos.com/
229696,Waterford Manors,724 Overlook Cir Dr,Manchester,MO,63021,https://www.waterfordmanorslife.com/
229736,Beachwood Park Townhomes,1001 Beach Pointe Ave,Raleigh,NC,27604,http://www.beachwoodparkapts.com/
54958,1038 on Second,1038 Second St,Lafayette,CA,94549,https://1038onsecond.cmcrents.com/
40302,Glen Hills,6600 N Sidney Pl,Glendale,WI,53209,https://www.rentglenhills.com/
23169,Namaste,3355 Arville St,Las Vegas,NV,89102,https://www.namastelivinglv.com/
22351,Willamette Falls Court,2220 Gilman Dr,Oregon City,OR,97045,https://www.willamettefallsprinceton.com/
241538,Block 88,1304 NE 88th St,Vancouver,WA,98665,http://www.block88apts.com/
72144,Marbella,2500 Herndon Ave,Clovis,CA,93611,http://www.livingatmarbella.com
2339,Tall Timbers,13155 Woodforest Blvd,Houston,TX,77015,https://www.talltimbers-apts.com/
38494,Greenbrier Estates,100 Greenbrier Way,Slidell,LA,70460,https://www.wm-greenbrierestates.com/
788,The Courtyards of Chanticleer,1421 Automne Cir,Virginia Beach,VA,23451,http://www.courtyardsofchanticleer-prg.com/
264969,Plat 4 at Research Triangle,5510 Primary Dr,Durham,NC,27703,https://www.plat4living.com/
66977,Foundry Commons,868 S 5th St,San Jose,CA,95112,http://www.foundrycommons.com/
55168,Oak Park,4495 Pacifica Way NE,Salem,OR,97305,https://www.oakparkprinceton.com
24361,Del Norte Place Apartment Homes,11720 San Pablo Ave,El Cerrito,CA,94530,http://delnorteplace.mgproperties.com/
281767,YO,3201 Morgan Ford Rd,St. Louis,MO,63116,https://www.yo-stl.com/
26981,Parkside of South Tryon,605 Candler Ln,Charlotte,NC,28217,https://www.parksidesouthtryon.com/
37946,Park 44,4444 W Pine Blvd,St. Louis,MO,63108,https://www.park44apartments.com/
61725,Vista at Park Row,13710 Park Row,Houston,TX,77084,https://www.vistaatparkrow.com/
219158,The Herald,150 E Crowther Ave,Placentia,CA,92870,https://www.heraldapartments.com/
64513,Galleria Club,8680 Baymeadows Rd E,Jacksonville,FL,32256,http://www.cabanaclub.com/
53164,Arbor Pointe Townhomes,420 Arbor Pointe Dr,Battle Creek,MI,49037,www.arborpointe-townhomes.com
23170,Renaissance Villas,5419 W Tropicana Ave,Las Vegas,NV,89103,https://www.renaissancevillasapts.com/
37937,The View at Forest Park,4400 Lindell Blvd,St. Louis,MO,63108,https://www.theviewatforestpark.com/
298496,Scouter`s Mountain,11386 SE Pleasant Valley Pkwy,Happy Valley,OR,97086,https://www.scoutersmtn.com/
56762,Seventh West,1427 7th St,Santa Monica,CA,90401,https://www.seventhwestapartments.com/
13304,Avondale Overlook,2400 Queens Chapel Rd,Hyattsville,MD,20782,https://www.avondaleoverlook.com/
22347,Main Street Village,12650 SW Main St,Tigard,OR,97223,https://www.mainstreetapts.com/
12746,Sunset Canyon,2170 Thousand Oaks Dr,San Antonio,TX,78232,http://www.thesunsetcanyon.com/
46328,Ridge,2050 S Ridgewood Ave,South Daytona,FL,32119,https://www.elandisridge.com/
32307,Bear Valley Park,5775 W Dartmouth Ave,Denver,CO,80227,https://www.rentbearvalleypark.com/
226378,Chatwell Club,9175 Chatwell Club Ln,Davison,MI,48423,http://www.chatwellclub-apts.com/
38755,1287 Shoals,1287 Cedar Shoals Dr,Athens,GA,30605,https://www.1287shoals.com/
9798,Pear Ridge,4753 Old Bent Tree Ln,Dallas,TX,75287,https://www.pearridgeapts.com/
14386,Parc at Perimeter,6210 Peachtree Dunwoody Rd,Atlanta,GA,30328,https://www.parcwmp.com/
47523,Luma Apartments,2600 W Ina Rd,Tucson,AZ,85741,https://www.villageatthefoothills.com/?utm_knock=gmb
281751,The Franklin Marlboro,2 Jayden Rd,Marlboro,NJ,7746,https://www.thefranklinmarlboro.com/
266944,Trailside Verdae,180 Woodruff Rd,Greenville,SC,29607,https://www.rktrailside.com/
35695,Shoreham & Tides Lakeshore East,360 E South Water St,Chicago,IL,60601,https://www.shorehamtides.com/
2586,Altair,1361 W 9th Ave,Escondido,CA,92029,http://www.altairescondido.com/
49169,Pebble Creek,4805 Pebble Creek E,Shelby Township,MI,48317,https://www.pebblecreekapt.com/
267778,Gage On Sixth,601 S Shirley St,Tacoma,WA,98465,https://www.gageonsixth.com/
261739,The Pointe at Palm Bay,205 Valor Dr SE,Palm Bay,FL,32907,https://www.thepointeatpalmbay.com/
34981,Wilshire Margot,10599 Wilshire Blvd,Los Angeles,CA,90024,www.wilshiremargot.com
72099,Cliffs at Lone Mountain,10501 W Lone Mountain Rd,Las Vegas,NV,89129,https://www.cliffsatlonemountain.com/
77719,The Parks Apartments off Main,1508 Thomas Ave,Grandview,MO,64030,https://www.theparksoffmain.com/
26382,The Preserve at Woodfield,4700 Arbor Dr,Rolling Meadows,IL,60008,https://www.thepreserveatwoodfield.com/
73716,South Park Village,1300 S Park Way,Sanford,NC,27332,http://www.southparkvillagenc.com
233889,The CC,701 16th Ave,Seattle,WA,98122,https://www.lifeatcc.com/
267136,4400 Syracuse,4400 S Syracuse St,Denver,CO,80237,https://www.live4400syracuse.com/
14770,Brookmeadow Village,10300 Golden Meadow Dr,Austin,TX,78758,https://www.brook-meadow.com/
22306,Clackamas Trails,10411 SE Cook Ct,Portland,OR,97222,https://www.portland-oregon-apartments.com/
61963,Grand Oak at Town Park,110 Townpark Dr,Smyrna,TN,37167,http://www.grandoakattownpark.com/
78872,The Cosmopolitan,1717 Riverside Dr,Tulsa,OK,74119,https://www.wm-thecosmopolitan.com/
13376,Coachman Trails,1405 Olive Ln N,Plymouth,MN,55447,http://coachman.stuartco.com/
295542,Enclave Crystal Lake,111 E Crystal Lake Ave,Crystal Lake,IL,60014,https://www.liveenclavecrystallake.com/
39164,Graystone Hills,2010 Chadwick Dr,Jackson,MS,39204,https://www.graystonehillsapts.com/
300910,NEXTLoft,1376 Fording Island Rd,Bluffton,SC,29910,https://www.nextloftbluffton.com/
27583,Brookmore Apartments,189 N Marengo Ave,Pasadena,CA,91101,http://www.brookmoreapts.com/
294877,Aurora,5550 Promenade Point Pkwy,Madison,AL,35758,https://www.apartmentsmadisonal.com/
53511,River Oaks Rochester,3200 River Oaks Blvd,Rochester Hills,MI,48309,https://www.riveroaksrochesterhills.com
4939,Grove at St Andrews,716 Zimalcrest Dr,Columbia,SC,29210,www.groveatstandrews.com
67357,Artist Walk,3888 Artist Walk Common,Fremont,CA,94536,https://www.rentartistwalk.com/
67398,City View Vinings,3340 Cumberland Blvd SE,Atlanta,GA,30339,https://www.cityviewvinings.com/
35488,Three Lakes,12100 Willow Ln,Overland Park,KS,66213,https://www.threelakeskc.com/
72086,Maple Lane I,2001 Sugar Maple Ln,Elkhart,IN,46514,https://www.maplelaneapts.com/
26339,Cedar Pointe Townhomes,11229 Cedar Pointe Dr N,Minnetonka,MN,55305,www.cedarpointetownhomes.com
30892,Villas at Hannover,7305 Hannover Pkwy N,Stockbridge,GA,30281,www.liveatvillasapts.com
50902,Tall Timber,7378 Timber Dr,Cincinnati,OH,45241,https://www.talltimberapts.com/
17700,The Aspens Riverside,7955 Magnolia Ave,Riverside,CA,92504,https://www.theaspensriverside.com/
267143,The Clove,8004 Farnam Dr,Omaha,NE,68114,https://www.clove-omaha.com/?fbclid=IwAR2_VTPZjFFJ3343Bx47QopUfQj3xtlt7QbjVqoxtqmJL3DYpWEvgHUxnhs
264347,Flats at Shady Grove,1380 Piccard Dr,Rockville,MD,20850,https://www.flatsatshadygrove.com/
30928,Desert Club,6901 E Chauncey Ln,Phoenix,AZ,85054,https://arizona.weidner.com/apartments/az/phoenix/desert-club0/
56193,Vue 180,300 Riverboat Row,Newport,KY,41071,http://www.vue180.com/
63939,Yard,22 NE 2nd Ave,Portland,OR,97232,www.yardpdx.com
75126,Hawthorne House,2811 Loop 250 Frontage Rd,Midland,TX,79705,http://www.hawthornehouseapartmenthomes.com
273108,Avilla Palomino,5023 W Peoria Ave,Glendale,AZ,85302,https://www.avillapalomino.com/
36094,MetroPointe,11175 Georgia Ave,Wheaton,MD,20902,http://www.metropointeapts.com/
63596,Lyra on McKinney,4209 McKinney Ave,Dallas,TX,75205,https://www.lyraonmckinney.com/
264273,Stanza Little Italy,310 A St,San Diego,CA,92101,https://www.stanzalittleitaly.com/
224500,South of Atlantic,151 SE 3rd Ave,Delray Beach,FL,33483,https://www.southofatlantic.com/
235507,The Barrington,7255 Guider Dr,Woodbury,MN,55125,http://www.mybarringtonapts.com/
17186,The Park at Tivoli,12903 Sugar Ridge Blvd,Stafford,TX,77477,https://www.theparkattivoli.com/
19777,Glen at North Creek,12115 Meridian Ave S,Everett,WA,98208,https://www.glenatnorthcreek.com/?utm_source=GMB&utm_medium=organic
58950,Meridian at Harrison Pointe,2000 Banyon Grove Loop,Cary,NC,27513,http://www.meridianatharrisonpointe.com/
224679,Terrace on the Lake,2421 Bentzen Cir,Anchorage,AK,99517,https://alaska.weidner.com/apartments/ak/anchorage/terrace-on-the-lake-0/index.aspx?rcstdid=MzI%3d-GJOvflXLv8M%3d&_yTrackUser=NzYxOTE2Njk2IzExNDQ4NzU3-eD08p1zYyK0%3d&_yTrackVisit=MTM4NTU2Mzg5NCMyMDkyODA1MDMw-koOgjzntCHU%3d&_yTrackReqDT=28352320201004
42368,The Broadview Apartments,105 W 39th St,Baltimore,MD,21210,http://www.broadviewapartments.com/
67340,Gateway Oaks,1105 Gateway Blvd,Forney,TX,75126,www.gatewayoaksapartments.com
253743,Walcott Jeffersonville,222 W Maple St,Jeffersonville,IN,47130,https://www.thewalcottjeffersonville.com/
18942,Embassy,2721 Kings Way,Las Vegas,NV,89102,https://www.wyandotteliving.com/
25563,The Hudson,1425 P St NW,Washington,DC,20005,https://www.thehudsondc.com/
13377,Plantation,2425 Sage Rd,Houston,TX,77056,https://www.plantationapartmenthomes.com/
40584,Regency Park North,140 Cronin Rd,Queensbury,NY,12804,www.regencyparknorth.com/
60941,Link Brookstown,150 Peters Creek Pkwy,Winston-Salem,NC,27101,https://www.linkbrookstown.com/
253887,Pinnacle Heights,5100 W Park Ave,Rogers,AR,72758,https://www.pinnacleheightsapartments.com/
10929,Highland Park Apartments,5836 Highland Park Dr,Fort Worth,TX,76132,www.hpluxuryapts.com
50384,Fairwood Apartments,9 Winding Brook Dr,Guilderland,NY,12084,https://www.fairwoodapartments.com/
37791,Delta Pointe,1560 Waterwheel Dr,Sacramento,CA,95833,www.sacramentocaliforniaapartments.com
272903,The Sterling at Prairie Trail North,1108 SW 11th St,Ankeny,IA,50023,https://www.sterlingprairietrailnorth.com/
74121,Belara Lakes Apartments,8402 N Waterford Ave,Tampa,FL,33604,http://www.belaralakesapartments.com/
1337,Papago Crossing,4530 E McDowell Rd,Phoenix,AZ,85008,https://www.papagocrossingapartments.com/
255766,Altis Blue Lake,6615 Waterfront Crossing,Lake Worth,FL,33467,https://www.altisbluelake.com/
35846,Granite Point,4500 Truxel Rd,Sacramento,CA,95834,www.granitepointapts.com
56988,Prairie Creek Apartments and Townhomes,9395 Scarborough St,Lenexa,KS,66219,https://www.prairiecreekapartments.com/
3345,Enclave at Paradise Valley,4502 E Paradise Vlg Pkwy S,Phoenix,AZ,85032,https://www.enclaveaz.com/
60660,Ovation at Lewisville,2250 S Valley Pkwy,Lewisville,TX,75067,www.ovationatlewisville.com
43736,Twin Creeks,11480 SE Sunnyside Rd,Clackamas,OR,97015,http://www.twincreeksapartments.com
44669,Commons at Dawson Creek,2111 NE Shute Rd,Hillsboro,OR,97124,http://www.commonsatdawsoncreek.com/index.aspx
39295,The Abigail Apartments,821 S Polk St,DeSoto,TX,75115,https://www.livetheabigailapts.com/
37269,Domaine at Villebois,28900 SW Villebois Dr N,Wilsonville,OR,97070,https://domaineatvillebois.mgproperties.com/
78079,Vora Mission Valley I,4440 Twain Ave,San Diego,CA,92120,https://www.voramissionvalley.com/
23151,Carlton Heights Villa,9705 Carlton Hills Blvd,Santee,CA,92071,https://www.carltonheightsvillasapts.com/
42361,Winston Apartments,1260 Rossiter Ave,Baltimore,MD,21239,https://www.liveatwinston.com/
277788,The Isley at Windsor Hill,8251 Windsor Hill Blvd,North Charleston,SC,29420,https://www.isleyatwindsorhill.com/?https://www.isleyatwindsorhill.com?rccustomid=NjUyMTc%3D-aLJQze4aKos%3D&utm_source=obl&utm_medium=organic
39706,800 Carlyle,800 John Carlyle St,Alexandria,VA,22314,https://www.800carlyle.com/
23167,Tides on Cambridge,3675 Cambridge St,Las Vegas,NV,89169,https://www.tidesoncambridge.com/
5303,The Sonoran Apartment Homes,13625 S 48th St,Phoenix,AZ,85044,https://thesonoran.mgproperties.com/
276905,Overlook at Mill Creek,1852 Auburn Rd,Dacula,GA,30019,https://www.overlookatmillcreekhomes.com/
30567,Amerige Pointe,1001 Starbuck St,Fullerton,CA,92833,www.amerigepointe.com
6281,Wildwood,7610 Cameron Rd,Austin,TX,78752,http://www.wildwoodaustin.com/
34661,San Paloma,1255 Eldridge Pkwy,Houston,TX,77077,www.sanpaloma-houston.com
253120,Morea,601 N Federal Hwy,Pompano Beach,FL,33062,https://www.moreaapartments.com/
35742,Brentmoor,2080 Brentmoor Dr,Raleigh,NC,27604,https://www.brentmoor-apartments.com/
33471,Mills Crossing,25 Pittston Cir,Owings Mills,MD,21117,www.liveatmillscrossing.com
22143,Bainbridge Park,6900 Foxthorn,Canton,MI,48187,https://www.bainbridgeparkapartments.com/
23529,Pointe Luxe,3889 Midway Dr,San Diego,CA,92110,https://www.pointeluxe.com/
69153,Axis Hamilton,5039 Hamilton Wolfe Rd,San Antonio,TX,78229,https://www.axishamilton.com/
42384,The Groves at 665,6049 Rings Ave,Grove City,OH,43123,www.groves665.com
6485,Skye At Conway,3149 Landtree Pl,Orlando,FL,32812,https://www.skyeatconway.com/
60125,Cumberland Links,130 Cumberland Way,Pataskala,OH,43062,https://www.cumberlandlinksapts.com/
53752,East Park Gardens Apartments,199 Francis L Cadden Pkwy,Harrisburg,PA,17111,http://eastpark.rentpmi.com/
34709,Masons Keepe,9000 Landings Dr,Manassas,VA,20109,https://www.masonskeepe.com/
236930,Anthem PDX,1313 E Burnside St,Portland,OR,97232,https://www.anthempdx.com/
236170,Maddox,995 N Marine Dr,Portland,OR,97217,https://www.maddoxapartments.com/
63549,The Lofts at River East,445 E Illinois St,Chicago,IL,60611,http://www.theloftsatrivereast.com/
38543,Las Brisas Luxury Apartment Homes,901 Hidden Valley Dr,Round Rock,TX,78665,www.lasbrisasroundrock.com
247179,Lerner Parc at Gatlin Commons,1900 SW Aledo Ln,Port St Lucie,FL,34953,https://livelerner.com/lerner-parc-at-gatlin-commons/
33291,The Place at Edgewood,550 N Harrison Rd,Tucson,AZ,85748,https://www.theplaceatedgewood.com/
220581,Hampshire Village,1319 Merrimac Dr,Hyattsville,MD,20783,http://hampshirevillage.com/
219446,The Cantata,801 3rd St NW,Washington,DC,20001,https://www.livecantata.com/
23570,Heritage Park,555 E Washington Ave,Sunnyvale,CA,94086,http://www.liveatheritageparkapts.com/
136,Ridgewood Club,4594 Wicklow Pl,Virginia Beach,VA,23452,https://www.ridgewoodclub.com/
272574,Strawberry Court,1060 Columbia Ave,Marysville,WA,98270,https://www.strawberrycourt.com/floorplans.aspx
25038,Grammercy,17425 120th Ln SE,Renton,WA,98058,www.liveatgrammercy.com
64756,Brez at Atlantic Crossing,269 SE 5th Ave,Delray Beach,FL,33483,https://www.livebrez.com/
73761,Cherryblossom Way,6364 Rippey Cir,Reynoldsburg,OH,43068,https://cherryblossomwaytownhomes.midohiodevelopment.com/?rcstdid=MzI%3d-GJOvflXLv8M%3d&_yTrackUser=OTA1NDIyMDM1IzE3NTk0ODY1NzQ%3d-atfSYdUTUEo%3d&_yTrackVisit=MTYzNjQwMDExOSMxNTQ3MDYxNjUx-1nY7a0wkOck%3d&_yTrackReqDT=39031520200309
274173,The Residences At Career Gateway,755 E Whittier St,Columbus,OH,43206,https://www.residencesatcareergateway.com/
274909,The Sinclair II,414 SW Hayworth Dr,Port Orchard,WA,98367,https://www.thesinclair.com/
290347,29 Washington,29 Washington Ave,Carteret,NJ,7008,https://www.29washington.com/
292915,The Yarra II,1022 S Graycroft Ave,Madison,TN,37115,https://www.theyarranashville.com/
69565,Marina Key,913 Lake Shore Dr,Lake Park,FL,33403,http://marinakeyliving.com/
243555,Emerald,215 W 14th St,Los Angeles,CA,90015,https://www.theemeralddtla.com/
232376,Carriage Way Apartments,1405 S Coachlight Dr,New Berlin,WI,53151,http://www.carriagewayapts.com/
300327,Flats on 10th,3300 Schlosser Farm Way,Jeffersonville,IN,47130,https://flatson10th.com/
224563,Highlands at Huckleberry II,535 Blackrock Dr,Blacksburg,VA,24060,https://www.highlandsapartmentsva.com/
69558,Spring Hill Apartments,767 Springfield Ave,Summit,NJ,7901,https://www.goldberg-realty.com/spring-hill-apartments/default.aspx?_yTrackUser=NjYxMjI5OTY5IzE0NTQ0NTc5MTc=-lDwvxVr1Jx8=&_yTrackVisit=MTQ4NjYyNzQ2OCM2NDQ2Nzc2ODg%3d-W7HwJRKaxxE%3d&_yTrackReqDT=05551420201206
244906,Sterling Heights,2010 27th St SE,St. Cloud,MN,56304,https://sterlingheights-stcloud.com/
294552,Red Hawk Laurel Grey,2031 NE Holliday Ave,Bend,OR,97701,https://www.redhawklaurelgrey.com/
31564,The 1856 Apartments,1703 S I-35 South Frontage Rd,San Marcos,TX,78666,https://www.the1856apartments.com/
37712,The Enclave,507 NE Northgate Way,Seattle,WA,98125,https://www.enclavenorthgate.com/
265892,34 Eden River Park,34 Eden Ln,Whippany,NJ,7981,https://www.34edenrentals.com/
33127,The Cascades at Clear Lake,10770 Clear Lake Loop,Fort Myers,FL,33908,https://www.cascadesatclearlake.com/
239536,Cheateau Vincennes,18541 Vincennes St,Northridge,CA,91324,http://www.chateauvincennesapts.com/
258119,Timber Falls,120 Mary Ann Rd,Beaver Dam,WI,53916,https://timberfallsapartments.com/
268592,Jasper House,1825 E Boston St,Philadelphia,PA,19125,https://live.jasperhousephl.com/
273944,The Langston,1818 7th St NW,Washington,DC,20001,https://www.livethelangston.com/
279311,The Doris on Main,930 Main St,Wheeling,WV,26003,https://thedorisonmain.wodagroup.com/?rcstdid=MzI%3d-GJOvflXLv8M%3d&_yTrackUser=MjQwMTY0ODIxOSM2MTYxNDU4NDM%253d-XclyVWwlgkA%253d&_yTrackVisit=NDAzMzMwMTg4NyMxNjk4MjI3MDM3-Empv2Qgub3c%253d&_yTrackReqDT=00112120231608
278383,The Daniels at Northern Gateway,842 Market St,Saukville,WI,53080,https://www.thedanielsatnortherngateway.com/
23540,Park West Club,1621 Park W Dr,Monroe,MI,48162,https://www.myparkwestclub.com/
50263,Berkley Commons Apartments,8201 Madison Ave,Indianapolis,IN,46227,https://www.berkleycommonsbyelon.com/
220593,Eagle Creek Court,2148 Augusta Dr E,Speedway,IN,46224,https://www.eaglecreekcourtapts.com/
78713,Amorance,2001 Commerce St,Alpharetta,GA,30009,https://www.liveamorance.com/
3370,Mariners Green,12711 Nettles Dr,Newport News,VA,23606,http://www.marinersgreenapartments.com/
252019,Crawford,2050 8th St,Detroit,MI,48216,https://www.eltonparkcorktown.com/buildings/crawford/.
3132,Quimby on 23rd,320 23rd St S,Arlington,VA,22202,https://www.quimbyapts.com/
29489,The Joplin at Crestview Apartments,7401 N Lamar Blvd,Austin,TX,78752,https://www.joplinatcrestview.com/
72991,Sunflower,3114 Byron Center Ave SW,Wyoming,MI,49519,https://www.sunflower-apartments.com/
1973,Rosslyn Heights,1800 N Quinn St,Arlington,VA,22209,http://www.rosslynheights.com/
281770,St. Clair Terrace,958 St Clair St,Hagerstown,MD,21742,https://www.theapartmentgallery.com/communities/st-clair-terrace#k=90237
240595,Stockbridge Trails,319 E Hill Pkwy,Madison,WI,53718,https://www.stockbridgetrailsapartments.com/
295360,The Crosby,3998 E Hardy St,Inglewood,CA,90303,https://hollywoodparklife.com/thecrosbyapts/
243922,507 West Chelsea,507 W 28th St,New York,NY,10001,http://www.507westchelsea.com/
7187,Fairways on Green Valley,1851 N Green Valley Pkwy,Henderson,NV,89074,www.fairwaysongreenvalleylv.com
40335,Oak Hill,500 Irishtown Rd,North Versailles,PA,15137,https://brandywinecommunities.com/properties/oak-hill-apartments/
54194,Alpine Loft,601 Chestnut St,Windsor,CO,80550,https://www.liveatalpinelofts.com/alpine-lofts-windsor-co/
239094,Zander Place,1300 Main St,Cross Plains,WI,53528,http://www.zanderplace.com/
68284,Larq Henderson,1945 Bennett Ave,Dallas,TX,75206,http://alexanhenderson.com/
28174,Pinewoods Circle,34200 Pinewoods Cir,Romulus,MI,48174,http://www.pinewoodsvillage.com/
23528,Solana Mar,309 N Solana Hills Dr,Solana Beach,CA,92075,https://www.solanamar.com/
15733,Greenhouse,1220 Deerpark Dr,Fullerton,CA,92831,https://www.greenhouseapartmenthomes.com/
32983,215 C Street,215 C St SE,Washington,DC,20003,https://www.215cstreet.com/
22658,Country Ridge Townhomes,6710 Shady Pine Ln,Saginaw,MI,48603,https://www.countryridge.com
43094,Grandview Pointe,1939 Green Rd,Cleveland,OH,44121,www.grandviewleasing.com
225914,Fox Glen,6301 Fox Glen Dr,Saginaw,MI,48638,www.foxglen-apts.com
58725,One Dallas Center,350 North St. Paul Street,Dallas,TX,75201,https://www.1dallascenterapartments.com/one-dallas-center-dallas-tx-1/?utm_knock=gmb
78956,Redwood Tipp City,3044 Burgoyne Ct,Tipp City,OH,45371,https://www.byredwood.com/apartments/oh/tipp-city/redwood-tipp-city/index.aspx?_yTrackUser=NjIxNjkzMzg5IzE0NTYxODg2MjI%3d-kHnq9BpWo8I%3d&_yTrackVisit=MTE0MTU4NTEwMyMxNzI5MDU1OTEx-vgtN9tu3XkY%3d&_yTrackReqDT=54121520192609
52725,North Pointe,3688 Northpointe Dr,Holland,MI,49424,https://www.landcoapartments.com/north-pointe-apartments/
239397,Soco On The Lake,222 E Riverside Dr,Austin,TX,78704,http://www.socoapartments.com/
2594,The Reserve At Capital Center,3466 Data Dr,Rancho Cordova,CA,95670,https://www.elevatetosequoia.com/apartments/ca/rancho-cordova/reserve-at-capital-center-apartment-homes/
12397,Park at Idlewild,1850 Idlewild Dr,Reno,NV,89509,https://www.parkatidlewild.com/
2598,Shore Park at Riverlake,7952 Pocket Rd,Sacramento,CA,95831,https://www.elevatetosequoia.com/apartments/ca/sacramento/shore-park-at-riverlake/
58452,Enclave at Brookside,1414 E 39th St,Tulsa,OK,74105,https://oklahoma.weidner.com/apartments/ok/tulsa/the-enclave-at-brookside/
269594,Marlowe Place,1226 Bexton St,Charlotte,NC,28273,https://livemarloweplace.com/home
247383,Vanguard at 16 Tech,1410 Breedlove Ln,Indianapolis,IN,46202,https://www.vanguardat16tech.com/
33571,Saunders Crossing,11 Diamond St,Lawrence,MA,1843,http://www.saunderscrossing.com/
35358,Fieldstone Farm,800 Hydric Ct,Odenton,MD,21113,http://www.fieldstonefarmapts.com/
35365,Independence Place,75 Independence Way,Cranston,RI,2921,www.independenceplaceapts.com
9587,Nova Apartment Homes,9703 Dale Crest Dr,Dallas,TX,75220,https://www.liveatnovadallas.com/
31403,Pine Valley,1000 Spyglass Dr,Elkton,MD,21921,http://www.pinevalleyapts.com/
64297,Rumney Flats,83 Ward St,Revere,MA,2151,https://www.rumneyflats.com/
63961,Velo on the Boulevard,460 E 400 S,Salt Lake City,UT,84111,https://utah.weidner.com/apartments/ut/salt-lake-city/velo-on-the-boulevard/?rcstdid=Mg%3D%3D-YRjTEizZPgM%3D
66945,North & Line,385 N Angier Ave NE,Atlanta,GA,30308,http://northandline.com/
54758,Marquis on Evans,1234 Evans Rd,San Antonio,TX,78258,https://www.cwsapartments.com/apartments/tx/san-antonio/marquis-on-evans/
14117,Marquis at Great Hills,10050 Great Hills Trl,Austin,TX,78759,www.mqgreathills.com
255143,Solaire 7607,7607 Old Georgetown Rd,Bethesda,MD,20814,https://www.solaire7607.com/
71151,Roosevelt Row,330 E Roosevelt St,Phoenix,AZ,85004,https://arizona.weidner.com/apartments/az/phoenix/roosevelt-row/index.aspx?rcstdid=MzI%3d-GJOvflXLv8M%3d&_yTrackUser=NjkxODcwMzIwIzEyNzQyNzcwOTY%3d-4lS5yJ7cTlQ%3d&_yTrackVisit=MTI2MjU0ODY5OCMxOTc4OTQyOTAx-Yckq%2fVitbV0%3d&_yTrackReqDT=52242320200801
283179,Promenade Flats,1330 Meeting St,Evansville,IN,47715,https://promenade-flats.com/
16969,Hidden Hills,30041 Tessier St,Laguna Niguel,CA,92677,https://www.elevatetosequoia.com/apartments/ca/laguna-niguel/hidden-hills-condominium-rentals/
34554,Uptown II,3636 McKinney Ave,Dallas,TX,75204,https://texas.weidner.com/apartments/tx/dallas/the-uptown-1/index
58735,Westwood Terrace,11139 Culebra Rd,San Antonio,TX,78253,https://www.westwoodterraceliving.com/
21347,River Oaks,1000 Allison Dr,Vacaville,CA,95687,https://www.elevatetosequoia.com/apartments/ca/vacaville/river-oaks-apartment-homes/
4160,Preserve at City Center,1098 S Evanston Way,Aurora,CO,80012,www.preserveatcitycenter.com
1786,Austin Midtown,2819 Foster Ln,Austin,TX,78757,http://www.austinmidtownapts.com/
18592,Falcon Run,3488 W Quincy Ave,Englewood,CO,80110,https://www.falconrunapartments.com/
281982,Southton,14050 Southton Rd,Elmendorf,TX,78112,https://www.southtonapts.com/
8585,The Trails,4912 Paces Trail,Arlington,TX,76017,https://www.thetrailsarlington.com/
70979,Valor,1150 Noble Way,Fredericksburg,VA,22401,http://www.valorapartments.com/
40144,Riverside Villas,8828 Old Denton Rd,Fort Worth,TX,76244,http://www.liveatriversidevillas.com
74730,Sierra Verde Apartments,2600 E Idaho Ave,Las Cruces,NM,88011,http://www.sierraverdeapts.com/
69760,Lakeside Village,1701 Ellis Lake Dr,Marysville,CA,95901,https://lakesidevillagemarysville.com/
6454,Welleby Lake Club Apartments,10931 NW 39th St,Sunrise,FL,33351,https://www.staywelleby.com/
37939,965 Elms Apartments,965 Elm Commons Dr,Rocky Hill,CT,6067,https://www.965elms.com/
284552,Flats at Haywood,75 Mall Connector Rd,Greenville,SC,29607,https://www.flatsathaywood.com/?utm_knock=g
59959,Gold Crossing,10890 Coloma Rd,Rancho Cordova,CA,95670,https://www.goldcrossingliving.com/
64243,Plantation Park,100 Cactus St,Lake Jackson,TX,77566,www.plantationparkapts.com
241323,Morningside Creek I,410 Bell Ave,Sacramento,CA,95838,www.morningsidecreekapts.com
76982,The Pointe at Texarkana,2700 Woodland Rd,Texarkana,AR,71854,http://www.pointetexarkana.com/
67689,Adara Overland Park,13401 Westgate St,Overland Park,KS,66213,https://www.adaraoverlandpark.com/
32597,M Street,950 Marietta St NW,Atlanta,GA,30318,http://www.mstreetatlanta.com/
231754,Park 151,151 N 1st St,Cambridge,MA,2141,https://www.park151.com/
265566,Piper,467 West Ave,Norwalk,CT,6850,https://www.liveatpiper.com/
241981,Hills At Sandy Station,132 E Sego Lily Dr,Sandy,UT,84070,www.hillsatsandystation.com
72195,North Pointe,3330 Northpointe Blvd,Elkhart,IN,46514,http://www.edwardrose.com/communities/north-pointe-apartments
234783,The Highlands at Hilltop II,100 White Rock Rd,Verona,NJ,7044,http://www.highlandsathilltop.com/
225099,Desert Horizon,16636 N 58th St,Scottsdale,AZ,85254,https://arizona.weidner.com/apartments/az/scottsdale/desert-horizon/?utm_source=google&utm_medium=organic&utm_campaign=gmb
254353,Cirro King of Prussia,625 S Goddard Blvd,King of Prussia,PA,19406,https://www.cirrokingofprussia.com/
77383,19 East,19 E 19th St,Bayonne,NJ,7002,http://live19east.com/
64068,Riverplace,201 Deann Dr,Independence,OR,97351,www.riverplacecr.com
62157,Vim + Vigor Lofts I,1303 N 10th St,Milwaukee,WI,53205,https://wisconsin.weidner.com/apartments/wi/milwaukee/vim-vigor-lofts/index.aspx
46372,The Reserve at Maryville,100 Enterprise Way,Maryville,TN,37801,http://www.reserveatmaryville.com/
259357,Cypress McKinney Falls,7000 Janes Ranch Rd,Austin,TX,78744,https://www.cypressmckinneyfalls.com/
36788,Rivercrest,3320 Rivercrest Dr,Melbourne,FL,32935,https://richmanpropertyservices.com/locations/rivercrest/
235187,The Beverly,123 Brackenridge Ave,San Antonio,TX,78209,https://www.thebeverlysanantonio.com/?utm_knock=gmb
288197,Redwood Copley Heritage Woods Drive,581 Amber Ln,Copley,OH,44321,https://www.byredwood.com/apartments/oh/copley/redwood-copley-heritage-woods-drive/
61389,The Place at Creekside II,9971 E Speedway Blvd,Tucson,AZ,85748,https://www.theplaceatcreekside.com/?utm_knock=gmb
265951,Populus Westside,1315 Northwest Dr NW,Atlanta,GA,30318,https://www.populuswestsideapts.com/
46047,Hebron 121 Station I,1 Hebron Station Cir,Lewisville,TX,75057,http://www.hebron121apts.com
282555,Ashford Villas,2209 Ashford Villa Cir,Chattanooga,TN,37421,https://ashfordvillasapts.com/
60172,Waters Edge,340 W Lehigh St,Bethlehem,PA,18018,http://www.watersedgeaptspa.com/
224940,The Residences at 200 Edmund,440 Alfred St,Detroit,MI,48201,https://www.theresidencescitymodern.com/
24982,Fisher Building,343 S Dearborn St,Chicago,IL,60604,https://www.cityclubapartments.com/usa/chicago-il/downtown/fisher-building-city-club/?lvcode=890940
40554,The Alcott,1221 N Pierce St,Arlington,VA,22209,https://www.bozzuto.com/apartments-for-rent/va/arlington/the-alcott/?utm_source=GoogleLocalListing&utm_medium=organic&utm_campaign=TheAlcott_GoogleLocalListing
37336,The Enclave,5555 E 14th St,Tucson,AZ,85711,https://www.liveatenclaveapts.com/
267147,Flats at Dublin Commons,6380 Dublin Sunrise View,Colorado Springs,CO,80923,https://www.crldublinflats.com/
277774,Redwood Superior Township,1725 Cardiff Row,Superior Charter Township,MI,48198,https://www.byredwood.com/apartments/mi/superior-township/redwood-superior-township/
19530,The Hampton,103 Weatherstone Dr,Fayetteville,NC,28311,https://www.brazosthehampton.com/
53345,Oak Shores,2325 W Briar Lake Way,Oak Creek,WI,53154,https://www.edwardrose.com/communities/oak-shores-apartments
259796,The Hamilton,601 Press Pl,Nashville,TN,37208,https://www.hamiltonandhumehouse.com/the-hamilton
224995,Cameron,1706 Vineyard Dr N,Wilson,NC,27893,https://www.brazoscameron.com/
253797,Ely at Fort Apache,5055 S Fort Apache Rd,Las Vegas,NV,89148,https://www.elysianliving.com/property/ely-at-fort-apache
27950,Marquis Parkside,12820 N Lamar Blvd,Austin,TX,78753,https://www.marquisparkside.com/?utm_medium=organic&utm_source=google&utm_campaign=gbp-website-button
7191,Bristol at Sunset,2001 Ramrod Ave,Henderson,NV,89014,https://bristolatsunset.mgproperties.com/
6147,Spark Pax River,46860 Hilton Dr,Lexington Park,MD,20653,https://besparkliving.com/spark-pax-river/
14749,Woodland Commons,22 Forest Cir,Newnan,GA,30265,https://www.woodlandcommonsnewnan.com/
28152,Fountain Plaza,190 Ryland St.,San Jose,CA,95110,http://www.liveatfountainplaza.com
32962,Harbor Creek,501 Harbor Creek Pkwy,Canton,GA,30115,https://www.harborcreekapts.com/
18379,Bromley House,6901 Old York Rd,Philadelphia,PA,19126,https://www.lindyproperty.com/property/bromley-house/
300551,AVIA Liberty Ridge,8365 Dix Ellis Trail,Jacksonville,FL,32256,https://www.avialibertyridge.com/
33993,City Club Apartments MDA,63 E Lake St,Chicago,IL,60601,https://www.cityclubapartments.com/
269366,Luxor Lansdale,117 S Broad St,Lansdale,PA,19446,https://www.luxorlansdaleapartments.com/
218177,Mill & Main,501 SE Main St,Minneapolis,MN,55414,www.millandmain.com
258173,565 Hank,565 Hank Aaron Dr SE,Atlanta,GA,30312,https://www.565hankbywindsor.com/
3332,Crossdale Flats,2105 Bogarde St,Durham,NC,27705,https://www.crossdaleflatsapts.com/?utm_knock=gmb
254583,Montreux,5550 E Deer Valley Dr,Phoenix,AZ,85054,https://www.rentmontreux.com/
234971,Paladia,7225 Crescent Park W,Playa Vista,CA,90094,https://www.theventanaapartments.com/
69396,Lodge at Porter Ranch,10631 Lindley Ave,Northridge,CA,91326,https://www.lindley-apt.rentals/
62953,Marq on Burnet,6701 Burnet Rd,Austin,TX,78757,https://www.marqonburnet.com/
61509,1000 Grant The Burnsley,1000 Grant St,Denver,CO,80203,https://redpeak.com/apartments/1000-grant-the-burnsley/
28596,Stonehill at Pipers Creek,7940 Pipers Creek St,San Antonio,TX,78251,http://www.stonehillatpiperscreek.com/
40743,Met Spires,233 St Helens Ave,Tacoma,WA,98402,https://www.metspires.com/
288751,Palmer House,240 Stadium Way,Madison,AL,35758,https://www.palmerhouseapts.com/
30387,Parkwood,26435 104th Ave SE,Kent,WA,98030,https://www.theparkwoodapthomes.com/
263398,Novel Harpeth Heights,615 Old Hickory Blvd,Nashville,TN,37209,https://www.novelharpethheights.com/
262763,Magnolia Grove,551 Crossroads Pkwy,Terrell,TX,75160,https://www.magnoliagroveapartments.com/
77551,Woodin Creek Village,17255 135th Ave NE,Woodinville,WA,98072,https://woodincreekvillage.com/
218893,Volta at Voyager I,11275 Nahcolite Pt,Colorado Springs,CO,80921,https://www.voltaatvoyager.com/volta-at-voyager-colorado-springs-colorado/
1352,Pinebrook,109 Pine Knoll Dr,Ridgeland,MS,39157,https://www.northbrookandpinebrookridgeland.com/
73786,Pickwick Farms,1540 Handball Ln,Indianapolis,IN,46260,http://www.pickwickfarms-apartments.com/
2360,Prairie Shores,2937 S King Dr,Chicago,IL,60616,http://www.liveprairieshores.com
57976,One India Street,1 India St,Boston,MA,2109,https://www.oneindiastreetapartments.com/
37071,Summerwood on Towne Line,2520 Summer Dr,Indianapolis,IN,46268,www.summerwoodindy.com
33308,Washington Park Apartments,1431 Washington Blvd,Detroit,MI,48226,https://washingtonparkdetroit.com/
281182,Moss Creek,582 Roberts Dr,Riverdale,GA,30274,https://mosscreekga.com/
231933,RT Dairies,777 Memorial Dr SE,Atlanta,GA,30316,https://rtdairies.com/
15536,Ballston Place,901 N Pollard St,Arlington,VA,22203,https://www.akelius-properties.us/ballston-place/
3912,Stratford Village,2000 London Town Ln,Montgomery,AL,36117,https://www.stratfordvillageapartments.com/
23971,Tuscany Bay,12065 Tuscany Bay Dr,Tampa,FL,33626,https://www.tuscanybayaptstampa.com/
77994,Redwood Sugarcreek Township,4339 Callalily Dr,Sugarcreek Township,OH,45459,https://www.byredwood.com/apartments/oh/sugarcreek-township/redwood-sugarcreek-township/
279152,The Vickery,700 W Vickery Blvd,Fort Worth,TX,76104,https://www.vickeryfw.com/
68133,Stoneplace Apartments I & II,872 W Main St,Molalla,OR,97038,https://www.stoneplaceapts.us/
75111,City Parc at the Ranch,2314 Kaliste Saloom Rd,Lafayette,LA,70508,https://www.liveatcityparc.com/
39901,Landings,501 Fairways Dr,Vicksburg,MS,39183,www.thelandingsvicksburg.com
256914,The Reserve at Rivington,12000 Reserve Manor Cir,Chester,VA,23831,http://www.rivingtonvaapts.com/
222950,Meadows on Graystone,5509 S Graystone Ave,Sioux Falls,SD,57108,https://www.meadowsongraystone.com/
44395,225 Grand,225 Grand St,Jersey City,NJ,7302,https://www.225grandstreet.com/
13990,Sunset Gardens,7400 SW 107th Ave,Miami,FL,33173,https://www.livesunsetgardens.com/
5528,The Monroe on Monterey,1635 Monterey Dr NE,Palm Bay,FL,32905,https://themonroepalmbay.com/
275900,Aria,1861 Stella Ln,Fort Walton Beach,FL,32548,https://www.liveatthearia.com/
252794,Vintage Station North,2099 N Mt Juliet Rd,Mt. Juliet,TN,37122,https://www.stationnorthapts.com/
88115,HighPoint Town Square,160 S Highpoint Dr,Romeoville,IL,60446,https://marquettemanagement.reslisting.com/highpoint-town-square/floorplans.aspx
72743,Della Plaza,500 Della Dr,North Versailles,PA,15137,https://brandywinecommunities.com/properties/della-plaza/
222553,The Columns at Bear Creek,11931 Cassandra St,New Port Richey,FL,34654,http://www.thecolumnsatbearcreek.com/
30756,The Van Buren Luxury Apartments,625 N Van Buren Ave,Tucson,AZ,85711,http://www.vanburenapts.net/
287790,Article No. 7,2515 7th Ave E,North St Paul,MN,55109,https://www.articleno7.com/
16189,Miramar,1301 15th St NW,Washington,DC,20005,https://www.miramar-apartments.com/
262557,The Oaks at Copper Chase,3145 Honey Run Dr,York,PA,17408,https://www.larkenassociates.com/residential-rentals/the-oaks-at-copper-chase
23798,The Columns at Hiram,6736 Bill Carruth Pkwy,Hiram,GA,30141,https://www.thecolumnsathiram.com/
257372,The 52,8511 Myslak Wy,Pensacola,FL,32526,https://liveinspirepensacola.com/
90544,The Woods at Alderwood,3101 184th St SW,Lynnwood,WA,98037,https://thewoodsatalderwood.com/
23534,Chateau Spring Hill,4341 Spring St,La Mesa,CA,91941,https://www.springhill-apt.rentals/
253358,The Carter,2149 Anderson Gibson Rd,Grapevine,TX,76051,https://www.cartergrapevine.com/#/
64111,Vivian,75 Sterling Blvd,Englewood,NJ,7631,http://vivianliving.com/
67146,Aria at Millenia,5000 Millenia Palms Dr,Orlando,FL,32839,https://ariaatmillenia.com/
235512,Mariners Village,7135 Islander Dr,Indianapolis,IN,46214,https://www.marinersvillageindy.com/
252518,Aqua Palm Bay,2155 Robert J Conlan Blvd NE,Palm Bay,FL,32905,https://www.aquapalmbayapts.com/
270897,Avilla Vista Norte,43843 N 43rd Ave,Phoenix,AZ,85087,https://www.avillavistanorte.com/
231934,450 Green Apartments,450 Forrest Ave,Norristown,PA,19401,https://www.lindyproperty.com/properties/450-green-apartments/
283687,View at Manor Crossing,13220 FM973,Manor,TX,78653,https://www.liveviewatmanorcrossing.com/
257150,Ansley Park,3612 Beverly Cove Way,Wilmington,NC,28412,https://www.ansleyparkapts.com/
53592,The Arch,100 N 17th St,Philadelphia,PA,19103,http://1701arch.com/
720,Tamar Meadow,8600 Cobblefield Dr,Columbia,MD,21045,www.wm-tamarmeadow.com
43954,Windsor Townhomes,15061 W 138th St,Olathe,KS,66062,https://www.windsorth.com/
230770,Lake Haven,732 Bluff St,Carol Stream,IL,60188,http://www.lakehavenluxury.com/
65784,River House I,1785 N Water St,Milwaukee,WI,53202,www.mkeriverhouse.com
284168,The Reserve at Ritchie Ranch,3100 N Akers St,Visalia,CA,93291,https://www.thereservevisalia.com/
39913,Greenwich Place,31 Putnam Green,Greenwich,CT,6830,https://www.greenwichplace-apartments.com/
38525,Marquis Sonoran Preserve,29675 N North Valley Pkwy,Phoenix,AZ,85085,https://www.mqsonoranpreserve.com/
258491,Encantada Twin Peaks,6355 Marana Center Blvd,Tucson,AZ,85742,https://encantadaliving.com/twin-peaks/
23997,Dakota Mill Creek,2705 Mall of Georgia Blvd,Buford,GA,30519,https://www.dakotamillcreek.com/
3188,The Pointe,5130 E Ponce de Leon Ave,Stone Mountain,GA,30083,http://www.thepointeatlapts.com/the-pointe-atl-apts-stone-mountain-ga/home
5855,Meyer Forest,9701 Meyer Forest Dr,Houston,TX,77096,https://www.meyerforest.com/meyer-forest-houston-tx/contact
266961,The Dylan,160 N Morgan St,Chicago,IL,60607,https://thedylanchicago.com/
245906,Luxia Gallery House,14175 Dallas Pkwy,Farmers Branch,TX,75254,https://www.luxiagalleryhouse.com/
40475,The Lucent,10710 17th Ave S,Tacoma,WA,98444,https://www.thelucentapts.com/
64349,Aurora,124 S Morgan St,Tampa,FL,33602,https://www.richmansignature.com/florida/tampa-bay-area/aurora/
254103,Caliber at Cornerstar,15930 E Briarwood Cir,Aurora,CO,80016,https://www.caliberatcornerstar.com/
44726,Pebblebrook,6115 Pebblebrook Ln,Kent,OH,44240,http://www.livepebblebrook.com
32579,Riverwalk at Millennium,309 Washington St,Conshohocken,PA,19428,http://riverwalkapts.com
219773,The Lofts at OPOP,911 Locust St,St. Louis,MO,63101,https://www.theloftsatopop.com/
19565,The Hudson by Trion Living,10695 SW Murdock St,Tigard,OR,97224,https://trionliving.com/apartments/thehudson/
275548,Redwood Kannapolis Parkway,5476 Milestone Ave,Kannapolis,NC,28081,https://www.byredwood.com/apartments/nc/kannapolis/redwood-kannapolis-parkway/
263110,Briley,10731 Surrey Green Ln,Matthews,NC,28105,https://www.simpsonpropertygroup.com/apartments/matthews-north-carolina/briley-matthews
24585,The Mod,2222 W Beardsley Rd,Phoenix,AZ,85027,https://www.westernwealthcommunities.com/apartments/az/phoenix/w-beardsley-rd/
77597,Irene Woods Apartments,9199 Mayfield Rd N,Collierville,TN,38017,http://www.edwardrose.com/communities/irenewoods
26530,Pines of Burnsville,1024 W Burnsville Pkwy,Burnsville,MN,55337,http://www.pinesofburnsville.com/
13970,Timber Creek,8899 E Prentice Ave,Greenwood Village,CO,80111,https://redpeak.com/apartments/timber-creek/
65878,Victory Place,1701 Payne St,Dallas,TX,75201,http://www.victoryplacedallas.com/
64789,Spectrum Majestic,120 Paramount Park Dr,Gaithersburg,MD,20879,http://www.spectrum270.com/gaithersburg-gaithersburg/spectrum-majestic/
5719,7400 Roosevelt,7400 Roosevelt Blvd,Philadelphia,PA,19152,https://www.lindyproperty.com/properties/7400-roosevelt/
254332,Boca Vue,9260 Boca Vue Dr,Boca Raton,FL,33428,https://www.richmansignature.com/florida/boca-raton-rental-properties/boca-vue/
221081,City View,1403 S Assembly St,Spokane,WA,99224,https://www.cityviewapartmentsspokane.com/
238837,Washington Manor,3901 Woodland Ave,West Des Moines,IA,50266,https://www.washingtonmanordesmoines.com/
68497,Maya,535 S Kingsley Dr,Los Angeles,CA,90020,http://www.liveatmaya.com/
62395,Pierce,2 Pierce Ave,San Jose,CA,95110,http://www.thepierce.com
270365,Sota 75,2161 Lakewood Ranch Blvd,Sarasota,FL,34240,https://sota75.com/
77997,Ravella at Town Center,4674 Town Center Pkwy,Jacksonville,FL,32246,https://www.ravellatowncenter.com/
67750,Vermella Harrison,1100 Frank E Rodgers Blvd S,Harrison,NJ,7029,https://vermellaharrison.com/
238181,Ardence & Bloom,5620 De Longpre Ave,Los Angeles,CA,90028,https://www.ardencebloom.com/
257792,Moana Vista Apartments,1720 Ala Moana Blvd,Honolulu,HI,96815,https://www.moanavista.com
232998,The Highlands of Chevy Chase,5480 Wisconsin Ave,Chevy Chase,MD,20815,https://www.thehighlandsofchevychase.com
23161,Citation Club,29540 Citation Cir,Farmington Hills,MI,48331,http://www.citationclubapts.com/
239782,The Woods At Blue Heron Pines,1000 Bally Bunion Dr,Egg Harbor City,NJ,8215,https://www.woodsatblueheron.net/
22925,Carriage Glen,1811 City Hall Dr,Rosenberg,TX,77471,https://www.carriageglenapts.com/
15930,Crittenden Court,955 W St Clair Ave,Cleveland,OH,44113,https://www.crittendencourt.com/
78597,Sentral Union Station,1770 Chestnut Pl,Denver,CO,80202,https://www.sentral.com/denver/union-station
3116,Lakeside Terraces,44525 Pine Dr,Sterling Heights,MI,48313,www.lakesideterracesapts.com
254143,Christopher Todd Communities On Camelback,12350 W Camelback Rd,Litchfield Park,AZ,85340,https://www.christophertodd.com/community/christopher-todd-communities-on-camelback/
223934,The Edge,753 Montague Expy,Milpitas,CA,95035,https://edgemilpitas.com/
35581,Yardley Crossing,1800 Kathy Dr,Yardley,PA,19067,http://www.yardleycrossing.com/
254319,Indigo West Palm Beach,1500 Centrepark Blvd,West Palm Beach,FL,33401,https://www.indigowpb.com/
62320,Park Van Ness,4455 Connecticut Ave NW,Washington,DC,20008,http://www.parkvanness.com/
55729,Cherry Court,113 Cherry Ct,Greenville,NC,27858,https://www.keystonemanagement.com/apartments/nc/cherry-court-apartments
73333,The Timberline,8229 Northwoods Dr,Lincoln,NE,68505,https://www.timberlinelincoln.com/floorplans
64197,Infinity on Yorktown,660 Yorktown St,Dallas,TX,75208,https://www.infinityonyorktown.com/?rcstdid=Mg%3D%3D-YRjTEizZPgM%3D
258366,Gild,1210 N State Pkwy,Chicago,IL,60610,https://www.gildchicago.com/
257324,Rosewood Commons,N170W21970 Rosewood Ln,Jackson,WI,53037,https://rosewoodcommonsapartments.com/
251120,The Foundry,998 Riverfront St,West Sacramento,CA,95691,https://www.thefoundry-tbd.com/
14399,The Gateway,925 Clopper Rd,Gaithersburg,MD,20878,https://www.livethegateway.com/
62509,Citrine,4900 N 44th St,Phoenix,AZ,85018,www.liveatcitrine.com
234915,Fox Glen,5902 Cross Country Blvd,Baltimore,MD,21215,www.livefoxglen.com
49743,Westchester Square Apartments,5528 Meredith Dr,Des Moines,IA,50310,https://www.westchestersquareapartments.com/
220907,Reserve At Bradbury Place,560 W New Hope Rd,Goldsboro,NC,27534,https://www.keystonemanagement.com/apartments/nc/reserve-at-bradbury-place
17362,Congressional Towers,261 Congressional Ln,Rockville,MD,20852,https://www.congressionaltowers.net
255188,Edge,490 Mill St,West Sacramento,CA,95691,https://www.edge-tbd.com/
2927,Cornerstone Apartments,2637 The Meadows,Montgomery,AL,36116,https://cornerstonemgm.com/
27125,Tudor Place,5801 Peabody St,Hyattsville,MD,20783,https://www.tudorplaceapts.com/
243245,Longfellow Lofts,1015 Mound St,Madison,WI,53715,http://longfellowlofts.com/
15589,Bradford at Easton,4150 Silver Springs Ln,Columbus,OH,43230,https://www.morgan-properties.com/apartments/oh/columbus/bradford-at-easton/
250152,Velo,425 River Rd,Eugene,OR,97404,https://veloeugene.com/
22611,Mercury on Mill,5101 S Mill Ave,Tempe,AZ,85282,https://www.mercuryonmillapts.com/
264283,The Villas at Green Valley I,2406 Green Valley Rd,New Albany,IN,47150,https://www.villasatgv.com/
49908,Arlington West,5049 Western Blvd,Jacksonville,NC,28546,http://www.arlingtonwestnc.com/
34748,Visconti,1221 W 3rd St,Los Angeles,CA,90017,www.thevisconti.com
231543,Autumn Hills,400 Hoover Way,Woodbridge,NJ,7095,https://bestrentnj.com/Communities/Autumn-Hills/
98288,980 Central,980 Central St,West Sacramento,CA,95691,https://www.980central.com/
240912,Preserve at Autumn Ridge I-II,14630 Autumn Ridge Ln,Watertown,NY,13601,http://preserveatautumnridge.com
55502,Keswick,1510 Bridle Ct,Greenville,NC,27834,https://www.keystonemanagement.com/apartments/nc/keswick-apartments
6550,The Vintage Apartments,7440 E Thomas Rd,Scottsdale,AZ,85251,https://www.scottsdalevintageapts.com/
30381,Sierra Vista,1821 Lake Tahoe Blvd,South Lake Tahoe,CA,96150,http://www.sierravistaaptsca.com
27725,The Gardens of Pinecrest,8800 SW 68th Ct,Miami,FL,33156,https://www.gardensofpinecrestapartments.com/?rcstdid=MzI%3d-GJOvflXLv8M%3d&_yTrackUser=ODc4MjE0MDU4IzE4OTE0MjUzNDM%3d-q3%2b9PtfoQ%2bo%3d&_yTrackVisit=MTU4OTQ5NDE0MyMxODI1ODI1MTU3-j1vbMVdjJw8%3d&_yTrackReqDT=22311420200708
42554,Vintage Grove Apartments,5262 Timuquana Rd,Jacksonville,FL,32210,http://summerwindaptsfl.com/
252489,London Square by Broadmoor,4917 Farnam St,Omaha,NE,68132,https://www.broadmoor.cc/property_items/london-square-by-broadmoor/
16391,Westcreek Apartments,973 Westcreek Ln,Westlake Village,CA,91362,https://www.westcreekapts.com/
234509,Atlantic Station West,405 Atlantic St,Stamford,CT,6901,https://asw.atlanticstationstamford.com/
7542,Landings at North Ingle,3300 N Ingle Pl,Macon,GA,31210,https://www.thelandingsatnorthingle.com/
245118,Maren,71 Potomac Ave SE,Washington,DC,20003,https://marendc.com/
97501,Woodmont West At Mount Arlington,100 Fieldstone Dr,Mt Arlington,NJ,7856,http://www.woodmontwest.net/
282754,The 24 III,9200 Winnetka Ave,Chatsworth,CA,91311,https://www.the24.com/
60185,Plantation Oaks,10875 Abercorn St,Savannah,GA,31419,https://www.plantationoakssavannah.com/
20924,City Lights at Town Center,5000 City Lights Dr,Aliso Viejo,CA,92656,http://www.sheaapartments.com/citylights/
225886,Casa Baywood,212 S El Camino Real,San Mateo,CA,94401,https://www.casabaywoodapts.com/
63462,Telfair Lofts,7500 Branford Pl,Sugar Land,TX,77479,https://apartmentssugarlandtexas.com/
24337,Colonial House,1560 San Tomas Aquino Rd,San Jose,CA,95130,https://residential.eprodesse.com/colonial-house-apartments/index.aspx
57320,Brookmeade Apartments,10701 Brookemeade Cir,Williamsport,MD,21795,https://brookmeade-apartments.rentcafewebsite.com/
29566,Heatherwood I,1105 N Hoagland Blvd,Kissimmee,FL,34741,https://heatherwoodfl.com/
242519,Benson Estates Apartments,203 Williamsburg Dr,Hephzibah,GA,30815,https://www.bensonapts.com/
271066,KC Lofts,18 E Kansas City St,Rapid City,SD,57701,https://kcloftsrc.com/
78134,The 24,9254 Winnetka Ave,Los Angeles,CA,91311,https://uncommondevelopers.com/apartments/the-24/
6725,The Atlantic at East Delray,650 Lavers Cir,Delray Beach,FL,33444,http://www.theatlanticdelray.com/
4306,Meadows,514 Lark Ct,Novato,CA,94947,https://www.themeadowsnovato.com/
250459,Village Square,100 Village Sq,Glen Cove,NY,11542,https://villagesquareny.com/
50912,Indigo Apartment Homes,2700 Maple St,Bremerton,WA,98310,https://www.indigobremerton.com/
60146,Woodmont Place at Palmer,100 Woodmont Cir,Easton,PA,18045,http://www.woodmontpalmer.com/Lehigh-Valley-PA-apartments.asp
302055,Riverview,109 Club Dr,Morganton,NC,28655,https://keystonemanagement.com/morganton-north-carolina-apartments/riverview-apartments-nc
39591,Landmark,211 N Hills St,Meridian,MS,39305,https://www.landmarkmeridian.com/
70255,Coventry Square,20 Charles St,Westwood,NJ,7675,https://coventrysquareapartments.com/
4075,Windsor Park Apartment Homes,3937 Penshurst Ln,Woodbridge,VA,22192,http://www.windsorparkapts.com/
263127,Hickory Grove,11907 Apache Ave,Savannah,GA,31419,https://www.hickorygrovega.com/
15181,Bayvue,1293 Bayside Ave,Woodbridge,VA,22191,http://www.southernmanagement.com/bayvue/
255586,Soho Lofts,273 16th St,Jersey City,NJ,7310,https://www.soholoftsjc.com/
78192,Apple Creek Station,4369 W Roundhouse Rd,Swartz Creek,MI,48473,https://www.applecreekstation.com/
218135,The Modern I,800 Park Ave,Fort Lee,NJ,7024,https://www.themodernlife.com/
42180,The Courtyard at Jefferson,800 Jefferson St,Hoboken,NJ,7030,http://www.courtyardatjefferson.com/
32156,Village on Memorial Townhomes,15200 Memorial Dr,Houston,TX,77079,https://rent.brookfieldproperties.com/properties/village-on-memorial-townhomes.html
261553,Makara,3751 Staniel Cay Loop,Orlando,FL,32817,https://www.makaraorlando.com/
223248,Royal Oaks,701 Royal Oaks Ct,Monmouth Junction,NJ,8852,http://www.metroplexapts.com
2289,Pointe at Carrollwood,4949 Marbrisa Dr,Tampa,FL,33624,https://pointeatcarrollwood.com/
254360,Briggs & Union,12000 Knox Way,Mt Laurel Township,NJ,8054,https://rent.brookfieldproperties.com/mount-laurel-nj-apartments/briggs-and-union
77894,The Residences at 4040 Wilson,4040 Wilson Blvd,Arlington,VA,22203,https://www.4040wilson.com/
64391,Atelier,801 S Olive St,Los Angeles,CA,90014,http://atelierdtla.com/
42371,Meetinghouse,3131 Meetinghouse Rd,Boothwyn,PA,19061,http://meetinghouseapartments.com/
241364,Blvd & Bond,88 Arsenal Yards Blvd,Watertown,MA,2472,https://www.blvdbond.com/
245936,Hoover + Greene,950 Greene St,Ann Arbor,MI,48104,https://hooverandgreene.com/
15295,Desert Oasis,77777 Country Club Dr,Palm Desert,CA,92211,https://www.rent-desertoasis.com/
25445,Highview Terrace,7004 Highview Terrace,Chillum,MD,20782,https://www.southernmanagement.com/communities/highview-terrace/
229417,Jasper,2528 S Grand Ave,Los Angeles,CA,90007,https://www.jasperla.com/
297075,Tribute Verdae,810 Woodruff Rd,Greenville,SC,29607,https://tributeverdae.com/
39317,The Goodwynn by ARIUM,705 Town Blvd,Atlanta,GA,30319,https://ariumliving.com/atlanta-ga/the-goodwynn/
218786,Cooper's Landing,5001 Coopers Landing Dr,Kalamazoo,MI,49004,https://www.landcoapartments.com/coopers-landing-apartments/
60386,The Paramount at South Market,611 O'Keefe Ave,New Orleans,LA,70113,https://www.paramountnola.com/
60145,Woodmont Mews,1345 Martin Ct,Bethlehem,PA,18018,https://www.woodmontmewsapartments.com/
26132,The Belmont by Reside,3170 N Sheridan Rd,Chicago,IL,60657,www.thebelmontbyreside.com
270484,The Casco,201 Federal St,Portland,ME,4101,https://liveredfern.com/buildings/aucocisco/
225072,Meridian 2250 at Eisenhower Station,2250 Dock Ln,Alexandria,VA,22314,https://www.meridian2250.com/?switch_cls[id]=64695&utm_source=google%20-%20entrataseo&utm_medium=organic&utm_campaign=gmb&utm_content=website%20click
301417,Marlowe Live Oak,5476 Angel Way St,St. Cloud,FL,34771,https://www.marloweliveoak.com/
230598,The Ridge,17940 Garden Ln,Hagerstown,MD,21740,https://www.theridgehagerstown.com/
78011,The Travis,3300 Main St,Houston,TX,77002,https://thetravishouston.com/
19851,One Superior Place,1 W Superior St,Chicago,IL,60654,https://onesuperiorplace.com/
261724,Beaudry,960 W 7th St,Los Angeles,CA,90017,https://www.beaudrydtla.com/
284038,The Springs at Coral Shores,606 SW 29th Ave,Cape Coral,FL,33991,https://www.springsapartments.com/apartments/fl/cape-coral/springs-at-coral-shores/
241189,Reserve at Southpointe,1000 Meadow Ln,Canonsburg,PA,15317,http://www.reserveatsouthpointe.com/
18036,Villa Careena,1136 Larrabee St,West Hollywood,CA,90069,https://www.decron.com/apartments-villa-careena/
263860,Southbank at Quarry Trails,2791 Hopper Way,Columbus,OH,43228,https://www.southbankatquarrytrails.com/
30101,Apartments at Bel Air,1001 Todd Rd,Bel Air,MD,21015,https://www.seasonsbelair.com/
284136,Broadstone Oliver,1505 Oliver St,Houston,TX,77007,https://broadstoneoliver.com/
13477,Flatiron District at Austin Ranch,6740 Davidson St,The Colony,TX,75056,http://flatirondistrictataustinranch.com/
61166,Silver Collection at Waterford,11920 Joleen Ct,Huntersville,NC,28078,https://www.silvercollectionatwaterford.com/
23542,Trailpoint at The Woodlands,2301 S Millbend Dr,The Woodlands,TX,77380,http://www.liveattrailpoint.com/
42662,Highlands North,10020 W 80th St,Overland Park,KS,66204,http://www.thehighlandsapartments.com
16326,Dawson,15501 Bruce B Downs Blvd,Tampa,FL,33613,https://thedawsontampa.com/property/the-dawson/
49295,Eagle Pointe Apartments,2044 Oakdale Ave,West St Paul,MN,55118,https://www.eaglepointeweststpaul.com/
66940,AMLI Riverfront Green,1750 Little Raven St,Denver,CO,80202,https://www.amli.com/apartments/denver/lodo-apartments/amli-riverfront-green
24776,Hidden Lakes,5800 Deepwood Ct,Village of Clarkston,MI,48346,https://www.livehiddenlakesapts.com/
246512,Alto Fairfield Metro,1401 Kings Hwy,Fairfield,CT,6824,https://www.altofairfieldmetro.com/
12064,Riviera at West Village,3530 Travis St,Dallas,TX,75204,http://www.rivierawestvillage.com/
12380,McDermott Place,8900 Independence Pkwy,Plano,TX,75025,https://www.mcdermottplace.com/
62316,The Channel District Wharf,950 Maine Ave SW,Washington,DC,20024,http://www.dcchannel.com/
31255,Arrive Chadds Ford,7000 Johnson Farm Ln,Chadds Ford,PA,19317,https://www.arrivechaddsford.com/
40193,AMLI South Shore,1620 E Riverside Dr,Austin,TX,78741,https://www.amli.com/apartments/austin/downtown-austin-apartments/amli-south-shore
217511,Soleste SeaSide,4 N Federal Hwy,Dania Beach,FL,33004,https://solesteseaside.com/
94295,Silver,333 Sunol St,San Jose,CA,95126,https://www.essexapartmenthomes.com/apartments/san-jose/silver
64796,The Residences at Eastern Market,777 C St SE,Washington,DC,20003,http://www.liveateasternmarket.com/
19995,BellCentre,308 108th Ave NE,Bellevue,WA,98004,https://www.essexapartmenthomes.com/apartments/bellevue/bellcentre
266388,Nova,1237 N Van Buren St,Milwaukee,WI,53202,https://novamke.com/
280564,Grant Row Lofts,14121 Grant St,Thornton,CO,80023,https://www.grantrowlofts.com/
61552,AMLI Joya,8150 SW 72nd Ave,Miami,FL,33143,https://www.amli.com/apartments/southeast-florida/dadeland-apartments/amli-joya
42977,Elms at Stoney Run,7581 Stoney Run Dr,Hanover,MD,21076,https://stoneyrunelmsliving.com/home#
5393,Avana Chestnut Hills,209 21st Ave SW,Puyallup,WA,98371,https://www.avanachestnuthills.com/
273398,The Quinn,125 S Standridge Blvd,Anna,TX,75409,https://thequinnanna.com/
63771,Apex,1102 S Abel St,Milpitas,CA,95035,https://www.essexapartmenthomes.com/apartments/milpitas/apex?sc_camp=2648D1300BEC431BB11EB86F02F52DBD&utm_source=googlesearch
299593,The Terra,13645 Elanna Ave,Louisville,KY,40245,https://terraluxuryliving.com/
277277,The Proximity,4115 Dr MLK Jr Blvd,New Bern,NC,28562,https://theproximitynewbern.com/
278371,Niche,1116 W Carmen St,Tampa,FL,33606,https://www.nichetampa.com/
40372,Century Capital City,2350 Phillips Rd,Tallahassee,FL,32308,https://www.centurycapitalcity.com/
75792,Parc at Lyndhurst,601 Riverside Ave,Lyndhurst,NJ,7071,https://www.parcatlyndhurst.com/
242964,Horizon Wiregrass Ranch,28878 Golden Vista Blvd,Wesley Chapel,FL,33543,https://www.horizonwiregrassranch.com/
7980,Tesota Morningside,3958 Montgomery Blvd NE,Albuquerque,NM,87109,https://www.tesotamorningside.com/
15190,The Elms At Centreville,13840 Braddock Springs Rd,Centreville,VA,20121,https://centrevilleelmsliving.com/#
289762,Base,8600 N Grand Canyon Dr,Las Vegas,NV,89166,https://www.baseapthomes.com/
67832,The Eugene,435 W 31st St,New York,NY,10001,https://rent.brookfieldproperties.com/property/the-eugene/
15168,Yorkshire,11401 July Dr,Silver Spring,MD,20904,www.yorkshireapts.com
32780,Hillside Village,1801 Shattuck Ave,Berkeley,CA,94709,www.hillsidevillageberkeley.com
220789,FIVE50,550 E 3rd Ave,Denver,CO,80203,https://redpeak.com/property/550-e-3rd/?utm_knock=gmb
272565,Arden at Kohlers Crossing,19500 I-35,Kyle,TX,78640,https://ardenatkohlerscrossing.com/
298969,The Watt,550 Westlake Park Blvd,Houston,TX,77079,https://thewattapts.com/?utm_source=greystar&utm_medium=affiliate
270109,Modera Parkside,180 10th St NE,Atlanta,GA,30309,https://www.moderaparksideatl.com/
67527,Griffin Center City,1338 Chestnut St,Philadelphia,PA,19107,https://griffinphilly.com/
53359,Ayrsley Lofts,9336 Kings Parade Blvd,Charlotte,NC,28273,http://www.ayrsleylofts.com/
3765,Townhomes at Highcrest,3296 83rd St,Woodridge,IL,60517,https://www.townhomesathighcrest.com
32743,Deco North Lake Shore,1400 N Lake Shore Dr,Chicago,IL,60610,https://decolakeshoredrive.com/
14744,Avana Acworth,4710 Baker Grove Rd NW,Acworth,GA,30101,https://www.avanaacworth.com/
93977,EON Squared,444 NE 7th St,Fort Lauderdale,FL,33304,https://www.eonflaglervillage.com/
5854,Terra at Piney Point Apartments,8787 Woodway Dr,Houston,TX,77063,www.terraatpineypoint.com
31197,The Village at Toluca Lake I,211 N Valley St,Burbank,CA,91505,https://www.essexapartmenthomes.com/apartments/burbank/the-village-at-toluca-lake
232470,Madison at Ballston Station I,4400 4th St N,Arlington,VA,22203,http://madisonatballstonstation.com/
281759,Soltra Firewheel,902 Town Center Blvd,Garland,TX,75040,https://soltrafirewheel.com/
77993,The Heyward,3220 Hatchet Bay Dr,Charleston,SC,29414,http://theheywardwestashley.com/
5463,Crestline Cary,10300 Kingsclere Dr,Cary,NC,27511,https://www.crestlinecaryapts.com/
242587,Victor Prosper,195 W Davis St,Dallas,TX,75208,https://livevictorprosper.com/
239952,AMLI Toscana Place,5971 Toscana Dr,Davie,FL,33314,https://www.amli.com/apartments/southeast-florida/fort-lauderdale-apartments/amli-toscana-place
13943,Crossroads Ranch,12655 Crossroads Park Dr,Houston,TX,77065,https://www.liveatcrossroadsranch.com/home
242191,AMLI West Loop,205 S Peoria St,Chicago,IL,60607,https://www.amli.com/apartments/chicago/west-loop-apartments/amli-west-loop
60353,The George,285 George St,New Brunswick,NJ,8901,https://www.thegeorgenewbrunswick.com/?utm_source=GBP&utm_medium=organic&utm_campaign=appointment
25909,Avana Creekside,13301 Crescent Springs Dr,Charlotte,NC,28273,https://www.avanacreekside.com/
276162,Modera Academical Village I,3440 SW 76 Ter,Davie,FL,33328,https://www.moderaacademicalvillage.com/
294956,The Brightly,1005 Brentwood Dr,Davenport,FL,33837,https://thebrightlyapartments.com/
37719,1611 On Lake Union,1611 8th Ave N,Seattle,WA,98109,https://1611onlakeunion.com/
70973,Origin,700 N Randolph St,Arlington,VA,22203,https://originballston.com/
249898,Bell Alderwood,2927 Alderwood Mall Blvd,Lynnwood,WA,98036,https://www.bellalderwood.com/
76790,Avana on Wilshire,635 S Hobart Blvd,Los Angeles,CA,90005,http://avanaonwilshire.com/
12963,The Blake LA,733 N Kings Rd,Los Angeles,CA,90069,https://www.essexapartmenthomes.com/apartments/the-blake-la
62743,Residences at Falcon North,6416 Honey Grove,Colorado Springs,CO,80923,http://www.residencesatfalconnorth.com/
41185,Gallery 421,421 W Broadway,Long Beach,CA,90802,https://www.imtresidential.com/imtgallery421/
49918,Hamlet Apartments,2210 EP True Pkwy,West Des Moines,IA,50265,https://www.hamletwdm.com/
15579,Regency Palm Court,914 S Wilton Pl,Los Angeles,CA,90019,https://www.essexapartmenthomes.com/apartments/los-angeles/regency-palm-court
4275,Summit Riverside,4957 S Prince Ct,Littleton,CO,80123,https://home.securityproperties.com/summitriverside
33982,Courtney Ridge,920 Yorkmont Ridge Ln,Charlotte,NC,28217,https://rent.brookfieldproperties.com/property/courtney-ridge/
33738,Sagamore Court,559 Sagamore Ave,Portsmouth,NH,3801,https://www.forestproperties.net/property/sagamore-court/
69188,727 West Madison,727 W Madison St,Chicago,IL,60661,https://727westmadison.com
261770,AMLI Broadway Park,357 S Bannock St,Denver,CO,80223,https://www.amli.com/apartments/denver/broadway-park-apartments/amli-broadway-park
257761,The Emory,1345 14th St,Plano,TX,75074,https://www.theemoryplano.com/
5157,The Sycamores,1815 A Sycamore Valley Dr,Reston,VA,20190,https://www.wm-thesycamores.com/
251165,The Overland,2065 S Cherokee St,Denver,CO,80223,https://www.theoverlandbyavanti.com/
272287,Parc at Roxbury,400 Cardinal Ct,Roxbury Township,NJ,7852,https://www.parcatroxbury.com/
217552,Anson,1008 Carolan Ave,Burlingame,CA,94010,https://www.ansonliving.com/
299792,Casey Corner,17995 Cunning Ct,Westfield,IN,46074,https://caseycornertownhomes.com/
303363,The Curtis,161 Mechanic St,Bellingham,MA,2019,https://www.thecurtisapts.com/?utm_source=gbp&utm_medium=organic#contact
253393,The Lindley,1331 Columbia St,San Diego,CA,92101,https://www.livethelindley.com/
4734,The Heights on Huron,10648 Huron St,Northglenn,CO,80234,https://avantiresidential.com/property/heights-on-huron/
255363,Aquatera,55 Gardner Dr,Hilton Head Island,SC,29926,https://aquaterahhi.com/
61979,Villa Milano,13740 Howe Ln,Leawood,KS,66224,https://www.villamilano.us/
24392,Willow Creek,935 Willowleaf Dr,San Jose,CA,95128,http://willowcreeksanjose.com/
75158,The Glen at Oldtown,7979 E Camelback Rd,Scottsdale,AZ,85251,https://www.theglenatoldtown.com/?utm_source=GoogleLocalListing&utm_medium=organic#
252534,The Mark at Fishers District,11547 Yard St,Fishers,IN,46037,https://www.themarkatfishersdistrict.com/the-mark-at-fishers-district-fishers-in/
230755,Park Guilderland,457 State Route 146,Guilderland Center,NY,12085,http://www.parkguilderland.com
300754,Marlowe Naples,6026 Whitaker Rd,Naples,FL,34112,https://www.marlowenaples.com/
47187,Lodge At Pecan Creek,6503 W Shady Shores Rd,Denton,TX,76208,www.lodgeatpecancreekapts.com
256493,Triton Cay I,5801 Lakehurst Dr,Orlando,FL,32819,https://www.tritoncayorlando.com/
292977,LEO at Cartersville,100 Bethel Pl,Cartersville,GA,30121,https://www.leocartersville.com/
245929,City Ridge,30 Ridge Square NW,Washington,DC,20016,http://cityridgedc.com/
63348,Green Leaf Sky,4745 40th Ave SW,Seattle,WA,98116,https://www.greenleafskyapartments.com/
92350,Pike Flats,722 E Pike St,Seattle,WA,98122,https://www.hillcollectiveseattle.com/
299371,Cottages at Brightleaf,2421 Sanders Ave,Durham,NC,27703,https://www.cottagesatbrightleaf.com/
64728,7/S Denver Haus,175 E 7th Ave,Denver,CO,80203,https://redpeak.com/apartments/7s-denver-haus/
266145,Forge 65,799 NE 60th St,Pleasant Hill,IA,50327,https://www.forge65.com/
26736,The Boro - Phipps,3460 Kingsboro Rd NE,Atlanta,GA,30326,https://www.theboroapartments.com/?switch_cls%5Bid%5D=64893&utm_source=gmb&utm_medium=organic&oll_switch_cls%5Bid%5D=64893&oll_utm_source=gmb&oll_utm_medium=organic
267285,The Springs at Three Oaks,1131 Central Park Dr,Crystal Lake,IL,60014,https://www.springsapartments.com/apartments/il/crystal-lake/springs-at-three-oaks/
61724,The James Park Place,2303 Mid Ln,Houston,TX,77027,https://www.thejamesriveroaks.com/
279552,The Edison at Farrow Commons,3383 Edison Cir,Myrtle Beach,SC,29577,https://www.edisonfarrowcommons.com/
266924,RainDance,200 Ave C SW,Winter Haven,FL,33880,https://www.raindancewh.com/rain-dance-winter-haven-fl/
253586,Sonya,40 Patterson St NE,Washington,DC,20002,https://www.livesonya.com/
77411,930 Central Flats,930 Central Ave,St. Petersburg,FL,33705,https://live930.com/
58946,Tacara at Westover Hills,8543 TX-151,San Antonio,TX,78245,https://www.olympusproperty.com/apartments/tx/san-antonio/tacara-at-westover-hills/
268169,Millyard at Meadow Commons,98 Pane Rd,Newington,CT,6111,https://millyardliving.com/
42586,Birchstone Northlake,13900 Chadwick Pkwy,Northlake,TX,76262,https://www.birchstonenorthlake.com/
268339,Hyde Park,6854 Henneman Way,McKinney,TX,75070,https://hydeparkmckinney.com/
296175,Compass Meridian,9035 Storm Peak St,Englewood,CO,80112,https://www.sheaapartments.com/apartments/compass-meridian/?utm_source=gmb&utm_medium=organic&utm_campaign=compass
26552,IMT Sorrento Valley,11102 Caminito Alvarez,San Diego,CA,92126,https://imtresidential.com/properties/imt-sorrento-valley/
293332,Taverna at the Forum,3240 Champion Ring Rd,Fort Myers,FL,33905,https://livetavernaftmyers.com/
27963,Miramar Lakes,10720 N Preserve Way,Miramar,FL,33025,https://rent.brookfieldproperties.com/property/miramar-lakes/
295254,Broadstone Overlands,5000 Collina Ter,Clermont,FL,34711,https://broadstoneoverlands.com/
37386,AMLI Quadrangle,2717 Howell St,Dallas,TX,75204,https://www.amli.com/apartments/dallas/downtown-dallas-apartments/amli-quadrangle
261530,Waterline Square,400 W 61st St,New York,NY,10069,https://www.waterlinesquare.com/
50345,Metropolitan At 40 Park,40 Market St,Morristown,NJ,7960,https://www.themetropolitanat40park.com/
266452,Waterview,19525 W Bellfort St,Richmond,TX,77406,https://www.thewaterviewapts.com/
65541,McKinney Square,6600 McKinney Ranch Pkwy,McKinney,TX,75070,https://www.mckinneysquareapartments.com/
262539,Modera Montville,340 Changebridge Rd,Pine Brook,NJ,7058,https://www.moderamontville.com/
50977,Cherry Hill Manor,167 Cherry Valley Dr,Inkster,MI,48141,www.cherryhillmanor.com
250124,One Clinton Park,55 Clinton Pl,New Rochelle,NY,10801,https://oneclintonpark.com/
70993,Modera Mosaic,2920 District Ave,Fairfax,VA,22031,https://www.moderamosaic.com/
296586,Summerwell,1121 Duet Dr,Wendell,NC,27591,https://www.summerwellharmony.com/
251514,LC SoBro I,209 Elm St,Nashville,TN,37210,https://lifestylecommunities.com/community/lc-sobro
60727,The Reserves at Alafaya,3715 Alafaya Heights Rd,Orlando,FL,32828,https://www.liveatreservesatalafaya.com/
13314,Woodland Meadows,25335 Budde Rd,Spring,TX,77380,https://www.imtresidential.com/properties/imt-woodland-meadows/
285331,Silos Harvest Green,3502 Harvest Bounty Dr,Richmond,TX,77406,https://www.silosharvestgreen.com/
78717,Savoy,650 E Brooklyn Vlg Ave,Charlotte,NC,28202,www.savoyclt.com
64134,The Aspen,1011 4th St NW,Washington,DC,20001,www.livetheaspenapts.com
254511,Woods at Forest Crossing,3755 E McKinney St,Denton,TX,76208,https://woodsatforestcrossing.com/
268337,The Shoals,5000 Enoree Shoals Dr,Greer,SC,29650,https://www.shoalsapts.com/
16960,Deer Path on the Lake,10200 N Armenia Ave,Tampa,FL,33612,https://www.maxxproperties.com/fl/tampa/deerpath-on-the-lake/index.aspx?_yTrackUser=MTE2OTAyMjQ5OSM4MzM2ODAxNDc%3d-L%2bQUf%2fXhI18%3d&_yTrackVisit=MjA4MDMwMTE1NSM0MDY2MjY5NzM%3d-JJfO4OVJw3U%3d&_yTrackReqDT=53081920211105
73968,Bay Crossing,4711 S Himes Ave,Tampa,FL,33611,www.baycrossingapartments.com/
276784,View 22,100 Ida Seals Dr,Clinton,NJ,8809,https://liveatview22.com/
263585,Broadstone Optimist Park,2010 N Brevard St,Charlotte,NC,28206,https://theblakeoptimistpark.com/?funnelleasing=onlinelisting&utm_source=gmb&utm_medium=organic
278521,Park East,200 Mesnager St,Los Angeles,CA,90012,https://parkeastla.com/
251384,Griffin 441,4465 Griffin Rd,Davie,FL,33314,https://griffin441.com/
254330,Elan Polo Gardens,4310 Chukka Ln,Lake Worth,FL,33467,https://elanpologardens.com/
57767,Sagestone Village,3255 Sagestone Dr,Fort Worth,TX,76177,http://www.sagestonevillage.com/
60750,The Meyden,10333 Main St,Bellevue,WA,98004,http://www.themeydenbellevue.com/
253777,Jayne,360 Acoma St,Denver,CO,80223,https://www.greenleafjayne.com/
97536,The Sheldon at Suffern Station,92 Blauvelt Wy,Suffern,NY,10901,http://thesheldonatsuffern.com/
37721,Belcarra,10688 NE 10th St,Bellevue,WA,98004,https://www.essexapartmenthomes.com/apartments/bellevue/belcarra?sc_camp=2648D1300BEC431BB11EB86F02F52DBD&utm_source=googlesearch
224836,Standard On Main,22 E Exchange St,Akron,OH,44308,~
229796,Terra Mar,93 Dune Lakes Cir,Santa Rosa Beach,FL,32459,http://terramarapts.com/
62778,AMLI Dry Creek,7471 S Clinton St,Englewood,CO,80112,https://www.amli.com/apartments/denver/englewood-centennial-apartments/amli-dry-creek
56129,City Vista,325 Elizabeth Dr,Pittsburgh,PA,15220,https://www.cityvistaapts.com/
263498,The Julington,12397 San Jose Blvd,Jacksonville,FL,32223,https://risejulington.com/
61159,Century Afton Ridge,410 Starmount Park Blvd,Concord,NC,28027,https://www.centuryaftonridge.com/?rcstdid=Mg%3D%3D-YRjTEizZPgM%3D&utm_source=google+biz&utm_medium=organic
265147,Aura Delray Beach,2095 W Atlantic Ave,Delray Beach,FL,33445,https://auradelraybeach.com/
259901,Mallory,3640 Blue Fin Way,Fort Myers,FL,33916,https://www.themallorytownhomes.com/
268911,The Felicity on Perry,1150 E Perry Ln,Savannah,GA,31401,https://thefelicityonperry.com/
16139,Chase Knolls,13401 Riverside Dr,Los Angeles,CA,91423,https://www.chaseknollsapts.com/
258309,Atlee Square,200 Middletown Blvd,Langhorne,PA,19047,https://www.liveatleesquare.com/
277708,LC New Albany - Exchange,7079 Town Market Ln W,New Albany,OH,43054,https://lcnewalbany.prospectportal.com/
268764,Cadia Grand Praire,3950 Dechman Dr,Grand Prairie,TX,75052,https://yardlydechman.com/?utm_source=GoogleLocalListing&utm_medium=organic
41008,Pearl Midlane River Oaks,2121 Mid Ln,Houston,TX,77027,https://pearlmidlane.com/
252153,District at 54,700 Corporate Center Dr,Raleigh,NC,27607,https://www.districtat54.com/
278553,Canvas at Grand Prairie,4450 S State Hwy 360,Grand Prairie,TX,75052,https://www.canvasatgrandprairie.com/canvas-at-grand-prairie-grand-prairie-tx
15198,The Elms at Kingstowne,6008 Rock Cliff Ln,Alexandria,VA,22315,https://kingstowneelmsliving.com/
219548,Renaissance at Northpark,5202 Auburn St,Lubbock,TX,79416,https://www.renaissanceatnorthpark.com/renaissance-at-north-park-lubbock-tx/
68148,AMLI Midtown 29,180 NE 29th St,Miami,FL,33137,https://www.amli.com/apartments/southeast-florida/miami-apartments/amli-midtown-29
26523,Concierge Apartments,7620 Penn Ave S,Richfield,MN,55423,https://www.theconciergeapartments.com/
300396,Estates of McKinney,7200 Welcome Blvd,McKinney,TX,75071,https://www.estatesmckinney.com/?switch_cls[id]=96189&gad_source=1&gclid=EAIaIQobChMIsPLy7qizhQMVMy3UAR2CNAceEAAYASAAEgJZTfD_BwE
68710,Olympus Falcon Landing,3300 Falcon Landing Blvd,Katy,TX,77494,https://www.olympusproperty.com/apartments/tx/katy/olympus-falcon-landing/
69307,Parq on Speer,909 Bannock St,Denver,CO,80204,http://www.parqliving.com/
23143,Mira Monte,10360 Maya Linda Rd,San Diego,CA,92126,https://www.essexapartmenthomes.com/apartments/mira-monte?sc_camp=2648D1300BEC431BB11EB86F02F52DBD&utm_source=googlesearch
259101,Markana Uptown,6500 Americas Pkwy,Albuquerque,NM,87110,https://markanauptown.com/
5143,Elliot on Abernathy,550 Abernathy Rd NE,Sandy Springs,GA,30328,https://elliotabernathy.com/
285973,Birchway Spring Cypress,19101 Kuykendahl Rd,Spring,TX,77379,https://www.birchwayspringcypress.com/
57904,Cathedral Commons,3401 Idaho Ave NW,Washington,DC,20016,https://www.cathedralcommons.com/
218172,Alister Uptown,810 E 7th St,Charlotte,NC,28202,https://www.alisteruptowncharlotte.com/
265713,The Cortesin at Eilan,18111 La Cantera Ter,San Antonio,TX,78256,https://thecortesin.com/
61950,250 High,250 S High St,Columbus,OH,43215,https://250high.com/
15303,Village at West University,5151 Edloe St,Houston,TX,77005,http://www.villageatwestuniversity.com/
282768,ConvergeNW,350 NW 6th St,Waukee,IA,50263,https://www.convergenw.com/
247218,Industry Tallahassee,440 N Monroe St,Tallahassee,FL,32301,https://industry-tallahassee.com/
258344,Birchway Rivergate,110 One Mile Pkwy,Madison,TN,37115,https://www.birchwayrivergate.com/
253341,Ainsley Heights,700 W Cavalcade St,Houston,TX,77009,https://ainsleyheights.com/
256977,Aspire at CityPlace,9000 City Place Blvd,Woodbury,MN,55125,https://www.liveaspireatcityplace.com/
33353,100,100 Landsdowne St,Cambridge,MA,2139,http://www.100living.com
69912,Creekwood,22294 City Center Dr,Hayward,CA,94541,http://www.creekwoodapartmenthomes.com/
63528,Outlook Golden Ridge,544 Golden Ridge Rd,Golden,CO,80401,http://www.outlookgoldenridge.com/
42743,Indigo,430 SW 13th Ave,Portland,OR,97205,https://indigopdx.com/
35979,The Villas at Shadow Creek,2020 Business Center Dr,Pearland,TX,77584,www.villasatshadowcreek.com
60700,Everly,14 Audubon Rd,Wakefield,MA,1880,http://www.liveeverly.com/
249987,400H,9 N Harrington St,Raleigh,NC,27603,https://live400h.com/
234945,IMT Belasera at Superior,17720 Superior St,Northridge,CA,91325,https://www.imtresidential.com/imtbelaseraatsuperior/
56144,The 101,11 Main St S,Kirkland,WA,98033,http://www.the101kirkland.com/
31384,The Retreat at Marlborough,21 Austen Way,Marlborough,MA,1752,https://www.retreatatmarlborough.com/
296889,Terrace View,26 Terrace View Ct,Daly City,CA,94015,https://www.terraceviewapthomes.com/
235108,Enzo,3100 Martin St,Irvine,CA,92612,https://www.enzoapartments.com/
12398,Courtney Park,4470 S Lemay Ave,Fort Collins,CO,80525,https://www.courtneyparkapthomes.com/
295973,Ascend at Pioneer Hill,1701 Daleside Ln,Austin,TX,78754,https://www.ascendatpioneerhill.com/
249984,The Aspen at Melford Town Center,17530 Lake Melford Ave,Bowie,MD,20715,https://www.aspenmelford.com/?utm_source=GoogleLocalListing&utm_medium=organic&utm_campaign=AspenatMelfordTownCenterGoogleLocalListing
220156,AMLI at Escena,6401 Escena Blvd,Irving,TX,75039,https://www.amli.com/apartments/dallas/las-colinas-apartments/amli-at-escena
245323,Ravel and Royale I,10511 Strathmore Hall St,North Bethesda,MD,20852,https://www.ravelandroyale.com/
262529,Villa Bianca,700 N W Knoll Dr,West Hollywood,CA,90069,https://www.decron.com/apartments-villa-bianca/
245903,Green Leaf Jasper,5325 N Interstate Ave,Portland,OR,97217,https://www.greenleafjasper.com/
267101,Springs at Pe√±a Station,17770 E 64th Ave,Denver,CO,80249,https://www.springsapartments.com/apartments/co/denver/springs-at-pena-station/
49899,Somerset Apartments,6620 SE 5th St,Des Moines,IA,50315,https://www.somersetdm.com/
34362,Tamarron,4410 N 99th Ave,Phoenix,AZ,85037,www.thetamarronapts.com
304556,Prospect Flats,3233 Prospect St,Hudsonville,MI,49426,https://www.liveprospectflats.com/
68465,The Morgan Sandy Springs,6125 Roswell Rd,Atlanta,GA,30328,https://www.themorgansandysprings.com/
277524,Masons Ridge,975 Pitt St,Clermont,FL,34711,https://www.masonsridge.com/
245494,Greenview At Chestnut Run,70 Court Dr,Wilmington,DE,19805,http://www.livegreenview.com
2519,Turtle Cove,888 Cotton Bay Dr W,West Palm Beach,FL,33406,https://turtlecoveapartments.com/property/turtle-cove/
244707,Park at Armand Bayou I,4300 Bay Area Blvd,Houston,TX,77058,http://www.parkatarmandbayou.com/
63933,Vercanta Riverfront,4949 S Landing Dr,Portland,OR,97239,http://www.oxbow49.com/
73765,Novi at Lowry,8000 E 12th Ave,Denver,CO,80220,https://www.noviatlowry.com/
257570,Modera Cherry Creek,180 Madison St,Denver,CO,80206,https://www.moderacherrycreek.com/
41175,Fusion Encore Hollywood,1714 N McCadden Pl,Hollywood,CA,90028,https://www.fusionencore.com/
54681,OneEleven,111 W Upper Wacker Dr,Chicago,IL,60601,https://www.oneelevenchicago.com/
219972,Anthem Town East,645 N Town E Blvd,Mesquite,TX,75150,https://anthemtowneast.com/
91537,UrbA I,624 N Glebe Rd,Arlington,VA,22203,https://liveurba.com/
277695,Marlowe Peoria Place I,8165 W Whitney Dr,Peoria,AZ,85345,https://marlowepeoriaplace.com/
240111,ReNew Logan Square,1 Franklin Town Blvd,Philadelphia,PA,19103,https://www.renewlogansquare.com/
276900,The Arden,2840 Ardenview Cir,Raleigh,NC,27606,https://www.theardenraleigh.com/
253388,Quattro,385 S 400 E,Salt Lake City,UT,84111,https://www.livequattro.com/
56688,Century at the Ballpark,1110 Ballpark Ln,Lawrenceville,GA,30043,https://www.centuryatballpark.com/#Home
40178,Park Plaza,1969 SW Park Ave,Portland,OR,97201,https://www.parkplazapdx.com/
267845,Emblem Park,1414 4th Ave S,Nashville,TN,37210,https://emblemparknashville.com/
8389,IMT Stevenson Ranch,25399 The Old Rd,Stevenson Ranch,CA,91381,https://www.imtresidential.com/imtstevensonranch/
68184,Hub50House,50 Causeway St,Boston,MA,2114,https://www.hub50house.com
40582,Kinwood,2 River Chase Dr,Rensselaer,NY,12144,https://kinwoodny.com/
77796,Modera Edgewater,455 NE 24th St,Miami,FL,33137,https://www.moderaedgewatermiami.com/
37536,Arrive Bellevue,111 Old Hickory Blvd,Nashville,TN,37221,https://www.arrivebellevue.com/
290956,Allora 168,16751 Morgan Ave,Gretna,NE,68028,https://allora168.com/
296500,EmmaJames at Savannah Harbor,101 Cay Plaza,Savannah,GA,31421,https://liveemmajames.com/
41308,Lenox Village Town Center,6900 Lenox Village Dr,Nashville,TN,37211,https://www.lenoxvillagetowncenterapts.com/
297795,Ava Oakwood,6000 Ava Ave,Gainesville,GA,30504,https://avaoakwood.com/
67678,Crossroads Westside,601 Avenida Cesar E Chavez,Kansas City,MO,64108,http://www.crossroadswestside.com/
300391,Mansions Eight65,865 Limmer Loop,Hutto,TX,78634,https://www.mansionseight65.com/
254150,Axiom at Cabin Branch,22551 Cabin Branch Ave,Clarksburg,MD,20871,https://www.axiomcabinbranch.com/
265498,Amelia at Angle Lake,2929 S 200th St,SeaTac,WA,98198,https://ameliaseatac.com/
14332,IMT Desert Palm Village,1215 E Vista Del Cerro Dr,Tempe,AZ,85281,https://www.imtresidential.com/imtdesertpalmvillage/
299729,Whisper Valley at Quartier,12400 Village Run Pkwy,Alexander,AR,72002,https://www.whispervalleyquartier.com/
15081,Villas at Hermann Park,6301 Almeda Rd,Houston,TX,77021,https://www.villasathermannpark.com/
37989,Indigo Park,11959 Nicholson Dr,Baton Rouge,LA,70810,https://www.indigoparkapts.com/
291351,Charlotte Exchange,5120 77 Center Dr,Charlotte,NC,28217,https://cltexchange.com/
246760,Canal 1535,1535 Canal St,New Orleans,LA,70112,http://livecanal1535.com/
245150,The Loop at 2800,2800 Telluride Loop,Sarasota,FL,34243,https://www.olympusproperty.com/apartments/fl/sarasota/the-loop-at-2800/?utm_source=gmb&utm_medium=organic&utm_knock=g
58142,One North Scottsdale,7355 E Thompson Peak Pkwy,Scottsdale,AZ,85255,https://www.onenorthscottsdale.com/
238944,Eagle Rock Apartments At Woodbury,92 Fairhaven Blvd,Woodbury,NY,11797,https://www.eaglerockmanagement.com/apartments/new-york/woodbury/eagle-rock-11797
37983,Eagle Rock Apartments at Towson,5 Stonewain Ct,Towson,MD,21204,https://www.eaglerockproperties.com/apartments/md/towson/eagle-rock-apartments-at-towson/
17355,Merrill House,210 E Fairfax St,Falls Church,VA,22046,https://www.eaglerockproperties.com/apartments/va/falls-church/merrill-house/
257593,Church & Henley,700 Henley St,Knoxville,TN,37902,https://www.churchandhenley.com/
4330,Invitational,1801 N Green Valley Pkwy,Henderson,NV,89074,https://www.invitationalapartments.com/
14906,Weston Place,16000 S Post Rd,Weston,FL,33331,https://www.westonplaceapartments.com/
37972,Eagle Rock Apartments at West Hartford,1248 Farmington Ave,West Hartford,CT,6107,https://www.eaglerockproperties.com/apartments/ct/west-hartford/eagle-rock-apartments-of-west-hartford/
77794,Atlantico at Alton,13805 Emerson Street,Palm Beach Gardens,FL,33418,https://www.palmbeachgardensapartments.com/
60359,Watermill Park Apartments,1730 E Valley Water Mill Rd,Springfield,MO,65803,http://www.watermillpark.com/
30273,Park at Willowbrook,7100 Smiling Woods Ln,Houston,TX,77086,https://www.parkatwillowbrookapts.com/
60316,Highland Park,1625 S Marion Ave,Springfield,MO,65807,https://www.highlandparkapartmenthomes.com/
220734,Kendrick,7324 Skillman St,Dallas,TX,75231,https://www.liveatthekendrick.com/
10496,Grayson Park,1319 N Nursery Rd,Irving,TX,75061,https://liveatgraysonpark.com/
6390,Argyle,1335 Silverado Dr,Houston,TX,77077,https://livetheargyle.com/
11793,The Laney,7474 Skillman St,Dallas,TX,75231,https://livethelaney.com/
10291,The Mirage Apartments,504 Dudley Cir,Arlington,TX,76010,https://liveatthemirage.com/
230081,Vitruvian West II,3737 Vitruvian Way,Addison,TX,75001,www.vitruvianwest.com
2958,Newport Village I,4757 W Braddock Rd,Alexandria,VA,22311,https://www.udr.com/washington-dc-apartments/alexandria/newport-village
66998,345 Harrison,345 Harrison Ave,Boston,MA,2118,https://www.udr.com/boston-apartments/south-end/345-harrison/
8179,Cambridge Woods,14138 Monterey Pines Dr,Tampa,FL,33613,https://www.udr.com/tampa-apartments/university-center/cambridge-woods/contact-us/
95149,HQ @ 1532 Harrison,1532 Harrison St,San Francisco,CA,94103,https://www.udr.com/san-francisco-bay-area-apartments/west-soma/hq-apartments/
40989,Savoye,3850 Vitruvian Way,Addison,TX,75001,http://www.savoyeaddison.com/
30751,Commons at Windsor Gardens,624 Walpole St,Norwood,MA,2062,https://www.udr.com/boston-apartments/norwood/the-commons-at-windsor-gardens/
37716,Ten20,10710 NE 10th St,Bellevue,WA,98004,https://www.udr.com/seattle-apartments/bellevue/ten20/
36972,The Kennedy Building,907 NE 45th St,Seattle,WA,98105,https://www.udr.com/seattle-apartments/downtown-seattle/the-kennedy-building/.
40566,The Courts at Huntington Station I,5950 Grand Pavilion Way,Alexandria,VA,22303,http://www.udr.com/washington-dc-apartments/alexandria/the-courts-at-huntington-station/
228582,1274 at Towson,1274 E Joppa Rd,Towson,MD,21286,https://www.udr.com/baltimore-apartments/towson/1274-at-towson/
3749,Highlands of Marin,1001 Cresta Way,San Rafael,CA,94903,https://www.udr.com/san-francisco-bay-area-apartments/san-rafael/highlands-of-marin/
12355,THIRTY377,3377 Blackburn St,Dallas,TX,75204,https://www.udr.com/dallas-apartments/uptown-dallas/thirty377/
4752,Regatta Shores,2335 W Seminole Blvd,Sanford,FL,32771,https://www.udr.com/orlando-apartments/north-sanford/regatta-shores/
2957,Arbor Park of Alexandria,6340 Wingate St,Alexandria,VA,22312,http://arborparkofalexandria.com
24366,Bay Terrace,3204 Casa De Campo Way,San Mateo,CA,94403,http://www.udr.com/san-francisco-bay-area-apartments/san-mateo/bay-terrace/
26094,Garrison Square,7 Harcourt St,Boston,MA,2116,https://www.udr.com/boston-apartments/back-bay/garrison-square/
2709,Wellington Place at Olde Town,10303 7th Regiment Dr,Manassas,VA,20110,https://www.udr.com/washington-dc-apartments/manassas/wellington-place-at-olde-town/
72593,Slade at Channelside,1190 E Washington St,Tampa,FL,33602,https://www.udr.com/tampa-apartments/tampa/the-slade-at-channelside/
36925,View 14,2303 14th St NW,Washington,DC,20009,http://www.view14.com/
48177,The Metropolitan,2612 Whitehall Terrace,Louisville,KY,40220,https://venterraliving.com/apartments/the-metropolitan/
283572,Avasa Spring Branch,1095 Brittmoore Rd,Houston,TX,77043,https://venterraliving.com/apartments/avasa-spring-branch/?id=TX4BMGOO
30237,Forest View,4545 S Panther Creek Dr,The Woodlands,TX,77381,https://venterraliving.com/apartments/forest-view/
33327,The Parker,14140 N Broadway Ext,Edmond,OK,73013,https://venterraliving.com/apartments/the-parker/
16390,Riverbend,301 N Wesley Dr,League City,TX,77573,https://venterraliving.com/apartments/riverbend/?id=TX4RBGOO
23563,The Vinings,735 Dulles Ave,Stafford,TX,77477,https://venterraliving.com/apartments/vinings/
53440,The Reserves Of Thomas Glen,123 Thomas Glen Dr,Shepherdsville,KY,40165,http://www.thomasglenapartments.com/
14524,Canton Mill Lofts,550 Riverstone Pkwy,Canton,GA,30114,https://venterraliving.com/apartments/canton-mill-lofts/
229594,Stoneridge on the 8,6160 East Sam Houston Pkwy N,Houston,TX,77049,https://venterraliving.com/apartments/stoneridge-on-the-8/?id=TX4SKGOO
39304,Villa Lago,8201 Boat Club Rd,Fort Worth,TX,76179,http://venterraliving.com/villalago
118965,16 Bennett,16 Bennett St,Jersey City,NJ,7304,https://www.16bennett.com
98129,Colonial Crossing Apartments,3200 Colonial Pkwy,Belton,TX,76513,https://colonialcrossingapts.com/
221389,Troy Apartment Homes,602 Folmar St,Troy,AL,36081,https://www.troyal.net/
