property_id,property_name,website,evidence_lane,artifact,units,property_identity_match,contamination_verdict,native_identity_rows,native_positive_rent_rows,source_urls,sample_native_unit_ids,local_validation
540,Bridgepoint I,https://www.hgliving.com/apartments/fl/jacksonville/bridgepoint/#/,knock_dynamic_dni_current_source_e2e,/private/tmp/propai-fnd-vBkmT9/encore_knock_lane/knock_agent/evidence_knock_residual6_current_strict.json,1,True,pass_exact_property_native_ids_positive_rents_single_provider_property,1,1,https://doorway-api.knockrentals.com/v1/property/2011814/units,807,artifact_backed_no_paid_canary
567,Ridgewood,http://www.ridgewoodgabyelon.com/,strict99_false_positive_revalidate,/private/tmp/propai-fnd-vBkmT9/evidence_strict99_false_positive50_consolidated.json,7,True,pass_property_scoped_native_identity,7,7,https://ridgewoodgabyelon.securecafe.com/onlineleasing/ridgewood-2/availableunits.aspx,01402 | 01303,artifact_backed_no_paid_canary
1375,Lakewood,http://www.lakewood-apartments.net/,entrata_residual_current_strict,/private/tmp/propai-fnd-vBkmT9/entrata_residual_lane/evidence_entrata_residual_current_strict_consolidated.json,19,True,pass_exact_property_native_ids_positive_rents_no_sibling_contamination,19,19,https://www.lakewood-apartments.net/floorplans/tomball-TX/lakewood-apartments/a1c-28418-1/ | https://www.lakewood-apartments.net/floorplans/tomball-TX/lakewood-apartments/a2c-28414-1/ | https://www.lakewood-apartments.net/floorplans/tomball-TX/lakewood-apartments/b1c-28407-1/ | https://www.lakewood-apartments.net/floorplans/tomball-TX/lakewood-apartments/b1d-28406-1/ | https://www.lakewood-apartments.net/floorplans/tomball-TX/lakewood-apartments/b2c-28409-1/,1915 | 1916 | 1608 | 1113 | 1205,artifact_backed_no_paid_canary
1765,Annaberg,www.augustarentalhomes.net,annaberg_nesthub_current_configured_e2e,/private/tmp/propai-fnd-vBkmT9/annaberg_nesthub_lane/evidence_annaberg_1765_nesthub_implementation_e2e.json,1,True,pass_exact_same_host_nesthub_community_filter_roster_detail_three_repeats_two_negative_controls,1,1,https://www.augustarentalhomes.net/_system/listings/602/2905-Arrowhead-Drive---E7-Augusta-GA-30909-US,E7,artifact_backed_no_paid_canary
2239,TGM Autumn Woods,http://www.tgmautumnwoods.com,unknown49_exact_provider_live,/private/tmp/propai-fnd-vBkmT9/evidence_unknown49_strict.json,50,True,pass_exact_property_native_identity_positive_rent_no_contamination,50,50,https://tgm.mriprospectconnect.com/Search/Index/288034?minbeds=1&maxbeds=2,946:WM1A | 028:WM1A | 052:WM1A | 028:WM3B | 408:WW3A,artifact_backed_no_paid_canary
2282,City View,https://www.essexapartmenthomes.com/california/san-francisco-bay-area-apartments/hayward-apartments/city-view,vendor_tail_strict,/private/tmp/propai-fnd-vBkmT9/evidence_vendor_tail30_strict.json,18,True,pass_exact_same_host_property_api_no_sibling_roster,18,18,https://www.essexapartmenthomes.com/api/properties/492967/availability?start_date=2026-08-01&end_date=2026-09-30&format=spa,484 | 238,artifact_backed_no_paid_canary
2844,TGM Danada,www.tgmdanada.com,unknown49_exact_provider_live,/private/tmp/propai-fnd-vBkmT9/evidence_unknown49_strict.json,40,True,pass_exact_property_native_identity_positive_rent_no_contamination,40,40,https://tgm.mriprospectconnect.com/Search/Index/360002?minbeds=1&maxbeds=3,095:208 | 066:201 | 007:107 | 012:201 | 015:102,artifact_backed_no_paid_canary
2948,Crystal Woods of Alexandria,https://www.crystalwoodsapts.com,onesite_ollr_current_source_full_pipeline,/private/tmp/propai-fnd-vBkmT9/realpage_onesite_residual_lane/evidence_ollr_detector_current_source_full_pipeline9.json,12,True,pass_exact_configured_property_same_origin_published_ollr_sole_site_id_full_pipeline,12,12,https://leasing.realpage.com/RP.Leasing.AppService.WebHost/workflowstartup/v1/4845783/English?BpmId=OLL.WorkflowStartUp&BpmSequence=0&LogSequence=3&ClientSessionID=<redacted>,57 | 69 | 82 | 59 | 105,artifact_backed_no_paid_canary
3169,Avana Court,https://www.avanacourt.com/,avana_sightmap_current_source_e2e,/private/tmp/propai-fnd-vBkmT9/realpage_onesite_residual_lane/evidence_avana_sightmap_current_e2e.json,58,True,pass_exact_configured_same_origin_sightmap_current_e2e,58,58,https://www.avanacourt.com/ | https://www.avanacourt.com/duluth/avana-court/conventional/ | https://sightmap.com/embed/rxwjj3lyw1e | https://sightmap.com/app/api/v1/gow3zq4zp2m/sightmaps/75290,1010N | 1010E | 1010H | 1010I | 1020D,artifact_backed_no_paid_canary
3912,Stratford Village,https://www.stratfordvillageapartments.com/,strict99_rentcafe,/private/tmp/propai-fnd-vBkmT9/evidence_unit_rentcafe31_tight.json,8,True,pass_property_scoped_native_identity,8,,https://www.stratfordvillageapartments.com/floorplans/london | https://www.stratfordvillageapartments.com/floorplans/nottingham | https://www.stratfordvillageapartments.com/floorplans/oxford,1948 | 1815,artifact_backed_no_paid_canary
4330,Invitational Apartments,https://www.invitationalapartments.com/,unknown49_exact_provider_live,/private/tmp/propai-fnd-vBkmT9/evidence_unknown49_strict.json,10,True,pass_exact_property_native_identity_positive_rent_no_contamination,10,10,https://www.invitationalapartments.com/floorplans/1-bedroom/coral/ | https://www.invitationalapartments.com/floorplans/2-bedroom/pearl/,001-0212 | 001-2221 | 001-1124 | 001-1614 | 001-0222,artifact_backed_no_paid_canary
4554,Park at Canyon Ridge,https://www.parkatcanyonridge.com/,onesite_boundary_batch,/private/tmp/propai-fnd-vBkmT9/evidence_onesite8_property_boundary_revalidate.json,9,True,pass_property_scoped_native_identity,9,9,https://leasing.realpage.com/RP.Leasing.AppService.WebHost/workflowstartup/v1/4589771/English?BpmId=OLL.WorkflowStartUp&BpmSequence=0&LogSequence=3&ClientSessionID=24a6f47b-e6bf-474f-863e-0a8615dbc259,182 | 139,artifact_backed_no_paid_canary
4756,Clear Run,https://www.clearrunaptswilmington.com/,clear_run_exact_same_origin_gables_sightmap_current_e2e,/private/tmp/propai-fnd-vBkmT9/clear_run_gables_lane/evidence_clear_run_4756_current_strict.json,50,True,pass_exact_same_origin_gables_community_2430886_securecafe_floorplan_id_row_rent_full_sightmap_e2e_unit_set,50,50,https://gables.securecafe.com/onlineleasing/clear-run1/availableunits.aspx?myOlePropertyId=2430886 | https://sightmap.com/app/api/v1/y8px8qgjv19/sightmaps/123453,5364N | 5362H | 5362O | 5364J | 0409P,artifact_backed_no_paid_canary
5735,Aventura Apartments,https://aventuraorlandoapartments.prospectportal.com/,aventura_current_published_entrata_modal,/private/tmp/propai-fnd-vBkmT9/entrata_residual_lane/evidence_aventura_5735_current_strict.json,3,True,pass_exact_current_published_same_property_entrata_modal_native_ids_positive_rents,3,3,https://aventuraorlandoapartments.prospectportal.com/orlando/aventura-orlando-apartments/floorplans/2-bed-2-bath-816984/fp_name/occupancy_type/conventional/,F-5404 | J-5222 | I-5280,artifact_backed_no_paid_canary
6274,The Village at Voorhees,https://www.fmgnj.com/apartments/nj/voorhees/the-village-apartments/,vendor_tail_strict,/private/tmp/propai-fnd-vBkmT9/evidence_vendor_tail30_strict.json,32,True,pass_exact_property_boundary_no_sibling_contamination,32,32,https://www.fmgnj.com/apartments/nj/voorhees/the-village-apartments/floor-plans-apply | https://leasing.realpage.com/RP.Leasing.AppService.WebHost/workflowstartup/v1/1043860/English?BpmId=OLL.WorkflowStartUp&BpmSequence=0&LogSequence=3&ClientSessionID=d4c71288-bab3-4987-84e1-d9865f206e06,575 | 40 | 183 | 12 | 243,artifact_backed_no_paid_canary
6477,Harbour Pointe,http://www.gscapts.com/apartments/Bradenton_FL/zip_34210/gsc/15388,strict99_false_positive_revalidate,/private/tmp/propai-fnd-vBkmT9/evidence_strict99_false_positive50_consolidated.json,15,True,pass_exact_gsc_name_rediscovery_and_native_positive_rent,15,15,,060 | 076,artifact_backed_no_paid_canary
6701,Park on Riley,https://www.theparkonriley.com/,strict99_rentcafe,/private/tmp/propai-fnd-vBkmT9/evidence_unit_rentcafe31_tight.json,1,True,pass_property_scoped_native_identity,1,,https://theparkonriley.securecafe.com/onlineleasing/the-park-on-riley/availableunits.aspx,55,artifact_backed_no_paid_canary
7980,Tesota Morningside,https://www.tesotamorningside.com/,plan_only_pair_current_published_entrata_modal,/private/tmp/propai-fnd-vBkmT9/entrata_residual_lane/evidence_plan_only_modal_pair_current_strict.json,2,True,pass_exact_current_same_property_published_entrata_modal_native_unique_id_positive_rent,2,2,https://www.tesotamorningside.com/?module=check_availability&is_secure=1&property[id]=1271493&action=view_unit_spaces&property_floorplan[id]=844423&cached_rate_available=1&min_rent=$971.50&max_rent=$971.50&min_advertised_base_rent=935&max_advertised_base_rent=935&min_deposit=350.00&max_deposit=350.00&is_valid_rent=1&lease_term_name=12mo lease&popup_lease_term_name=12 month lease&move_in_date=2026-08-01&occupancy_type=conventional,87 | 166,artifact_backed_no_paid_canary
8119,St. Andrews of Palm Aire,https://www.scullycompany.com/apartments/florida/broward-county/pompano-beach/st-andrews-palm-aire/,vendor_tail_strict,/private/tmp/propai-fnd-vBkmT9/evidence_vendor_tail30_strict.json,7,True,pass_exact_property_id_on_every_native_unit_row_no_sibling_inventory,7,7,https://standrews.scullycompany.com/Apartments/module/property_floorplans/property%5Bid%5D/100002888/,2716 | 2623 | 2660 | 2625 | 2576,artifact_backed_no_paid_canary
8654,Riverfalls at Bellmar,https://www.riverfallsatbellmar.com/,riverfalls_stale_domain_current_official_securecafe_current_e2e,/private/tmp/propai-fnd-vBkmT9/riverfalls_migration_lane/evidence_riverfalls_8654_current_strict.json,30,True,pass_exact_current_official_name_address_securecafe_property_2390470_native_unit_bindings_three_plan_probes_full_pipeline,30,30,https://riverfallsatbellmar.securecafe.com/onlineleasing/riverfalls-at-bellmar/availableunits.aspx,RF-104 | RF-105 | RF-106 | RF-109 | RF-111,artifact_backed_no_paid_canary
9297,Park Creek Manor,https://www.parkcreekmanor.com/,park_creek_current_published_entrata_modal,/private/tmp/propai-fnd-vBkmT9/entrata_residual_lane/evidence_park_creek_9297_current_strict.json,2,True,pass_exact_current_same_property_published_entrata_modal_provider_count_native_ids_positive_rents,2,2,https://www.parkcreekmanor.com/dallas/park-creek-manor-apartments/conventional/,461 | 244,artifact_backed_no_paid_canary
9473,The Village Cliffs,https://www.thevillagedallas.com/properties/the-village-cliffs/,entrata_remaining29_current_strict,/private/tmp/propai-fnd-vBkmT9/entrata_residual_lane/evidence_entrata_remaining29_current_strict_consolidated.json,8,True,pass_exact_parent_published_entrata_twin_native_ids_positive_rents,8,8,https://www.thevillagedallas.com/properties/the-village-cliffs/,1202 | 0706 | 0305 | 0113 | 1210,artifact_backed_no_paid_canary
11089,Village Green of Bear Creek,http://www.villagegreenofbearcreekapts.com/home/,vendor_tail_strict,/private/tmp/propai-fnd-vBkmT9/evidence_vendor_tail30_strict.json,20,True,pass_exact_property_boundary_no_sibling_contamination,20,20,https://livenjoy.myresman.com/Portal/Applicants/Availability?a=1588&p=844aaf4f-ea66-4db0-9289-f5297ce3b3de,1232 | 1517 | 1401 | 1508 | 0608,artifact_backed_no_paid_canary
11543,Westwind Apartments,http://www.leasewestwindapartments.com/,strict99_false_positive_revalidate,/private/tmp/propai-fnd-vBkmT9/evidence_strict99_false_positive50_consolidated.json,7,True,pass_strict_property_boundary_and_native_positive_rent,7,7,"https://www.leasewestwindapartments.com/?module=check_availability&is_secure=1&property[id]=36179&action=view_unit_spaces&cached_rate_available=1&min_rent=$1,085&max_rent=$1,095&min_advertised_base_rent=1095&max_advertised_base_rent=1095&min_deposit=350.0000&max_deposit=350.0000&is_valid_rent=1&lease_term_name=&popup_lease_term_name=&property_floorplan[id]=234530&move_in_date=2026-08-01&occupancy_type=conventional | https://www.leasewestwindapartments.com/?module=check_availability&is_secure=1&property[id]=36179&action=view_unit_spaces&property_floorplan[id]=234520&cached_rate_available=1&min_rent=$800&max_rent=$825&min_advertised_base_rent=825&max_advertised_base_rent=825&min_deposit=250.0000&max_deposit=250.0000&is_valid_rent=1&lease_term_name=&popup_lease_term_name=&move_in_date=2026-08-01&occupancy_type=conventional&unit_count=1 | https://www.leasewestwindapartments.com/?module=check_availability&is_secure=1&property[id]=36179&action=view_unit_spaces&property_floorplan[id]=234526&cached_rate_available=1&min_rent=$850&max_rent=$875&min_advertised_base_rent=875&max_advertised_base_rent=875&min_deposit=250.0000&max_deposit=250.0000&is_valid_rent=1&lease_term_name=&popup_lease_term_name=&move_in_date=2026-08-01&occupancy_type=conventional&unit_count=1 | https://www.leasewestwindapartments.com/?module=check_availability&is_secure=1&property[id]=36179&action=view_unit_spaces&property_floorplan[id]=763392&cached_rate_available=1&min_rent=$925&max_rent=$985&min_advertised_base_rent=985&max_advertised_base_rent=985&min_deposit=250.0000&max_deposit=250.0000&is_valid_rent=1&lease_term_name=&popup_lease_term_name=&move_in_date=2026-08-01&occupancy_type=conventional&unit_count=1 | https://www.leasewestwindapartments.com/?module=check_availability&is_secure=1&property[id]=36179&action=view_unit_spaces&property_floorplan[id]=767725&cached_rate_available=1&min_rent=$1,300&max_rent=$1,300&min_advertised_base_rent=1300&max_advertised_base_rent=1300&min_deposit=350.0000&max_deposit=350.0000&is_valid_rent=1&lease_term_name=&popup_lease_term_name=&move_in_date=2026-08-01&occupancy_type=conventional&unit_count=2",98 | 133,artifact_backed_no_paid_canary
12398,Courtney Park,https://www.courtneyparkapthomes.com/,onesite_boundary_batch,/private/tmp/propai-fnd-vBkmT9/evidence_onesite8_property_boundary_revalidate.json,3,True,pass_property_scoped_native_identity,3,3,https://leasing.realpage.com/RP.Leasing.AppService.WebHost/workflowstartup/v1/5451885/English?BpmId=OLL.WorkflowStartUp&BpmSequence=0&LogSequence=3&ClientSessionID=1609891a-ab19-41e5-9d0e-4a38f822dfa9,119 | 212,artifact_backed_no_paid_canary
12586,Avondale at Warner Center,https://www.essexapartmenthomes.com/apartments/woodland-hills/avondale-at-warner-center,vendor_tail_strict,/private/tmp/propai-fnd-vBkmT9/evidence_vendor_tail30_strict.json,18,True,pass_exact_same_host_property_api_no_sibling_roster,18,18,https://www.essexapartmenthomes.com/api/properties/514264/availability?start_date=2026-08-01&end_date=2026-09-30&format=spa,B204 | E118,artifact_backed_no_paid_canary
12989,Grand at Westchase,https://www.thegrandatwestchase.com/,grand_westchase_apts247_plan_only_resman_current_configured_e2e,/private/tmp/propai-fnd-vBkmT9/resman_grand_lane/evidence_grand_westchase_current_strict.json,38,True,pass_exact_configured_property_published_single_resman_applicant_same_tenant_account_property_guid_full_pipeline_native_priced_units,38,38,https://richmark.myresman.com/Portal/Applicants/Availability?a=1054&p=4afd1e5f-0f76-4bc3-b81b-fc4f0f66056b,1502 | 1504 | 1610 | 1612 | 1613,artifact_backed_no_paid_canary
15014,Wildwood Park,http://www.rentdittmar.com/apartment-communities/wildwood-park,appfolio_generic_current_strict,/private/tmp/propai-fnd-vBkmT9/appfolio_generic_lane/evidence_appfolio_generic_current_strict_consolidated.json,11,True,pass_exact_property_native_rows_only,11,11,https://www.rentwwp.com/arlington-vaapartments/wildwood-park/conventional/ | https://www.rentwwp.com/arlington-vaapartments/wildwood-park/floorplans/1x1-modernized-1152758/fp_name/occupancy_type/conventional/,,artifact_backed_no_paid_canary
15358,Mountain View,http://www.mountainviewapartmenthomes.com/,onesite_boundary_batch,/private/tmp/propai-fnd-vBkmT9/evidence_onesite8_property_boundary_revalidate.json,3,True,pass_property_scoped_native_identity,3,3,https://leasing.realpage.com/RP.Leasing.AppService.WebHost/workflowstartup/v1/1003757/English?BpmId=OLL.WorkflowStartUp&BpmSequence=0&LogSequence=3&ClientSessionID=862808c2-dcb3-4a9e-9378-e5cbb4103b82,9 | 138,artifact_backed_no_paid_canary
15693,Yorba Linda Pines,http://www.yorbalindapines.com/,appfolio_address_match,/private/tmp/propai-fnd-vBkmT9/evidence_appfolio4_strict_address_revalidate.json,1,True,pass_property_scoped_native_identity,1,1,https://livehappy.appfolio.com/listings,61,artifact_backed_no_paid_canary
16172,Towne Crest,http://www.townecrest.com/,onesite_ollr_current_source_full_pipeline,/private/tmp/propai-fnd-vBkmT9/realpage_onesite_residual_lane/evidence_ollr_detector_current_source_full_pipeline9.json,2,True,pass_exact_configured_property_same_origin_published_ollr_sole_site_id_full_pipeline,2,2,https://leasing.realpage.com/RP.Leasing.AppService.WebHost/workflowstartup/v1/5194917/English?BpmId=OLL.WorkflowStartUp&BpmSequence=0&LogSequence=3&ClientSessionID=<redacted>,3 | 94,artifact_backed_no_paid_canary
16831,Agora at Port Richey,https://agoraatportrichey.prospectportal.com/,entrata_prior4,/private/tmp/propai-fnd-vBkmT9/hb_entrata_sweep_prior4_revalidate.json,21,True,pass_strict_property_boundary_and_native_positive_rent,,,"https://agoraatportrichey.prospectportal.com/?module=check_availability&is_secure=1&property[id]=674357&action=view_unit_spaces&cached_rate_available=1&min_rent=$1,095&max_rent=$1,095&min_advertised_base_rent=1320&max_advertised_base_rent=1320&min_deposit=1500.0000&max_deposit=1500.0000&is_valid_rent=1&lease_term_name=&popup_lease_term_name=&property_floorplan[id]=768492&move_in_date=2026-08-01&occupancy_type=conventional | https://agoraatportrichey.prospectportal.com/?module=check_availability&is_secure=1&property[id]=674357&action=view_unit_spaces&cached_rate_available=1&min_rent=$1,243&max_rent=$1,243&min_advertised_base_rent=1263&max_advertised_base_rent=1510&min_deposit=1500.0000&max_deposit=1500.0000&is_valid_rent=1&lease_term_name=&popup_lease_term_name=&property_floorplan[id]=543254&move_in_date=2026-08-01&occupancy_type=conventional | https://agoraatportrichey.prospectportal.com/?module=check_availability&is_secure=1&property[id]=674357&action=view_unit_spaces&cached_rate_available=1&min_rent=$1,400&max_rent=$1,400&min_advertised_base_rent=1320&max_advertised_base_rent=1573&min_deposit=1500.0000&max_deposit=1500.0000&is_valid_rent=1&lease_term_name=&popup_lease_term_name=&property_floorplan[id]=768498&move_in_date=2026-08-01&occupancy_type=conventional | https://agoraatportrichey.prospectportal.com/?module=check_availability&is_secure=1&property[id]=674357&action=view_unit_spaces&property_floorplan[id]=543250&cached_rate_available=1&min_rent=$995&max_rent=$995&min_advertised_base_rent=1095&max_advertised_base_rent=1315&min_deposit=1500.0000&max_deposit=1500.0000&is_valid_rent=1&lease_term_name=&popup_lease_term_name=&move_in_date=2026-08-01&occupancy_type=conventional&unit_count=1 | https://agoraatportrichey.prospectportal.com/?module=check_availability&is_secure=1&property[id]=674357&action=view_unit_spaces&property_floorplan[id]=543252&cached_rate_available=1&min_rent=$1,187&max_rent=$1,187&min_advertised_base_rent=1207&max_advertised_base_rent=1440&min_deposit=1500.0000&max_deposit=1500.0000&is_valid_rent=1&lease_term_name=&popup_lease_term_name=&move_in_date=2026-08-01&occupancy_type=conventional&unit_count=5",1 - 10C | 1 - 21D,artifact_backed_no_paid_canary
17586,Natick Park,https://www.natickpark.com/,strict99_rentcafe,/private/tmp/propai-fnd-vBkmT9/evidence_unit_rentcafe31_tight.json,1,True,pass_property_scoped_native_identity,1,,https://natickpark.securecafe.com/onlineleasing/natick-park/availableunits.aspx,310,artifact_backed_no_paid_canary
17984,Alessio,https://www.essexapartmenthomes.com/apartments/los-angeles/alessio,vendor_tail_strict,/private/tmp/propai-fnd-vBkmT9/evidence_vendor_tail30_strict.json,21,True,pass_exact_same_host_property_api_no_sibling_roster,21,21,https://www.essexapartmenthomes.com/api/properties/510882/availability?start_date=2026-08-01&end_date=2026-09-30&format=spa,2104 | 5102,artifact_backed_no_paid_canary
18194,Parke Place Townhomes,https://www.forestproperties.net/property/availabilities/parke-place-village,onesite_ollr_current_source_full_pipeline,/private/tmp/propai-fnd-vBkmT9/realpage_onesite_residual_lane/evidence_ollr_detector_current_source_full_pipeline9.json,7,True,pass_exact_configured_property_same_origin_published_ollr_sole_site_id_full_pipeline,7,7,https://leasing.realpage.com/RP.Leasing.AppService.WebHost/workflowstartup/v1/1046774/English?BpmId=OLL.WorkflowStartUp&BpmSequence=0&LogSequence=3&ClientSessionID=<redacted>,37 | 50 | 56 | 52 | 33,artifact_backed_no_paid_canary
18379,Bromley House,https://www.lindyproperty.com/property/bromley-house/,strict99_false_positive_revalidate,/private/tmp/propai-fnd-vBkmT9/evidence_strict99_false_positive50_consolidated.json,4,True,pass_property_scoped_native_identity,4,4,https://bromleyhouse.securecafeapplicant.com/onlineleasing/api/floorplan/getfloorplanandavailableunits?propertyId=477465&RequestBeforeLogin=true&isPropertyList=false,A416 | C310,artifact_backed_no_paid_canary
18389,Westgate Village,https://www.fmgnj.com/apartments/pa/malvern/westgate-village/,vendor_tail_strict,/private/tmp/propai-fnd-vBkmT9/evidence_vendor_tail30_strict.json,6,True,pass_exact_property_boundary_no_sibling_contamination,6,6,https://www.fmgnj.com/apartments/pa/malvern/westgate-village/floor-plans | https://leasing.realpage.com/RP.Leasing.AppService.WebHost/workflowstartup/v1/1046799/English?BpmId=OLL.WorkflowStartUp&BpmSequence=0&LogSequence=3&ClientSessionID=f6d24788-5a4a-5253-aa69-6450ebaff17f,93 | 16 | 44 | 108 | 31,artifact_backed_no_paid_canary
18736,Central Park,www.centralparkmontgomery.com,onesite_boundary_batch,/private/tmp/propai-fnd-vBkmT9/evidence_onesite8_property_boundary_revalidate.json,14,True,pass_property_scoped_native_identity,14,14,https://leasing.realpage.com/RP.Leasing.AppService.WebHost/workflowstartup/v1/4898130/English?BpmId=OLL.WorkflowStartUp&BpmSequence=0&LogSequence=3&ClientSessionID=7cafaab4-effe-460a-b9bb-b6c2b9e20341,2 | 42,artifact_backed_no_paid_canary
18764,Americana Palos Verdes,https://www.americana-apts.com/,entrata_residual_current_strict,/private/tmp/propai-fnd-vBkmT9/entrata_residual_lane/evidence_entrata_residual_current_strict_consolidated.json,3,True,pass_exact_profile_url_same_origin_identity_native_positive_rent,3,3,https://www.americana-apts.com/floorplans/las-vegas-NV/apv-americana/studios-850303-1/,100 | 34 | 73,artifact_backed_no_paid_canary
19245,Tenzen,http://www.tenzenapartments.com/,knock_unknown_current_source_e2e,/private/tmp/propai-fnd-vBkmT9/realpage_onesite_residual_lane/evidence_knock_unknown_two_current_e2e.json,2,True,pass_exact_configured_page_published_knock_init_native_community_name_address_and_units_property_id,2,2,https://doorway-api.knockrentals.com/v1/property/2022654/units,104 | 504,artifact_backed_no_paid_canary
19538,Stadium Apartments,http://www.stadiumapartmentshuntsville.com/,stadium_appfolio_repeat3_current_source_e2e,/private/tmp/propai-fnd-vBkmT9/appfolio_wix_residual_lane/stadium_current_full_pipeline_repeat3.json,3,True,pass_exact_property_appfolio_native_ids_positive_rents_no_sibling_contamination,3,3,https://abbottpropertiesmultifamily.appfolio.com/listings,949 | 1005 | 1006,artifact_backed_no_paid_canary
19785,Cottonwood Creek Apartments,www.cottonwoodcreekapartments.com,onesite_residual,/private/tmp/propai-fnd-vBkmT9/evidence_onesite_residual7_property_boundary.json,8,True,pass_property_scoped_native_identity,8,8,https://leasing.realpage.com/RP.Leasing.AppService.WebHost/workflowstartup/v1/3858551/English?BpmId=OLL.WorkflowStartUp&BpmSequence=0&LogSequence=3&ClientSessionID=2a916437-3198-4ef5-b4e3-948e2dcb8fe9,11 | 13,artifact_backed_no_paid_canary
19877,Advenir at Magnolia,http://www.adveniratmagnolia.com/,entrata_residual_current_strict,/private/tmp/propai-fnd-vBkmT9/entrata_residual_lane/evidence_entrata_residual_current_strict_consolidated.json,7,True,pass_exact_property_published_same_origin_native_ids_positive_rents,7,7,https://www.advenirliving.com/magnolia/floorplans/fern-park-fl-apartments-FL/advenir-at-magnolia/a-star-574739-1/ | https://www.advenirliving.com/magnolia/floorplans/fern-park-fl-apartments-FL/advenir-at-magnolia/ar-star-r-574740-1/ | https://www.advenirliving.com/magnolia/floorplans/fern-park-fl-apartments-FL/advenir-at-magnolia/b-sweetbay-574735-1/ | https://www.advenirliving.com/magnolia/floorplans/fern-park-fl-apartments-FL/advenir-at-magnolia/br-sweetbay-r-574736-1/ | https://www.advenirliving.com/magnolia/floorplans/fern-park-fl-apartments-FL/advenir-at-magnolia/s-lily-574737-1/,115 | 103 | 106 | 207 | 205,artifact_backed_no_paid_canary
20672,Quiet Waters Landing,https://www.quietwaterslanding.com/,quiet_waters_current_published_entrata_modal,/private/tmp/propai-fnd-vBkmT9/entrata_residual_lane/evidence_quiet_waters_20672_current_strict.json,3,True,pass_exact_current_published_same_property_entrata_modal_native_ids_positive_rents_casefold_deduped,3,3,https://www.quietwaterslanding.com/annapolis/quiet-waters-landing/floorplans/a1-1bd1ba-817607/fp_name/occupancy_type/conventional/,2d | 3A | 3D,artifact_backed_no_paid_canary
20959,Dove Valley Apartment Homes,https://www.dovevalleyapts.com/,entrata_batch2,/private/tmp/propai-fnd-vBkmT9/hb_entrata_sweep_batch2.json,25,True,pass_strict_property_boundary_and_native_positive_rent,,,https://www.dovevalleyapts.com/?module=check_availability&is_secure=1&property[id]=100058196&action=view_unit_spaces&property_floorplan[id]=791686&cached_rate_available=1&min_rent=1517&max_rent=3673&min_advertised_base_rent=1491&max_advertised_base_rent=3647&min_deposit=500.00&max_deposit=500.00&move_in_date=2026-08-03&occupancy_type=conventional | https://www.dovevalleyapts.com/?module=check_availability&is_secure=1&property[id]=100058196&action=view_unit_spaces&property_floorplan[id]=791688&cached_rate_available=1&min_rent=1424&max_rent=4527&min_advertised_base_rent=1398&max_advertised_base_rent=4501&min_deposit=500.00&max_deposit=500.00&lease_term_name=&popup_lease_term_name=&move_in_date=2026-08-03&occupancy_type=conventional&unit_count=1 | https://www.dovevalleyapts.com/?module=check_availability&is_secure=1&property[id]=100058196&action=view_unit_spaces&property_floorplan[id]=791690&cached_rate_available=1&min_rent=1886&max_rent=5269&min_advertised_base_rent=1860&max_advertised_base_rent=5243&min_deposit=600.00&max_deposit=600.00&is_valid_rent=1&lease_term_name=&popup_lease_term_name=&move_in_date=2026-08-03&occupancy_type=conventional | https://www.dovevalleyapts.com/?module=check_availability&is_secure=1&property[id]=100058196&action=view_unit_spaces&property_floorplan[id]=791692&cached_rate_available=1&min_rent=2120&max_rent=6040&min_advertised_base_rent=2094&max_advertised_base_rent=6014&min_deposit=600.00&max_deposit=600.00&is_valid_rent=1&lease_term_name=&popup_lease_term_name=&move_in_date=2026-08-03&occupancy_type=conventional | https://www.dovevalleyapts.com/?module=check_availability&is_secure=1&property[id]=100058196&action=view_unit_spaces&property_floorplan[id]=791694&cached_rate_available=1&min_rent=2090&max_rent=6265&min_advertised_base_rent=2064&max_advertised_base_rent=6239&min_deposit=600.00&max_deposit=600.00&lease_term_name=&popup_lease_term_name=&move_in_date=2026-08-03&occupancy_type=conventional&unit_count=2,9306 | 10105,artifact_backed_no_paid_canary
22552,La Vina Apartments,https://www.lavinaapts.com/,lavina_kelly_current_published_entrata_modal,/private/tmp/propai-fnd-vBkmT9/entrata_residual_lane/evidence_lavina_kelly_current_strict.json,2,True,pass_exact_current_same_property_published_entrata_modal_native_unique_id_positive_rent,2,2,https://www.lavinaapts.com/?module=check_availability&is_secure=1&property[id]=100172727&action=view_unit_spaces&property_floorplan[id]=801354&cached_rate_available=1&min_rent=3117&max_rent=3117&min_advertised_base_rent=3105&max_advertised_base_rent=3105&min_deposit=200.00&max_deposit=200.00&lease_term_name=14mo lease&popup_lease_term_name=14 month lease&move_in_date=2026-08-03&occupancy_type=conventional&unit_count=1,208 | 212,artifact_backed_no_paid_canary
22658,Country Ridge Townhomes,https://www.countryridge.com,securecafe_priority,/private/tmp/propai-fnd-vBkmT9/evidence_securecafe_priority11_direct_revalidate.json,1,True,pass_property_scoped_native_identity,1,1,https://countryridge.securecafeapplicant.com/onlineleasing/api/floorplan/getfloorplanandavailableunits?propertyId=1338225&RequestBeforeLogin=true&isPropertyList=false,1701,artifact_backed_no_paid_canary
22934,Westwood Village Galleria,https://westwoodvillagegalleria.bhprop.com/,strict99_rentcafe,/private/tmp/propai-fnd-vBkmT9/evidence_unit_rentcafe31_tight.json,10,True,pass_property_scoped_native_identity,10,,https://westwoodvillagegalleria-bhprop.securecafe.com/onlineleasing/westwood-village-galleria/availableunits.aspx,201 | 211,artifact_backed_no_paid_canary
22964,Tropicana Village Apartments,https://www.tropicanavillageapartments.com/,unknown_wix_oll_application_hop,/private/tmp/propai-fnd-vBkmT9/unknown_wix_parallel/22964_current_configured_scrape_jugnu_e2e.json,16,True,pass_exact_official_application_onesite_chain_native_roster,16,16,https://leasing.realpage.com/RP.Leasing.AppService.WebHost/workflowstartup/v1/3858548/English?BpmId=OLL.WorkflowStartUp&BpmSequence=0&LogSequence=3&ClientSessionID=0bad0151-f4cc-41a5-8aba-8d0042e9507c,108 | 114 | 116 | 18 | 120,artifact_backed_no_paid_canary
23572,Somerset La Costa,https://www.riveroaksmgmt.com/vacancies-sommerset-la-costa,appfolio_address_match,/private/tmp/propai-fnd-vBkmT9/evidence_appfolio4_strict_address_revalidate.json,1,True,pass_property_scoped_native_identity,1,1,https://riveroaksmgmt.appfolio.com/listings,709,artifact_backed_no_paid_canary
23760,Ashton Glen,http://www.ashtonglen.com/,onesite_residual,/private/tmp/propai-fnd-vBkmT9/evidence_onesite_residual7_property_boundary.json,1,True,pass_property_scoped_native_identity,1,1,https://leasing.realpage.com/RP.Leasing.AppService.WebHost/workflowstartup/v1/3968015/English?BpmId=OLL.WorkflowStartUp&BpmSequence=0&LogSequence=3&ClientSessionID=f59907c2-9757-4e99-ac45-ebb68d279ad7,17,artifact_backed_no_paid_canary
24139,Boardwalk,https://prometheusapartments.com/ca/santa-clara-apartments/boardwalk/,unknown49_exact_provider_live,/private/tmp/propai-fnd-vBkmT9/evidence_unknown49_strict.json,14,True,pass_exact_property_native_identity_positive_rent_no_contamination,14,14,https://prometheusapartments.com/ca/santa-clara-apartments/boardwalk/,0409 | 1109 | 0407 | 0705W | 0405,artifact_backed_no_paid_canary
26527,Aquila Park,https://finelivingapts.com/,rentmanager_residual,/private/tmp/propai-fnd-vBkmT9/evidence_residual_rentmanager17_strict_audit.json,13,True,pass_property_scoped_native_identity,13,13,https://finelivingapts.com/,,artifact_backed_no_paid_canary
26733,Parc 85,https://www.parc85.com/,entrata_batch1,/private/tmp/propai-fnd-vBkmT9/hb_entrata_sweep_batch1.json,9,True,pass_strict_property_boundary_and_native_positive_rent,,,https://www.parc85.com/floorplans/duluth-GA/parc-85/a1renovated-1021895-1/ | https://www.parc85.com/floorplans/duluth-GA/parc-85/a3-1021891-1/ | https://www.parc85.com/floorplans/duluth-GA/parc-85/b3r-1021890-1/ | https://www.parc85.com/floorplans/duluth-GA/parc-85/c1-1021898-1/,0734 | 0512,artifact_backed_no_paid_canary
26736,The Boro - Phipps,https://www.theboroapartments.com/?switch_cls%5Bid%5D=64893&utm_source=gmb&utm_medium=organic&oll_switch_cls%5Bid%5D=64893&oll_utm_source=gmb&oll_utm_medium=organic,boro_phipps_current_published_entrata_modal,/private/tmp/propai-fnd-vBkmT9/entrata_residual_lane/evidence_boro_phipps_26736_current_strict.json,3,True,pass_exact_current_same_property_published_entrata_modal_native_unique_id_positive_rent,3,3,"https://www.theboroapartments.com/?module=check_availability&is_secure=1&property[id]=1140727&action=view_unit_spaces&property_floorplan[id]=772398&cached_rate_available=1&min_rent=$1,944&max_rent=$6,763&min_advertised_base_rent=1867&max_advertised_base_rent=6686&min_deposit=500.00&max_deposit=500.00&is_valid_rent=1&lease_term_name=14mo lease&popup_lease_term_name=14 month lease&move_in_date=2026-08-01&occupancy_type=conventional&unit_count=2",542 | 106 | 837,artifact_backed_no_paid_canary
27125,Tudor Place,https://www.tudorplaceapts.com/,strict99_page_local,/private/tmp/propai-fnd-vBkmT9/evidence_unknown_page_local9_tight.json,15,True,pass_property_scoped_native_identity,15,,https://www.tudorplaceapts.com/availableunits,6009_09 | 847_07,artifact_backed_no_paid_canary
27245,Halston Shiloh Valley,https://www.halstonshilohvalley.com/,entrata_batch1,/private/tmp/propai-fnd-vBkmT9/hb_entrata_sweep_batch1.json,11,True,pass_strict_property_boundary_and_native_positive_rent,,,https://halstonshilohvalley.prospectportal.com/floorplans/kennesaw-GA/halston-shiloh-valley/b1-1136204-1/ | https://halstonshilohvalley.prospectportal.com/floorplans/kennesaw-GA/halston-shiloh-valley/b2-1136205-1/ | https://halstonshilohvalley.prospectportal.com/floorplans/kennesaw-GA/halston-shiloh-valley/b3-1136203-1/ | https://halstonshilohvalley.prospectportal.com/floorplans/kennesaw-GA/halston-shiloh-valley/c1-1136212-1/,3026 | 1223,artifact_backed_no_paid_canary
27349,Country Village of Sherman,https://www.countryvillageapthomes.com/,unknown_wix_oll_application_hop,/private/tmp/propai-fnd-vBkmT9/unknown_wix_parallel/27349_current_configured_scrape_jugnu_e2e.json,12,True,pass_exact_official_application_onesite_chain_native_roster,12,12,https://leasing.realpage.com/RP.Leasing.AppService.WebHost/workflowstartup/v1/2780566/English?BpmId=OLL.WorkflowStartUp&BpmSequence=0&LogSequence=3&ClientSessionID=f9f0ec83-c161-4c49-8f8f-821579e83dcf,68 | 89 | 61 | 127 | 34,artifact_backed_no_paid_canary
27594,Midland Falls,https://www.midlandfallsapartments.com/,strict99_rentcafe,/private/tmp/propai-fnd-vBkmT9/evidence_unit_rentcafe31_tight.json,37,True,pass_property_scoped_native_identity,37,,https://midlandfallsapartments.securecafe.com/onlineleasing/whisperwood-apartments-0/availableunits.aspx,0389 | 0413,artifact_backed_no_paid_canary
27725,The Gardens of Pinecrest,https://www.gardensofpinecrestapartments.com/?rcstdid=MzI%3d-GJOvflXLv8M%3d&_yTrackUser=ODc4MjE0MDU4IzE4OTE0MjUzNDM%3d-q3%2b9PtfoQ%2bo%3d&_yTrackVisit=MTU4OTQ5NDE0MyMxODI1ODI1MTU3-j1vbMVdjJw8%3d&_yTrackReqDT=22311420200708,securecafe_priority,/private/tmp/propai-fnd-vBkmT9/evidence_securecafe_priority11_direct_revalidate.json,1,True,pass_property_scoped_native_identity,1,1,https://gardensofpinecrestapartments.securecafe.com/onlineleasing/gardens-of-pinecrest/availableunits.aspx,K2,artifact_backed_no_paid_canary
28174,Pinewoods Circle,http://www.pinewoodsvillage.com/,securecafe_priority,/private/tmp/propai-fnd-vBkmT9/evidence_securecafe_priority11_direct_revalidate.json,7,True,pass_property_scoped_native_identity,7,7,https://pinewoodsvillage.securecafeapplicant.com/onlineleasing/api/floorplan/getfloorplanandavailableunits?propertyId=1160396&RequestBeforeLogin=true&isPropertyList=false,05-204 | 09-205,artifact_backed_no_paid_canary
29566,Heatherwood I,https://heatherwoodfl.com/,rentcafe_remaining29_current_strict,/Users/ankur/PropAi-codex-availability-date/investigations/2026-08-01-failed-no-data/rentcafe_remaining29/strict_net_new_recoveries.json,3,True,pass_exact_property_single_winning_source_no_sibling_rows,3,3,https://heatherwoodfl.securecafeapplicant.com/onlineleasing/api/floorplan/getfloorplanandavailableunits?propertyId=1723103&RequestBeforeLogin=true&isPropertyList=false,1101E | 1013J | 1007K,artifact_backed_no_paid_canary
30101,Apartments at Bel Air,https://www.seasonsbelair.com/,apartments_bel_air_entrata_current_source_e2e,/private/tmp/propai-fnd-vBkmT9/entrata_residual_lane/evidence_30101_current_full_scraper_hb.json,44,True,pass_exact_configured_property_published_entrata_grid_same_origin_native_ids,44,44,https://www.aptsatbelair.com/floorplans/bel-air-MD/apartments-at-bel-air/1-bedroom1-bathroom-683-sq-ft-1166927-1/ | https://www.aptsatbelair.com/floorplans/bel-air-MD/apartments-at-bel-air/1-bedroom1-bathroom-693-sq-ft-1166931-1/ | https://www.aptsatbelair.com/floorplans/bel-air-MD/apartments-at-bel-air/1-bedroom1-bathroom-deluxe-748-sq-ft-1166942-1/ | https://www.aptsatbelair.com/floorplans/bel-air-MD/apartments-at-bel-air/1-bedroom1-bathroom-w-den-753-sq-ft-1166929-1/ | https://www.aptsatbelair.com/floorplans/bel-air-MD/apartments-at-bel-air/1-bedroom1-bathroom-w-den-756-sq-ft-1166932-1/,RE62-C | V112-J | RE53-E | S957-D | R155-K,artifact_backed_no_paid_canary
30663,Revello - Living at Santa Monica,https://www.livingatsantamonica.com/properties/revello/,onesite_residual,/private/tmp/propai-fnd-vBkmT9/evidence_onesite_residual7_property_boundary.json,4,True,pass_property_scoped_native_identity,4,4,https://leasing.realpage.com/RP.Leasing.AppService.WebHost/workflowstartup/v1/4780261/English?BpmId=OLL.WorkflowStartUp&BpmSequence=0&LogSequence=3&ClientSessionID=2f28348e-bf24-4407-b7a7-dcdad3b8d52b,6 | 35,artifact_backed_no_paid_canary
32716,Porto Bella,https://portobellaapts.com/,appfolio_address_match,/private/tmp/propai-fnd-vBkmT9/evidence_appfolio4_strict_address_revalidate.json,1,True,pass_property_scoped_native_identity,1,1,https://livehappy.appfolio.com/listings,40B,artifact_backed_no_paid_canary
32793,The Reserve,https://www.reserveatevanston.com,strict99_other,/private/tmp/propai-fnd-vBkmT9/evidence_unknown_other21_tight.json,10,True,pass_property_scoped_native_identity,10,,https://www.reserveatevanston.com/floorplans,A-106 | C-110,artifact_backed_no_paid_canary
32996,TGM Ridge,https://tgmridge.com/,unknown49_exact_provider_live,/private/tmp/propai-fnd-vBkmT9/evidence_unknown49_strict.json,34,True,pass_exact_property_native_identity_positive_rent_no_contamination,34,34,https://tgm.mriprospectconnect.com/Search/Index/241007?minbeds=1&maxbeds=2,41Y:101 | 20M:201 | 41Y:301 | 21Y:102 | 41Y:201,artifact_backed_no_paid_canary
34303,Duke Manor,http://www.gscapts.com/apartments/Durham_NC/zip_27705/gsc/4506,knock_jonah_redirect3,/private/tmp/propai-fnd-vBkmT9/evidence_knock_jonah_redirect3_strict.json,169,True,pass_exact_visible_name_address_native_positive_rent_unique_identity,169,169,https://doorway-api.knockrentals.com/v1/property/2010515/units,N | P | Q | L | F,artifact_backed_no_paid_canary
34362,Tamarron,https://www.thetamarronapts.com,rentcafe_hosted_tamarron_waitlist_and_shared_host_fail_closed,/private/tmp/propai-fnd-vBkmT9/rentcafe_hosted_table_lane/evidence_tamarron_34362_current_strict.json,10,True,pass_exact_current_rentcafe_tamarron_property_1505175_native_hosted_rows_waitlist_and_cross_property_fail_closed_full_pipeline,10,10,https://www.rentcafe.com/apartments/az/phoenix/tamarron-apartments-2/default.aspx,2083 | 1071 | 2134 | 2132 | 2148,artifact_backed_no_paid_canary
34785,Pepper Tree,http://adaraportal.yottareal.com/pages/HomePage.aspx?Id=55,pepper_tree_yotta_current_source_e2e,/private/tmp/propai-fnd-vBkmT9/unknown_residual_lane/evidence_pepper_tree_yotta_current_e2e.json,13,True,pass_exact_configured_property_yotta_details_dba_and_native_unit_ids,13,13,https://residentapis.yottareal.com/api/DBA/GetFloorPlans/55/1,0215 | 1016 | 0819 | 1015 | 1019,artifact_backed_no_paid_canary
35192,Enclave on Golden Triangle,http://www.enclaveongoldentriangle.com/,enclave_golden_triangle_current_published_entrata_detail,/private/tmp/propai-fnd-vBkmT9/entrata_residual_lane/evidence_enclave_35192_current_strict.json,4,True,pass_exact_current_published_same_property_floorplan_native_ids_positive_rents,4,4,https://www.enclaveongoldentriangle.com/floorplans/fort-worth-TX/enclave-on-golden-triangle/the-mediterranean-776778-1/,2910 | 2912 | 2811 | 1611,artifact_backed_no_paid_canary
35590,Stonepost Ranch,https://www.stonepostranchapts.com,rentcafe_residual_direct_only,/private/tmp/propai-fnd-vBkmT9/evidence_rentcafe_residual24_direct_only.json,25,True,pass_property_scoped_native_identity,25,25,https://stonepostranchapts.securecafeapplicant.com/onlineleasing/api/floorplan/getfloorplanandavailableunits?propertyId=1124404&RequestBeforeLogin=true&isPropertyList=false,02-204 | 12-203,artifact_backed_no_paid_canary
35683,Parkcrest at the Lakes,www.parkcrestatthelakesapts.com,strict99_false_positive_revalidate,/private/tmp/propai-fnd-vBkmT9/evidence_strict99_false_positive50_consolidated.json,20,True,pass_strict_property_boundary_and_native_positive_rent,20,20,https://www.parkcrestatthelakesapts.com/floorplans/fort-myers-FL/park-crest-at-the-lakes/the-coral-581165-1/ | https://www.parkcrestatthelakesapts.com/floorplans/fort-myers-FL/park-crest-at-the-lakes/the-harbor-581167-1/ | https://www.parkcrestatthelakesapts.com/floorplans/fort-myers-FL/park-crest-at-the-lakes/the-seabreeze-581169-1/,0625 | 0131,artifact_backed_no_paid_canary
35778,Brazos Ranch,https://www.brazosranch-apts.com/,entrata_hb_root_sample3,/private/tmp/propai-fnd-vBkmT9/hb_entrata_sweep_root_sample3.json,2,True,pass_strict_property_boundary_and_native_positive_rent,,,https://www.brazosranch-apts.com/?module=check_availability&is_secure=1&property[id]=1112425&action=view_unit_spaces&property_floorplan[id]=1125261&cached_rate_available=1&min_rent=1037&max_rent=1256&min_advertised_base_rent=1037&max_advertised_base_rent=1256&min_deposit=100.0000&move_in_date=2026-08-03&occupancy_type=conventional,1035 | 1334,artifact_backed_no_paid_canary
36158,Allen Meadows,https://allenmeadows.prospectportal.com/,entrata_batch1,/private/tmp/propai-fnd-vBkmT9/hb_entrata_sweep_batch1.json,1,True,pass_strict_property_boundary_and_native_positive_rent,,,https://allenmeadows.prospectportal.com/floorplans/syracuse-NY/allen-meadows-apartments/2x1-1158926-1/,3,artifact_backed_no_paid_canary
36530,The Point at Monroe Place,https://www.thepointatmonroeplace.com/,onesite_ollr_current_source_full_pipeline,/private/tmp/propai-fnd-vBkmT9/realpage_onesite_residual_lane/evidence_ollr_detector_current_source_full_pipeline9.json,6,True,pass_exact_configured_property_same_origin_published_ollr_sole_site_id_full_pipeline,6,6,https://leasing.realpage.com/RP.Leasing.AppService.WebHost/workflowstartup/v1/4635196/English?BpmId=OLL.WorkflowStartUp&BpmSequence=0&LogSequence=3&ClientSessionID=<redacted>,67 | 74 | 84 | 4 | 157,artifact_backed_no_paid_canary
37071,Summerwood on Towne Line,www.summerwoodindy.com,current_official_migrations_marketapts_g5_knock,/private/tmp/propai-fnd-vBkmT9/current_official_migrations_three/evidence_current_official_migrations_three_strict.json,16,True,pass_exact_current_official_summerwood_canonical_datalayer_g5_native_graphql_full_pipeline_sibling_rejected,16,16,https://inventory.g5marketingcloud.com/graphql?urn=g5-cl-1ogmyorq1z-starwood-capital-fka-highmark-residential-scg-global-holdings-l-l-c-indianapolis-in,1324 | 0313 | 0314 | 1033 | 0634,artifact_backed_no_paid_canary
37798,Covington Place,http://www.covingtonplace.com/,vendor_tail_strict,/private/tmp/propai-fnd-vBkmT9/evidence_vendor_tail30_strict.json,12,True,pass_exact_property_boundary_no_sibling_contamination,12,12,https://stewart.myresman.com/Portal/Applicants/Availability?a=1041&p=68f5dd84-230b-4dad-9a2e-9d18dfaccdc2,121802 | 127102 | 365507 | 120108 | 125108,artifact_backed_no_paid_canary
38107,Fountain Place,https://www.livefountainplaceapts.com/,appfolio_generic_current_strict,/private/tmp/propai-fnd-vBkmT9/appfolio_generic_lane/evidence_appfolio_generic_current_strict_consolidated.json,8,True,pass_property_list_membership_and_site_boundary,8,8,https://www.livefountainplaceapts.com/rts/collections/public/1b4904d2/runtime/collection/appfolio-listings/query-data?pageSize=100&pageNumber=0&query=()&language=ENGLISH,4b0339fb-749 | b1142b86-536 | 17ecb0ef-884,artifact_backed_no_paid_canary
38314,Coppermill,https://www.coppermillaptsbytonti.com/,strict99_rentcafe,/private/tmp/propai-fnd-vBkmT9/evidence_unit_rentcafe31_tight.json,2,True,pass_property_scoped_native_identity,2,,https://coppermillaptsbytonti.securecafe.com/onlineleasing/coppermill-1/availableunits.aspx,214 | 305,artifact_backed_no_paid_canary
38345,Monarch at Dos Vientos,http://www.monarchatdosvientos.com/,strict99_other,/private/tmp/propai-fnd-vBkmT9/evidence_unknown_other21_tight.json,11,True,pass_property_scoped_native_identity,11,,https://monarchatdosvientos.securecafe.com/onlineleasing/monarch-at-dos-vientos/availableunits.aspx,0225 | 0337,artifact_backed_no_paid_canary
38378,Park Northside,https://www.parknorthsiderva.com/,park_northside_showmojo_current_configured_e2e,/private/tmp/propai-fnd-vBkmT9/park_northside_showmojo_lane/independent_replay_admission_38378.json,13,True,pass_exact_official_manager_showmojo_chain_mixed_roster_filtered,13,13,https://showmojo.com/fea92db007/listings/mapsearch?page=1 | https://showmojo.com/fea92db007/listings/mapsearch?page=2,1617 Brookfield St | 1708 Tyler St | 1600 C Fendall Ave | 1611 Tyler St | 525 Fritz St,artifact_backed_no_paid_canary
38677,Tor View Village,www.torviewvillageapts.com,tor_view_static_team_roster_current_configured_e2e,/private/tmp/propai-fnd-vBkmT9/onesite_residual6_parallel/evidence_tor_view_38677_page_local_e2e.json,5,True,pass_exact_first_party_team_card_native_roster_two_live_negatives,5,5,https://www.torviewvillageapts.com/,21I | 11B | 20C | 18B | 3A,artifact_backed_no_paid_canary
38737,Stonegate,http://www.rentatstonegateapartments.com/,entrata_batch1,/private/tmp/propai-fnd-vBkmT9/hb_entrata_sweep_batch1.json,2,True,pass_strict_property_boundary_and_native_positive_rent,,,https://www.rentatstonegateapartments.com/lakewood/stonegate-apartments/floorplans/1-bedroom-450987/fp_name/occupancy_type/conventional/,6210C | 7114C,artifact_backed_no_paid_canary
38797,Peppertree Village Apartments,www.peppertreevillageapartments.com,strict99_rentcafe,/private/tmp/propai-fnd-vBkmT9/evidence_unit_rentcafe31_tight.json,5,True,pass_property_scoped_native_identity,5,,https://peppertreevillageapartments.securecafe.com/onlineleasing/peppertree-village-apartments/availableunits.aspx,195-10 | 135-12,artifact_backed_no_paid_canary
39995,South Pointe,https://www.southpointehanahan.com/,onesite_workflow_and_rpfp_cws_current_configured_e2e,/private/tmp/propai-fnd-vBkmT9/onesite_residual6_parallel/evidence_onesite_39995_43520_current_e2e.json,1,True,pass_exact_published_onesite_property_native_roster,1,1,https://leasing.realpage.com/RP.Leasing.AppService.WebHost/workflowstartup/v1/5272798/English?BpmId=OLL.WorkflowStartUp&BpmSequence=0&LogSequence=3&ClientSessionID=9c3bfb2c-8887-41d6-9246-8088f5995b32,52,artifact_backed_no_paid_canary
40309,1750 on First,https://www.1750-onfirstapartments.com/,rentcafe_applicant_nestin_vanity,/private/tmp/propai-fnd-vBkmT9/evidence_rentcafe_applicant_vanity_proof2.json,1,True,pass_property_scoped_native_identity,1,1,https://www.1750-onfirstapartments.com/floorplans/2br%2f1ba,50E,artifact_backed_no_paid_canary
40398,Canyon Springs,https://www.canyonspringsfresno.com/,entrata_residual_current_strict,/private/tmp/propai-fnd-vBkmT9/entrata_residual_lane/evidence_entrata_residual_current_strict_consolidated.json,1,True,pass_exact_property_published_vus_native_ids_positive_rents,1,1,"https://www.canyonspringsfresno.com/?module=check_availability&is_secure=1&property[id]=673205&action=view_unit_spaces&property_floorplan[id]=777076&cached_rate_available=1&min_rent=$1,750&max_rent=$1,750&min_deposit=1100.0000&max_deposit=1100.0000&is_valid_rent=1&lease_term_name=&popup_lease_term_name=&move_in_date=2026-08-01&occupancy_type=conventional&unit_count=1",226,artifact_backed_no_paid_canary
40743,Met Spires,https://www.metspires.com/,rentcafe_residual_direct_only,/private/tmp/propai-fnd-vBkmT9/evidence_rentcafe_residual24_direct_only.json,12,True,pass_property_scoped_native_identity,12,12,https://metspires.securecafe.com/onlineleasing/the-metropolitan2/availableunits.aspx,07707 | 00214,artifact_backed_no_paid_canary
41175,Fusion Encore Hollywood,https://www.fusionencore.com/,strict99_rentcafe,/private/tmp/propai-fnd-vBkmT9/evidence_unit_rentcafe31_tight.json,11,True,pass_property_scoped_native_identity,11,,https://www.fusionencore.com/floorplans/1%2f1-large | https://www.fusionencore.com/floorplans/1%2f1-w%2floft-large | https://www.fusionencore.com/floorplans/1%2f1-w%2floft-medium | https://www.fusionencore.com/floorplans/1%2f1-x-large | https://www.fusionencore.com/floorplans/2%2f2-%2b-office,1106 | 3125,artifact_backed_no_paid_canary
41644,West Mall Terrace,www.rentatwestmallterrace.com,entrata_batch3,/private/tmp/propai-fnd-vBkmT9/hb_entrata_sweep_batch3.json,13,True,pass_strict_property_boundary_and_native_positive_rent,,,https://www.rentatwestmallterrace.com/tacoma/westmall-terrace/floorplans/one-bedroom-deluxe-461467/fp_name/occupancy_type/conventional/ | https://www.rentatwestmallterrace.com/tacoma/westmall-terrace/floorplans/one-bedroom-efficiency-1156054/fp_name/occupancy_type/conventional/ | https://www.rentatwestmallterrace.com/tacoma/westmall-terrace/floorplans/one-bedroom-standard-1-461465/fp_name/occupancy_type/conventional/ | https://www.rentatwestmallterrace.com/tacoma/westmall-terrace/floorplans/studio-deluxe-461483/fp_name/occupancy_type/conventional/ | https://www.rentatwestmallterrace.com/tacoma/westmall-terrace/floorplans/two-bedroom-one-bath-deluxe-461471/fp_name/occupancy_type/conventional/,177 | 110,artifact_backed_no_paid_canary
42371,Meetinghouse,http://meetinghouseapartments.com/,rentcafe_meetinghouse_applicant_route,/private/tmp/propai-fnd-vBkmT9/evidence_rentcafe_meetinghouse_routing_e2e.json,24,True,pass_property_scoped_native_identity,24,24,https://meetinghouseapartments.securecafeapplicant.com/onlineleasing/api/floorplan/getfloorplanandavailableunits?propertyId=185073&RequestBeforeLogin=true&isPropertyList=false,A13 | G07,artifact_backed_no_paid_canary
42554,Vintage Grove Apartments,http://summerwindaptsfl.com/,vintage_grove_current_official_rentcafe_e2e,/private/tmp/propai-fnd-vBkmT9/vintage_grove_migration_lane/evidence_vintage_grove_42554_current_strict.json,7,True,pass_exact_same_address_current_official_vintage_grove_published_securecafe_property_native_units_three_repeats,7,7,https://vintagegroveapts.securecafeapplicant.com/onlineleasing/api/floorplan/getfloorplanandavailableunits?propertyId=1722315&RequestBeforeLogin=true&isPropertyList=false,307 | 201 | 501 | 305 | 701,artifact_backed_no_paid_canary
42571,Westwood Village,https://westwoodvillageapthomes.com/en/,westwood_betternoi_current_full_configured_pipeline,/private/tmp/propai-fnd-vBkmT9/encore_knock_lane/evidence_westwood_betternoi_current_full.json,1,True,pass_exact_property_page_single_betternoi_client_native_units,1,1,https://ares.betternoi.com/api/pub/v1/client/building/unit/?client_uuid=01a0e491-f0fd-4d03-9529-00d881128a10&is_available=true,C-06,artifact_backed_no_paid_canary
42576,Fenway Triangle,https://fenwaytriangle.com/,securecafe_priority,/private/tmp/propai-fnd-vBkmT9/evidence_securecafe_priority11_direct_revalidate.json,29,True,pass_property_scoped_native_identity,29,29,https://fenwaytriangle.securecafeapplicant.com/onlineleasing/api/floorplan/getfloorplanandavailableunits?propertyId=544401&RequestBeforeLogin=true&isPropertyList=false,807 | 907,artifact_backed_no_paid_canary
42586,Birchstone Northlake,https://www.birchstonenorthlake.com/,entrata_batch1,/private/tmp/propai-fnd-vBkmT9/hb_entrata_sweep_batch1.json,19,True,pass_strict_property_boundary_and_native_positive_rent,,,https://www.birchstonenorthlake.com/northlake/birchstone-northlake/conventional/,0938 | 1035,artifact_backed_no_paid_canary
42977,Elms at Stoney Run,https://stoneyrunelmsliving.com/home#,current_official_migrations_marketapts_g5_knock,/private/tmp/propai-fnd-vBkmT9/current_official_migrations_three/evidence_current_official_migrations_three_strict.json,21,True,pass_exact_current_official_elms_stoney_run_knock_community_11ed3548d8dabea8_property_2017709_native_api_full_pipeline,21,21,https://doorway-api.knockrentals.com/v1/property/2017709/units,7577G | 1607C | 1609L | 1626I | 1630N,artifact_backed_no_paid_canary
43520,Park at Blanding,http://www.parkatblanding.com/,onesite_workflow_and_rpfp_cws_current_configured_e2e,/private/tmp/propai-fnd-vBkmT9/onesite_residual6_parallel/evidence_onesite_39995_43520_current_e2e.json,26,True,pass_exact_published_onesite_property_native_roster,26,26,https://api.ws.realpage.com/v2/property/9259508/units,026 | 059 | 077 | 070 | 109,artifact_backed_no_paid_canary
43908,ReNew Johnson Creek,https://www.renewjohnsoncreek.com/,entrata_remaining29_current_strict,/private/tmp/propai-fnd-vBkmT9/entrata_residual_lane/evidence_entrata_remaining29_current_strict_consolidated.json,11,True,pass_exact_property_published_same_origin_native_ids_positive_rents,11,11,https://www.renewjohnsoncreek.com/milwaukie/renew-johnson-creek/floorplans/aspen-698927/fp_name/occupancy_type/conventional/ | https://www.renewjohnsoncreek.com/milwaukie/renew-johnson-creek/floorplans/cedar-698928/fp_name/occupancy_type/conventional/ | https://www.renewjohnsoncreek.com/milwaukie/renew-johnson-creek/floorplans/juniper-698926/fp_name/occupancy_type/conventional/,29 | 7 | 11 | 1 | 8,artifact_backed_no_paid_canary
43995,Hamilton Hall,http://www.scullycompany.com/hamilton-hall-18.html,scully_property_owned_entrata_current_configured_e2e,/private/tmp/propai-fnd-vBkmT9/hb_scully_residual3_detail_probe/evidence_scully_three_current_strict.json,6,True,pass_exact_configured_property_owned_entrata_iframe_single_provider_property_id_full_pipeline_native_priced_units,6,6,https://hamiltonhall.scullycompany.com/Apartments/module/property_floorplans/property%5Bid%5D/100003046/property_floorplan[id]/2000/is_premium_view/1/is_responsive_snippet/1/occupancy_type/conventional/is_collapsed/0/snippet_type/website/ | https://hamiltonhall.scullycompany.com/Apartments/module/property_floorplans/property%5Bid%5D/100003046/property_floorplan[id]/2002/is_premium_view/1/is_responsive_snippet/1/occupancy_type/conventional/is_collapsed/0/snippet_type/website/ | https://hamiltonhall.scullycompany.com/Apartments/module/property_floorplans/property%5Bid%5D/100003046/property_floorplan[id]/2003/is_premium_view/1/is_responsive_snippet/1/occupancy_type/conventional/is_collapsed/0/snippet_type/website/,213 | 505 | 216 | 617 | 406,artifact_backed_no_paid_canary
44148,Glacier View,https://glacierview.tokolaproperties.com/,entrata_batch3,/private/tmp/propai-fnd-vBkmT9/hb_entrata_sweep_batch3.json,2,True,pass_strict_property_boundary_and_native_positive_rent,,,https://glacierview.tokolaproperties.com/troutdale/glacier-view/floorplans/sundance-466218/fp_name/occupancy_type/conventional/,112 | 311,artifact_backed_no_paid_canary
44339,Pronghorn Apartments,https://www.pronghorncasper.com/?utm_source=GMB&utm_medium=organic,entrata_batch2,/private/tmp/propai-fnd-vBkmT9/hb_entrata_sweep_batch2.json,3,True,pass_strict_property_boundary_and_native_positive_rent,,,https://www.pronghorncasper.com/floorplans/casper-casper-wyoming-WY/pronghorn-apartments-pronghorn/1100-1229178-1/ | https://www.pronghorncasper.com/floorplans/casper-casper-wyoming-WY/pronghorn-apartments-pronghorn/2100-1229177-1/,C-36 | A-21,artifact_backed_no_paid_canary
44513,Tranquility Pointe,https://www.tranquilitypointeapts.com/,strict99_rentcafe,/private/tmp/propai-fnd-vBkmT9/evidence_unit_rentcafe31_tight.json,5,True,pass_property_scoped_native_identity,5,,https://www.tranquilitypointeapts.com/floorplans/1-bed-1-bath-b | https://www.tranquilitypointeapts.com/floorplans/2-bed-2-bath-b | https://www.tranquilitypointeapts.com/floorplans/3-bed-2-bath,02-308 | 02-309,artifact_backed_no_paid_canary
46257,Advenir at Mayfield,https://www.adveniratmayfield.com/,entrata_residual_current_strict,/private/tmp/propai-fnd-vBkmT9/entrata_residual_lane/evidence_entrata_residual_current_strict_consolidated.json,11,True,pass_exact_property_published_same_origin_native_ids_positive_rents,11,11,https://www.advenirliving.com/mayfield/floorplans/midland-TX/advenir-at-mayfield/grande-645623-1/ | https://www.advenirliving.com/mayfield/floorplans/midland-TX/advenir-at-mayfield/mesquite-645619-1/ | https://www.advenirliving.com/mayfield/floorplans/midland-TX/advenir-at-mayfield/mission-645621-1/,D207 | E307 | N302 | O304 | E204,artifact_backed_no_paid_canary
46576,Campus Pointe,https://www.proresidential.com/oklahoma-properties/campus-pointe-,appfolio_generic_current_strict,/private/tmp/propai-fnd-vBkmT9/appfolio_generic_lane/evidence_appfolio_generic_current_strict_consolidated.json,13,True,pass_property_list_membership_and_site_boundary,13,13,https://www.proresidential.com/rts/collections/public/08205cf0/runtime/collection/appfolio-listings/query-data?pageSize=100&pageNumber=0&query=()&language=ENGLISH | https://www.proresidential.com/rts/collections/public/08205cf0/runtime/collection/appfolio-listings/query-data?pageSize=100&pageNumber=1&query=()&language=ENGLISH | https://www.proresidential.com/rts/collections/public/08205cf0/runtime/collection/appfolio-listings/query-data?pageSize=100&pageNumber=2&query=()&language=ENGLISH | https://www.proresidential.com/rts/collections/public/08205cf0/runtime/collection/appfolio-listings/query-data?pageSize=100&pageNumber=3&query=()&language=ENGLISH | https://www.proresidential.com/rts/collections/public/08205cf0/runtime/collection/appfolio-listings/query-data?pageSize=100&pageNumber=4&query=()&language=ENGLISH,265 | 109 | 233,artifact_backed_no_paid_canary
46915,Barberton,https://www.barbertonapt.com/,barberton_current_same_origin_rentcafe_inventory,/private/tmp/propai-fnd-vBkmT9/entrata_residual_lane/evidence_barberton_46915_current_strict.json,4,True,pass_exact_current_same_origin_published_rentcafe_inventory_native_unique_id_positive_rent,4,4,https://www.barbertonapt.com/availableunits,B107 | 06 | C207 | B101,artifact_backed_no_paid_canary
47750,The Ridge At Chestnut Hill,https://www.theridgeatchestnuthillapts.com/,strict99_other,/private/tmp/propai-fnd-vBkmT9/evidence_unknown_other21_tight.json,7,True,pass_property_scoped_native_identity,7,,"https://www.theridgeatchestnuthillapts.com/?module=check_availability&is_secure=1&property[id]=680388&action=view_unit_spaces&property_floorplan[id]=751452&cached_rate_available=1&min_rent=$1,164&max_rent=$1,264&is_valid_rent=1&lease_term_name=&popup_lease_term_name=&move_in_date=2026-07-31&occupancy_type=conventional&unit_count=2 | https://www.theridgeatchestnuthillapts.com/?module=check_availability&is_secure=1&property[id]=680388&action=view_unit_spaces&property_floorplan[id]=751454&cached_rate_available=1&min_rent=$1,409&max_rent=$1,559&is_valid_rent=1&lease_term_name=&popup_lease_term_name=&move_in_date=2026-07-31&occupancy_type=conventional&unit_count=2",3862 | 3866,artifact_backed_no_paid_canary
48075,Edgefield,www.edgefieldaptsva.com,edgefield_onesite_compliant_hb_current_configured_e2e,/private/tmp/propai-fnd-vBkmT9/edgefield_48075_hb_lane/evidence_edgefield_48075_configured_e2e.json,3,True,pass_exact_first_party_identity_sole_published_onesite_site_id_three_repeats_compliant_hyperbrowser,3,3,https://leasing.realpage.com/RP.Leasing.AppService.WebHost/workflowstartup/v1/1060300/English?BpmId=OLL.WorkflowStartUp&BpmSequence=0&LogSequence=3&ClientSessionID=<redacted>,13 | 38 | 108,artifact_backed_no_paid_canary
48092,Edgewater Village,https://www.edgewatervillageapts.com/,edgewater_entrata_current_source_e2e,/private/tmp/propai-fnd-vBkmT9/realpage_onesite_residual_lane/evidence_edgewater_entrata_current_strict_replay.json,23,True,pass_exact_configured_current_e2e_capture_and_published_route_replay,23,23,https://www.edgewatervillageapts.com/ | https://www.edgewatervillage-apts.com/ | https://www.edgewatervillage-apts.com/greensboro/edgewater-village/conventional/,114 | 112 | 115 | 117 | 215,artifact_backed_no_paid_canary
48389,Village Gate Apartments,http://www.villagegatenc.com/,village_gate_lamphouse_current_source_e2e,/private/tmp/propai-fnd-vBkmT9/entrata_residual_lane/evidence_hb_unknown_rentcafe_two_current_strict.json,13,True,pass_exact_configured_identity_realpage_workflow_property_3943980,13,13,https://leasing.realpage.com/RP.Leasing.AppService.WebHost/workflowstartup/v1/3943980/English?BpmId=OLL.WorkflowStartUp&BpmSequence=0&LogSequence=3&ClientSessionID=f70772f6-cdea-4823-9689-5b6e51eabaae,68 | 84 | 88 | 230 | 105,artifact_backed_no_paid_canary
49096,Pondview Apartments,https://tvcproperties.com/community-detail/?pid=19,rentmanager_pondview_current,/private/tmp/propai-fnd-vBkmT9/evidence_rentmanager_49096_current_revalidate.json,5,True,pass_property_scoped_native_identity,5,5,https://tvcproperties.com/community-detail/?pid=19,104 | 105,artifact_backed_no_paid_canary
50172,Countryside Estates,https://www.countrysideest.com,strict99_other,/private/tmp/propai-fnd-vBkmT9/evidence_unknown_other21_tight.json,4,True,pass_property_scoped_native_identity,4,,https://countrysideest.securecafe.com/onlineleasing/countryside-estates/availableunits.aspx,121-103 | 101-107,artifact_backed_no_paid_canary
51143,Lauderdale Hollows,https://mgmmgmt.net/property-details/?pid=136,unknown49_exact_provider_live,/private/tmp/propai-fnd-vBkmT9/evidence_unknown49_strict.json,3,True,pass_exact_property_native_identity_positive_rent_no_contamination,3,3,https://mgmmgmt.net/property-details/?pid=136 | https://mgmmgmt.net/unit-details/?uid=7792 | https://mgmmgmt.net/unit-details/?uid=7828 | https://mgmmgmt.net/unit-details/?uid=7874,7792 | 7828 | 7874,artifact_backed_no_paid_canary
52949,Woodlands at Nashua,https://www.livewoodlandsatnashua.com/,entrata_batch2,/private/tmp/propai-fnd-vBkmT9/hb_entrata_sweep_batch2.json,3,True,pass_strict_property_boundary_and_native_positive_rent,,,https://www.livewoodlandsatnashua.com/nashua/woodlands-at-nashua/conventional/,18 | 01,artifact_backed_no_paid_canary
54798,The Point at Abington,https://www.thepointatabington.com/,onesite_ollr_current_source_full_pipeline,/private/tmp/propai-fnd-vBkmT9/realpage_onesite_residual_lane/evidence_ollr_detector_current_source_full_pipeline9.json,6,True,pass_exact_configured_property_same_origin_published_ollr_sole_site_id_full_pipeline,6,6,https://leasing.realpage.com/RP.Leasing.AppService.WebHost/workflowstartup/v1/4777974/English?BpmId=OLL.WorkflowStartUp&BpmSequence=0&LogSequence=3&ClientSessionID=<redacted>,114 | 63 | 71 | 32 | 57,artifact_backed_no_paid_canary
54936,Brentwood Square,https://brentwoodsquareapts.prospectportal.com/,entrata_residual_current_strict,/private/tmp/propai-fnd-vBkmT9/entrata_residual_lane/evidence_entrata_residual_current_strict_consolidated.json,1,True,pass_exact_profile_url_same_origin_identity_native_positive_rent,1,1,https://brentwoodsquareapts.prospectportal.com/seattle/22-brentwood-square/floorplans/2-bed2-bath-839-1155597/fp_name/occupancy_type/conventional/,143D,artifact_backed_no_paid_canary
55165,Legacy Oaks,https://legacyoaksapts.com/,rentmanager_legacy_oaks_current_hb,/private/tmp/propai-fnd-vBkmT9/evidence_rentmanager_55165_current_hb_e2e.json,9,True,pass_exact_same_origin_current_hb_native_identity,9,9,https://legacyoaksapts.com/,243 | 249 | 252 | 262 | 331,artifact_backed_no_paid_canary
55709,Vista Pointe Apartments,https://ridgepointeblueridgeapts.com/en/,appfolio_generic_current_strict,/private/tmp/propai-fnd-vBkmT9/appfolio_generic_lane/evidence_appfolio_generic_current_strict_consolidated.json,7,True,pass_exact_property_native_rows_only,7,7,https://ares.betternoi.com/api/pub/v1/client/building/unit?client_uuid=54523ff9-0329-43dd-83b4-3066820f136e&is_available=true | https://livevistapointeapts.com/en/floor-plans,,artifact_backed_no_paid_canary
55729,Cherry Court,https://www.keystonemanagement.com/apartments/nc/cherry-court-apartments,strict99_rentcafe,/private/tmp/propai-fnd-vBkmT9/evidence_unit_rentcafe31_tight.json,7,True,pass_property_scoped_native_identity,7,,https://cherry-court-apartments-rentcafewebsite.securecafe.com/onlineleasing/cherry-court-apartments/availableunits.aspx,102O | 104C,artifact_backed_no_paid_canary
56182,Acorn Acres,https://www.liveatacornacres.com/,acorn_current_rentvision_full_configured_e2e,/private/tmp/propai-fnd-vBkmT9/acorn_56182_current_rentvision/evidence_acorn_56182_full_scrape_jugnu_3x.json,6,True,pass_configured_exact_name_address_current_official_rentvision_native_units_positive_rent_three_repeats,6,6,https://www.liveatacornacres.com/floorplans/one-bedroom/1bed-1bath | https://www.liveatacornacres.com/floorplans/one-bedroom/1bed-1bath-sect-8 | https://www.liveatacornacres.com/floorplans/three-bedroom/3bed-1bath-townhome-sect-8 | https://www.liveatacornacres.com/floorplans/two-bedroom/2bed-1bath-townhome-sect-8,3717D | 3864D | 3805 | 2575F | 3601E,artifact_backed_no_paid_canary
56762,Seventh West,https://www.seventhwestapartments.com/,securecafe_remaining,/private/tmp/propai-fnd-vBkmT9/evidence_securecafe_remaining12_direct.json,1,True,pass_property_scoped_native_identity,1,1,https://seventhwestapartments.securecafe.com/onlineleasing/1427-seventh-street/availableunits.aspx,406,artifact_backed_no_paid_canary
57195,Tribeca,https://tribecacolumbus.com/,tribeca_leaseleads_current_full_configured_pipeline,/private/tmp/propai-fnd-vBkmT9/entrata_residual_lane/evidence_tribeca_leaseleads_current_full_strict.json,21,True,pass_exact_published_leaseleads_uuid_domain_name_street_city_zip_native_unit_ids_full_configured_pipeline,21,21,https://api.leaseleads.co/api/v2/property/9e4f1b70-ec67-4725-81da-7dd6b6c04d8c/floor-plans,414WT | 344WT | 343WT | 244WT | 302WT,artifact_backed_no_paid_canary
58939,The Landings at Brooks City-Base,http://www.thelandingsatbrookscity-base.com/,strict99_other,/private/tmp/propai-fnd-vBkmT9/evidence_unknown_other21_tight.json,33,True,pass_property_scoped_native_identity,33,,https://www.thelandingsatbrookscity-base.com/floorplans/a1 | https://www.thelandingsatbrookscity-base.com/floorplans/a2 | https://www.thelandingsatbrookscity-base.com/floorplans/a3 | https://www.thelandingsatbrookscity-base.com/floorplans/a4 | https://www.thelandingsatbrookscity-base.com/floorplans/b1,11203 | 01303,artifact_backed_no_paid_canary
59649,801 Polaris,https://801polaris.com/,entrata_snippet_cluster_current_source_e2e,/private/tmp/propai-fnd-vBkmT9/encore_knock_lane/evidence_entrata_snippet_cluster_current_strict.json,24,True,pass_exact_property_owned_iframe_single_property_id_native_units,24,24,https://entratasnipit.801polaris.com/Apartments/module/property_floorplans/property%5Bid%5D/1166646/property_floorplan[id]/1047422/is_premium_view/1/is_responsive_snippet/1/occupancy_type/conventional/is_collapsed/0/snippet_type/website/ | https://entratasnipit.801polaris.com/Apartments/module/property_floorplans/property%5Bid%5D/1166646/property_floorplan[id]/1047423/is_premium_view/1/is_responsive_snippet/1/occupancy_type/conventional/is_collapsed/0/snippet_type/website/ | https://entratasnipit.801polaris.com/Apartments/module/property_floorplans/property%5Bid%5D/1166646/property_floorplan[id]/1047424/is_premium_view/1/is_responsive_snippet/1/occupancy_type/conventional/is_collapsed/0/snippet_type/website/ | https://entratasnipit.801polaris.com/Apartments/module/property_floorplans/property%5Bid%5D/1166646/property_floorplan[id]/1047428/is_premium_view/1/is_responsive_snippet/1/occupancy_type/conventional/is_collapsed/0/snippet_type/website/ | https://entratasnipit.801polaris.com/Apartments/module/property_floorplans/property%5Bid%5D/1166646/property_floorplan[id]/1047430/is_premium_view/1/is_responsive_snippet/1/occupancy_type/conventional/is_collapsed/0/snippet_type/website/,315 | 442 | 230 | 445 | 329,artifact_backed_no_paid_canary
60125,Cumberland Links,https://www.cumberlandlinksapts.com/,strict99_rentcafe,/private/tmp/propai-fnd-vBkmT9/evidence_unit_rentcafe31_tight.json,2,True,pass_property_scoped_native_identity,2,,https://cumberlandlinksapts.securecafe.com/onlineleasing/cumberland-links0/availableunits.aspx,168CW | 184PV,artifact_backed_no_paid_canary
60141,Bridgeview,http://www.scullycompany.com/bridgeview-14.html,scully_property_owned_entrata_current_configured_e2e,/private/tmp/propai-fnd-vBkmT9/hb_scully_residual3_detail_probe/evidence_scully_three_current_strict.json,8,True,pass_exact_configured_property_owned_entrata_iframe_single_provider_property_id_full_pipeline_native_priced_units,8,8,https://bridgeview.scullycompany.com/Apartments/module/property_floorplans/property%5Bid%5D/100002842/property_floorplan[id]/2528/is_premium_view/1/is_responsive_snippet/1/occupancy_type/conventional/is_collapsed/0/snippet_type/website/ | https://bridgeview.scullycompany.com/Apartments/module/property_floorplans/property%5Bid%5D/100002842/property_floorplan[id]/2529/is_premium_view/1/is_responsive_snippet/1/occupancy_type/conventional/is_collapsed/0/snippet_type/website/,132 | 415 | 215 | 013 | 423,artifact_backed_no_paid_canary
60145,Woodmont Mews,https://www.woodmontmewsapartments.com/,appfolio_generic_current_strict,/private/tmp/propai-fnd-vBkmT9/appfolio_generic_lane/evidence_appfolio_generic_current_strict_consolidated.json,10,True,pass_exact_property_native_rows_only,10,10,https://www.woodmontmewsapartments.com/ | https://woodmontmewsapartments.securecafe.com/onlineleasing/woodmont-mews/availableunits.aspx?myOlePropertyId=144461&floorPlans=969192 | https://woodmontmewsapartments.securecafe.com/onlineleasing/woodmont-mews/availableunits.aspx?myOlePropertyId=144461&floorPlans=969190 | https://woodmontmewsapartments.securecafe.com/onlineleasing/woodmont-mews/availableunits.aspx?myOlePropertyId=144461&floorPlans=969191 | https://woodmontmewsapartments.securecafe.com/onlineleasing/woodmont-mews/availableunits.aspx?myOlePropertyId=144461&floorPlans=969194,,artifact_backed_no_paid_canary
60303,Ironworks At Keystone,http://ironworksindy.com/,rentcafe_rentmanager_three_current_source_e2e,/private/tmp/propai-fnd-vBkmT9/realpage_onesite_residual_lane/evidence_rentcafe_rentmanager_three_current_e2e.json,2,True,pass_exact_configured_published_applicant_property_native_units,2,2,http://ironworksindy.com/ | https://ironworksindy.securecafe.com/onlineleasing/ironworks-at-keystone0 | https://ironworksindy.securecafeapplicant.com/onlineleasing/api/floorplan/getfloorplanandavailableunits?propertyId=1806816&RequestBeforeLogin=true&isPropertyList=false,312 | 505,artifact_backed_no_paid_canary
61285,Allez Apartments,http://www.allezliving.com/,unknown49_exact_provider_live,/private/tmp/propai-fnd-vBkmT9/evidence_unknown49_strict.json,3,True,pass_exact_property_native_identity_positive_rent_no_contamination,3,3,https://www.allezliving.com/floorplans/a-1 | https://www.allezliving.com/floorplans/a-7 | https://www.allezliving.com/floorplans/s-1,10904407 | 10904350 | 10904400,artifact_backed_no_paid_canary
61979,Villa Milano,https://www.villamilano.us/,rentcafe_published_applicant_theme,/private/tmp/propai-fnd-vBkmT9/evidence_rentcafe_published_theme3.json,12,True,pass_property_scoped_native_identity,12,12,https://villamilano.securecafeapplicant.com/onlineleasing/api/floorplan/getfloorplanandavailableunits?propertyId=1161613&RequestBeforeLogin=true&isPropertyList=false,0112 | 1801,artifact_backed_no_paid_canary
63191,Avenir on Fifteenth,http://avenirphilly.com/,scully_property_owned_entrata_current_configured_e2e,/private/tmp/propai-fnd-vBkmT9/hb_scully_residual3_detail_probe/evidence_scully_three_current_strict.json,11,True,pass_exact_configured_property_owned_entrata_iframe_single_provider_property_id_full_pipeline_native_priced_units,11,11,https://avenir.scullycompany.com/Apartments/module/property_floorplans/property%5Bid%5D/100002834/property_floorplan[id]/2038/is_premium_view/1/is_responsive_snippet/1/occupancy_type/conventional/is_collapsed/0/snippet_type/website/ | https://avenir.scullycompany.com/Apartments/module/property_floorplans/property%5Bid%5D/100002834/property_floorplan[id]/2043/is_premium_view/1/is_responsive_snippet/1/occupancy_type/conventional/is_collapsed/0/snippet_type/website/ | https://avenir.scullycompany.com/Apartments/module/property_floorplans/property%5Bid%5D/100002834/property_floorplan[id]/2044/is_premium_view/1/is_responsive_snippet/1/occupancy_type/conventional/is_collapsed/0/snippet_type/website/ | https://avenir.scullycompany.com/Apartments/module/property_floorplans/property%5Bid%5D/100002834/property_floorplan[id]/2045/is_premium_view/1/is_responsive_snippet/1/occupancy_type/conventional/is_collapsed/0/snippet_type/website/ | https://avenir.scullycompany.com/Apartments/module/property_floorplans/property%5Bid%5D/100002834/property_floorplan[id]/2050/is_premium_view/1/is_responsive_snippet/1/occupancy_type/conventional/is_collapsed/0/snippet_type/website/,1611 | 1610 | 1710 | 0310 | 1104,artifact_backed_no_paid_canary
63558,Pearl Dadeland,http://pearldadeland.com/,entrata_batch2,/private/tmp/propai-fnd-vBkmT9/hb_entrata_sweep_batch2.json,32,True,pass_strict_property_boundary_and_native_positive_rent,,,https://www.pearldadeland.com/floorplans/miami-FL/pearl-dadeland/a1-6712-1/ | https://www.pearldadeland.com/floorplans/miami-FL/pearl-dadeland/a11-6718-1/ | https://www.pearldadeland.com/floorplans/miami-FL/pearl-dadeland/a2-6727-1/ | https://www.pearldadeland.com/floorplans/miami-FL/pearl-dadeland/a3-6709-1/ | https://www.pearldadeland.com/floorplans/miami-FL/pearl-dadeland/a4-6721-1/,3215 | 1614,artifact_backed_no_paid_canary
64068,Riverplace,http://www.riverplacecr.com/,riverplace_stale_domain_current_official_rentcafe_current_e2e,/private/tmp/propai-fnd-vBkmT9/riverplace_migration_lane/evidence_riverplace_64068_current_strict.json,14,True,pass_exact_current_official_riverplace_us_property_1908594_five_same_origin_plan_pages_full_pipeline_native_unique_positive_rent,14,14,https://www.riverplace.us/floorplans/brook | https://www.riverplace.us/floorplans/creek | https://www.riverplace.us/floorplans/delta | https://www.riverplace.us/floorplans/falls | https://www.riverplace.us/floorplans/river,218-11 | 249-07 | 249-12 | 249-11 | 213-06,artifact_backed_no_paid_canary
64545,The Lofts at White Furniture,https://www.whitefurniturelofts.com/,strict99_false_positive_revalidate,/private/tmp/propai-fnd-vBkmT9/evidence_strict99_false_positive50_consolidated.json,9,True,pass_strict_property_boundary_and_native_positive_rent,9,9,https://www.whitefurniturelofts.com/?module=check_availability&is_secure=1&property[id]=1112431&action=view_unit_spaces&property_floorplan[id]=1126657&cached_rate_available=1&min_rent=1182&max_rent=1432&min_deposit=300.0000&max_deposit=300.0000&move_in_date=2026-08-03&occupancy_type=conventional | https://www.whitefurniturelofts.com/?module=check_availability&is_secure=1&property[id]=1112431&action=view_unit_spaces&property_floorplan[id]=1126659&cached_rate_available=1&min_rent=1477&max_rent=1702&min_deposit=300.0000&max_deposit=300.0000&move_in_date=2026-08-03&occupancy_type=conventional | https://www.whitefurniturelofts.com/?module=check_availability&is_secure=1&property[id]=1112431&action=view_unit_spaces&property_floorplan[id]=1126662&cached_rate_available=1&min_rent=1245&max_rent=1495&min_deposit=300.0000&max_deposit=300.0000&move_in_date=2026-08-03&occupancy_type=conventional | https://www.whitefurniturelofts.com/?module=check_availability&is_secure=1&property[id]=1112431&action=view_unit_spaces&property_floorplan[id]=1126666&cached_rate_available=1&min_rent=1596&max_rent=1846&min_deposit=400.0000&max_deposit=400.0000&move_in_date=2026-08-03&occupancy_type=conventional | https://www.whitefurniturelofts.com/?module=check_availability&is_secure=1&property[id]=1112431&action=view_unit_spaces&property_floorplan[id]=1126669&cached_rate_available=1&min_rent=1400&max_rent=1649&min_deposit=300.0000&max_deposit=300.0000&move_in_date=2026-08-03&occupancy_type=conventional,207 | 259,artifact_backed_no_paid_canary
64673,River's Edge Apartments,http://riversedgeknox.com/,strict99_rentcafe,/private/tmp/propai-fnd-vBkmT9/evidence_unit_rentcafe31_tight.json,10,True,pass_property_scoped_native_identity,10,,https://riversedgeknox.securecafe.com/onlineleasing/1701-island-home-drive-river-s-edge/availableunits.aspx,C106 | B205,artifact_backed_no_paid_canary
67383,The Standard at Leander Station,http://www.lifeatthestandard.com/,onesite_standard_leander,/private/tmp/propai-fnd-vBkmT9/evidence_onesite_standard_leander_boundary_revalidate.json,31,True,pass_property_scoped_native_identity,31,31,https://leasing.realpage.com/RP.Leasing.AppService.WebHost/workflowstartup/v1/4804645/English?BpmId=OLL.WorkflowStartUp&BpmSequence=0&LogSequence=3&ClientSessionID=b4bf657a-0efa-44e8-af6d-144b3ea868b8,14 | 58,artifact_backed_no_paid_canary
67684,Two Light,http://twolightkc.com/,entrata_residual_current_strict,/private/tmp/propai-fnd-vBkmT9/entrata_residual_lane/evidence_entrata_residual_current_strict_consolidated.json,2,True,pass_exact_property_published_vus_native_ids_positive_rents,2,2,"https://twolight.prospectportal.com/?module=check_availability&is_secure=1&property[id]=265564&action=view_unit_spaces&property_floorplan[id]=580014&cached_rate_available=1&min_rent=$2,590&max_rent=$3,140&min_advertised_base_rent=4050&max_advertised_base_rent=5557&min_deposit=1500.0000&max_deposit=1500.0000&move_in_date=2026-08-01&occupancy_type=conventional&unit_count=1",2405 | 2505,artifact_backed_no_paid_canary
67697,Central Island Square,https://www.cr-centralislandsquareapts.com/,strict99_rentcafe,/private/tmp/propai-fnd-vBkmT9/evidence_unit_rentcafe31_tight.json,18,True,pass_property_scoped_native_identity,18,,https://cr-centralislandsquareapts.securecafe.com/onlineleasing/central-island-square/availableunits.aspx,3153 | 2305,artifact_backed_no_paid_canary
68465,The Morgan Sandy Springs,https://www.themorgansandysprings.com/,entrata_prior4,/private/tmp/propai-fnd-vBkmT9/hb_entrata_sweep_prior4_revalidate.json,19,True,pass_strict_property_boundary_and_native_positive_rent,,,https://www.themorgansandysprings.com/floorplans/sandy-springs-GA/the-morgan-sandy-springs/a11-1044895-1/ | https://www.themorgansandysprings.com/floorplans/sandy-springs-GA/the-morgan-sandy-springs/a12-1044889-1/ | https://www.themorgansandysprings.com/floorplans/sandy-springs-GA/the-morgan-sandy-springs/a2-1044892-1/ | https://www.themorgansandysprings.com/floorplans/sandy-springs-GA/the-morgan-sandy-springs/a6-1044890-1/ | https://www.themorgansandysprings.com/floorplans/sandy-springs-GA/the-morgan-sandy-springs/a6l-1044915-1/,283 | 243,artifact_backed_no_paid_canary
68691,The District at Rosemary,https://www.thedistrictatrosemary.com/,strict99_rentcafe,/private/tmp/propai-fnd-vBkmT9/evidence_unit_rentcafe31_tight.json,24,True,pass_property_scoped_native_identity,24,,https://thedistrictatrosemary.securecafe.com/onlineleasing/the-district-at-rosemary/availableunits.aspx,147 | 417,artifact_backed_no_paid_canary
68952,Wy'East Pointe,https://www.livewyeast.com/,plan_only_pair_current_published_entrata_modal,/private/tmp/propai-fnd-vBkmT9/entrata_residual_lane/evidence_plan_only_modal_pair_current_strict.json,1,True,pass_exact_current_same_property_published_entrata_modal_native_unique_id_positive_rent,1,1,"https://www.livewyeast.com/?module=check_availability&is_secure=1&property[id]=219049&action=view_unit_spaces&cached_rate_available=1&min_rent=$1,395&max_rent=$1,406&min_advertised_base_rent=1395&max_advertised_base_rent=1406&min_deposit=500.0000&max_deposit=1500.0000&is_valid_rent=1&lease_term_name=12-16mo lease&popup_lease_term_name=12-16 months lease&property_floorplan[id]=543242&move_in_date=2026-08-01&occupancy_type=conventional",G078,artifact_backed_no_paid_canary
69378,Redwood Akron,https://www.byredwood.com/apartments/oh/akron/redwood-akron/index.aspx,strict99_rentcafe,/private/tmp/propai-fnd-vBkmT9/evidence_unit_rentcafe31_tight.json,2,True,pass_property_scoped_native_identity,2,,https://byredwood.securecafe.com/onlineleasing/redwood-akron/availableunits.aspx,A9 | F1,artifact_backed_no_paid_canary
70255,Coventry Square,https://coventrysquareapartments.com/,appfolio_generic_current_strict,/private/tmp/propai-fnd-vBkmT9/appfolio_generic_lane/evidence_appfolio_generic_current_strict_consolidated.json,8,True,pass_exact_property_native_rows_only,8,8,https://clients.spherexx.com/kamson_availability/availability.asp?id=noegpbnd | https://coventrysquareapartments.com/floor-plans/,,artifact_backed_no_paid_canary
70993,Modera Mosaic,https://www.moderamosaic.com/,entrata_remaining29_current_strict,/private/tmp/propai-fnd-vBkmT9/entrata_residual_lane/evidence_entrata_remaining29_current_strict_consolidated.json,20,True,pass_exact_property_published_same_origin_native_ids_positive_rents,20,20,"https://www.moderamosaic.com/?module=check_availability&is_secure=1&property[id]=550518&action=view_unit_spaces&cached_rate_available=1&min_rent=$1,933&max_rent=$2,837&min_advertised_base_rent=1933&max_advertised_base_rent=2837&min_deposit=300.00&max_deposit=300.00&is_valid_rent=1&lease_term_name=&popup_lease_term_name=&property_floorplan[id]=917642&move_in_date=2026-08-01&occupancy_type=conventional | https://www.moderamosaic.com/?module=check_availability&is_secure=1&property[id]=550518&action=view_unit_spaces&cached_rate_available=1&min_rent=$2,042&max_rent=$3,047&min_advertised_base_rent=2042&max_advertised_base_rent=3047&min_deposit=300.00&max_deposit=300.00&is_valid_rent=1&lease_term_name=&popup_lease_term_name=&property_floorplan[id]=916680&move_in_date=2026-08-01&occupancy_type=conventional | https://www.moderamosaic.com/?module=check_availability&is_secure=1&property[id]=550518&action=view_unit_spaces&cached_rate_available=1&min_rent=$2,202&max_rent=$2,815&min_advertised_base_rent=2202&max_advertised_base_rent=2815&min_deposit=300.00&max_deposit=300.00&is_valid_rent=1&lease_term_name=&popup_lease_term_name=&property_floorplan[id]=916643&move_in_date=2026-08-01&occupancy_type=conventional | https://www.moderamosaic.com/?module=check_availability&is_secure=1&property[id]=550518&action=view_unit_spaces&cached_rate_available=1&min_rent=$2,351&max_rent=$2,964&min_advertised_base_rent=2351&max_advertised_base_rent=2964&min_deposit=300.00&max_deposit=300.00&is_valid_rent=1&lease_term_name=&popup_lease_term_name=&property_floorplan[id]=917632&move_in_date=2026-08-01&occupancy_type=conventional | https://www.moderamosaic.com/?module=check_availability&is_secure=1&property[id]=550518&action=view_unit_spaces&cached_rate_available=1&min_rent=$2,426&max_rent=$3,056&min_advertised_base_rent=2426&max_advertised_base_rent=3056&min_deposit=300.00&max_deposit=300.00&is_valid_rent=1&lease_term_name=&popup_lease_term_name=&property_floorplan[id]=917664&move_in_date=2026-08-01&occupancy_type=conventional",634 | 1519 | 504 | 510 | 2213,artifact_backed_no_paid_canary
71534,Riverwalk on the Falls I,https://www.wimmercommunities.com/apartments/menomonee-falls/riverwalk-on-the-falls/,riverwalk_wimmer_stale_path_guard_sightmap_e2e,/private/tmp/propai-fnd-vBkmT9/riverwalk_wimmer_lane/evidence_riverwalk_71534_stale_guard_e2e.json,8,True,pass_exact_wimmer_missing_state_path_fail_closed_single_candidate_sightmap_three_configured_repeats,8,8,https://sightmap.com/app/api/v1/y8px5ljmv19/sightmaps/100325,103 | 305 | 310 | 324 | 201,artifact_backed_no_paid_canary
71962,Towne House,https://www.townehousequincy.com/,knock_unknown_current_source_e2e,/private/tmp/propai-fnd-vBkmT9/realpage_onesite_residual_lane/evidence_knock_unknown_two_current_e2e.json,2,True,pass_exact_configured_page_published_knock_init_native_community_name_address_and_units_property_id,2,2,https://doorway-api.knockrentals.com/v1/property/2023031/units,200 | 108,artifact_backed_no_paid_canary
72391,Lumina,https://liveatlumina.com/,entrata_remaining29_current_strict,/private/tmp/propai-fnd-vBkmT9/entrata_residual_lane/evidence_entrata_remaining29_current_strict_consolidated.json,21,True,pass_exact_parent_published_snippet_details_native_ids_positive_rents,21,21,https://entratasnipit.liveatlumina.com/Apartments/module/property_floorplans/property%5Bid%5D/100171538/property_floorplan[id]/1060004/is_premium_view/1/is_responsive_snippet/1/occupancy_type/conventional/is_collapsed/0/snippet_type/website/ | https://entratasnipit.liveatlumina.com/Apartments/module/property_floorplans/property%5Bid%5D/100171538/property_floorplan[id]/1060008/is_premium_view/1/is_responsive_snippet/1/occupancy_type/conventional/is_collapsed/0/snippet_type/website/ | https://entratasnipit.liveatlumina.com/Apartments/module/property_floorplans/property%5Bid%5D/100171538/property_floorplan[id]/1060011/is_premium_view/1/is_responsive_snippet/1/occupancy_type/conventional/is_collapsed/0/snippet_type/website/ | https://entratasnipit.liveatlumina.com/Apartments/module/property_floorplans/property%5Bid%5D/100171538/property_floorplan[id]/1060012/is_premium_view/1/is_responsive_snippet/1/occupancy_type/conventional/is_collapsed/0/snippet_type/website/ | https://entratasnipit.liveatlumina.com/Apartments/module/property_floorplans/property%5Bid%5D/100171538/property_floorplan[id]/1060014/is_premium_view/1/is_responsive_snippet/1/occupancy_type/conventional/is_collapsed/0/snippet_type/website/,2411 | 1106 | 2314 | 1130 | 2106,artifact_backed_no_paid_canary
72542,Reside Here,http://www.rentandresidehere.net/,strict99_other,/private/tmp/propai-fnd-vBkmT9/evidence_unknown_other21_tight.json,5,True,pass_property_scoped_native_identity,5,,https://www.rentandresidehere.net/,01 | B,artifact_backed_no_paid_canary
72766,Fox Ridge,https://www.liveatfoxridge.com/?utm_source=GBP&utm_medium=organic&utm_knock=gbp,vendor_tail_strict,/private/tmp/propai-fnd-vBkmT9/evidence_vendor_tail30_strict.json,17,True,pass_after_exact_submap_selection_sibling_lakeview_explicitly_excluded,17,17,https://www.liveatfoxridge.com/ | https://sightmap.com/embed/8epm5y46w6d | https://sightmap.com/app/api/v1/yjp248qrvxl/sightmaps/108287,209 | 211 | 311 | 313 | 302,artifact_backed_no_paid_canary
74384,Fountain Park South,https://www.fountainparksouth.com/,strict99_page_local,/private/tmp/propai-fnd-vBkmT9/evidence_unknown_page_local9_tight.json,30,True,pass_property_scoped_native_identity,30,,https://www.fountainparksouth.com/availableunits,02C-112 | 21B-307,artifact_backed_no_paid_canary
74488,St. Johns Wood,http://www.gscapts.com/apartments/Richmond_VA/zip_23225/gsc/4497,strict99_false_positive_revalidate,/private/tmp/propai-fnd-vBkmT9/evidence_strict99_false_positive50_consolidated.json,188,True,pass_exact_gsc_name_rediscovery_and_native_positive_rent,188,188,,1003 | 1046,artifact_backed_no_paid_canary
74523,Charter Club,http://www.charterclubapts.com/,charter_club_mri_current_source_e2e,/private/tmp/propai-fnd-vBkmT9/unknown_residual_lane/evidence_charter_club_mri_current_e2e.json,1,True,pass_exact_configured_page_published_mri_property_session_native_units,1,1,https://smg.mriprospectconnect.com/Search/Search,42-B,artifact_backed_no_paid_canary
74872,Heather Ridge,http://heatherridgeapts.net/,onesite_ollr_current_source_full_pipeline,/private/tmp/propai-fnd-vBkmT9/realpage_onesite_residual_lane/evidence_ollr_detector_current_source_full_pipeline9.json,9,True,pass_exact_configured_property_same_origin_published_ollr_sole_site_id_full_pipeline,9,9,https://leasing.realpage.com/RP.Leasing.AppService.WebHost/workflowstartup/v1/3318124/English?BpmId=OLL.WorkflowStartUp&BpmSequence=0&LogSequence=3&ClientSessionID=<redacted>,362 | 160 | 278 | 397 | 393,artifact_backed_no_paid_canary
74900,Fox Lake,https://www.foxlakeonline.com/,entrata_prior4,/private/tmp/propai-fnd-vBkmT9/hb_entrata_sweep_prior4_revalidate.json,14,True,pass_strict_property_boundary_and_native_positive_rent,,,https://foxlake.prospectportal.com/floorplans/knoxville-knoxville-TN/fox-lake-apartment-homes/abbington-1440-1/ | https://foxlake.prospectportal.com/floorplans/knoxville-knoxville-TN/fox-lake-apartment-homes/burwell-1444-1/ | https://foxlake.prospectportal.com/floorplans/knoxville-knoxville-TN/fox-lake-apartment-homes/dover-1446-1/ | https://foxlake.prospectportal.com/floorplans/knoxville-knoxville-TN/fox-lake-apartment-homes/ellington-1448-1/,8940 | 8824,artifact_backed_no_paid_canary
75314,Village Park at Paladin,https://pettinaro.com/village-park-paladin/,village_park_mri_current_full_configured_pipeline,/private/tmp/propai-fnd-vBkmT9/entrata_residual_lane/evidence_village_park_mri_current_full_strict.json,8,True,pass_configured_page_sole_mri_community_full_provider_identity_native_units,8,8,https://residebpg.mriprospectconnect.com/Search/Search,2 | 3 | 4 | 4 | 5,artifact_backed_no_paid_canary
75912,TGM Creekside Village,www.tgmcreeksidevillage.com,unknown49_exact_provider_live,/private/tmp/propai-fnd-vBkmT9/evidence_unknown49_strict.json,23,True,pass_exact_property_native_identity_positive_rent_no_contamination,23,23,https://tgm.mriprospectconnect.com/Search/Index/294005?minbeds=1&maxbeds=3,309:2I | 309:3D | 305:4H | 307:1J | 309:2H,artifact_backed_no_paid_canary
77794,Atlantico at Alton,https://www.palmbeachgardensapartments.com/,rentmanager_iloveleasing_current,/private/tmp/propai-fnd-vBkmT9/evidence_rentmanager_77794_current_revalidate.json,3,True,pass_property_scoped_native_identity,3,3,https://www.iloveleasing.com/pub/wapi/api/availability/,9-109 | 3-103,artifact_backed_no_paid_canary
78593,Estes Park,http://www.gscapts.com/apartments/Carrboro_NC/zip_27510/gsc/4510,strict99_false_positive_revalidate,/private/tmp/propai-fnd-vBkmT9/evidence_strict99_false_positive50_consolidated.json,61,True,pass_exact_gsc_name_rediscovery_and_native_positive_rent,61,61,,04 | 01,artifact_backed_no_paid_canary
78597,Sentral Union Station,https://www.sentral.com/denver/union-station,appfolio_generic_current_strict,/private/tmp/propai-fnd-vBkmT9/appfolio_generic_lane/evidence_appfolio_generic_current_strict_consolidated.json,51,True,pass_exact_property_native_rows_only,51,51,https://sentral.com/denver/union-station | https://sentral.securecafe.com/onlineleasing/union-station/availableunits.aspx?myOlePropertyId=1707719 | https://cdn.contentful.com/spaces/ech69gzmnnzr/environments/master/entries/entrataPropertyId-731641,,artifact_backed_no_paid_canary
120193,Parks Residential - Richardson,https://www.parksrichardson.com/,strict99_rentcafe,/private/tmp/propai-fnd-vBkmT9/evidence_unit_rentcafe31_tight.json,9,True,pass_property_scoped_native_identity,9,,https://parksrichardson.securecafe.com/onlineleasing/parks-residential/availableunits.aspx,2115 | 2319,artifact_backed_no_paid_canary
217738,The District at Cypress Water (Scotch Creek),http://www.thedistrictatcypresswaters.com/,strict99_other,/private/tmp/propai-fnd-vBkmT9/evidence_unknown_other21_tight.json,32,True,pass_property_scoped_native_identity,32,,https://www.thedistrictatcypresswaters.com/floorplans/one-bedroom/parsons-green-th-a1g | https://www.thedistrictatcypresswaters.com/floorplans/one-bedroom/scotch-creek-sycamore-park-a1 | https://www.thedistrictatcypresswaters.com/floorplans/one-bedroom/scotch-creek-sycamore-park-a4 | https://www.thedistrictatcypresswaters.com/floorplans/one-bedroom/scotch-creek-sycamore-park-a5 | https://www.thedistrictatcypresswaters.com/floorplans/one-bedroom/scotch-creek-sycamore-park-a6,04-0220 | 03-0314,artifact_backed_no_paid_canary
217796,Old Shell Lofts,https://themobilelofts.com/apartments/al/mobile/the-old-shell-lofts/,strict99_false_positive_revalidate,/private/tmp/propai-fnd-vBkmT9/evidence_strict99_false_positive50_consolidated.json,3,True,pass_property_scoped_native_identity,3,3,https://themobilelofts.com/apartments/al/mobile/the-old-shell-lofts/,OSL-114 | OSL-D1 | OSL-D10,artifact_backed_no_paid_canary
218177,Mill & Main,www.millandmain.com,vendor_tail_strict,/private/tmp/propai-fnd-vBkmT9/evidence_vendor_tail30_strict.json,10,True,pass_exact_property_boundary_no_sibling_contamination,10,10,https://millandmain.com/apartments/mill-main/,703 | 506 | 609 | 715 | 716,artifact_backed_no_paid_canary
219752,Lamphouse,https://lamphouseapts.com/,village_gate_lamphouse_current_source_e2e,/private/tmp/propai-fnd-vBkmT9/entrata_residual_lane/evidence_hb_unknown_rentcafe_two_current_strict.json,11,True,pass_exact_configured_identity_securecafe_applicant_property_1674518,11,11,https://203-main-llc-rentcafewebsite.securecafeapplicant.com/onlineleasing/api/floorplan/getfloorplanandavailableunits?propertyId=1674518&RequestBeforeLogin=true&isPropertyList=false,343 | 329 | 140 | 340 | 105,artifact_backed_no_paid_canary
220109,Melrose Station Apartments,https://www.fmgnj.com/apartments/pa/elkins-park/melrose-station/floor-plans,vendor_tail_strict,/private/tmp/propai-fnd-vBkmT9/evidence_vendor_tail30_strict.json,7,True,pass_exact_property_boundary_no_sibling_contamination,7,7,https://www.fmgnj.com/apartments/pa/elkins-park/melrose-station/floor-plans | https://leasing.realpage.com/RP.Leasing.AppService.WebHost/workflowstartup/v1/1054659/English?BpmId=OLL.WorkflowStartUp&BpmSequence=0&LogSequence=3&ClientSessionID=e3edf777-8cb2-cd5e-ffb1-d457aa33b954,62 | 87 | 90 | 115 | 4,artifact_backed_no_paid_canary
220907,Reserve At Bradbury Place,https://www.keystonemanagement.com/apartments/nc/reserve-at-bradbury-place,rentcafe_remaining29_current_strict,/Users/ankur/PropAi-codex-availability-date/investigations/2026-08-01-failed-no-data/rentcafe_remaining29/strict_net_new_recoveries.json,21,True,pass_exact_property_single_winning_source_no_sibling_rows,21,21,https://reserve-at-bradbury-place-0-rentcafewebsite.securecafe.com/onlineleasing/reserve-at-bradbury-place-0/availableunits.aspx,554B7 | 554C2 | 524A2 | 552C2 | 522C5,artifact_backed_no_paid_canary
221995,Booker Creek Townhouse Apartments,http://www.gscapts.com/apartments/Chapel_Hill_NC/zip_27514/gsc/4508,knock_jonah_redirect3,/private/tmp/propai-fnd-vBkmT9/evidence_knock_jonah_redirect3_strict.json,7,True,pass_exact_visible_name_address_native_positive_rent_unique_identity,7,7,https://doorway-api.knockrentals.com/v1/property/2010508/units,C | D | A | E | B,artifact_backed_no_paid_canary
223547,Redwood Delta Township II,https://www.byredwood.com/apartments/mi/lansing/redwood-delta-township/index.aspx,strict99_rentcafe,/private/tmp/propai-fnd-vBkmT9/evidence_unit_rentcafe31_tight.json,3,True,pass_property_scoped_native_identity,3,,https://byredwood.securecafe.com/onlineleasing/redwood-delta-township/availableunits.aspx,1896 | 1977,artifact_backed_no_paid_canary
224720,Optima Old Orchard Woods,http://www.optimaoldorchardwoods.com/,strict99_rentcafe,/private/tmp/propai-fnd-vBkmT9/evidence_unit_rentcafe31_tight.json,18,True,pass_property_scoped_native_identity,18,,https://optimaoldorchardwoods.securecafe.com/onlineleasing/optima-old-orchard-woods-0/availableunits.aspx,0514 | 1014,artifact_backed_no_paid_canary
225914,Fox Glen,www.foxglen-apts.com,securecafe_remaining,/private/tmp/propai-fnd-vBkmT9/evidence_securecafe_remaining12_direct.json,10,True,pass_property_scoped_native_identity,10,10,https://foxglen-apts.securecafeapplicant.com/onlineleasing/api/floorplan/getfloorplanandavailableunits?propertyId=2087421&RequestBeforeLogin=true&isPropertyList=false,095 | 234,artifact_backed_no_paid_canary
227354,Sandstone,https://www.sandstoneapartmenthomes.com/,entrata_batch1,/private/tmp/propai-fnd-vBkmT9/hb_entrata_sweep_batch1.json,15,True,pass_strict_property_boundary_and_native_positive_rent,,,https://www.sandstoneapartmenthomes.com/floorplans/waco-TX/sandstone/1-bed-1-bath-a-374895-1/ | https://www.sandstoneapartmenthomes.com/floorplans/waco-TX/sandstone/1-bed-1-bath-a-80-income-restricted-374894-1/ | https://www.sandstoneapartmenthomes.com/floorplans/waco-TX/sandstone/1-bed-1-bath-b-374897-1/ | https://www.sandstoneapartmenthomes.com/floorplans/waco-TX/sandstone/1-bed-1-bath-b-80-income-restricted-374896-1/ | https://www.sandstoneapartmenthomes.com/floorplans/waco-TX/sandstone/2-bed-1-bath-a-374903-1/,1123 | 1117,artifact_backed_no_paid_canary
228073,Alister Montclair,https://www.alistermontclair.com/,strict99_false_positive_revalidate,/private/tmp/propai-fnd-vBkmT9/evidence_strict99_false_positive50_consolidated.json,11,True,pass_property_scoped_native_identity,11,11,"https://www.alistermontclair.com/?module=check_availability&is_secure=1&property[id]=1141576&action=view_unit_spaces&cached_rate_available=1&min_rent=$2,999&max_rent=$3,387&min_advertised_base_rent=2999&max_advertised_base_rent=3387&is_valid_rent=1&lease_term_name=&popup_lease_term_name=&property_floorplan[id]=1015030&move_in_date=2026-08-01&occupancy_type=conventional | https://www.alistermontclair.com/?module=check_availability&is_secure=1&property[id]=1141576&action=view_unit_spaces&cached_rate_available=1&min_rent=$3,189&max_rent=$3,675&min_advertised_base_rent=3189&max_advertised_base_rent=3675&is_valid_rent=1&lease_term_name=&popup_lease_term_name=&property_floorplan[id]=1015040&move_in_date=2026-08-01&occupancy_type=conventional | https://www.alistermontclair.com/?module=check_availability&is_secure=1&property[id]=1141576&action=view_unit_spaces&cached_rate_available=1&min_rent=$3,394&max_rent=$3,972&min_advertised_base_rent=3394&max_advertised_base_rent=3972&is_valid_rent=1&lease_term_name=&popup_lease_term_name=&property_floorplan[id]=1015042&move_in_date=2026-08-01&occupancy_type=conventional | https://www.alistermontclair.com/?module=check_availability&is_secure=1&property[id]=1141576&action=view_unit_spaces&property_floorplan[id]=1015022&cached_rate_available=1&min_rent=$2,484&max_rent=$4,108&min_advertised_base_rent=2484&max_advertised_base_rent=4108&is_valid_rent=1&lease_term_name=&popup_lease_term_name=&move_in_date=2026-08-01&occupancy_type=conventional&unit_count=2 | https://www.alistermontclair.com/?module=check_availability&is_secure=1&property[id]=1141576&action=view_unit_spaces&property_floorplan[id]=1015026&cached_rate_available=1&min_rent=$2,800&max_rent=$3,968&min_advertised_base_rent=2800&max_advertised_base_rent=3968&is_valid_rent=1&lease_term_name=&popup_lease_term_name=&move_in_date=2026-08-01&occupancy_type=conventional&unit_count=1",122 | 316 | 130,artifact_backed_no_paid_canary
228341,The Commons at Cowan Boulevard,http://commonsatcowanboulevard.com/,onesite_ollr_current_source_full_pipeline,/private/tmp/propai-fnd-vBkmT9/realpage_onesite_residual_lane/evidence_ollr_detector_current_source_full_pipeline9.json,2,True,pass_exact_configured_property_same_origin_published_ollr_sole_site_id_full_pipeline,2,2,https://leasing.realpage.com/RP.Leasing.AppService.WebHost/workflowstartup/v1/4760708/English?BpmId=OLL.WorkflowStartUp&BpmSequence=0&LogSequence=3&ClientSessionID=<redacted>,233 | 238,artifact_backed_no_paid_canary
230598,The Ridge,https://www.theridgehagerstown.com/,vendor_tail_strict,/private/tmp/propai-fnd-vBkmT9/evidence_vendor_tail30_strict.json,43,True,pass_exact_property_boundary_no_sibling_contamination,43,43,https://sightmap.com/embed/rxwjq74zv1e | https://sightmap.com/app/api/v1/rxwjql4zv1e/sightmaps/100250,10730-34 | 10740-21 | 10740-22 | 10744-03 | 10744-33,artifact_backed_no_paid_canary
230802,ReNew Little Creek II,https://www.renewlittlecreek.com/,entrata_batch3,/private/tmp/propai-fnd-vBkmT9/hb_entrata_sweep_batch3.json,3,True,pass_strict_property_boundary_and_native_positive_rent,,,https://www.renewlittlecreek.com/norfolk/renew-little-creek/floorplans/apex-693142/fp_name/occupancy_type/conventional/,107 | 207,artifact_backed_no_paid_canary
231355,Murphy Varnish Lofts,https://murphyvarnishlofts.com/,strict99_generic,/private/tmp/propai-fnd-vBkmT9/evidence_unit_generic1_tight.json,31,True,pass_property_scoped_native_identity,31,,https://murphyvarnishlofts.com/availability/,101 | 102,artifact_backed_no_paid_canary
234385,Townhomes at Spring Valley,http://www.mmgapts.com/spring-valley.htm,rentcafe_rentmanager_three_current_source_e2e,/private/tmp/propai-fnd-vBkmT9/realpage_onesite_residual_lane/evidence_rentcafe_rentmanager_three_current_e2e.json,2,True,pass_exact_configured_published_applicant_property_native_units,2,2,http://www.mmgapts.com/spring-valley.htm | https://townhomesatspringvalley-mmgapts.securecafe.com/onlineleasing/townhomes-at-spring-valley | https://townhomesatspringvalley-mmgapts.securecafeapplicant.com/onlineleasing/api/floorplan/getfloorplanandavailableunits?propertyId=59503&RequestBeforeLogin=true&isPropertyList=false,2142F | 2116G,artifact_backed_no_paid_canary
234581,Georgetown Crossing,https://www.triplecrowncorp.com/company/locations/georgetown-crossing/,securecafe_priority,/private/tmp/propai-fnd-vBkmT9/evidence_securecafe_priority11_direct_revalidate.json,9,True,pass_property_scoped_native_identity,9,9,https://georgetowncrossing-triplecrowncorp.securecafeapplicant.com/onlineleasing/api/floorplan/getfloorplanandavailableunits?propertyId=622474&RequestBeforeLogin=true&isPropertyList=false,731C-GTC | 502G-GTC,artifact_backed_no_paid_canary
234772,The Pointe at Harpers Mill,http://www.liveattp.com/,harpers_mill_current_published_entrata_modal,/private/tmp/propai-fnd-vBkmT9/entrata_residual_lane/evidence_harpers_mill_234772_current_strict.json,1,True,pass_exact_current_same_property_published_entrata_modal_native_id_positive_rent,1,1,https://www.liveattp.com/millersville/the-pointe-at-harpers-mill/conventional/,511,artifact_backed_no_paid_canary
238508,Centennial,https://www.liveatcentennialapartments.com/,centennial_same_origin_sightmap,/private/tmp/propai-fnd-vBkmT9/evidence_centennial_sightmap_strict.json,6,True,pass_exact_same_origin_sightmap_chain,6,6,https://www.liveatcentennialapartments.com/apartments/ | https://sightmap.com/embed/r5v5rdgrpny | https://sightmap.com/app/api/v1/9zw44ye0w87/sightmaps/44921,003 | B011 | E035 | F043 | J071,artifact_backed_no_paid_canary
239094,Zander Place,http://www.zanderplace.com/,securecafe_priority,/private/tmp/propai-fnd-vBkmT9/evidence_securecafe_priority11_direct_revalidate.json,7,True,pass_property_scoped_native_identity,7,7,https://zanderplace.securecafeapplicant.com/onlineleasing/api/floorplan/getfloorplanandavailableunits?propertyId=450410&RequestBeforeLogin=true&isPropertyList=false,212 | 312,artifact_backed_no_paid_canary
239274,Strata on California,http://www.strataoncalifornia.com,strata_current_published_entrata_modal,/private/tmp/propai-fnd-vBkmT9/entrata_residual_lane/evidence_strata_239274_current_strict.json,4,True,pass_exact_current_same_property_published_entrata_modal_native_ids_positive_rents,4,4,https://www.strataoncalifornia.com/seattle/strata-on-california/conventional/,109 | 101 | 115 | 307,artifact_backed_no_paid_canary
240111,ReNew Logan Square,https://www.renewlogansquare.com/,entrata_batch1,/private/tmp/propai-fnd-vBkmT9/hb_entrata_sweep_batch1.json,15,True,pass_strict_property_boundary_and_native_positive_rent,,,https://www.renewlogansquare.com/philadelphia/renew-logan-square/floorplans/alden-700638/fp_name/occupancy_type/conventional/ | https://www.renewlogansquare.com/philadelphia/renew-logan-square/floorplans/ashburn-700640/fp_name/occupancy_type/conventional/ | https://www.renewlogansquare.com/philadelphia/renew-logan-square/floorplans/baldwin-700637/fp_name/occupancy_type/conventional/ | https://www.renewlogansquare.com/philadelphia/renew-logan-square/floorplans/bayonne-700639/fp_name/occupancy_type/conventional/ | https://www.renewlogansquare.com/philadelphia/renew-logan-square/floorplans/franklin-700643/fp_name/occupancy_type/conventional/,1110A | 1606A,artifact_backed_no_paid_canary
240193,Sepulveda Manhattan Apartments,http://www.manhattansepulveda.com/,strict99_rentcafe,/private/tmp/propai-fnd-vBkmT9/evidence_unit_rentcafe31_tight.json,1,True,pass_property_scoped_native_identity,1,,https://manhattansepulveda.securecafe.com/onlineleasing/sepulveda-manhattan-apartments/availableunits.aspx,05,artifact_backed_no_paid_canary
240595,Stockbridge Trails,https://www.stockbridgetrailsapartments.com/,securecafe_priority,/private/tmp/propai-fnd-vBkmT9/evidence_securecafe_priority11_direct_revalidate.json,4,True,pass_property_scoped_native_identity,4,4,https://stockbridgetrailsapartments.securecafeapplicant.com/onlineleasing/api/floorplan/getfloorplanandavailableunits?propertyId=296857&RequestBeforeLogin=true&isPropertyList=false,319_213 | 319_307,artifact_backed_no_paid_canary
242976,Kelly Farms,http://www.kellyfarms.com/?fbclid=IwAR3Ht2UTDJGEhVJqHMlcBmpL_RXbUH4u9mVSJ-Z1gopj5mzcXzrLI4u3ilk,lavina_kelly_current_published_entrata_modal,/private/tmp/propai-fnd-vBkmT9/entrata_residual_lane/evidence_lavina_kelly_current_strict.json,1,True,pass_exact_current_same_property_published_entrata_modal_native_unique_id_positive_rent,1,1,"https://www.kellyfarms.com/?module=check_availability&is_secure=1&property[id]=648323&action=view_unit_spaces&property_floorplan[id]=278303&cached_rate_available=1&min_rent=$1,250&max_rent=$1,250&min_deposit=400.0000&max_deposit=400.0000&lease_term_name=&popup_lease_term_name=&move_in_date=2026-08-01&occupancy_type=conventional",201,artifact_backed_no_paid_canary
246962,Portola Bridge Creek,http://www.bridgecreekapthomes.com/,current_official_migrations_marketapts_g5_knock,/private/tmp/propai-fnd-vBkmT9/current_official_migrations_three/evidence_current_official_migrations_three_strict.json,13,True,pass_exact_current_official_portola_bridge_creek_nine_same_origin_marketapts_unit_drills_native_apply_binding_full_pipeline,13,13,https://www.portolabridgecreek.com/unit/2x1a | https://www.portolabridgecreek.com/unit/2x1ar | https://www.portolabridgecreek.com/unit/2x1b | https://www.portolabridgecreek.com/unit/2x1br | https://www.portolabridgecreek.com/unit/2x1c,01607-5 | 01512-7 | 000A309 | 000J132 | 000C118,artifact_backed_no_paid_canary
247119,Riverside Place,https://www.riversidegp.com/,entrata_remaining29_current_strict,/private/tmp/propai-fnd-vBkmT9/entrata_residual_lane/evidence_entrata_remaining29_current_strict_consolidated.json,10,True,pass_exact_property_published_same_origin_native_ids_positive_rents,10,10,https://www.riversidegp.com/floorplans/grand-prairie-TX/riverside-place-apartments/a1-598716-1/ | https://www.riversidegp.com/floorplans/grand-prairie-TX/riverside-place-apartments/a2-598721-1/ | https://www.riversidegp.com/floorplans/grand-prairie-TX/riverside-place-apartments/b1-598718-1/ | https://www.riversidegp.com/floorplans/grand-prairie-TX/riverside-place-apartments/b2a-598717-1/ | https://www.riversidegp.com/floorplans/grand-prairie-TX/riverside-place-apartments/c1a-598726-1/,4203 | 3302 | 4206 | 3207 | 3204,artifact_backed_no_paid_canary
247179,Lerner Parc at Gatlin Commons,https://livelerner.com/lerner-parc-at-gatlin-commons/,securecafe_boundary,/private/tmp/propai-fnd-vBkmT9/evidence_securecafe_boundary2_revalidate.json,10,True,pass_property_scoped_native_identity,10,10,https://lernerparcgatlin.securecafeapplicant.com/onlineleasing/api/floorplan/getfloorplanandavailableunits?propertyId=1832713&RequestBeforeLogin=true&isPropertyList=false,1305 | 3105,artifact_backed_no_paid_canary
249998,Canvas,https://www.canvas-apts.com/,rentcafe_applicant_nestin_vanity,/private/tmp/propai-fnd-vBkmT9/evidence_rentcafe_applicant_vanity_proof2.json,43,True,pass_property_scoped_native_identity,43,43,https://canvas-apts.securecafeapplicant.com/onlineleasing/api/floorplan/getfloorplanandavailableunits?propertyId=1769466&RequestBeforeLogin=true&isPropertyList=false,5334-414 | 5334-453,artifact_backed_no_paid_canary
251120,The Foundry,https://www.thefoundry-tbd.com/,securecafe_boundary,/private/tmp/propai-fnd-vBkmT9/evidence_securecafe_boundary2_revalidate.json,6,True,pass_property_scoped_native_identity,6,6,https://thefoundry-tbd.securecafeapplicant.com/onlineleasing/api/floorplan/getfloorplanandavailableunits?propertyId=1105527&RequestBeforeLogin=true&isPropertyList=false,303 | 307,artifact_backed_no_paid_canary
251597,Wyndham Ridge,https://www.wyndhamridgecolumbus.com/,unknown49_exact_provider_live,/private/tmp/propai-fnd-vBkmT9/evidence_unknown49_strict.json,23,True,pass_exact_property_native_identity_positive_rent_no_contamination,23,23,https://www.wyndhamridgecolumbus.com/floorplans/meadow/ | https://www.wyndhamridgecolumbus.com/floorplans/orchard/,5400 | 5467 | 5551 | 5555 | 5556,artifact_backed_no_paid_canary
251908,The Post House,https://www.posthouseevv.com/,strict99_false_positive_revalidate,/private/tmp/propai-fnd-vBkmT9/evidence_strict99_false_positive50_consolidated.json,2,True,pass_property_scoped_native_identity,2,2,https://leasing.realpage.com/RP.Leasing.AppService.WebHost/workflowstartup/v1/5149973/English?BpmId=OLL.WorkflowStartUp&BpmSequence=0&LogSequence=3&ClientSessionID=9237c6d3-7704-42aa-9fc4-5f9b309b1fd5,144 | 139,artifact_backed_no_paid_canary
251974,Domain at Founders Parc,https://www.domainatfoundersparc.com/,onesite_boundary_batch,/private/tmp/propai-fnd-vBkmT9/evidence_onesite8_property_boundary_revalidate.json,11,True,pass_property_scoped_native_identity,11,11,https://leasing.realpage.com/RP.Leasing.AppService.WebHost/workflowstartup/v1/4792503/English?BpmId=OLL.WorkflowStartUp&BpmSequence=0&LogSequence=3&ClientSessionID=28f8081e-6f89-40ca-82eb-dac15bc2029a,18 | 65,artifact_backed_no_paid_canary
252116,Emerson Park,https://www.liveemersonpark.com/,entrata_snippet_cluster_current_source_e2e,/private/tmp/propai-fnd-vBkmT9/encore_knock_lane/evidence_entrata_snippet_cluster_current_strict.json,19,True,pass_exact_property_owned_iframe_single_property_id_native_units,19,19,https://entratasnipit.liveemersonpark.com/Apartments/module/property_floorplans/property%5Bid%5D/100012440/property_floorplan[id]/1052826/is_premium_view/1/is_responsive_snippet/1/occupancy_type/conventional/is_collapsed/0/snippet_type/website/ | https://entratasnipit.liveemersonpark.com/Apartments/module/property_floorplans/property%5Bid%5D/100012440/property_floorplan[id]/1052828/is_premium_view/1/is_responsive_snippet/1/occupancy_type/conventional/is_collapsed/0/snippet_type/website/ | https://entratasnipit.liveemersonpark.com/Apartments/module/property_floorplans/property%5Bid%5D/100012440/property_floorplan[id]/1052830/is_premium_view/1/is_responsive_snippet/1/occupancy_type/conventional/is_collapsed/0/snippet_type/website/ | https://entratasnipit.liveemersonpark.com/Apartments/module/property_floorplans/property%5Bid%5D/100012440/property_floorplan[id]/1052832/is_premium_view/1/is_responsive_snippet/1/occupancy_type/conventional/is_collapsed/0/snippet_type/website/ | https://entratasnipit.liveemersonpark.com/Apartments/module/property_floorplans/property%5Bid%5D/100012440/property_floorplan[id]/1052834/is_premium_view/1/is_responsive_snippet/1/occupancy_type/conventional/is_collapsed/0/snippet_type/website/,5706KIP | 6908CLD | 5757BCD | 5878KIP | 6772BC,artifact_backed_no_paid_canary
252891,Bellrock Market Station,https://www.livebellrock.com/apartments/tx/katy/bellrock-market-station/,knock_jonah_redirect3,/private/tmp/propai-fnd-vBkmT9/evidence_knock_jonah_redirect3_strict.json,26,True,pass_exact_visible_name_address_native_positive_rent_unique_identity,26,26,https://bellrockmarketstation.com/floorplans/a1/ | https://bellrockmarketstation.com/floorplans/a2/ | https://bellrockmarketstation.com/floorplans/a3/ | https://bellrockmarketstation.com/floorplans/a4/ | https://bellrockmarketstation.com/floorplans/a5/,4231 | 4105 | 4304 | 4212 | 6210,artifact_backed_no_paid_canary
253326,The Point at Reston,https://www.thepointatreston.com/,onesite_ollr_current_source_full_pipeline,/private/tmp/propai-fnd-vBkmT9/realpage_onesite_residual_lane/evidence_ollr_detector_current_source_full_pipeline9.json,18,True,pass_exact_configured_property_same_origin_published_ollr_sole_site_id_full_pipeline,18,18,https://leasing.realpage.com/RP.Leasing.AppService.WebHost/workflowstartup/v1/4843024/English?BpmId=OLL.WorkflowStartUp&BpmSequence=0&LogSequence=3&ClientSessionID=<redacted>,248 | 275 | 265 | 267 | 224,artifact_backed_no_paid_canary
253646,Tapestry Westland Village,https://www.alapts.com/apartments/fl/jacksonville/tapestry-westland-village/,onesite_boundary_batch,/private/tmp/propai-fnd-vBkmT9/evidence_onesite8_property_boundary_revalidate.json,9,True,pass_property_scoped_native_identity,9,9,https://leasing.realpage.com/RP.Leasing.AppService.WebHost/workflowstartup/v1/4892255/English?BpmId=OLL.WorkflowStartUp&BpmSequence=0&LogSequence=3&ClientSessionID=a185c5be-1486-4f75-b788-04497559855b,246 | 255,artifact_backed_no_paid_canary
253966,Aventura at Maryland Oaks,https://www.avmarylandoaks.com/,strict99_rentcafe,/private/tmp/propai-fnd-vBkmT9/evidence_unit_rentcafe31_tight.json,5,True,pass_property_scoped_native_identity,5,,https://avmarylandoaks.securecafe.com/onlineleasing/aventura-at-maryland-oaks/availableunits.aspx,05313 | 05312,artifact_backed_no_paid_canary
254556,Park Place,https://www.parkplacegreenville.com/,doorloop_park_place_current_e2e,/private/tmp/propai-fnd-vBkmT9/evidence_doorloop_park_place_current_e2e.json,9,True,pass_exact_property_boundary_native_positive_rent,9,9,https://parkplace.app.doorloop.com/api/units/listings/mits/json/65f8a0d0390bcd90dba4e93f/1?partnerKey=doorLoopListingSites&subdomain=parkplace&filter_rentalAppListed=true&filter_showPropertyList=false,A2 | C6 | C7 | C8 | R5,artifact_backed_no_paid_canary
254973,Oakwood Hills,https://www.oakwoodhillsapts.com/,residual_unknown,/private/tmp/propai-fnd-vBkmT9/evidence_residual_unknown48_direct.json,17,True,pass_property_scoped_native_identity,17,17,https://www.oakwoodhillsapts.com/floorplans/mechanicsburg-PA/oakwood-hills-apartments/chestnut-i-821288-1/ | https://www.oakwoodhillsapts.com/floorplans/mechanicsburg-PA/oakwood-hills-apartments/hickory-821289-1/ | https://www.oakwoodhillsapts.com/floorplans/mechanicsburg-PA/oakwood-hills-apartments/hickory-large-821292-1/ | https://www.oakwoodhillsapts.com/floorplans/mechanicsburg-PA/oakwood-hills-apartments/hickory-with-patiobalcony-821332-1/ | https://www.oakwoodhillsapts.com/floorplans/mechanicsburg-PA/oakwood-hills-apartments/magnolia-821290-1/,319 | 304,artifact_backed_no_paid_canary
257761,The Emory,https://www.theemoryplano.com/,entrata_residual_current_strict,/private/tmp/propai-fnd-vBkmT9/entrata_residual_lane/evidence_entrata_residual_current_strict_consolidated.json,1,True,pass_exact_profile_url_same_origin_identity_native_positive_rent,1,1,https://www.theemoryplano.com/floorplans/plano-TX/the-emory/parkwood-1159180-1/,451,artifact_backed_no_paid_canary
258584,The Encore at Ingram Manor,https://www.theencoreatingrammanorapts.com/,strict99_rentcafe,/private/tmp/propai-fnd-vBkmT9/evidence_unit_rentcafe31_tight.json,4,True,pass_property_scoped_native_identity,4,,https://www.theencoreatingrammanorapts.com/floorplans/the-hampton | https://www.theencoreatingrammanorapts.com/floorplans/the-lancaster | https://www.theencoreatingrammanorapts.com/floorplans/the-york,104 | 105,artifact_backed_no_paid_canary
258661,Banyan on Washington,https://banyanonwashington.com/,appfolio_generic_current_strict,/private/tmp/propai-fnd-vBkmT9/appfolio_generic_lane/evidence_appfolio_generic_current_strict_consolidated.json,7,True,pass_exact_property_native_rows_only,7,7,https://api.union.build/api/v1/chat/settings/?property_id=400 | https://banyanonwashington.com/,,artifact_backed_no_paid_canary
258789,Luxe 88,https://luxe88apts.com/,entrata_snippet_cluster_current_source_e2e,/private/tmp/propai-fnd-vBkmT9/encore_knock_lane/evidence_entrata_snippet_cluster_current_strict.json,5,True,pass_exact_property_owned_iframe_single_property_id_native_units,5,5,https://entratasnipit.luxe88apts.com/Apartments/module/property_floorplans/property%5Bid%5D/1166658/property_floorplan[id]/1047432/is_premium_view/1/is_responsive_snippet/1/occupancy_type/conventional/is_collapsed/0/snippet_type/website/ | https://entratasnipit.luxe88apts.com/Apartments/module/property_floorplans/property%5Bid%5D/1166658/property_floorplan[id]/1047433/is_premium_view/1/is_responsive_snippet/1/occupancy_type/conventional/is_collapsed/0/snippet_type/website/ | https://entratasnipit.luxe88apts.com/Apartments/module/property_floorplans/property%5Bid%5D/1166658/property_floorplan[id]/1047436/is_premium_view/1/is_responsive_snippet/1/occupancy_type/conventional/is_collapsed/0/snippet_type/website/ | https://entratasnipit.luxe88apts.com/Apartments/module/property_floorplans/property%5Bid%5D/1166658/property_floorplan[id]/1047438/is_premium_view/1/is_responsive_snippet/1/occupancy_type/conventional/is_collapsed/0/snippet_type/website/,25-8331 | 25-8228 | 20-8210 | 25-8134 | 25-8411,artifact_backed_no_paid_canary
260505,Onyx Uptown PHX,https://broadstoneuptownphx.com/,appfolio_generic_current_strict,/private/tmp/propai-fnd-vBkmT9/appfolio_generic_lane/evidence_appfolio_generic_current_strict_consolidated.json,15,True,pass_exact_property_native_rows_only,15,15,https://www.onyxuptownphx.com/api/v3/floorplans/all/?api_key=815a9f44797f4889a7669070c4f50a7a762cb7bb | https://www.onyxuptownphx.com/floorplans/,,artifact_backed_no_paid_canary
260564,Union @ Roosevelt II,https://www.unionatroosevelt.com/,strict99_rentcafe,/private/tmp/propai-fnd-vBkmT9/evidence_unit_rentcafe31_tight.json,26,True,pass_property_scoped_native_identity,26,,https://www.unionatroosevelt.com/floorplans/a1-1x1---phase-ii | https://www.unionatroosevelt.com/floorplans/a2-1x1---phase-ii | https://www.unionatroosevelt.com/floorplans/a3-1x1---phase-ii | https://www.unionatroosevelt.com/floorplans/a3-alternate-1x1---phase-ii | https://www.unionatroosevelt.com/floorplans/a4-1x1---phase-ii,228 | 226,artifact_backed_no_paid_canary
260697,LINQ at South Mountain,https://www.linqatsouthmountain.com/,strict99_other,/private/tmp/propai-fnd-vBkmT9/evidence_unknown_other21_tight.json,5,True,pass_property_scoped_native_identity,5,,https://www.linqatsouthmountain.com/floorplans/1x1-679-sf | https://www.linqatsouthmountain.com/floorplans/3x2.5-1%2c430-sf,55 | 15,artifact_backed_no_paid_canary
261116,Copper Pointe,https://copperpointeapts.com/,copper_onesite_collision_current_source_e2e,/private/tmp/propai-fnd-vBkmT9/realpage_onesite_residual_lane/evidence_copper_onesite_collision_current_e2e.json,20,True,pass_exact_configured_sole_published_onesite_portal_native_workflow_units_after_empty_knock,20,20,https://copperpointeapts.com/ | https://9131096aff.onlineleasing.realpage.com/ | https://leasing.realpage.com/RP.Leasing.AppService.WebHost/workflowstartup/v1/4629273/English?BpmId=OLL.WorkflowStartUp&BpmSequence=0&LogSequence=3&ClientSessionID=<redacted>,15 | 26 | 186 | 162 | 190,artifact_backed_no_paid_canary
261580,1515 Park Place,https://www.1515parkplace.com/,1515_park_place_static_residence_current_configured_e2e,/private/tmp/propai-fnd-vBkmT9/static_residence_lane/evidence_1515_park_place_261580_current_strict.json,3,True,pass_exact_property_static_residence_table_ranges_excluded,3,3,https://www.1515parkplace.com/availability.html,102 | 101 | 103,artifact_backed_no_paid_canary
262174,Star Deluxe Branford,https://metrostarapartments.com/star-deluxe-branford/,strict99_rentcafe,/private/tmp/propai-fnd-vBkmT9/evidence_unit_rentcafe31_tight.json,17,True,pass_property_scoped_native_identity,17,,https://metrostarapartments.securecafe.com/onlineleasing/star-deluxe-branford/availableunits.aspx,90-375D | 172-375F,artifact_backed_no_paid_canary
262717,AVIA Apartments at Reedy Creek,https://www.aviareedycreek.com/,strict99_page_local,/private/tmp/propai-fnd-vBkmT9/evidence_unknown_page_local9_tight.json,5,True,pass_property_scoped_native_identity,5,,https://www.aviareedycreek.com/availableunits,G111 | G112,artifact_backed_no_paid_canary
262799,220 East 72nd,https://www.dermotcompany.com/building/220-east-72nd-street#availability,dermot_220_east_72nd_page_published_nestio_current_e2e,/private/tmp/propai-fnd-vBkmT9/rentcafe_residual_parallel/262799_current_configured_scrape_jugnu_e2e.json,3,True,pass_exact_configured_page_published_nestio_property_native_units,3,3,https://nestiolistings.com/api/v2/listings/all/?key=7536d35593414ef29a6696a9dc35b6fc&property=3152,10E1-0 | 27F | 8E2-0,artifact_backed_no_paid_canary
262964,The Bellagio,https://www.bellagio1384.com/,wix_3dplans_bellagio,/private/tmp/propai-fnd-vBkmT9/evidence_3dplans_bellagio_262964.json,1,True,pass_exact_property_boundary_native_positive_rent,1,1,https://apps.3dplans.com/InteractivePropertyMap/screenservices/InteractivePropertyMap/Blocks/Map/DataActionGetUnits,509 - Mountain Scenic View,artifact_backed_no_paid_canary
263127,Hickory Grove,https://www.hickorygrovega.com/,rentcafe_rentmanager_three_current_source_e2e,/private/tmp/propai-fnd-vBkmT9/realpage_onesite_residual_lane/evidence_rentcafe_rentmanager_three_current_e2e.json,8,True,pass_exact_configured_published_iloveleasing_property_native_units,8,8,https://www.hickorygrovega.com/ | https://www.iloveleasing.com/pub/wapi/api/availability/,1002 | 1103 | 1104 | 1302 | 1305,artifact_backed_no_paid_canary
263498,The Julington,https://risejulington.com/,appfolio_generic_current_strict,/private/tmp/propai-fnd-vBkmT9/appfolio_generic_lane/evidence_appfolio_generic_current_strict_consolidated.json,27,True,pass_exact_property_native_rows_only,27,27,https://thejulington.com/floorplans/ | https://thejulington.com/floorplans/the-palm/ | https://thejulington.com/floorplans/the-willow/ | https://thejulington.com/floorplans/the-clover/ | https://thejulington.com/floorplans/the-oaks/,,artifact_backed_no_paid_canary
265143,The Point at Kingston,https://www.thepointatkingston.com/,onesite_ollr_current_source_full_pipeline,/private/tmp/propai-fnd-vBkmT9/realpage_onesite_residual_lane/evidence_ollr_detector_current_source_full_pipeline9.json,13,True,pass_exact_configured_property_same_origin_published_ollr_sole_site_id_full_pipeline,13,13,https://leasing.realpage.com/RP.Leasing.AppService.WebHost/workflowstartup/v1/5268318/English?BpmId=OLL.WorkflowStartUp&BpmSequence=0&LogSequence=3&ClientSessionID=<redacted>,73 | 75 | 42 | 53 | 82,artifact_backed_no_paid_canary
267117,Azure Carnes Crossroads,https://www.azurecarnescrossroads.com/,onesite_residual,/private/tmp/propai-fnd-vBkmT9/evidence_onesite_residual7_property_boundary.json,8,True,pass_property_scoped_native_identity,8,8,https://leasing.realpage.com/RP.Leasing.AppService.WebHost/workflowstartup/v1/5669915/English?BpmId=OLL.WorkflowStartUp&BpmSequence=0&LogSequence=3&ClientSessionID=580ec33e-99fd-47e0-a945-b589f64f9ead,25 | 35,artifact_backed_no_paid_canary
268888,Artthaus Jack London,https://arthaus.mov/building-community.php?slug=arthaus-jack-london,arthaus_yardi_proxy_current_e2e,/private/tmp/propai-fnd-vBkmT9/evidence_arthaus_yardi_proxy_current_e2e.json,11,True,pass_exact_slug_address_and_single_yardi_property_id,11,11,https://arthaus.mov/api-proxy.php?yardi_endpoint=/data/PJDUP/availability/p2109661,329 | 103 | 230 | 102 | 104,artifact_backed_no_paid_canary
269346,Ashford Apartment Homes,https://rjamesproperties.com/ashford-brook/,unknown49_exact_provider_live,/private/tmp/propai-fnd-vBkmT9/evidence_unknown49_strict.json,3,True,pass_exact_property_native_identity_positive_rent_no_contamination,3,3,https://rentpro.rpa5.com/availibility/avapage.a5w?cd=AB,0307 | 0707 | 0801,artifact_backed_no_paid_canary
270367,Boulevard 45,https://blvd45apts.com/,onesite_boulevard45,/private/tmp/propai-fnd-vBkmT9/evidence_onesite_blvd45_boundary_revalidate.json,3,True,pass_property_scoped_native_identity,3,3,https://leasing.realpage.com/RP.Leasing.AppService.WebHost/workflowstartup/v1/5100087/English?BpmId=OLL.WorkflowStartUp&BpmSequence=0&LogSequence=3&ClientSessionID=79d46bf5-0ea6-4cd8-81eb-eac67ae51977,117 | 124,artifact_backed_no_paid_canary
270672,Pointe Grand Warner Robins,https://www.pointegrandwarnerrobins.com/,vendor_tail_strict,/private/tmp/propai-fnd-vBkmT9/evidence_vendor_tail30_strict.json,17,True,pass_exact_property_boundary_no_sibling_contamination,17,17,https://www.pointegrandwarnerrobins.com/ | https://sightmap.com/embed/9zw4zo6lv87,2104 | 2301 | 2306 | 3101 | 3104,artifact_backed_no_paid_canary
271721,The Millennium on Monroe,https://www.millenniumnw.com/,millennium_appfolio_current_full_configured_pipeline,/private/tmp/propai-fnd-vBkmT9/entrata_residual_lane/evidence_millennium_appfolio_current_strict.json,4,True,pass_published_appfolio_index_exact_address_zip_filter_native_priced_units,4,4,https://newmpm.appfolio.com/listings?theme_color=%23676767&filters%5Border_by%5D=rent_asc,102 | 405 | 307 | 409,artifact_backed_no_paid_canary
273790,Pointe Grand Augusta,https://www.pointegrandaugusta.com/,vendor_tail_strict,/private/tmp/propai-fnd-vBkmT9/evidence_vendor_tail30_strict.json,10,True,pass_exact_property_boundary_no_sibling_contamination,10,10,https://www.pointegrandaugusta.com/ | https://sightmap.com/embed/n9w636emw71,1309 | 1312 | 3108 | 5204 | 5311,artifact_backed_no_paid_canary
273828,,https://www.pointegrandsouthlake.com/,vendor_tail_strict,/private/tmp/propai-fnd-vBkmT9/evidence_vendor_tail30_strict.json,18,True,pass_exact_property_boundary_no_sibling_contamination,18,18,https://www.pointegrandsouthlake.com/ | https://sightmap.com/embed/yjp2de1evxl,1109 | 3201 | 3307 | 4203 | 5109,artifact_backed_no_paid_canary
274886,Aster Village Two,https://parkplace380.com/listings/aster-village-two/,aster_current_appfolio_detail_parser_e2e,/private/tmp/propai-fnd-vBkmT9/aster_appfolio_detail_lane/evidence_aster_274886_current_appfolio_e2e.json,1,True,pass_configured_exact_name_manager_to_appfolio_owned_syndication_exact_name_address_application_uid_to_official_detail_exact_address_native_unit_positive_rent_three_repeats,1,1,https://thedersgrp.appfolio.com/listings/detail/13c06338-c373-42ae-a236-8687d24c30ad,108,artifact_backed_no_paid_canary
275898,Bradley Pointe,https://www.liveatbradleypointe.com/,bradley_pointe_to_willow_run_same_address_betternoi,/private/tmp/propai-fnd-vBkmT9/bradley_willow_rebrand_lane/evidence_bradley_willow_275898_current_strict.json,20,True,pass_exact_old_brand_domain_redirect_current_rebrand_same_address_single_betternoi_client_seven_published_floorplans_full_pipeline,20,20,https://ares.betternoi.com/api/pub/v1/client/building/unit?client_uuid=fe87790f-03a7-412c-b8e9-ba56f5fc6ae4&is_available=true,0101 | 0108 | 0201 | 0312 | 0313,artifact_backed_no_paid_canary
276162,Modera Academical Village I,https://www.moderaacademicalvillage.com/,entrata_remaining29_current_strict,/private/tmp/propai-fnd-vBkmT9/entrata_residual_lane/evidence_entrata_remaining29_current_strict_consolidated.json,21,True,pass_exact_property_published_same_origin_native_ids_positive_rents,21,21,"https://www.moderaacademicalvillage.com/?module=check_availability&is_secure=1&property[id]=100033234&action=view_unit_spaces&cached_rate_available=1&min_rent=$2,575&max_rent=$2,575&min_advertised_base_rent=2575&max_advertised_base_rent=2575&is_valid_rent=1&lease_term_name=&popup_lease_term_name=&property_floorplan[id]=1019699&move_in_date=2026-08-01&occupancy_type=conventional | https://www.moderaacademicalvillage.com/?module=check_availability&is_secure=1&property[id]=100033234&action=view_unit_spaces&cached_rate_available=1&min_rent=$2,765&max_rent=$2,765&min_advertised_base_rent=2765&max_advertised_base_rent=2765&is_valid_rent=1&lease_term_name=&popup_lease_term_name=&property_floorplan[id]=1019710&move_in_date=2026-08-01&occupancy_type=conventional | https://www.moderaacademicalvillage.com/?module=check_availability&is_secure=1&property[id]=100033234&action=view_unit_spaces&cached_rate_available=1&min_rent=$2,875&max_rent=$3,365&min_advertised_base_rent=2875&max_advertised_base_rent=3365&is_valid_rent=1&lease_term_name=&popup_lease_term_name=&property_floorplan[id]=1019706&move_in_date=2026-08-01&occupancy_type=conventional | https://www.moderaacademicalvillage.com/?module=check_availability&is_secure=1&property[id]=100033234&action=view_unit_spaces&cached_rate_available=1&min_rent=$2,950&max_rent=$3,075&min_advertised_base_rent=2950&max_advertised_base_rent=3075&is_valid_rent=1&lease_term_name=&popup_lease_term_name=&property_floorplan[id]=1019714&move_in_date=2026-08-01&occupancy_type=conventional | https://www.moderaacademicalvillage.com/?module=check_availability&is_secure=1&property[id]=100033234&action=view_unit_spaces&cached_rate_available=1&min_rent=$3,300&max_rent=$3,300&min_advertised_base_rent=3300&max_advertised_base_rent=3300&is_valid_rent=1&lease_term_name=&popup_lease_term_name=&property_floorplan[id]=1019698&move_in_date=2026-08-01&occupancy_type=conventional",552 | 337 | 225 | 617 | 817,artifact_backed_no_paid_canary
277774,Redwood Superior Township,https://www.byredwood.com/apartments/mi/superior-township/redwood-superior-township/,strict99_rentcafe,/private/tmp/propai-fnd-vBkmT9/evidence_unit_rentcafe31_tight.json,4,True,pass_property_scoped_native_identity,4,,https://byredwood.securecafe.com/onlineleasing/redwood-superior-township/availableunits.aspx,1657 | 1707,artifact_backed_no_paid_canary
277913,Redwood Perrysburg Oregon Road,https://www.byredwood.com/apartments/oh/perrysburg/redwood-perrysburg-oregon-road/index.aspx,rentcafe_remaining29_current_strict,/Users/ankur/PropAi-codex-availability-date/investigations/2026-08-01-failed-no-data/rentcafe_remaining29/strict_net_new_recoveries.json,6,True,pass_exact_property_single_winning_source_no_sibling_rows,6,6,https://byredwood.securecafe.com/onlineleasing/redwood-perrysburg-oregon-road/availableunits.aspx,D30 | G69 | H88 | E48 | H87,artifact_backed_no_paid_canary
281149,Irondale at Wharton,http://irondaleatwharton.com/,rentmanager_spherexx_legacy_current,/private/tmp/propai-fnd-vBkmT9/evidence_spherexx_281149_current_revalidate.json,6,True,pass_property_scoped_native_identity,6,6,https://clients.spherexx.com/adkast_availability_2/availability/mgoelqnd/rose/BE9B77,305 | 401,artifact_backed_no_paid_canary
281767,YO,https://www.yo-stl.com/,strict99_rentcafe,/private/tmp/propai-fnd-vBkmT9/evidence_unit_rentcafe31_tight.json,2,True,pass_property_scoped_native_identity,2,,https://www.yo-stl.com/floorplans/grand-1%2bden,305 | 205,artifact_backed_no_paid_canary
282381,Mission Ranch,https://www.missionmanagementlindale.com/,appfolio_generic_current_strict,/private/tmp/propai-fnd-vBkmT9/appfolio_generic_lane/evidence_appfolio_generic_current_strict_consolidated.json,10,True,pass_property_list_membership_and_site_boundary,10,10,https://www.missionmanagementlindale.com/rts/collections/public/0854c71d/runtime/collection/appfolio-listings/query-data?pageSize=100&pageNumber=0&query=()&language=ENGLISH,501d3938-dce | 1125c000-756 | 3b9898d9-15b,artifact_backed_no_paid_canary
283566,The Standard at Franz,https://www.hpifranz.com/,entrata_batch3,/private/tmp/propai-fnd-vBkmT9/hb_entrata_sweep_batch3.json,16,True,pass_strict_property_boundary_and_native_positive_rent,,,https://www.hpifranz.com/floorplans/katy-TX/the-standard-at-franz/a1-1130531-1/ | https://www.hpifranz.com/floorplans/katy-TX/the-standard-at-franz/a2-1130528-1/ | https://www.hpifranz.com/floorplans/katy-TX/the-standard-at-franz/b1-1130530-1/ | https://www.hpifranz.com/floorplans/katy-TX/the-standard-at-franz/b2-1130529-1/,7106 | 2301,artifact_backed_no_paid_canary
284199,501 Brady,https://www.501brady.com/,onesite_boundary_batch,/private/tmp/propai-fnd-vBkmT9/evidence_onesite8_property_boundary_revalidate.json,1,True,pass_property_scoped_native_identity,1,1,https://leasing.realpage.com/RP.Leasing.AppService.WebHost/workflowstartup/v1/4047044/English?BpmId=OLL.WorkflowStartUp&BpmSequence=0&LogSequence=3&ClientSessionID=5db5f32e-9543-4592-829e-27eb5cb76a35,26,artifact_backed_no_paid_canary
293741,Hudson Bishops Creek,https://www.hudsonbishopscreek.com/,strict99_other,/private/tmp/propai-fnd-vBkmT9/evidence_unknown_other21_tight.json,12,True,pass_property_scoped_native_identity,12,,https://hudsonbishopscreek.securecafe.com/onlineleasing/hudson-bishop-creek/availableunits.aspx,1005-105 | 1005-202,artifact_backed_no_paid_canary
293923,Woods at Countryside Crossing,https://www.woodsatcountrysidecrossing.com/,entrata_batch2,/private/tmp/propai-fnd-vBkmT9/hb_entrata_sweep_batch2.json,1,True,pass_strict_property_boundary_and_native_positive_rent,,,https://www.woodsatcountrysidecrossing.com/floorplans/avon-IN/woods-at-countryside-crossing/ashland-1043693-1/,1090411,artifact_backed_no_paid_canary
295542,Enclave Crystal Lake,https://www.liveenclavecrystallake.com/,rentcafe_nestin_enclave,/private/tmp/propai-fnd-vBkmT9/evidence_rentcafe_enclave_free_path.json,14,True,pass_property_scoped_native_identity,14,14,https://www.liveenclavecrystallake.com/floorplans/b2 | https://www.liveenclavecrystallake.com/floorplans/b2a | https://www.liveenclavecrystallake.com/floorplans/s1 | https://www.liveenclavecrystallake.com/floorplans/th-b | https://www.liveenclavecrystallake.com/floorplans/th-b-end,101-A | 105-E,artifact_backed_no_paid_canary
297708,Argento at Sugarloaf,https://www.argentoatsugarloaf.com/,strict99_rentcafe,/private/tmp/propai-fnd-vBkmT9/evidence_unit_rentcafe31_tight.json,110,True,pass_property_scoped_native_identity,110,,https://argentoatsugarloaf.securecafe.com/onlineleasing/argento-at-sugarloaf/availableunits.aspx,1317 | 1315,artifact_backed_no_paid_canary
298586,Gateway Lofts Lexington,https://gatewayloftslexington.com/,entrata_remaining29_current_strict,/private/tmp/propai-fnd-vBkmT9/entrata_residual_lane/evidence_entrata_remaining29_current_strict_consolidated.json,42,True,pass_exact_parent_published_snippet_details_native_ids_positive_rents,42,42,https://entratasnipit.gatewayloftslexington.com/Apartments/module/property_floorplans/property%5Bid%5D/100174770/property_floorplan[id]/1060032/is_premium_view/1/is_responsive_snippet/1/occupancy_type/conventional/is_collapsed/0/snippet_type/website/ | https://entratasnipit.gatewayloftslexington.com/Apartments/module/property_floorplans/property%5Bid%5D/100174770/property_floorplan[id]/1060031/is_premium_view/1/is_responsive_snippet/1/occupancy_type/conventional/is_collapsed/0/snippet_type/website/ | https://entratasnipit.gatewayloftslexington.com/Apartments/module/property_floorplans/property%5Bid%5D/100174770/property_floorplan[id]/1060028/is_premium_view/1/is_responsive_snippet/1/occupancy_type/conventional/is_collapsed/0/snippet_type/website/,506 | 430 | 630 | 530 | 209,artifact_backed_no_paid_canary
300327,Flats on 10th,https://flatson10th.com/,strict99_rentcafe,/private/tmp/propai-fnd-vBkmT9/evidence_unit_rentcafe31_tight.json,7,True,pass_property_scoped_native_identity,7,,https://flats-on-10th-rentcafewebsite.securecafe.com/onlineleasing/flats-on-10th/availableunits.aspx,822-A3 | 233-A3,artifact_backed_no_paid_canary
300689,Valley Ridge,https://www.livevalleyridgeapts.com/,strict99_rentcafe,/private/tmp/propai-fnd-vBkmT9/evidence_unit_rentcafe31_tight.json,15,True,pass_property_scoped_native_identity,15,,https://livevalleyridgeapts.securecafe.com/onlineleasing/valley-ridge4/availableunits.aspx,0044 | 0006,artifact_backed_no_paid_canary
301417,Marlowe Live Oak,https://www.marloweliveoak.com/,entrata_prior4,/private/tmp/propai-fnd-vBkmT9/hb_entrata_sweep_prior4_revalidate.json,4,True,pass_strict_property_boundary_and_native_positive_rent,,,"https://www.marloweliveoak.com/?module=check_availability&is_secure=1&property[id]=100002719&action=view_unit_spaces&property_floorplan[id]=790002&cached_rate_available=1&min_rent=$0&max_rent=$3,280.06&min_advertised_base_rent=1790&max_advertised_base_rent=3165&min_deposit=300.00&max_deposit=300.00&lease_term_name=&popup_lease_term_name=&move_in_date=2026-08-01&occupancy_type=conventional&unit_count=5",310 | 302,artifact_backed_no_paid_canary
