apartmentid,name,address,city,state,zip,website
10182,Lakewood on the Trail,101 N Brookside Dr,Dallas,TX,75214,https://texas.weidner.com/apartments/tx/dallas/lakewood-on-the-trail-0/
1154,Deer Crest,2200 W 10th Ave,Broomfield,CO,80020,www.deercrestapartments.com
10629,The Oakley,501 Green Oaks Ct,Arlington,TX,76006,https://livebh.com/apartments/the-oakley-apartment-homes/
10344,La Vita on Lovers Lane,6603 E Lovers Ln,Dallas,TX,75214,http://www.lavitaonloversln.com/
10929,Highland Park Apartments,5836 Highland Park Dr,Fort Worth,TX,76132,www.hpluxuryapts.com
10141,Wymberly Crossing,3001 S Carrier Pkwy,Grand Prairie,TX,75052,https://www.wymberlycrossing.com/
1113,Retreat at Shawnee,11128 W 76th Terrace,Shawnee,KS,66214,https://www.retreatofshawnee.com/
10979,The Hudson,6715 Buenos Aires Dr,North Richland Hills,TX,76180,https://www.thehudsontx.com/
10324,Dove Park,1400 N Park Blvd,Grapevine,TX,76051,https://www.doveparkapts.com/
1084,Black Hawk,3010 Simcoe Dr,Fort Wayne,IN,46815,https://www.theblackhawkapartments.com/
11992,MAA Worthington,2808 McKinney Ave,Dallas,TX,75204,https://www.maac.com/texas/dallas/maa-worthington/
12260,Essence at North Dallas,4200 Horizon N Pkwy,Dallas,TX,75287,https://www.essencenorthdallas.com/#
12162,Vista Springs,265 E Corporate Dr,Lewisville,TX,75067,https://www.vistaspringsapts.com/
12124,Carrington Park,3001 Communications Pkwy,Plano,TX,75093,http://www.livecarringtonpark.com/
12318,The Enclave at Stonebrook,8083 Stonebrook Pkwy,Frisco,TX,75034,www.enclaveatstonebrook.net
11805,Woodland Hills,3541 W Northgate Dr,Irving,TX,75062,http://www.thewoodlandhills411.com/
119798,829 Garfield,829 Garfield Ave,Jersey City,NJ,7305,https://www.829garfield.com/
11762,Estelle Creek North,4023 Block Dr,Irving,TX,75038,https://www.estellecreek.com/
11968,SaddleBrook,5353 Keller Springs Rd,Dallas,TX,75248,www.saddlebrookapts.com
1179,Retreat at Mill Creek,8714 Pflumm Ct,Lenexa,KS,66215,www.retreatmillcreek.com
120193,Parks Residential - Richardson,2220 N Glenville Dr,Richardson,TX,75082,https://www.parksrichardson.com/
11777,Water Ridge,4600 W Pioneer Dr,Irving,TX,75061,https://www.waterridgeapartments.com/
118979,Eve East Village,433 E 13th St,New York,NY,10009,https://eve.nyc
120156,The Bond,6180 E Lake Sammamish Pkwy NE,Redmond,WA,98052,https://www.thebondredmond.com/
118750,The Berkman,217 14th Ave SW,Rochester,MN,55902,http://theberkman.com/
19565,The Hudson by Trion Living,10695 SW Murdock St,Tigard,OR,97224,https://trionliving.com/apartments/thehudson/
1994,Perimeter Lakes,6146 Perimeter Lakes Dr,Dublin,OH,43017,https://www.perimeterlakesapts.com/
19535,Windsor Court,614 Cedar Ln #2,Knoxville,TN,37912,https://www.livewindsorcourt.com/
19924,Maybeck at the Bend,13830 SW Chinn Ln,Tigard,OR,97224,https://www.maybeckapartments.com/
19777,Glen at North Creek,12115 Meridian Ave S,Everett,WA,98208,https://www.glenatnorthcreek.com/?utm_source=GMB&utm_medium=organic
19369,Foothill Courtyards,1360 Foothill Dr,Vista,CA,92084,http://www.foothillcourtyard.com/
1973,Rosslyn Heights,1800 N Quinn St,Arlington,VA,22209,http://www.rosslynheights.com/
19727,Breckenridge,11000 16th Ave SE,Everett,WA,98208,https://washington.weidner.com/apartments/wa/everett/breckenridge-1/
19175,Sanford Landing,1800 W 1st St,Sanford,FL,32771,https://www.sanfordlanding.com/
19610,Pacific Harbors,5150 E Sahara Ave,Las Vegas,NV,89142,www.pacificharborssunrise.com
19897,The Pointe at Clearwater,2554 Oak Trail S,Clearwater,FL,33764,https://www.thepointeatclearwater.com/
19530,The Hampton,103 Weatherstone Dr,Fayetteville,NC,28311,https://www.brazosthehampton.com/
1985,Town Walk at Hamden Hills,100 Town Walk Dr,Hamden,CT,6518,https://www.townwalkhamden.com/
20192,Twelve Central Square,10290 NE 12th St,Bellevue,WA,98004,https://www.12centralsquare.com/
20542,Eleven Pines,4777 SW 11th St,Gresham,OR,97080,https://www.elevenpinesapartments.com/
21199,Sky Rock,3226 Lake Park Way,Longmont,CO,80503,https://www.skyrockapartments.com/sky-rock-longmont-co/
21180,Chapel View,2701 Homestead Rd,Chapel Hill,NC,27516,https://www.chapelviewapartments.com/
20736,Lakeside,6102 St Albion Way,Mountlake Terrace,WA,98043,https://washington.weidner.com/apartments/wa/mountlake-terrace/lakeside-apartments-11/?utm_source=local&utm_medium=organic&utm_content=gmb
20259,The Bryn,5600 N Sheridan Rd,Chicago,IL,60660,www.thebrynchicago.com
20764,Morgan Place,1680 Chantilly Dr NE,Atlanta,GA,30324,https://www.morganplaceapts.com/
20910,St Charles Square,607 Gundersen Dr,Carol Stream,IL,60188,https://www.stcharlessquare.com/
21135,Wes on Western,2800 Western Ave,Seattle,WA,98121,https://wesonwestern.com/
20984,Belmont,10000 S Maryland Pkwy,Las Vegas,NV,89183,https://www.belmontapts.com/
20330,Cibola,7333 E Chaparral Rd,Scottsdale,AZ,85250,https://www.cibolaapartments.com/
20381,Brunswick House,1414 17th St NW,Washington,DC,20036,https://www.brunswickhousedc.com/
20798,Foster Greens,13865 Interurban Ave S,Tukwila,WA,98168,https://washington.weidner.com/apartments/wa/tukwila/foster-greens-0/
21665,Lomita Court,9600 Lomita Ct,Rancho Cucamonga,CA,91701,https://residentialforlease.mgrmgmt.com/apartments/ca/alta-loma/lomita/default
217983,Residences of SpringRidge,3257 W Bert Kouns Industrial Loop,Shreveport,LA,71118,http://www.residencesatspringridge.com/
2158,Olde English Village,1201 Office Park Rd,West Des Moines,IA,50265,https://www.oldeenglishapts.com/
21349,Eagle Point,4401 Morris St NE,Albuquerque,NM,87111,http://www.eaglepointapartmenthomes.com/
217726,Magnolia Place Townhomes,5075 NW 43rd Ave,Gainesville,FL,32606,www.magnoliaplacetownhome.com
21557,Cove La Mesa,7400 Parkway Dr,La Mesa,CA,91942,https://www.thecovelamesa.com/
21690,Cherry Cove,2346 S Cucamonga Ave,Ontario,CA,91761,https://residentialforlease.mgrmgmt.com/apartments/ca/ontario/2346-s-cucamonga-ave-units-100-227/default
219127,Covered Bridge,123 S 2nd St,Perkasie,PA,18944,http://altmanco.com/altmanproperty/community-homepage.asp?RECommunityID=99
219793,Winchester Commons,171 Winchester Rd NE,Huntsville,AL,35811,https://www.mywinchestercommons.com/
219549,Borgata Condominiums,4400 S Jones Blvd,Las Vegas,NV,89103,http://www.borgatacondos.com/
219956,Holly Sands,5 Sandalwood Dr NW,Fort Walton Beach,FL,32548,http://www.hollysandsbyelon.com/
219390,Confluence at Harvest Hills,3701 Prairie Commons St,Williston,ND,58801,https://northdakota.weidner.com/apartments/nd/williston/confluence-at-harvest-hills/index.aspx
218589,Main Street Lofts,715 N Main St,Mansfield,TX,76063,https://www.mainstreetlofts.com/
218985,MAA Trinity II,1140 Trinity Pine Ln,Raleigh,NC,27607,https://www.maac.com/north-carolina/raleigh-cary/maa-trinity/
219698,Camden Lake Apartments,2525 O'Neal Ln,Baton Rouge,LA,70816,www.camdenlakeapartments.com
218786,Cooper's Landing,5001 Coopers Landing Dr,Kalamazoo,MI,49004,https://www.landcoapartments.com/coopers-landing-apartments/
219752,Lamphouse,203 E Main St,Waunakee,WI,53597,https://lamphouseapts.com/
219834,Hill East Park Kennedy,1901 C St SE,Washington,DC,20003,https://www.parkkennedy.com/
218893,Volta at Voyager I,11275 Nahcolite Pt,Colorado Springs,CO,80921,https://www.voltaatvoyager.com/volta-at-voyager-colorado-springs-colorado/
219158,The Herald,150 E Crowther Ave,Placentia,CA,92870,https://www.heraldapartments.com/
221081,City View,1403 S Assembly St,Spokane,WA,99224,https://www.cityviewapartmentsspokane.com/
222597,Apache Trace Apartments,1301 State Hwy 3,Guymon,OK,73942,http://www.apachetrace.com/
220593,Eagle Creek Court,2148 Augusta Dr E,Speedway,IN,46224,https://www.eaglecreekcourtapts.com/
221966,Soleil Lofts,3753 Suri Rise Ln,Herriman,UT,84096,https://www.soleilloftsisyourhome.com
222553,The Columns at Bear Creek,11931 Cassandra St,New Port Richey,FL,34654,http://www.thecolumnsatbearcreek.com/
221448,Kalaeloa Rental Homes,4285 Independence Rd,Kapolei,HI,96707,https://www.kalaeloaliving.com/
220196,Lofts on Main,1415 N Main Ave,San Antonio,TX,78212,https://www.liveloftsonmain.com/
22145,Prelude at the Park,501 E Lake Mead Pkwy,Henderson,NV,89015,https://preludeatthepark.mgproperties.com/
221664,Oxly,5810 UTSA Boulevard,San Antonio,TX,78249,https://www.oxlyapts.com/oxly-at-the-merc-san-antonio-tx/
221113,Coopers Pond,701 Cricklewood Dr,State College,PA,16803,https://www.toftreesapartments.com/coopers-pond/
221183,Castlerock,1551 Nottingham Way Pl,Billings,MT,59105,https://www.castlerockbillings.com/?rcstdid=Mg==-YRjTEizZPgM=
221686,The Plaza,3015 16th St SW,Minot,ND,58701,https://www.plazaminot.com/
222950,Meadows on Graystone,5509 S Graystone Ave,Sioux Falls,SD,57108,https://www.meadowsongraystone.com/
223547,Redwood Delta Township II,8156 Roslyn Hill,Lansing,MI,48917,https://www.byredwood.com/apartments/mi/lansing/redwood-delta-township/index.aspx
22306,Clackamas Trails,10411 SE Cook Ct,Portland,OR,97222,https://www.portland-oregon-apartments.com/
222707,Sundancer Apartments,400 N 96th Ave,Tolleson,AZ,85353,http://www.prmsundancer.com/
224120,N&E,107 13th Ave NE,Minneapolis,MN,55413,https://www.nandeapts.com/
223517,Vista Brooklyn,200 Riverside Ave,Jacksonville,FL,32202,https://www.livevistabrooklyn.com/
224500,South of Atlantic,151 SE 3rd Ave,Delray Beach,FL,33483,https://www.southofatlantic.com/
224142,Elevon I,3650 Uinta St,Denver,CO,80238,https://www.elevonapts.com/
22347,Main Street Village,12650 SW Main St,Tigard,OR,97223,https://www.mainstreetapts.com/
224354,Homestead Garden,4801 Homestead St,Rapid City,SD,57703,https://www.homesteadgardenliving.com/
224353,Reserve of Jackson I,2501 River Oaks Blvd,Jackson,MS,39211,https://www.reservejackson.com/
223975,Cranford Court,3939 Cranford Ave,Riverside,CA,92507,http://www.cranfordcourtapts.com/
22372,Presidential City,3900 City Ave,Philadelphia,PA,19131,https://presidentialcity.com/
224594,The Shires,8160 N 9th St,Fresno,CA,93720,http://www.theshiresapts.com/
223912,Bristol Station,90 Bristol Station Ct,Carteret,NJ,7008,https://www.bristolstationapt.com/
222772,Woodland Park at Soldier Creek,122 NW Walnut Grv Rd,Topeka,KS,66617,http://www.woodlandparktopeka.com/
223248,Royal Oaks,701 Royal Oaks Ct,Monmouth Junction,NJ,8852,http://www.metroplexapts.com
223934,The Edge,753 Montague Expy,Milpitas,CA,95035,https://edgemilpitas.com/
225781,The Marilyn,2390 SE Hawthorne Blvd,Portland,OR,97214,https://www.themarilynpdx.com/
22611,Mercury on Mill,5101 S Mill Ave,Tempe,AZ,85282,https://www.mercuryonmillapts.com/
226101,Sutton Station,5836 Fayetteville Rd,Durham,NC,27713,https://suttonstation.ticonproperties.com/
225313,La Collina Townhomes,2679 Alessandro Blvd,Harrisburg,PA,17110,https://www.triplecrowncorp.com/company/locations/la-collina/
224940,The Residences at 200 Edmund,440 Alfred St,Detroit,MI,48201,https://www.theresidencescitymodern.com/
225886,Casa Baywood,212 S El Camino Real,San Mateo,CA,94401,https://www.casabaywoodapts.com/
225914,Fox Glen,6301 Fox Glen Dr,Saginaw,MI,48638,www.foxglen-apts.com
224995,Cameron,1706 Vineyard Dr N,Wilson,NC,27893,https://www.brazoscameron.com/
22617,Barrington Lakes,2200 Hassell Rd,Hoffman Estates,IL,60169,https://barringtonlakes.groupfox.com/
226194,MacArthur's Lake,727 W MacArthur Rd,Wichita,KS,67217,https://www.macarthurslakeapt.com/
225798,The Overlook at St. Gabriel‚Äôs,175 Washington St,Brighton,MA,2135,https://www.theoverlookstgabriels.com/
22534,Fairway Manor,16100 Pebble Beach Dr,Victorville,CA,92395,https://www.fairwaymanorapartmenthomes.com/
224679,Terrace on the Lake,2421 Bentzen Cir,Anchorage,AK,99517,https://alaska.weidner.com/apartments/ak/anchorage/terrace-on-the-lake-0/index.aspx?rcstdid=MzI%3d-GJOvflXLv8M%3d&_yTrackUser=NzYxOTE2Njk2IzExNDQ4NzU3-eD08p1zYyK0%3d&_yTrackVisit=MTM4NTU2Mzg5NCMyMDkyODA1MDMw-koOgjzntCHU%3d&_yTrackReqDT=28352320201004
224728,Oak Place,12500 S Western Ave,Oklahoma City,OK,73170,https://www.morgan-properties.com/apartments/ok/oklahoma-city/oak-place/
226180,Slate Creek at Westover Hills,2210 Rogers Rd,San Antonio,TX,78251,https://www.liveatslatecreek.com
225610,610 West,6717 Oak Grove Pkwy,Brooklyn Park,MN,55445,http://610west.com/
224971,Mission Tierra Apartments,5505 S Mission Rd,Tucson,AZ,85746,www.missiontierraapts.com
227817,Alloy,525 S Santa Fe Ave,Los Angeles,CA,90013,https://www.alloyla.com/
227790,The Charles,111 S 300 W,Salt Lake City,UT,84101,https://thecharlesslc.com/
22658,Country Ridge Townhomes,6710 Shady Pine Ln,Saginaw,MI,48603,https://www.countryridge.com
226997,MAA River's Walk II,301 Seaport Ln,Mount Pleasant,SC,29464,https://www.maac.com/south-carolina/charleston/maa-rivers-walk/
22709,Mondrian Colorado,4175 E Mexico Ave,Denver,CO,80222,http://www.mondrian-colorado.com/
227758,Waterline Bonita Springs,10655 Founders Wy,Bonita Springs,FL,34135,https://www.waterlinebonitasprings.com/
226526,Wrenstone at the Highlands,350 Old Hickory Blvd,Nashville,TN,37221,https://www.wrenstoneapartments.com/
227315,1630 Park,1630 Park Rd NW,Washington,DC,20010,http://www.1630park.com
227957,Victoria Station,1400 University Blvd E,Hyattsville,MD,20783,https://www.bvstation.com/
226723,Judd & Weiler,1611 Eckington Pl NE,Washington,DC,20002,https://www.juddandweiler.com/
228584,3200 Washington JP,3200 Washington St,Boston,MA,2130,https://3200washingtonjp.com/
226948,Christy Estates,3942 Holly Rd,Corpus Christi,TX,78415,http://www.christyestatesapts.com/
226980,Moda at the Hill,2100 Boardman St.,St. Louis,MO,63110,https://modaatthehill.com/
226734,Trellis House,2323 Sherman Ave NW,Washington,DC,20001,https://www.trellishousedc.com/
22794,Park,15929 Gard Ave,Norwalk,CA,90650,https://www.parkapthomes.com/
22765,MAA Parkside,431 E Central Blvd,Orlando,FL,32801,https://www.maac.com/florida/orlando/maa-parkside/
228991,Skye at Arbor Lakes,11851 Central Park Way,Maple Grove,MN,55369,http://www.liveatskyearborlakes.com/
230181,The Eddystone,2701 Park Ave,Detroit,MI,48201,https://eddystonedetroit.com/
22934,Westwood Village Galleria,1441 Veteran Ave,Los Angeles,CA,90024,https://westwoodvillagegalleria.bhprop.com/
229946,Cascade,3050 SW 37th Ave,Miami,FL,33133,https://www.cascadeatlink.com/
230502,The Gantry II,325 Morse St NE,Washington,DC,20002,https://thegantrydc.com/
22925,Carriage Glen,1811 City Hall Dr,Rosenberg,TX,77471,https://www.carriageglenapts.com/
230080,Kings Cross,5725 Ivanhoe Ct,Fayetteville,NC,28314,https://kingscrossliving.com/
229417,Jasper,2528 S Grand Ave,Los Angeles,CA,90007,https://www.jasperla.com/
230358,Evergreen Meadows,208 White Birch Rd,Edison,NJ,8837,http://www.gardencommunities.com/Properties/NJ/Middlesex/Evergreen-Meadows.aspx
229189,Harrison Park Apartments,565 W 1st Ave,Columbus,OH,43215,https://www.harrisonpark-apts.com/#Home
229185,Greystone Summit Gulf Breeze,1900 Reserve Blvd,Gulf Breeze,FL,32563,https://www.greystonesummitgulfbreeze.com/
231754,Park 151,151 N 1st St,Cambridge,MA,2141,https://www.park151.com/
231711,Williamsburg on the Lake,302 Village Dr,Mishawaka,IN,46545,www.williamsburgmishawaka.com
230770,Lake Haven,732 Bluff St,Carol Stream,IL,60188,http://www.lakehavenluxury.com/
231580,Ellington Farms,505 Vorils Ln,Wilmington,NC,28411,www.ellingtonfarmsnc.com
231543,Autumn Hills,400 Hoover Way,Woodbridge,NJ,7095,https://bestrentnj.com/Communities/Autumn-Hills/
232538,Woodman Apartment Homes,8811 Woodman Ave,Arleta,CA,91331,https://www.woodmanapartments.com/
231522,Oakwood Estates,3300 W 53rd St,Sioux Falls,SD,57106,https://www.oakwoodestatessiouxfalls.com/
231552,Flats at Iron Ridge,3300 Bermuda St,Ferndale,MI,48220,https://www.flatsatironridge.com/
232316,Panton Mill Station,355 N La Fox St,South Elgin,IL,60177,https://www.pantonmillstation.com/?utm_source=GMB&utm_medium=organic
231933,RT Dairies,777 Memorial Dr SE,Atlanta,GA,30316,https://rtdairies.com/
231755,Lowa46,4621 Snelling Ave,Minneapolis,MN,55406,https://www.lowa46.com/
232120,44 Washington,551 W 44th St,Kansas City,MO,64111,https://www.44washington.com/
232376,Carriage Way Apartments,1405 S Coachlight Dr,New Berlin,WI,53151,http://www.carriagewayapts.com/
231932,Sequoyah Apartments,1741 Detroit Ave,Concord,CA,94520,http://www.sequoyahapts.com/Default.aspx
231947,Cumberland Place,2051 W Cumberland Rd,Tyler,TX,75703,https://www.cumberlandplacetyler.com/
231934,450 Green Apartments,450 Forrest Ave,Norristown,PA,19401,https://www.lindyproperty.com/properties/450-green-apartments/
12740,Madison South Park,4605 Colony Rd,Charlotte,NC,28226,https://www.madisonsouthpark.com/
1258,Crossings at Madison,110 Archwood Pl,Madison,TN,37115,https://www.crossingsmadison.com/
12525,MAA Boulder Ridge,1515 Cannon Pkwy,Roanoke,TX,76262,https://www.maac.com/texas/dallas/maa-boulder-ridge/
12797,Woodmere Trace,3550 Pleasant Hill Rd,Duluth,GA,30096,http://www.woodmeretrace.com/
12560,Lexington Farms,8500 W 131st Pl,Overland Park,KS,66213,https://www.lexingtonfarmsapts.com/
12572,Qs at Towne Oaks,2501 N Eastman Rd,Longview,TX,75605,https://www.qtowneoaks.com/
12739,Woodland Estates,6147 Winged Elm Ct,Charlotte,NC,28212,https://www.woodlandestatesapartmenthomes.com/?utm_source=google_my_business&utm_medium=organic
12594,Elan at Mallard Creek,2305 New England St,Charlotte,NC,28269,http://www.elanatmallardcreek.com/
12746,Sunset Canyon,2170 Thousand Oaks Dr,San Antonio,TX,78232,http://www.thesunsetcanyon.com/
12758,Wynfield Park,10209 Baltimore Ave,College Park,MD,20740,http://www.wynfieldpark.com/
12397,Park at Idlewild,1850 Idlewild Dr,Reno,NV,89509,https://www.parkatidlewild.com/
12393,The Kirby,1509 Main St,Dallas,TX,75201,https://www.thekirbyonmain.com/
12887,MAA Barton Creek,2001 S MoPac Expy,Austin,TX,78746,https://www.maac.com/texas/austin/maa-barton-creek/
12573,Towne Oaks North,2108 Tryon Rd,Longview,TX,75601,https://www.qtowneoaks.com/
234385,Townhomes at Spring Valley,2149 B Elder St,Reading,PA,19604,http://www.mmgapts.com/spring-valley.htm
234761,Hanover,3210 SW 185th Ave,Beaverton,OR,97003,http://www.liveathanoverapts.com/
234581,Georgetown Crossing,100 Georgetown Rd,Mechanicsburg,PA,17050,https://www.triplecrowncorp.com/company/locations/georgetown-crossing/
23367,Broadway Towers,1601 Broadway St,Concord,CA,94520,https://www.broadwayconcord.com/
233125,Legation House,3737 Legation St NW,Washington,DC,20015,http://www.legationhouse.com
23355,Regents Park,5035 S East End Ave,Chicago,IL,60615,https://www.regentsparkchicago.com/s/
234912,Taylor's Pond,401 Archdale Dr,Durham,NC,27707,https://taylorspond.ticonproperties.com/
234133,Grand View,7215 Wrightsville Ave,Wilmington,NC,28403,http://www.grandviewluxuryapts.com/
233889,The CC,701 16th Ave,Seattle,WA,98122,https://www.lifeatcc.com/
232972,The Dayton,150 S Broad St,Ridgewood,NJ,7450,https://www.gardencommunities.com/Properties/NJ/Bergen/The-Dayton.aspx#overview
234783,The Highlands at Hilltop II,100 White Rock Rd,Verona,NJ,7044,http://www.highlandsathilltop.com/
2339,Tall Timbers,13155 Woodforest Blvd,Houston,TX,77015,https://www.talltimbers-apts.com/
233143,Aura Watermark,420 N Scottsdale Rd,Tempe,AZ,85288,https://www.aurawatermarktempe.com/
232992,The Paddock Club at Providence,685 Providence Main St NW,Huntsville,AL,35806,https://www.maac.com/alabama/huntsville/the-paddock-club-at-providence/
234915,Fox Glen,5902 Cross Country Blvd,Baltimore,MD,21215,www.livefoxglen.com
23534,Chateau Spring Hill,4341 Spring St,La Mesa,CA,91941,https://www.springhill-apt.rentals/
236170,Maddox,995 N Marine Dr,Portland,OR,97217,https://www.maddoxapartments.com/
2360,Prairie Shores,2937 S King Dr,Chicago,IL,60616,http://www.liveprairieshores.com
236163,Glenbrook,1026 Andrews Run,Hendersonville,TN,37075,https://www.glenbrookapartmentstn.com/
235292,One 65 Main,165 Main St,Cambridge,MA,2142,https://www.one65main.com/
235753,Park South,33 New Scotland Ave,Albany,NY,12208,http://parksouthapartments.com/
236164,Village Green Of Lansing,5200 Mall Dr W,Lansing,MI,48917,https://villagegreen.com/mi/lansing/village-green-of-lansing/?utm_source=Google&utm_medium=Local%20Map%20Pack
235187,The Beverly,123 Brackenridge Ave,San Antonio,TX,78209,https://www.thebeverlysanantonio.com/?utm_knock=gmb
23592,The View on Vivion,4763 N Highland Ave,Kansas City,MO,64116,https://www.viewonvivion.com/
23528,Solana Mar,309 N Solana Hills Dr,Solana Beach,CA,92075,https://www.solanamar.com/
235108,Enzo,3100 Martin St,Irvine,CA,92612,https://www.enzoapartments.com/
235512,Mariners Village,7135 Islander Dr,Indianapolis,IN,46214,https://www.marinersvillageindy.com/
235507,The Barrington,7255 Guider Dr,Woodbury,MN,55125,http://www.mybarringtonapts.com/
23529,Pointe Luxe,3889 Midway Dr,San Diego,CA,92110,https://www.pointeluxe.com/
235952,Uptown Square Apartments,1950 Pennsylvania St,Denver,CO,80203,https://www.uptownsquareapartmenthomes.com/
23540,Park West Club,1621 Park W Dr,Monroe,MI,48162,https://www.myparkwestclub.com/
235156,The Woodland,150 Medical Dr,Boerne,TX,78006,https://livebh.com/apartments/the-woodland-apartments/?utm_source=realpage&utm_medium=referral&utm_campaign=cta
23517,Bluestar Crossings,6700 E 87th St,Kansas City,MO,64138,https://www.bluestarcrossings.com/
236735,The Residences at Seven Gables,1 Rush Dr,Carlisle,PA,17013,https://www.sevengablescarlisle.com/
2374,Walnut Hill,2626 Babcock Rd,San Antonio,TX,78229,www.walnuthillapts.com
237986,The Missions at Rio Vista,2242 Gill Village Way,San Diego,CA,92108,http://www.themissionsatriovista.com/
236589,The Gables at Park Pointe,1361 Hampshire Ave S,Minneapolis,MN,55426,http://www.gablesatparkpointe.com/
238082,The Bexley,1300 Clinton St,Hoboken,NJ,7030,http://www.livebexley.com/
237148,Haven at La Mesa,8585 La Mesa Blvd,La Mesa,CA,91942,https://www.thehavenlamesa.com/
23798,The Columns at Hiram,6736 Bill Carruth Pkwy,Hiram,GA,30141,https://www.thecolumnsathiram.com/
236354,The Woods of Fairfax,7630 Fairfield Woods Ct,Lorton,VA,22079,www.woodsoffairfax.com
237156,Indian Hills,3915 Winona Way,Sioux City,IA,51104,https://www.indianhills-apts.com/
236394,RiverPoint,2121 First St SW,Washington,DC,20024,https://www.riverpointdc.com/
237587,Vernola Marketplace I,6770 Pats Ranch Rd,Jurupa Valley,CA,91752,https://www.livevernola.com/
236930,Anthem PDX,1313 E Burnside St,Portland,OR,97232,https://www.anthempdx.com/
238169,136 S Penn,136 S Pennsylvania St,Denver,CO,80209,https://www.136spenn.com/
2362,Eleven Thirty,1130 S Michigan Ave,Chicago,IL,60605,www.1130smichigan.com
237721,Galeria del Rio,5132 Prairie Clover Trail,Tucson,AZ,85704,https://www.galeriadelrio.com/?utm_source=google_my_business&utm_medium=organic
239513,Richland Falls,526 Dill Ln,Murfreesboro,TN,37130,https://www.richlandfalls.com/
239730,West Park Village II,9902 Brompton Dr,Tampa,FL,33626,https://ariumliving.com/tampa/westchase/west-park-village
238343,Canyon Springs,2301 Woodgate Dr,Waco,TX,76712,http://www.canyonspringswaco.com/
238370,Magnolia on the Green,1845 Chelsea Blvd,Allen,TX,75013,https://texas.weidner.com/apartments/tx/allen/magnolia-on-the-green-0/
238690,Cardinal,4615 Forest Dr,Columbia,SC,29206,https://www.liveatcardinal.com/
239247,The Stella,2165 E River Trace Dr,Memphis,TN,38134,https://www.thestellaapts.com/
23870,The Park at London,2445 Rex Rd,Ellenwood,GA,30294,https://www.liveattheparkatlondon.com/
238837,Washington Manor,3901 Woodland Ave,West Des Moines,IA,50266,https://www.washingtonmanordesmoines.com/
239536,Cheateau Vincennes,18541 Vincennes St,Northridge,CA,91324,http://www.chateauvincennesapts.com/
239185,Oakdale,1926 Oakdale Ave,West Saint Paul,MN,55118,https://www.oakdaleaptsmn.com/
238561,The View,3460 W 7th St,Los Angeles,CA,90005,https://www.theviewla.com/
239153,Gleneagles,11604 Lewisham Pl,Waldorf,MD,20602,https://www.gleneaglescharles.com/
239094,Zander Place,1300 Main St,Cross Plains,WI,53528,http://www.zanderplace.com/
239699,Hunters Run,4136 Falcon Pl,Waldorf,MD,20603,https://www.huntersruncharles.com/
23949,North Mountain,10001 N 7th St,Phoenix,AZ,85020,http://www.prmnorthmountain.com/
238712,Bel Air West,5220 Hartford St,Abilene,TX,79605,https://www.thebelairwest.com/
2384,Horizon East,1055 S Zeno Way,Aurora,CO,80017,https://www.horizoneastapartments.com/
238993,Stony Creek,150 Stony Point Rd,Santa Rosa,CA,95401,http://www.liveatstonycreek.com/
23971,Tuscany Bay,12065 Tuscany Bay Dr,Tampa,FL,33626,https://www.tuscanybayaptstampa.com/
238360,Clearfield Station,1342 S 950 E,Clearfield,UT,84015,http://www.clearfieldstation.com/
238380,The Caroline Eastside,1735 N Greenville Ave,Richardson,TX,75081,https://www.livecarolineeastside.com/
241680,Blu on Farrington,5840 Farrington Rd,Chapel Hill,NC,27517,https://www.bluonfarrington.com/blu-on-farrington-chapel-hill-nc
241538,Block 88,1304 NE 88th St,Vancouver,WA,98665,http://www.block88apts.com/
240914,District at Civic Square,15400 W Monte Vista Rd,Goodyear,AZ,85395,https://www.mark-taylor.com/apartments/az/goodyear/district-at-civic-square/
240106,Redwood Greer Abner Creek Road I,505 Everhope Ave,Greer,SC,29651,https://www.byredwood.com/apartments/sc/greer/redwood-greer-abner-creek-road
239937,Aventine at Miramar,2436 Centergate Dr,Miramar,FL,33025,https://www.pacificaresidential-aventine.com/?utm_source=GMB&utm_medium=organic
239974,Heritage Manor Apartments,2409 US-52,Rochester,MN,55901,https://www.heritagemanormn.com/
239794,Shade Tree Trace,407 E Cedar Run Pl,Catonsville,MD,21228,https://www.shadetreetrace.com/?rcstdid=Mg%3D%3D-YRjTEizZPgM%3D&utm_source=GMB&utm_medium=organic
240595,Stockbridge Trails,319 E Hill Pkwy,Madison,WI,53718,https://www.stockbridgetrailsapartments.com/
241392,Dickinson Meadows,1600 Mike St,Dickinson,ND,58601,http://www.dickinsonmeadows.com/
240747,Quarry Ridge I,1805 Quarry Ridge Pl NW,Rochester,MN,55901,https://www.quarryridgeliving.com/
240168,Parker Hilltop,19600 Clubhouse Dr,Parker,CO,80138,www.parkerhilltopapartments.com
240193,Sepulveda Manhattan Apartments,8031 Sepulveda Blvd,Panorama City,CA,91402,http://www.manhattansepulveda.com/
242519,Benson Estates Apartments,203 Williamsburg Dr,Hephzibah,GA,30815,https://www.bensonapts.com/
243245,Longfellow Lofts,1015 Mound St,Madison,WI,53715,http://longfellowlofts.com/
242776,Greenfield II,920 Feltl Ct,Hopkins,MN,55343,http://greenfield.stuartco.com/index.aspx
243194,Fox Hill Apartments,17611 W 16th Ave,Golden,CO,80401,http://www.foxhillapthomes.com/
24361,Del Norte Place Apartment Homes,11720 San Pablo Ave,El Cerrito,CA,94530,http://delnorteplace.mgproperties.com/
242954,Bancroft Luxury Apartments,107 S Washington Ave,Saginaw,MI,48607,https://www.bancroftrentals.com/
241980,The Residences at Thesis,1340 S Dixie Hwy,Coral Gables,FL,33146,https://www.gables.com/communities/florida/coral-gables/the-residences-at-thesis/
243948,Southgate,14A Merry Ln,Greenville,NC,27858,http://www.southgatenc.com/
241762,Arbor Village,600 Firestone Ave,Muscle Shoals,AL,35661,http://www.thearborvillage.com/
242756,The Citizen,1835 Union Ave,Memphis,TN,38104,https://www.thecitizenapts.com/?utm_knock=g
242288,Oak Creek at Polaris,9005 Oak Village Blvd,Lewis Center,OH,43035,https://livewithchampion.com/apartments/oak-creek-at-polaris/
24337,Colonial House,1560 San Tomas Aquino Rd,San Jose,CA,95130,https://residential.eprodesse.com/colonial-house-apartments/index.aspx
245340,Hawthorne at the W,329 Broomsedge Trail,Chattanooga,TN,37405,https://www.hawthorneatthew.com/
245936,Hoover + Greene,950 Greene St,Ann Arbor,MI,48104,https://hooverandgreene.com/
245148,Grand + Belmont,514 SE Belmont St,Portland,OR,97214,www.GrandBelmont.com
243995,Greystone at Maple Ridge,7778 Schomburg Rd,Columbus,GA,31909,https://www.greystonemapleridge.com/
24561,The Fountains at Deerwood,7816 Southside Blvd,Jacksonville,FL,32256,www.thefountainsdeerwood.com
244546,Sterlington,4105 Sterlington Dr,Grovetown,GA,30813,https://www.sterlingtonapts.com
245906,Luxia Gallery House,14175 Dallas Pkwy,Farmers Branch,TX,75254,https://www.luxiagalleryhouse.com/
244356,Keeler‚Äôs Corner,4525 164th St SW,Lynnwood,WA,98087,www.keelerscorner.com
244906,Sterling Heights,2010 27th St SE,St. Cloud,MN,56304,https://sterlingheights-stcloud.com/
245497,The Ellsworth,1301 SW 80th Terrace,Plantation,FL,33324,https://www.theellsworthapts.com/
244324,Canopy at Ginter Park,3200 Brook Rd,Richmond,VA,23227,https://www.canopyatginterpark.com?utm_source=realpage&utm_medium=referral&utm_campaign=cta
24520,Lenox at Patterson Place,100 Rose Garden Ln,Durham,NC,27707,https://www.livewelllenox.com/
245153,The Republic,1930 Chestnut St,Philadelphia,PA,19103,www.republicrittenhouse.com
24546,Legacy Farms,1130 Legacy Farm Ct,Collierville,TN,38017,http://www.legacy-farm.com/
245118,Maren,71 Potomac Ave SE,Washington,DC,20003,https://marendc.com/
246757,V2,250 Vale St,Chelsea,MA,2150,https://www.v2apts.com/
24719,The Aubry,9180 Coors Blvd NW,Albuquerque,NM,87120,https://www.theaubryapts.com/
246751,Park Place,240 Park Pl Blvd,Waxahachie,TX,75165,https://www.parkplacewaxahachie.com/
246165,Gray Branch,1760 N Ridge Rd,McKinney,TX,75071,https://livebh.com/apartments/gray-branch-apartments/?utm_source=realpage&utm_medium=referral&utm_campaign=cta
246689,The Indigo at Cross Creek,2001 Cramer Cir,Indian Land,SC,29707,http://www.theindigosc.com/
247477,RYE Sobo,290 W Alameda Ave,Denver,CO,80223,https://www.ryesobodenver.com/?funnelleasing=onlinelisting&utm_source=obl&utm_medium=organic
24776,Hidden Lakes,5800 Deepwood Ct,Village of Clarkston,MI,48346,https://www.livehiddenlakesapts.com/
247491,Astoria at Celebration,1688 Celebration Blvd,Celebration,FL,34747,https://www.liveastoriaatcelebration.com/
246345,Westerly,8510 S Oak Cir,Littleton,CO,80127,https://www.westerlyapartmenthomes.com/
246466,The Jax,1220 W Jackson Blvd,Chicago,IL,60607,https://thejaxchicago.com/
246773,The Point at 180,180 Eastern Ave,Malden,MA,2148,https://www.pointat180.com/
247275,Beckerts Park,1350 E St SE,Washington,DC,20003,https://www.beckertspark.com/
251559,Reverie at River Hollow,1317 Post Oak Park Dr,Houston,TX,77027,http://www.reverieatriverhollow.com
251733,Champions Gate,12639 S Hausman Rd,San Antonio,TX,78249,https://www.livechampionsgate.com/
251701,Redwood Westfield Myra Way II,4001 Myra Way,Westfield,IN,46062,https://www.byredwood.com/apartments/in/westfield/redwood-westfield-myra-way/index.aspx
25038,Grammercy,17425 120th Ln SE,Renton,WA,98058,www.liveatgrammercy.com
251570,10X Heights Waterworks,515 W 20th St,Houston,TX,77008,https://www.10xheightswaterworks.com/
24982,Fisher Building,343 S Dearborn St,Chicago,IL,60604,https://www.cityclubapartments.com/usa/chicago-il/downtown/fisher-building-city-club/?lvcode=890940
249931,Copper Creek,1100 Copper Ct,Kent,OH,44240,https://www.copper-creek.com/
250152,Velo,425 River Rd,Eugene,OR,97404,https://veloeugene.com/
251169,Parc at Princeton Junction,3000 Goldfinch Blvd,Princeton,NJ,8540,https://www.liveatparc.com/
251377,Meridian at North Hills,901 St Albans Dr,Raleigh,NC,27609,https://www.meridianatnorthhills.com/
2506,Cascades at the Hammocks,10605 Hammocks Blvd,Miami,FL,33196,https://www.cascadesatthehammocks.com/
251602,Apartments at Eleven240,11240 Woolwich St,Charlotte,NC,28216,https://www.apartmentsateleven240.com/
251395,Neon Local,99 S Broadway,Denver,CO,80209,https://www.rentneonlocal.com/
249898,Bell Alderwood,2927 Alderwood Mall Blvd,Lynnwood,WA,98036,https://www.bellalderwood.com/
24966,Barrington Hills,3352 Chelsea Park Ln,Peachtree Corners,GA,30092,https://www.liveatbarringtonhillsapts.com
251298,Beacon at Gateway,100 Gateway Blvd,Scarborough,ME,4074,https://www.beaconatgateway.com/
252717,Brea,3200 Peek Rd,Katy,TX,77449,https://www.brealuxury.com?utm_source=realpage&utm_medium=referral&utm_campaign=cta
2519,Turtle Cove,888 Cotton Bay Dr W,West Palm Beach,FL,33406,https://turtlecoveapartments.com/property/turtle-cove/
252585,Titletown Flats,1162 Brookwood Dr,Green Bay,WI,54304,https://titletownflats.com/
252147,8119,8119 Douglas Ave,Dallas,TX,75225,https://www.live8119.com/8119-dallas-tx/
251913,Onyx at Westgate,7403 N 91st Ave,Glendale,AZ,85305,https://www.liveatonyxatwestgate.com/
251942,Blue Lagoon 7,5375 NW 7th St,Miami,FL,33126,https://www.bluelagoon7.com/
252790,Palomino,1160 Damonte Ranch Pkwy,Reno,NV,89521,https://www.palominoreno.com/
252396,Fifteen15,1515 S Lamar Blvd,Austin,TX,78704,https://www.fifteen15southlamarapartments.com/
252518,Aqua Palm Bay,2155 Robert J Conlan Blvd NE,Palm Bay,FL,32905,https://www.aquapalmbayapts.com/
252489,London Square by Broadmoor,4917 Farnam St,Omaha,NE,68132,https://www.broadmoor.cc/property_items/london-square-by-broadmoor/
252067,The Flats at Shadow Creek,111 S 90th St,Lincoln,NE,68520,https://www.rentcip.com/apartments/ne/lincoln/the-flats-at-shadow-creek
252724,Knox at MetroCenter,101 Athens Way,Nashville,TN,37228,https://www.knoxmetrocenter.com/
252135,The Residences at Christenbury Village,2410 Herrons Nest Pl NW,Concord,NC,28027,https://www.christenburyresidences.com/
252997,The Eddy,555 1st St,Harrison,NJ,7029,https://ironstate.com/property/the-eddy/
252718,Soneto on Western,23615 Western Centre Dr,Katy,TX,77494,https://www.sonetotx.com/
13152,Hidden Palms,14555 Bruce B Downs Blvd,Tampa,FL,33613,https://www.hiddenpalmsapartmenthomes.com/
13470,Symphony,2225 W Frye Rd,Chandler,AZ,85224,http://www.liveatsymphony.com/
1332,Providence at Heights,2400 Hackett Dr,Houston,TX,77008,http://www.providenceatheights.com/
13179,Melwood,1803 Biltmore St NW,Washington,DC,20009,www.themelwood.com
13304,Avondale Overlook,2400 Queens Chapel Rd,Hyattsville,MD,20782,https://www.avondaleoverlook.com/
13718,The Atlantic Loring Heights,300 Deering Rd NW,Atlanta,GA,30309,http://www.loringheightsliving.com
13784,Roswell Creek,1000 Holcomb Bridge Rd,Roswell,GA,30076,www.myroswellcreek.com
13798,Tresa at Arrowhead Apartment Homes,17722 N 79th Ave,Glendale,AZ,85308,https://www.tresaatarrowhead.com/
13447,Sloan Square,1555 Lavista Rd,Atlanta,GA,30329,www.sloansquareliving.com
13941,10X Woodway Square,1200 Winrock Blvd,Houston,TX,77057,https://www.10xwoodwaysquare.com/?utm_knock=gmb
13376,Coachman Trails,1405 Olive Ln N,Plymouth,MN,55447,http://coachman.stuartco.com/
13155,Lincoln at Wolfchase,2460 Vintage Dr,Cordova,TN,38016,https://www.lincolnatwolfchase.com/
1337,Papago Crossing,4530 E McDowell Rd,Phoenix,AZ,85008,https://www.papagocrossingapartments.com/
1312,Knoll Crest,5700 N Knoll,San Antonio,TX,78240,https://knollcrestsa.com/
13384,Yarmouth Pointe,1 Juniper Dr,Yarmouth,ME,4096,https://www.yarmouthpointeapartments.com/
13582,Del Rio,4601 Monta√±o Rd NW,Albuquerque,NM,87120,https://www.mydelrioapartments.com/
1349,Deer Creek,305 Deer Creek Dr,Plainsboro Township,NJ,8536,http://www.deercreeknj.com/
253381,Felix,420 Mendocino Ave,Santa Rosa,CA,95401,https://www.felixliving.com/
253120,Morea,601 N Federal Hwy,Pompano Beach,FL,33062,https://www.moreaapartments.com/
253339,Shannon Creek I,1650 Candler Dr,Burleson,TX,76028,https://www.shannoncreekapt.com/
253158,The Lofts at Ten Mile,2940 W Cobalt Dr,Meridian,ID,83642,https://www.tenmilelofts.com/
253358,The Carter,2149 Anderson Gibson Rd,Grapevine,TX,76051,https://www.cartergrapevine.com/#/
253386,Canyon Vista,12558 Pony Express Rd,Draper,UT,84020,https://www.canyonvista-apts.com/
253780,Banner At Westfield,1000 Banner Dr,Nashville,TN,37066,https://www.banneratwestfield.com/
253140,National Rose Co,80 Virginia Ave W,Memphis,TN,38106,https://www.nationalroseco.com/
253543,Redwood Lafayette,3000 Tantara Way,Lafayette,IN,47909,https://www.byredwood.com/apartments/in/lafayette/redwood-lafayette/
253797,Ely at Fort Apache,5055 S Fort Apache Rd,Las Vegas,NV,89148,https://www.elysianliving.com/property/ely-at-fort-apache
253966,Aventura at Maryland Oaks,2100 E Aventura Way,St Louis,MO,63146,https://www.avmarylandoaks.com/
253384,Bella Creek,100 Avram Ave,Rohnert Park,CA,94928,https://www.bellacreekrp.com/
25357,Timbercreek,614 S 1st St,Austin,TX,78704,https://www.timbercreekaustin.com/
253887,Pinnacle Heights,5100 W Park Ave,Rogers,AR,72758,https://www.pinnacleheightsapartments.com/
253374,Lehi Tech,200 S 1350 E,Lehi,UT,84043,https://www.lehitechapartments.com/
253304,Levante,14951 Foothill Blvd,Fontana,CA,92335,https://www.levanteapartmenthomes.com/
254319,Indigo West Palm Beach,1500 Centrepark Blvd,West Palm Beach,FL,33401,https://www.indigowpb.com/
254360,Briggs & Union,12000 Knox Way,Mt Laurel Township,NJ,8054,https://rent.brookfieldproperties.com/mount-laurel-nj-apartments/briggs-and-union
254488,Gathering at Arbor Greens,13514 NW 1st Ln,Newberry,FL,32669,https://www.thegatheringapartments.com/
255188,Edge,490 Mill St,West Sacramento,CA,95691,https://www.edge-tbd.com/
254144,Legacy at Fitz,1363 N Victor St,Aurora,CO,80011,https://www.legacyatfitz.com/
255333,Big Sky Flats,1400 Montana Ave NE,Washington,DC,20018,https://www.bigskyflatsapts.com/
254583,Montreux,5550 E Deer Valley Dr,Phoenix,AZ,85054,https://www.rentmontreux.com/
254332,Boca Vue,9260 Boca Vue Dr,Boca Raton,FL,33428,https://www.richmansignature.com/florida/boca-raton-rental-properties/boca-vue/
254103,Caliber at Cornerstar,15930 E Briarwood Cir,Aurora,CO,80016,https://www.caliberatcornerstar.com/
254143,Christopher Todd Communities On Camelback,12350 W Camelback Rd,Litchfield Park,AZ,85340,https://www.christophertodd.com/community/christopher-todd-communities-on-camelback/
25558,Lambertson Farms,10260 N Washington St,Thornton,CO,80229,www.mylambertsonfarmsapartments.com
255586,Soho Lofts,273 16th St,Jersey City,NJ,7310,https://www.soholoftsjc.com/
256537,Affinity 56,8088 S Uinta Vw Wy,West Jordan,UT,84081,https://www.affinity56.com/
256322,Lumen Doraville,4256 Tilly Mill Rd,Atlanta,GA,30360,https://www.lumendoraville.com/#/
255556,Belle Spring Branch,2308 Bingle Rd,Houston,TX,77055,https://www.bellespringbranch.com/
256378,Woodmore,9560 Ruby Lockhart Blvd,Bowie,MD,20721,https://www.woodmoreapts.com/
255548,Redbud Ranch,2701 N 23rd St,Broken Arrow,OK,74012,https://www.caseusa.com/apartments/ok/broken-arrow/redbud-ranch/#/
256945,Dutton Estates,1970 River Rd,St Clair,MI,48079,https://www.duttonestatesapts.com/
255598,Bell Mooresville West,104 Waypointe Circle,Mooresville,NC,28117,https://www.bellmooresvillewest.com/
255884,Tin Top at the Creamery,847 E Ashby Pl,San Antonio,TX,78212,https://www.tintopsa.com/
256548,Montecito Apartments at Carlsbad,2510 W Ranch St,Carlsbad,CA,92010,https://www.montecitoaptsatcarlsbad.com/
257946,Parc View I,7865 S Bingham Jct Blvd,Midvale,UT,84047,https://www.parcviewisyourhome.com/?rcstdid=Mg%3D%3D-YRjTEizZPgM%3D&utm_source=GMB&utm_medium=organic
257592,The Reserve at Raintree,651 Rain Forest Rd,Knoxville,TN,37923,https://www.reserveatraintree.com/
258165,St Elmo Living,4323 S Congress Ave,Austin,TX,78745,https://www.stelmoliving.com/
257779,38 North,1020 Kawana Springs Rd,Santa Rosa,CA,95404,https://www.rent38north.com/?utm_source=apartmentseo&utm_medium=gmb&utm_campaign=organicmaplisting
257792,Moana Vista Apartments,1720 Ala Moana Blvd,Honolulu,HI,96815,https://www.moanavista.com
258119,Timber Falls,120 Mary Ann Rd,Beaver Dam,WI,53916,https://timberfallsapartments.com/
257324,Rosewood Commons,N170W21970 Rosewood Ln,Jackson,WI,53037,https://rosewoodcommonsapartments.com/
25734,Los Feliz Summit,3901 Los Feliz Blvd,Los Angeles,CA,90027,https://anchorpacifica.com/residential-properties/los-feliz-summit-apartments
257557,The Salado at Red Berry,902 Gembler Rd,San Antonio,TX,78219,https://thesaladoredberry.com
257372,The 52,8511 Myslak Wy,Pensacola,FL,32526,https://liveinspirepensacola.com/
257171,Tanager Echo,2255 S Spruce Goose St,Las Vegas,NV,89135,https://livetanagerecho.com/
258148,Cyan Cinco Ranch,21650 Farm to Market 1093,Richmond,TX,77407,https://www.cyancincoranch.com/
256994,Sundance Woodbury,355 Karen Ln,Woodbury,MN,55129,https://www.sundancewoodbury.com/
25753,Springbrook,5301 Talbot Rd S,Renton,WA,98055,http://www.liveatspringbrook.com/
258139,Bowers,55 W Utopia Ave,South Salt Lake,UT,84115,https://bowersresidences.com/
257195,The Bend Arbordale,401 Bulifants Blvd,Williamsburg,VA,23188,https://www.thebendarbordale.com/
258543,Alta Wren,3000 Orchid St,Cary,NC,27519,https://www.altawren.com/
259100,Skybrook Apartment Homes,90 Oak Hill Ct,Huntersville,NC,28078,https://www.skybrookapts.com/#
258913,Alexan Gateway,23000 Military Rd S,Kent,WA,98032,https://alexangateway.com/
258778,The Metropolitan,92 Millburn Ave,Springfield,NJ,7081,https://rentthemetropolitannj.com/
258366,Gild,1210 N State Pkwy,Chicago,IL,60610,https://www.gildchicago.com/
2585,Homestead Apartments,443 Sherwood Rd,La Grange Park,IL,60526,http://www.liveathomestead.com/
25951,Heritage Park,1818 Metzerott Rd,Adelphi,MD,20783,http://www.heritage-park-apts.com/
259775,Converse Mill Lofts,4147 E Main St Ext,Spartanburg,SC,29329,https://www.conversemill.com/
258365,The Commons at Rivertown,4702 Rivertown Commons Dr SW,Grandville,MI,49418,https://www.thecommonsatrivertown.com/
258584,The Encore at Ingram Manor,7307 Park Heights Ave,Pikesville,MD,21208,https://www.theencoreatingrammanorapts.com/
258578,The Collins,1100 Enterprise Way NW,Huntsville,AL,35806,https://www.thecollinshuntsville.com/
260718,The New Durham,1435 51st St,North Bergen,NJ,7047,https://www.thenewdurham.com/
260924,Bria,3330 W 4000 S,West Haven,UT,84401,https://www.liveatbria.com/
260119,The Hartlan Linden,307 W Elizabeth Ave,Linden,NJ,7036,https://www.thehartlan.com/
260640,Preston Centre,155 E Broad St,Columbus,OH,43215,https://www.prestoncentrecolumbus.com/
261093,The Launch,1777 Clement Ave,Alameda,CA,94501,http://www.launchalameda.com/
260127,The Easley at University Center,371 Technology Center Way,Rock Hill,SC,29730,https://www.easleyapartments.com/
259796,The Hamilton,601 Press Pl,Nashville,TN,37208,https://www.hamiltonandhumehouse.com/the-hamilton
261358,Edge Avenue G,100 Ave G,Bayonne,NJ,7002,https://www.edgebayonne.com/avenueg/
260174,Apex at Meadows,4480 Meadows Ln,Las Vegas,NV,89107,https://www.apexatmeadows.com/
259798,The Audubon,367 Orange St,New Haven,CT,6511,https://www.theaudubonapts.com/
261096,Artistry at Winterfield,1000 Artistry Dr,Midlothian,VA,23113,https://www.artistryatwinterfield.com/
26132,The Belmont by Reside,3170 N Sheridan Rd,Chicago,IL,60657,www.thebelmontbyreside.com
261553,Makara,3751 Staniel Cay Loop,Orlando,FL,32817,https://www.makaraorlando.com/
262101,Lumia,850 N Azusa Ave,Azusa,CA,91702,https://www.liveatlumia.com/
261724,Beaudry,960 W 7th St,Los Angeles,CA,90017,https://www.beaudrydtla.com/
262364,The Wrenley,2020 Winters Eve Dr,Charlotte,NC,28269,https://www.thewrenley.com/
262717,AVIA Apartments at Reedy Creek,3020 Reedy Creek Blvd,Kissimmee,FL,34747,https://www.aviareedycreek.com/
261709,Dakota Flats,514 E Hastings Rd,Spokane,WA,99218,https://www.dakotaflatsapts.com/
262763,Magnolia Grove,551 Crossroads Pkwy,Terrell,TX,75160,https://www.magnoliagroveapartments.com/
262557,The Oaks at Copper Chase,3145 Honey Run Dr,York,PA,17408,https://www.larkenassociates.com/residential-rentals/the-oaks-at-copper-chase
26161,Hamilton House,250 Chatham Way,Mayfield Heights,OH,44124,http://www.renthamiltonhouse.com/hamilton-house-mayfield-heights-oh
261552,The Quincy,900 Buice Lake Pkwy,Acworth,GA,30102,https://www.livethequincy.com/
261963,Geo,17990 Midvale Ave N,Shoreline,WA,98133,https://www.geoapts.com/
261375,Skyline 776,776 Euclid Ave,Cleveland,OH,44114,https://www.skyline776.com/
263398,Novel Harpeth Heights,615 Old Hickory Blvd,Nashville,TN,37209,https://www.novelharpethheights.com/
263570,Casitas Catalina I,9125 E Catalina Hwy,Tucson,AZ,85749,https://www.casitascatalina.com/
262958,Upper West,3283 Jordan Line Pkwy,West Jordan,UT,84088,https://www.upperwestliving.com/
263325,Madison Wakefield,11100 Madison Elm Ln,Raleigh,NC,27614,https://livemadisonwakefield.com/
263127,Hickory Grove,11907 Apache Ave,Savannah,GA,31419,https://www.hickorygrovega.com/
26339,Cedar Pointe Townhomes,11229 Cedar Pointe Dr N,Minnetonka,MN,55305,www.cedarpointetownhomes.com
263110,Briley,10731 Surrey Green Ln,Matthews,NC,28105,https://www.simpsonpropertygroup.com/apartments/matthews-north-carolina/briley-matthews
26382,The Preserve at Woodfield,4700 Arbor Dr,Rolling Meadows,IL,60008,https://www.thepreserveatwoodfield.com/
263318,Enclave at Providence,630 Providence Pkwy,Mt. Juliet,TN,37122,https://www.enclaveprovidence.com/
263726,Station Bay I,1000 Schindler Dr,South Amboy,NJ,8879,https://www.stationbaynj.com/
26351,Brooklyn Crossing,1701 69th Ave N,Brooklyn Center,MN,55430,https://www.brooklyncrossingmn.com/
263919,Vue21 II,4610 Nautilus Peak View,Colorado Springs,CO,80924,https://liveatvue21.com/
263187,Van De Vyver,701 N 1st St,Richmond,VA,23219,https://vandevyver.enterpriseresidential.org/
262907,Essex & Crane I,377 Crane St,Orange,NJ,7050,https://essexandcrane.com/
26534,Granite Peaks,3907 65th Ave N,Minneapolis,MN,55429,https://www.thegranitepeaksapts.com/
265098,Smith & Rio,1979 E Rio Salado Pkwy,Tempe,AZ,85288,https://www.smithandrio.com/
264179,Harbor Side at Conwood Flats,645 N Front St,Memphis,TN,38107,https://www.harborsideatconwoodflats.com/
264772,Veranda,7205 E Ben White Blvd,Austin,TX,78741,https://verandaatx.com/
263981,The Lafayette,821 E Main St,Stamford,CT,6902,https://www.lafayettestamford.com/
264787,The Asher,13460 Lyndhurst St,Austin,TX,78717,https://theasheraustin.com/
264861,The Platform at SoNo Station,1 Chestnut St,Norwalk,CT,6854,https://www.platformsono.com/
263990,The Villas at Kyker Ferry,117 Lee Greenwood Way,Kodak,TN,37764,https://www.udcvillaskykerferry.com/
264347,Flats at Shady Grove,1380 Piccard Dr,Rockville,MD,20850,https://www.flatsatshadygrove.com/
264273,Stanza Little Italy,310 A St,San Diego,CA,92101,https://www.stanzalittleitaly.com/
264969,Plat 4 at Research Triangle,5510 Primary Dr,Durham,NC,27703,https://www.plat4living.com/
264329,Axis at PTC,1850 Merchant Ln,Hampton,VA,23666,https://www.axisatptc.com/
264123,Hampton Meridian,3000 W Southern Ave,Apache Junction,AZ,85120,https://www.hamptonmeridian.com/
266115,Hayden Place I,1201 Main St,Carbondale,CO,81623,https://www.haydenplaceapts.com/
265892,34 Eden River Park,34 Eden Ln,Whippany,NJ,7981,https://www.34edenrentals.com/
266700,FlatZ 520,45760 W Vlg Pkwy,Maricopa,AZ,85139,https://flatz520.com/
266766,101 Oxford,101 W Oxford St,Philadelphia,PA,19122,https://www.101oxford.com/
265766,Venice Wave by Wiseman,1600 Venice Blvd,Venice,CA,90291,https://venicewave.wisemanresidential.com/
265951,Populus Westside,1315 Northwest Dr NW,Atlanta,GA,30318,https://www.populuswestsideapts.com/
265910,Alta Landing,3100 N Joplin Rd,Kennedale,TX,76060,https://www.livealtalanding.com/
26610,Edenvale,13700 Valley View Rd,Eden Prairie,MN,55344,http://www.edenvaleapts.com/
266174,The Augustan,1150 Greene St,Augusta,GA,30901,https://www.liveattheaugustan.com/
266791,Nova at Green Valley,4501 Business Center Dr,Fairfield,CA,94534,https://www.novaatgreenvalley.com/
265566,Piper,467 West Ave,Norwalk,CT,6850,https://www.liveatpiper.com/
266951,Seven Oaks,2332 N 7th St,Phoenix,AZ,85006,https://www.livesevenoaks.com/
266123,Hayden Place II,900 CO-133,Carbondale,CO,81623,https://www.haydenplaceapts.com/
14611,The Barrington Club,10700 W Sample Rd,Coral Springs,FL,33065,http://www.barringtonliving.com/
14142,Argosy at Crestview,1003 Justin Ln,Austin,TX,78757,http://www.argosyatcrestview.com
14191,300 East Seventeenth,300 E 17th Ave,Denver,CO,80203,https://www.maxxproperties.com/co/denver/300-east-seventeenth/index.aspx
147,West of Eastland,3752 Knightsway Ln,Columbus,OH,43232,https://www.westofeastlandbyelon.com
14307,Parkwood Plaza,1436 S Irving St,Denver,CO,80219,https://www.parkwoodplazaapts.com/
14097,The Maddox Sunnyvale,874 E El Camino Real,Sunnyvale,CA,94087,https://www.maddoxsunnyvaleapartments.com/
14364,ARIUM Cypress Lakes,2829 S Oakland Forest Dr,Oakland Park,FL,33309,https://ariumliving.com/fort-lauderdale/oakland-park/arium-cypress-lakes/
14399,The Gateway,925 Clopper Rd,Gaithersburg,MD,20878,https://www.livethegateway.com/
14397,Kennedy-Warren (South Wing),3133 Connecticut Ave NW,Washington,DC,20008,https://www.kennedywarren.com/
14338,Granite Bay,14230 N 19th Ave,Phoenix,AZ,85023,http://www.granitebayapts.com/
14371,Avondale Place,3548 Rockbridge Rd SW,Avondale Estates,GA,30002,https://www.avondaleplaceapts.com/
14386,Parc at Perimeter,6210 Peachtree Dunwoody Rd,Atlanta,GA,30328,https://www.parcwmp.com/
14564,Wildwood,1022 Forest Oak Dr,Charlotte,NC,28209,http://www.livewildwoodapts.com/
13990,Sunset Gardens,7400 SW 107th Ave,Miami,FL,33173,https://www.livesunsetgardens.com/
14164,Linden Ridge,5400 Memorial Dr,Stone Mountain,GA,30083,www.lindenridgeapartments.com
14561,San Palmilla,750 W Baseline Rd,Tempe,AZ,85283,https://www.mark-taylor.com/apartments/az/tempe/san-palmilla/
268180,Saltaire,169 Ocean Walk Ln,Santa Rosa Beach,FL,32459,https://www.saltaire30a.com/
267962,The Mill Old Town,535 S Mill St,Lewisville,TX,75057,https://www.milloldtown.com/
267937,Elevate,1990 Grande Cir,Fairfield,CA,94533,https://www.elevatesolano.com/
267147,Flats at Dublin Commons,6380 Dublin Sunrise View,Colorado Springs,CO,80923,https://www.crldublinflats.com/
268396,Whispering Woods,4913 S Graystone Ave,Sioux Falls,SD,57108,https://www.whisperingwoodsth.com/
267778,Gage On Sixth,601 S Shirley St,Tacoma,WA,98465,https://www.gageonsixth.com/
268528,Liffey on Snelling,304 Snelling Ave N,St Paul,MN,55104,https://www.liffeyonsnelling.com/
267143,The Clove,8004 Farnam Dr,Omaha,NE,68114,https://www.clove-omaha.com/?fbclid=IwAR2_VTPZjFFJ3343Bx47QopUfQj3xtlt7QbjVqoxtqmJL3DYpWEvgHUxnhs
267984,Tapestry Patterson Lane,2035 Tapestry Park Dr,Indian Land,SC,29707,https://tapestrypattersonlaneapartments.com/
26759,Haven at Midtown,222 W Clarendon Ave,Phoenix,AZ,85013,https://www.havenmidtown.com/
267573,Eastridge,5501 Ross Rd,Del Valle,TX,78617,https://www.eastridgeatx.com/
268381,Gathyr Apartments,1117 E Market St,Indianapolis,IN,46202,https://www.gathyrapts.com/
268171,The Elm 55 Club,55 Elm St,Hartford,CT,6106,https://www.55elm.com/
267926,Jefferson Cove,7165 Lake Ridge Pkwy,Grand Prairie,TX,75054,https://jeffersoncove.com/
267136,4400 Syracuse,4400 S Syracuse St,Denver,CO,80237,https://www.live4400syracuse.com/
268585,Gatewood Estates,143 Bruneau Dr,North Sioux City,SD,57049,https://www.gatewoodestatesapartments.com/
268538,Alexan Cathedral Arts,5088 Ross Ave,Dallas,TX,75206,https://alexancathedralartsapartments.com/
26981,Parkside of South Tryon,605 Candler Ln,Charlotte,NC,28217,https://www.parksidesouthtryon.com/
269304,Madison Ashley Park,2220 Berryhill Rd,Charlotte,NC,28208,https://livemadisonashleypark.com/
269756,The Banks at Bridgewater,719 Lantern Walk Dr,Little River,SC,29566,https://www.thebanksatbridgewater.com/
268747,Arthur On Aberdeen,210 N Aberdeen St,Chicago,IL,60607,https://arthuronaberdeen.com/
269320,Collection Champions Circle,15901 Championship Pkwy,Fort Worth,TX,76177,https://www.collectionchampionscircle.com/
269311,Link Apartments Calyx,55 Maxwell Rd,Chapel Hill,NC,27517,https://www.linkapartmentscalyx.com/
269182,The Prescott,8200 S Congress Ave,Austin,TX,78745,https://www.theprescottatx.com/
268951,Logic,12230 Longfield Dr,Silver Spring,MD,20904,https://www.logicwhiteoak.com/
269113,Poplar Village,257 Bur Oak Bnd,Newnan,GA,30265,https://livebh.com/apartments/poplar-village/
268683,Bayview of Traverse City,24 Bayfront Dr,Traverse City,MI,49696,https://livebayviewtc.com/
269366,Luxor Lansdale,117 S Broad St,Lansdale,PA,19446,https://www.luxorlansdaleapartments.com/
271561,Harper Grove,1005 Keymar Dr,Davenport,FL,33897,https://www.harpergroveaptsdavenport.com/
27080,Easton North,1126 J Easton Ave,Somerset,NJ,8873,http://www.oxfordrealtygroup.com/properties/new-jersey/easton-north/
271788,Alur,700 Locust St,Pasadena,CA,91101,https://www.alurapts.com/
270393,Vista Lago,482 NW 207th St,Miami Gardens,FL,33169,https://www.vistalagoliving.com/
271374,Joinery,1824 N Brevard St,Charlotte,NC,28206,https://www.joineryclt.com/
270506,Bo,3193 N Atlas Rd,Coeur d'Alene,ID,83814,https://www.liveatbo.com/
27096,The Summit at Avent Ferry,1025 Avent Hill,Raleigh,NC,27606,http://www.summitaventferry.com/
270130,Bemiston Place,9 N Bemiston Ave,Clayton,MO,63105,https://www.bemistonplace.com/
271348,Alta Rochelle,1021 South St,Nashville,TN,37203,https://altarochelle.com/
270897,Avilla Vista Norte,43843 N 43rd Ave,Phoenix,AZ,85087,https://www.avillavistanorte.com/
270574,Satori West Ashley,211 Satori Way,Johns Island,SC,29455,https://www.satoriwestashley.com/
269999,Volo at Texa Tonka,7920 Minnetonka Blvd,St Louis Park,MN,55426,https://www.voloattexatonka.com/
270365,Sota 75,2161 Lakewood Ranch Blvd,Sarasota,FL,34240,https://sota75.com/
272574,Strawberry Court,1060 Columbia Ave,Marysville,WA,98270,https://www.strawberrycourt.com/floorplans.aspx
273680,Club at Heritage,720 Roberts Rd,Sartell,MN,56377,https://minnesota.weidner.com/apartments/mn/sartell/the-club-at-heritage/
273525,Redwood Monroe,3409 Redwood Living Ln,Monroe,NC,28110,https://www.byredwood.com/apartments/nc/monroe/redwood-monroe/index.aspx
273748,The Indie,35-43 Braintree St,Boston,MA,2134,https://www.livetheindie.com/
27306,Woodland Park,13025 Elm Tree Dr,Herndon,VA,20171,https://www.woodlandparkapt.com/thevanmetreexperience
273943,Azalea,2633 Azalea Garden Pl,Tampa,FL,33619,https://www.azaleatampa.com/
273197,Mar at Grove,1471 Grove Ave,Imperial Beach,CA,91932,https://www.maratgrove.com/
27308,The Residences at King Farm,105 King Farm Blvd,Rockville,MD,20850,https://www.residencesatkingfarm.com/
273989,Lanai I,450 N Apache Rd,Buckeye,AZ,85326,https://www.mark-taylor.com/apartments/az/buckeye/lanai/
273117,The Whitley,460 Wacouta St,St Paul,MN,55101,https://www.whitleyapartmentsmn.com/
272445,Station 316,316 New Boston St,Woburn,MA,1801,https://www.station316apartments.com/
273108,Avilla Palomino,5023 W Peoria Ave,Glendale,AZ,85302,https://www.avillapalomino.com/
272903,The Sterling at Prairie Trail North,1108 SW 11th St,Ankeny,IA,50023,https://www.sterlingprairietrailnorth.com/
272902,Fairview Springs,12000 Prose Cir,Covington,GA,30016,https://www.fairviewsprings.com/
273309,The Palms at Morada,4030 E Morada Ln,Stockton,CA,95212,https://www.palmsatmorada.com/
274585,Eden at Sunterra,2654 Aruba Bend Dr,Katy,TX,77493,https://edenatsunterra.com/?utm_source=greystar&utm_medium=ils
275476,Edison at Maple Grove,9820 Garland Ln N,Maple Grove,MN,55311,https://www.edisonatmaplegrove.com/
274173,The Residences At Career Gateway,755 E Whittier St,Columbus,OH,43206,https://www.residencesatcareergateway.com/
275548,Redwood Kannapolis Parkway,5476 Milestone Ave,Kannapolis,NC,28081,https://www.byredwood.com/apartments/nc/kannapolis/redwood-kannapolis-parkway/
275318,Mountain Creek,155 Mountain Creek Way,Waynesville,NC,28786,https://www.mountaincreekapartments.com/?utm_source=GBP&utm_medium=organic
27542,Sabal Point,12512 Sabal Point Dr,Pineville,NC,28134,http://www.sabal-point.com/
27583,Brookmore Apartments,189 N Marengo Ave,Pasadena,CA,91101,http://www.brookmoreapts.com/
274398,The Station at St Peters Luxury Living,2000 Swenson Ln,St Peters,MO,63376,https://www.stationstpeters.com/
274342,Amara,6 Rantoul St,Beverly,MA,1915,https://amarabeverly.com/
274661,1600 S Albion,1600 S Albion St,Denver,CO,80222,https://cornerstoneapartments.com/our-buildings/1600-s-albion/
27594,Midland Falls,6029 Flat Rock Rd,Columbus,GA,31907,https://www.midlandfallsapartments.com/
275964,Aura,3240 W Harmon Ave,Las Vegas,NV,89103,https://www.auravegas.com/
27597,Shadow Hills At Lone Mountain,3501 Shady Timber St,Las Vegas,NV,89129,https://www.mark-taylor.com/apartments/nv/las-vegas/shadow-hills/
274945,The Cunningham,950 Jordan Creek Pkwy,West Des Moines,IA,50266,https://www.livecunningham.com/
277277,The Proximity,4115 Dr MLK Jr Blvd,New Bern,NC,28562,https://theproximitynewbern.com/
277788,The Isley at Windsor Hill,8251 Windsor Hill Blvd,North Charleston,SC,29420,https://www.isleyatwindsorhill.com/?https://www.isleyatwindsorhill.com?rccustomid=NjUyMTc%3D-aLJQze4aKos%3D&utm_source=obl&utm_medium=organic
27725,The Gardens of Pinecrest,8800 SW 68th Ct,Miami,FL,33156,https://www.gardensofpinecrestapartments.com/?rcstdid=MzI%3d-GJOvflXLv8M%3d&_yTrackUser=ODc4MjE0MDU4IzE4OTE0MjUzNDM%3d-q3%2b9PtfoQ%2bo%3d&_yTrackVisit=MTU4OTQ5NDE0MyMxODI1ODI1MTU3-j1vbMVdjJw8%3d&_yTrackReqDT=22311420200708
277540,24Hundred,2400 Watermark Blvd,Oklahoma City,OK,73134,https://www.caseusa.com/apartments/ok/oklahoma-city/24-hundred/
276895,Cyrene at Meadowlands,1120 C St,Lincoln,CA,95648,https://www.cyreneatmeadowlands.com/
277583,Alta French Hill,303 Lincoln St,Marlborough,MA,1752,https://altafrenchhill.com/
277370,The Harlow,5101 Bruce B Downs Blvd,Wesley Chapel,FL,33544,https://theharlowapartments.com/?utm_knock=gmb&utm_source=googlemybusiness&utm_medium=organic&utm_campaign=gmblisting
277382,Araceli DTC,4552 S Ulster St,Denver,CO,80237,https://aracelidtc.com/
276278,The RED Corner,5110 Herringbone Dr,Cincinnati,OH,45227,https://theredapartments.com/
276768,Hawthorne at Holly Springs,6000 Forest Village Dr,Holly Springs,NC,27540,https://www.hawthorneathollysprings.com/
277774,Redwood Superior Township,1725 Cardiff Row,Superior Charter Township,MI,48198,https://www.byredwood.com/apartments/mi/superior-township/redwood-superior-township/
277913,Redwood Perrysburg Oregon Road,28863 Oregon Rd,Perrysburg,OH,43551,https://www.byredwood.com/apartments/oh/perrysburg/redwood-perrysburg-oregon-road/index.aspx
278370,Alder Square,701 S Tyler Ave,Loveland,CO,80537,https://www.aldersquare.com/
278139,Redwood Brunswick,1254 Marks Rd,Brunswick,OH,44212,https://www.byredwood.com/apartments/oh/brunswick/redwood-brunswick/
278770,Atrio,1922 W Ogden Ave,Chicago,IL,60612,https://www.liveatatrio.com/
279152,The Vickery,700 W Vickery Blvd,Fort Worth,TX,76104,https://www.vickeryfw.com/
280718,Marq,117 S Avenue 64,Los Angeles,CA,90042,https://www.livethemarqapts.com/
278928,The Grant,2718 N 118th St,Omaha,NE,68164,https://thegrantomaha.com/
278904,Mirra,8320 Church St,Frisco,TX,75034,https://www.mirrafrisco.com/
280113,700 River,700 River St,Austin,TX,78701,https://700river.com/
278706,The Prairie Villas,210 Dogwood Prairie Dr,Dardenne Prairie,MO,63368,https://www.theprairievillas.com/
27941,MAA Twin Lakes,11500 Myrtlewood Dr,Sanford,FL,32771,https://www.maac.com/florida/orlando/maa-twin-lakes/
280487,Allora Surprise,17785 W Bell Rd,Surprise,AZ,85374,https://allorasurpriseapartments.com/
27980,Solano Springs,6340 S Santa Clara Ave,Tucson,AZ,85706,http://www.solanospringsaz.com/
279311,The Doris on Main,930 Main St,Wheeling,WV,26003,https://thedorisonmain.wodagroup.com/?rcstdid=MzI%3d-GJOvflXLv8M%3d&_yTrackUser=MjQwMTY0ODIxOSM2MTYxNDU4NDM%253d-XclyVWwlgkA%253d&_yTrackVisit=NDAzMzMwMTg4NyMxNjk4MjI3MDM3-Empv2Qgub3c%253d&_yTrackReqDT=00112120231608
280211,Sky Central,1 W 4th St,Cincinnati,OH,45202,https://www.skycentralapts.com/
278383,The Daniels at Northern Gateway,842 Market St,Saukville,WI,53080,https://www.thedanielsatnortherngateway.com/
278957,The Range at Tamarron,28100 Tamarron Pkwy,Katy,TX,77494,https://www.therangeattamarron.com/
279321,Redwood Lockport,17215 Juniper Dr,Lockport,IL,60441,https://www.byredwood.com/apartments/il/lockport/redwood-lockport/index.aspx
280186,Streamliner 87th,8757 W Peoria Ave,Peoria,AZ,85345,https://streamliner87th.com/
27963,Miramar Lakes,10720 N Preserve Way,Miramar,FL,33025,https://rent.brookfieldproperties.com/property/miramar-lakes/
278521,Park East,200 Mesnager St,Los Angeles,CA,90012,https://parkeastla.com/
278553,Canvas at Grand Prairie,4450 S State Hwy 360,Grand Prairie,TX,75052,https://www.canvasatgrandprairie.com/canvas-at-grand-prairie-grand-prairie-tx
282754,The 24 III,9200 Winnetka Ave,Chatsworth,CA,91311,https://www.the24.com/
281182,Moss Creek,582 Roberts Dr,Riverdale,GA,30274,https://mosscreekga.com/
28161,Eden Park Apartments,6455 Zane Ave N,Brooklyn Park,MN,55429,https://www.edenparkapts.com/
281395,Belle Meade,204 S 64th St,West Des Moines,IA,50266,https://www.liveatbelle.com/
282768,ConvergeNW,350 NW 6th St,Waukee,IA,50263,https://www.convergenw.com/
281770,St. Clair Terrace,958 St Clair St,Hagerstown,MD,21742,https://www.theapartmentgallery.com/communities/st-clair-terrace#k=90237
281786,Lake Park,11005 16th Ave SE,Everett,WA,98208,https://washington.weidner.com/apartments/wa/everett/lake-park/index.aspx?rcstdid=Mg%3D%3D-YRjTEizZPgM%3D
282792,Hawthorne Palmetto,9001 Blue Flag Dr,Simpsonville,SC,29681,https://www.hawthornepalmetto.com/
281185,Territory at Williams Way,5131 Williams Way Blvd,Richmond,TX,77469,http://www.territorywilliamsway.com/
28114,Oaks of Northgate,8000 Oakdell Way,San Antonio,TX,78240,https://www.oaksofnorthgatesanantonio.com/
28174,Pinewoods Circle,34200 Pinewoods Cir,Romulus,MI,48174,http://www.pinewoodsvillage.com/
284553,Silverstone,5800 Streefkerk Dr,Warren,MI,48092,https://www.silverstoneapartment.com/
283787,The Opal,2600 W 3800 S,West Valley City,UT,84119,https://www.liveattheopal.com/
283687,View at Manor Crossing,13220 FM973,Manor,TX,78653,https://www.liveviewatmanorcrossing.com/
28357,Pine Ridge,1 Swiftstone Ct,Durham,NC,27713,https://pineridge.ticonproperties.com/
283560,Prosper Crossing,4400 Prairie Xing,Prosper,TX,75078,https://prosefrontier.com/
283191,Sumner Village,1414 Sumner Ave,Charleston,SC,29406,https://www.sumnervillageliving.com/
283780,Riverwalk Luxe,115 Wilcox St,Castle Rock,CO,80104,https://www.livingrw.com/
284168,The Reserve at Ritchie Ranch,3100 N Akers St,Visalia,CA,93291,https://www.thereservevisalia.com/
284592,Brighton Townhomes,5900 Woodstock Rd,Acworth,GA,30102,https://www.homeatbrighton.com/
284757,Glen at Taylor Square,6950-A Americana Pkwy,Reynoldsburg,OH,43068,https://www.liveglenattaylorsquare.com/
286746,Aura Main Street,400 W Main St,Lewisville,TX,75057,https://auramainst.com/
284691,Sant√©,175 E Bruner Ave,Henderson,NV,89044,https://www.liveatsante.com/
2871,The Jax,100 Brentwood Oaks Dr,Nashville,TN,37211,https://www.liveatthejaxtn.com/
287790,Article No. 7,2515 7th Ave E,North St Paul,MN,55109,https://www.articleno7.com/
285770,The Rise Living Community,2100 W Iris Dr SE,Conyers,GA,30013,https://www.riselivingapts.com/
286957,Edison,1833 SE 6th St,Gresham,OR,97080,https://www.edisonapts-gresham.com/
286786,Bay Pointe at Summerville,260 Pidgeon Bay Rd,Summerville,SC,29483,https://www.baypointesummerville.com/?utm_knock=g
284741,Wildwood Estates,2237 E 56th Ave,Anchorage,AK,99507,https://alaska.weidner.com/apartments/ak/anchorage/wildwood-estates/index.aspx
28596,Stonehill at Pipers Creek,7940 Pipers Creek St,San Antonio,TX,78251,http://www.stonehillatpiperscreek.com/
285190,Newry Mill,701 Broadway St,Seneca,SC,29672,www.newrymill.com
285210,Aura High Pointe,6701 N FM 620,Austin,TX,78732,https://www.aurahighpointe.com/
288197,Redwood Copley Heritage Woods Drive,581 Amber Ln,Copley,OH,44321,https://www.byredwood.com/apartments/oh/copley/redwood-copley-heritage-woods-drive/
284917,Timber Ridge,13900 Old Glenn Hwy,Eagle River,AK,99577,https://alaska.weidner.com/apartments/ak/eagle-river/timber-ridge-4/index.aspx
285096,Century Plaza,124 E 3rd Ave,Anchorage,AK,99501,https://alaska.weidner.com/apartments/ak/anchorage/century-plaza-0/index.aspx
285352,Taiga,423 W 22nd Ave,Anchorage,AK,99503,https://alaska.weidner.com/apartments/ak/anchorage/taiga/index.aspx
14942,Diamond Lakes,2700 Ambassador Caffery Pkwy,Lafayette,LA,70506,http://www.liveatdiamondlakes.com/
14999,Heritage at Waters landings,20700 Crystal Hill Cir,Germantown,MD,20874,https://www.heritageatwaterslanding.com/
14770,Brookmeadow Village,10300 Golden Meadow Dr,Austin,TX,78758,https://www.brook-meadow.com/
15279,Lake Vista,8440 Sherman Cir N,Miramar,FL,33025,https://www.legacyresidential.com/LakeVista
15112,Versant Place,1010 Versant Dr,Brandon,FL,33511,http://www.versantplace.com/
14767,Northchase Apartments,306 W Rundberg Ln,Austin,TX,78753,www.northchaseapts.com
14749,Woodland Commons,22 Forest Cir,Newnan,GA,30265,https://www.woodlandcommonsnewnan.com/
1527,The Arbors at East Cobb,1805 Roswell Rd,Marietta,GA,30062,https://www.arborsateastcobb.com/
15295,Desert Oasis,77777 Country Club Dr,Palm Desert,CA,92211,https://www.rent-desertoasis.com/
15007,Bella Vista,13940 Longwood Manor Ct,Woodbridge,VA,22191,https://www.longwoodmanorapts.com/
14763,MAA Murfreesboro,150 W Thompson Ln,Murfreesboro,TN,37129,https://www.maac.com/tennessee/nashville/maa-murfreesboro
14799,Aero Riverside,2201 Willow Creek Dr,Austin,TX,78741,https://www.aeroriverside.com/
14945,Fox Run,2601 S SE Loop 323,Tyler,TX,75701,https://www.foxruntyler.com/
29139,Victoria Place,12612 Victoria Pl Cir,Orlando,FL,32828,http://www.victoriaplaceorlando.com/
290391,The Enclave at Deer Moss Creek,1200 Deer Moss Loop,Niceville,FL,32578,https://www.theenclaveatdeermosscreek.com/
290592,Colina Ranch Hill,28882 Renda Ln,San Antonio,FL,33576,https://colinaranchhill.com/
28965,Agave Court,125 N 18th St,Phoenix,AZ,85034,www.agavectphoenix.com
290338,The Arthur,21 Washington Ave,Carteret,NJ,7008,https://arthurcarteret.com/
290988,The Ridge at Calhoun,100 Harvest Grove Ln,Calhoun,GA,30701,https://www.theridgeatcalhoun.com/
2901,Connelly On Eleven,2003 E 121st St,Burnsville,MN,55337,https://www.connellyoneleven.com/
290347,29 Washington,29 Washington Ave,Carteret,NJ,7008,https://www.29washington.com/
290566,Lookout View Townhomes,1230 Oreo Dr,Chattanooga,TN,37410,https://lookoutviewtownhomes.com/?switch_cls[id]=60727
289463,Redwood Norton I,3599 Redwood Blvd,Norton,OH,44203,https://www.byredwood.com/apartments/oh/norton/redwood-norton?_yTrackUser=MjI1MTUzMTQ2NSMxMDQ3NzUzMDQx-LF%2bgERuLXyU%3d&_yTrackVisit=Mzc4NTY2MjM1MyMyMTQ1Nzk2NjM2-vjUYWiODWkI%3d
289338,201 Walnut,201 Walnut Ave,Cranford,NJ,7016,https://www.201walnut.com/
289853,Asano on Ivy,321 Ivy St,San Diego,CA,92101,https://www.asanobankershill.com/
292753,TerraLane at Campo del Sol,51046 Agave Ct,El Paso,TX,79934,https://www.tlcatcampodelsol.com/
294569,Mihir Taylor,201 Gatehouse Way,Taylor,TX,76574,https://www.mihirtaylor.com/
292786,Matheson,245 N 400 W,Tremonton,UT,84337,https://www.mathesonisyourhome.com/
2947,Serrano Apartments,5535 Columbia Pike,Arlington,VA,22204,http://www.theserranoapts.com/
2923,Arts Center Tower,1270 W Peachtree St NW,Atlanta,GA,30309,https://www.liveartscentertower.com
292344,Shepherd Hills Commons,2109 E Anamosa St,Rapid City,SD,57703,https://www.shepherdhillssd.com/
292988,Alexan Research Park,9821 Research Dr,Charlotte,NC,28262,https://alexanresearchparkapartments.com/
293325,Thornton Hall,8935 Thornton Hall Blvd,Reynoldsburg,OH,43068,https://villagegreen.com/oh/reynoldsburg/thornton-hall/
29330,Country Club Village,320 Country Club Ln,Scotch Plains,NJ,7076,http://www.gardencommunities.com/Properties/NJ/Union/Country-Club-Village.aspx?ref=AG
293917,Baxter Woods,1649 Braselton Hwy,Lawrenceville,GA,30043,http://www.livebaxterwoods.com
292792,Fairmont,4985 Warner Rd,Westerville,OH,43081,https://fairmont.livepreferred.com/
29342,Clermont,1801 NW 143rd Ave,Portland,OR,97229,www.liveclermontapts.com
293146,Redwood Place,207 E Redwood St,Baltimore,MD,21202,https://www.redwoodplace207.com/
2927,Cornerstone Apartments,2637 The Meadows,Montgomery,AL,36116,https://cornerstonemgm.com/
294352,The Goat at Broadmoor,10602 Burns Rd,Pasco,WA,99301,https://www.thegoatatbroadmoor.com/
29728,Cambridge Park Apartments,30 Cambridgepark Dr,Cambridge,MA,2140,www.livecambridgepark.com
297341,Colina WeHo,80 W Oxmoor Rd,Birmingham,AL,35209,https://colinaweho.com/
295786,Universal at Town Creek,700 Town Creek Pkwy,Lenoir City,TN,37771,https://www.universalattowncreek.com
29673,Le Montreaux,3605 Steck Ave,Austin,TX,78759,www.lemontreaux.com
297708,Argento at Sugarloaf,80 Lawrenceville-Suwanee Rd,Lawrenceville,GA,30044,https://www.argentoatsugarloaf.com/
294877,Aurora,5550 Promenade Point Pkwy,Madison,AL,35758,https://www.apartmentsmadisonal.com/
29566,Heatherwood I,1105 N Hoagland Blvd,Kissimmee,FL,34741,https://heatherwoodfl.com/
297947,Alexan Montview Plaza,2060 Chester St,Aurora,CO,80010,https://alexanmontview.com/
29910,Park West,13151 Yorba Ave,Chino,CA,91710,https://www.parkwestapartmentschino.com/
299535,Alpine Landing,8925 W State St,Garden City,ID,83714,https://www.livealpinelanding.com/
297953,Alexan Gruene Crossing,2349 I-35 N,New Braunfels,TX,78130,https://alexangruenecrossing.com/
300340,Allora Gainesville,900 Elm Grove Ave,Gainesville,GA,30501,https://alloragainesville.com/
300092,Lido,940 Winterhaven Dr,Hailey,ID,83333,https://www.940winterhaven.com/
298547,Allora Creekbend,7001 Clementine Trl,Fairburn,GA,30213,https://alloracreekbendapartments.com/
29958,Wyoming Place Apartments,5222 Wyoming Blvd NE,Albuquerque,NM,87111,www.wyomingplaceabq.com
29993,La Vida Buena,2201 Ambassador Rd NE,Albuquerque,NM,87112,http://www.lavidabuenaapartments.com/
298496,Scouter`s Mountain,11386 SE Pleasant Valley Pkwy,Happy Valley,OR,97086,https://www.scoutersmtn.com/
299403,The Willows of Steele Creek,524 Whispering Well,Cibolo,TX,78108,https://livebh.com/apartments/the-willows-of-steele-creek/?utm_source=gbp&utm_medium=organic&utm_campaign=gbp
30367,The Rosewood,6208 NE 17th Ave,Vancouver,WA,98665,https://www.therosewoodapts.com/
30160,Grayson Park Estates,1525 Grayson Hwy,Grayson,GA,30017,http://www.graysonparkwmp.com/
30387,Parkwood,26435 104th Ave SE,Kent,WA,98030,https://www.theparkwoodapthomes.com/
300904,Millbrook Horizon,601 Horizon Dr,Edison,NJ,8817,https://www.gardencommunities.com/Properties/NJ/Middlesex/Millbrook-Horizon.aspx
303349,Haven South,5 Midway Cir,Brunswick,ME,4011,https://www.thehavensouth.com/
300689,Valley Ridge,10 Draught St,Rossville,GA,30741,https://www.livevalleyridgeapts.com/
301702,Aventura at Wentzville II,90 Compassion Cir,Wentzville,MO,63385,https://www.avwentzville.com/
300577,The Emerson,3444 S Emerson St,Englewood,CO,80113,https://www.theemersonliving.com/
30325,Bell Bradburn,11900 Newton St,Westminster,CO,80031,https://www.bellbradburn.com/
302565,Brazos Oaks,6000 Jones Rd,Bryan,TX,77807,https://brazosoaksapts.com/
300910,NEXTLoft,1376 Fording Island Rd,Bluffton,SC,29910,https://www.nextloftbluffton.com/
300572,Brixin Franklin,1600 Traditions Ct,Franklin,IN,46131,https://www.brixinfranklin.com/?utm_source=Google&utm_medium=Local%20Map%20Pack
301537,Westlake Place,825 W Lake St,South Lyon,MI,48178,https://www.westlakeplaceapts.com/
300551,AVIA Liberty Ridge,8365 Dix Ellis Trail,Jacksonville,FL,32256,https://www.avialibertyridge.com/
303514,The Arno at Coventry,6711 S 206th Plaza,Omaha,NE,68022,https://thearno.com/
31344,The Village at Marshfield,738 Plain St,Marshfield,MA,2050,https://www.villageatmarshfieldma.com/
30892,Villas at Hannover,7305 Hannover Pkwy N,Stockbridge,GA,30281,www.liveatvillasapts.com
305169,Redwood Amherst I,1120 Red Thimbleberry Dr,Elyria,OH,44035,https://www.byredwood.com/apartments/oh/elyria/redwood-amherst/
31154,Evans Creek at Woodbridge,6205 188th Ln NE,Redmond,WA,98052,www.evanscreek.com
30755,Skyline,1000 Goeglein Gulch,Durango,CO,81301,https://www.skylineaptsco.com/
30733,Wilsonville Summit,25800 SW Canyon Creek Rd,Wilsonville,OR,97070,https://www.wilsonvillesummit.com/
305776,Westgate Townes,2108 Silty Soil Ct,Leland,NC,28451,https://westgatetownes.com/
30567,Amerige Pointe,1001 Starbuck St,Fullerton,CA,92833,www.amerigepointe.com
3082,Village Club of Farmington Hills,39365 Village Green Blvd,Farmington Hills,MI,48331,https://www.villageclubfarmington.com/
3108,Woodman Park,4996 Woodman Park Dr,Dayton,OH,45432,www.woodmanpark.com
3132,Quimby on 23rd,320 23rd St S,Arlington,VA,22202,https://www.quimbyapts.com/
30928,Desert Club,6901 E Chauncey Ln,Phoenix,AZ,85054,https://arizona.weidner.com/apartments/az/phoenix/desert-club0/
307352,The Vue At Desert Color,5088 S Desert Color Pkwy,St George,UT,84790,https://www.thevueatdesertcolor.com/?utm_campaign=gmb&utm_medium=organic&utm_source=local
30756,The Van Buren Luxury Apartments,625 N Van Buren Ave,Tucson,AZ,85711,http://www.vanburenapts.net/
32727,The Retreat at Walnut Creek,1300 NE Parvin Rd,Kansas City,MO,64116,http://www.retreatatwalnutcreek.com
3167,MAA Chastain,4090 Roswell Rd NE,Atlanta,GA,30342,https://www.maac.com/georgia/atlanta/maa-chastain
32599,Audubon Oaks,4350 Audubon Oaks Cir,Lakeland,FL,33809,www.audubonoaks.com
31939,Covington by Picerne,7800 S Rainbow Blvd,Las Vegas,NV,89139,https://www.covingtonapts.com/
3192,Park Summit,2778 N Decatur Rd,Decatur,GA,30033,https://www.parksummitapts.com/
3197,The Atlantic Vinings,3385 Atlanta Rd SE,Smyrna,GA,30080,https://www.atlanticviningsliving.com/
31760,Bridgehead Garden Apartments,6001 Shepherd Mountain Cove,Austin,TX,78730,https://www.bridgeheadapts.com/
32324,Park at Winterset,4700 Winterset Way,Owings Mills,MD,21117,https://www.parkatwintersetapts.com/
32597,M Street,950 Marietta St NW,Atlanta,GA,30318,http://www.mstreetatlanta.com/
32579,Riverwalk at Millennium,309 Washington St,Conshohocken,PA,19428,http://riverwalkapts.com
31743,Boston Woods,800 Gentleman Rd,Balcones Heights,TX,78201,https://www.bostonwoodsapartments.com/
32307,Bear Valley Park,5775 W Dartmouth Ave,Denver,CO,80227,https://www.rentbearvalleypark.com/
32584,Woods at Oak Crossing,3120 Nobscot Dr,Indianapolis,IN,46222,https://thewoodsatoakcrossing.com/
32747,Pleasant Woods,11800 Pleasant Ridge Rd,Little Rock,AR,72223,http://www.pleasantwoodsapts.com/
32722,Rivergate Meadows,100 Rivergate Meadows Dr,Goodlettsville,TN,37072,http://www.rivergatemeadows.com/
32296,Rio Paradiso,1033 N Parkside Dr,Tempe,AZ,85281,http://www.rioparadiso.com/
32563,Wind Dance,1220 Indian Run Dr,Carrollton,TX,75010,www.winddanceliving.com
3187,MAA Peachtree Hills,350 Peachtree Hills Ave NE,Atlanta,GA,30305,https://www.maac.com/georgia/atlanta/maa-peachtree-hills/
33308,Washington Park Apartments,1431 Washington Blvd,Detroit,MI,48226,https://washingtonparkdetroit.com/
33127,The Cascades at Clear Lake,10770 Clear Lake Loop,Fort Myers,FL,33908,https://www.cascadesatclearlake.com/
3351,Ovation at Tempe,4505 S Hardy Dr,Tempe,AZ,85282,https://www.ovationattempe.com/
33329,Stoneleigh on May,14300 N May Ave,Oklahoma City,OK,73134,https://oklahoma.weidner.com/apartments/ok/oklahoma-city/stoneleigh-on-may-0/
3297,Audobon Briarcliff,3108 Briarcliff Rd NE,Atlanta,GA,30329,http://www.audubonbriarcliff.com/
33785,The Village of Hawks Creek,101 N Roaring Springs Rd,Westworth Village,TX,76114,https://www.villageofhawkscreek.com/
33167,MAA Crabtree,3300 Grove Crabtree Crescent,Raleigh,NC,27613,https://www.maac.com/north-carolina/raleigh-cary/maa-crabtree/
33291,The Place at Edgewood,550 N Harrison Rd,Tucson,AZ,85748,https://www.theplaceatedgewood.com/
3332,Crossdale Flats,2105 Bogarde St,Durham,NC,27705,https://www.crossdaleflatsapts.com/?utm_knock=gmb
33760,Fielder Square,70 S 4th St,Memphis,TN,38103,http://www.fieldersquare.com/
33262,The Mount Royal,103 E Mt Royal Ave,Baltimore,MD,21202,https://www.themtroyal.com/
33471,Mills Crossing,25 Pittston Cir,Owings Mills,MD,21117,www.liveatmillscrossing.com
3327,Madison Hunters Glen,100 Hunt Club Ln,Raleigh,NC,27606,https://www.madisonhuntersglen.com/
3377,Sea Pines,615 Sea Pine Ln,Newport News,VA,23608,http://www.seapinesapartments.com/
32983,215 C Street,215 C St SE,Washington,DC,20003,https://www.215cstreet.com/
3370,Mariners Green,12711 Nettles Dr,Newport News,VA,23606,http://www.marinersgreenapartments.com/
33330,Quail Landing,14200 N May Ave,Oklahoma City,OK,73134,https://oklahoma.weidner.com/apartments/ok/oklahoma-city/quail-landing/index
34559,Desert Parks Vista,9393 E Palo Brea Bend,Scottsdale,AZ,85255,www.desertparksvista.com/
34554,Uptown II,3636 McKinney Ave,Dallas,TX,75204,https://texas.weidner.com/apartments/tx/dallas/the-uptown-1/index
33996,Hampshire Green,15 Iron Horse Dr,Bedford,NH,3110,https://www.hampshiregreenapartments.com/
35045,Carriage Park Apartments,5000 NE 72nd Ave,Vancouver,WA,98661,https://www.carriageparkapartmentswa.com/
3483,The Brook at Columbia,5361 Brook Way,Columbia,MD,21044,www.thebrookatcolumbia.com
34879,Addison Point,6227 Nile Pl,Greensboro,NC,27409,http://www.addisonpointapts.com
34661,San Paloma,1255 Eldridge Pkwy,Houston,TX,77077,www.sanpaloma-houston.com
34385,Allure,3099 W Chapman Ave,Orange,CA,92868,http://www.allureoc.com/
33982,Courtney Ridge,920 Yorkmont Ridge Ln,Charlotte,NC,28217,https://rent.brookfieldproperties.com/property/courtney-ridge/
33987,Villages at Lost Creek,15302 Judson Rd,San Antonio,TX,78247,www.villagesatlostcreekapts.com
34521,MAA Las Colinas,350 E Las Colinas Blvd,Irving,TX,75039,https://www.maac.com/texas/dallas/maa-las-colinas/
34843,The Atlantic River West,1104 Westchase St,Atlanta,GA,30336,https://www.atlanticriverwestliving.com/
34981,Wilshire Margot,10599 Wilshire Blvd,Los Angeles,CA,90024,www.wilshiremargot.com
3486,Fairland Crossing,14175 Castle Blvd,Silver Spring,MD,20904,https://www.fairlandcrossing.com/?utm_source=google_my_business&utm_medium=organic
35717,Bridges on Kinsey,4411 Kinsey Dr,Tyler,TX,75703,www.livebridgesonkinsey.com
35590,Stonepost Ranch,12801 W 136th St,Overland Park,KS,66221,https://www.stonepostranchapts.com
35166,Signature Pointe,25102 62nd Ave S,Kent,WA,98032,http://www.signaturepointe.com/
35695,Shoreham & Tides Lakeshore East,360 E South Water St,Chicago,IL,60601,https://www.shorehamtides.com/
3542,Gilbert Square,1821 E Covina St,Mesa,AZ,85203,http://www.gilbertsquareapts.com/
35581,Yardley Crossing,1800 Kathy Dr,Yardley,PA,19067,http://www.yardleycrossing.com/
35434,Monterra Las Colinas,301 W Las Colinas Blvd.,Irving,TX,75039,https://www.monterralascolinas.com/
35488,Three Lakes,12100 Willow Ln,Overland Park,KS,66213,https://www.threelakeskc.com/
35159,Hampton Chase,2005 Borowood Dr,Nashville,TN,37217,http://www.livehamptonchase.com/
35846,Granite Point,4500 Truxel Rd,Sacramento,CA,95834,www.granitepointapts.com
15536,Ballston Place,901 N Pollard St,Arlington,VA,22203,https://www.akelius-properties.us/ballston-place/
16135,The Chateau,9727 Mt Pisgah Rd,Silver Spring,MD,20903,https://www.southernmanagement.com/communities/chateau/
16094,Stone Creek at Old Farm,8585 Woodway Dr,Houston,TX,77063,https://www.stonecreekatoldfarm.com/
15930,Crittenden Court,955 W St Clair Ave,Cleveland,OH,44113,https://www.crittendencourt.com/
16169,The Cape At Metro Pointe,1000 S Coast Dr,Costa Mesa,CA,92626,https://www.rentthecape.com/
15994,Trio,2317 S Pleasant Valley Rd,Austin,TX,78741,http://www.trioapartmentsaustin.com
16326,Dawson,15501 Bruce B Downs Blvd,Tampa,FL,33613,https://thedawsontampa.com/property/the-dawson/
16189,Miramar,1301 15th St NW,Washington,DC,20005,https://www.miramar-apartments.com/
16076,San Lagos at Arrowhead Highlands,5901 W Behrend Dr,Glendale,AZ,85308,https://www.mark-taylor.com/apartments/az/glendale/san-lagos/
15596,Mountain Vista,15450 Nisqualli Rd,Victorville,CA,92395,https://www.esring.com/apartments/ca/victorville/mountain-vista-victorville/
15733,Greenhouse,1220 Deerpark Dr,Fullerton,CA,92831,https://www.greenhouseapartmenthomes.com/
16281,Seven Lakes at Carollwood,3303 N Lakeview Dr,Tampa,FL,33618,https://www.sevenlakescarrollwood.com/
15710,The Cobb Apartment Townhomes,7440 Riverside Pkwy,Austell,GA,30168,https://www.lifeatthecobb.com/
16078,San Cervantes,400 N Coronado St,Chandler,AZ,85224,https://www.mark-taylor.com/apartments/az/chandler/san-cervantes/
161,Hickory Mill,2767 Hickory Mill Dr,Hilliard,OH,43026,https://www.morgan-properties.com/apartments/oh/hilliard/hickory-mill
36566,The Crossings at Alexander Place,7521 Windmill Harbor Way,Raleigh,NC,27617,https://www.thecrossingsatap.com/
36788,Rivercrest,3320 Rivercrest Dr,Melbourne,FL,32935,https://richmanpropertyservices.com/locations/rivercrest/
35979,The Villas at Shadow Creek,2020 Business Center Dr,Pearland,TX,77584,www.villasatshadowcreek.com
36572,Villas at Greenview,45660 Jillian Ct,Great Mills,MD,20634,http://www.villasatgreenview.com/
35983,Bela Rosa,3825 W Anthem Way,Anthem,AZ,85086,https://arizona.weidner.com/apartments/az/anthem/bela-rosa-1/
36787,Legacy at Crystal Lake I,1200 Floral Springs Blvd,Port Orange,FL,32129,http://www.legacyatcrystallake.com/
3663,Canyon Creek,9355 Bales Dr,Kansas City,MO,64132,https://www.canyoncreekapartmentsllc.com/
36779,Lauradale,2 Aragona Blvd,Jacksonville,NC,28540,https://www.brazoslauradale.com/
36143,MAA Beaver Creek,1000 Creekside Hills Dr,Apex,NC,27502,https://www.maac.com/north-carolina/raleigh-cary/maa-beaver-creek/
36542,Parkside Commons,100 Stockton St,Chelsea,MA,2150,https://www.parksidecommonsapts.com/
36755,Hawthorne at New Centre,137 Dapple Ct,Wilmington,NC,28403,https://hawthorneatnewcentre.com/
35966,The Crossings At Hillcroft,13960 Hillcroft Ave,Houston,TX,77085,https://www.crossingsathillcroft.com/
36461,Bermuda Estates Ormond,100 Hamilton Cir,Ormond Beach,FL,32174,https://www.bermudaestates-ormond.com/
36592,Westport Station,11155 Westport Station Dr,Maryland Heights,MO,63043,http://www.westportstationapts.com/
36587,Canterbury Park,19400 Mayfield Ave,Livonia,MI,48152,https://villagegreen.com/mi/livonia/canterbury-park/
35898,Aspen Chase at Eagle Creek,5340 Acorn Ln,Indianapolis,IN,46254,https://www.aspenchasebyelon.com/
36382,MAA Eastside,1801 N Greenville Ave,Richardson,TX,75081,https://www.maac.com/texas/dallas/maa-eastside/
37120,The Apartments at Blakeney,8718 Wintersweet Ln,Charlotte,NC,28277,www.blakeneyapartments.com
3736,Crosby at Westchase,2909 Hayes Rd,Houston,TX,77082,https://www.elandiscrosby.com/
37503,Ventana at the Lake,121 Hazelwood Dr,Hendersonville,TN,37075,http://www.ventanaatthelake.com/
37478,Breckenridge,5160 Preferred Pl,Hilliard,OH,43026,http://www.livebreckenridge.com/
37160,Rivers Edge,4339 C1 Riverside Dr,Dayton,OH,45405,http://www.riversedgedayton.com/
37241,Hawthorne at Lake Heather,1 Lake Heather Reserve,Birmingham,AL,35242,www.hawthorneatlakeheather.com
36880,5th Street Commons,1611 W 5th St,Austin,TX,78703,www.liveat5thstcommons.com
37147,Dayton Towers,425 Dayton Towers Dr,Dayton,OH,45410,https://www.daytontowersapartments.com/
36998,M Street,910 8th Ave,Seattle,WA,98104,www.mstreetseattle.com/
37269,Domaine at Villebois,28900 SW Villebois Dr N,Wilsonville,OR,97070,https://domaineatvillebois.mgproperties.com/
37376,The Retreat at Mountain Brook,1600 Sharpsburg Cir,Birmingham,AL,35213,http://retreatatmountainbrook.net/
37289,The Mark at Salem Station,11134 Sunburst Ln,Fredericksburg,VA,22407,https://www.themarkatsalemstation.com/
37396,Atlantic Aerotropolis,3640 S Fulton Ave,Hapeville,GA,30354,www.atlanticaerotropolisliving.com
37394,Mandalay Villas,1395 Towne Centre Village Dr,McDonough,GA,30253,http://www.mandalayvillasapartments.com/
37328,University Place,951 18th St S,Birmingham,AL,35205,www.theplaceapts.com
37390,Skyview West,6415 Old Denton Rd,Fort Worth,TX,76131,https://www.skyviewwest.com/
37360,Goldstone Place,1200 S 1500 E,Clearfield,UT,84015,http://www.goldstoneplace.com
37148,Washington Place,8801 Motter Ln,Miamisburg,OH,45342,http://www.washingtonplaceapts.com
37391,MAA Lowes Farm,1400 N State Hwy 360,Mansfield,TX,76063,https://www.maac.com/texas/dallas/maa-lowes-farm
37317,Vestavia Place,2555 Mountain Lodge Cir,Vestavia Hills,AL,35216,https://vestaviaplace.com/
37474,MAA Onion Creek,1901 Onion Creek Pkwy,Austin,TX,78748,https://www.maac.com/texas/austin/maa-onion-creek
3787,Enclave at Breckenridge,7204 Churchill Park Dr,Louisville,KY,40220,https://www.enclaveatbreckenridge.com/
37975,Le Coeur Du Monde Apartments,2035 Clermont Crossing Dr,St Louis,MO,63146,https://le-coeur-du-monde0.rentcafewebsite.com/
37791,Delta Pointe,1560 Waterwheel Dr,Sacramento,CA,95833,www.sacramentocaliforniaapartments.com
3768,Lakeview at Newcastle,7920 110th Ave SE,Newcastle,WA,98056,https://www.lakeviewatnewcastle.com/
37701,Eaglewood,1975 Maxwell Ave,Woodland,CA,95776,https://www.eaglewoodaptswoodland.com/
37782,Belle Harbour,1298 Mt Hope Dr,Memphis,TN,38103,www.belleharbourapartments.com
37592,Vantage Point,2300 Rebsamen Park Rd,Little Rock,AR,72202,www.vantagepointlr.com
37509,Harpeth River Oaks,1000 Champions Cir,Franklin,TN,37064,https://www.harpethriveroaks.com/?utm_source=apartmentseo&utm_medium=gmb&utm_campaign=organicmaplisting
37873,Clairmont At Farmgate,6301 Daybrook Cir,Raleigh,NC,27606,http://www.clairmontatfarmgate.com/
37597,Riverset Apartments,100 Riverset Ln,Memphis,TN,38103,www.riversetapts.com/
37946,Park 44,4444 W Pine Blvd,St. Louis,MO,63108,https://www.park44apartments.com/
37940,The Villages at General Grant,7482 Hardscrapple Dr,Affton,MO,63123,http://www.thevillagesgg.com
3753,Townhomes at South Highlands,1103 Dudley Dr,Shreveport,LA,71104,https://www.aptsp.com/
37584,Appling Lakes,1392 Equestrian Dr,Cordova,TN,38016,www.applinglakesapts.com
37992,Society Hill,2902 Chesterbrook Ct,Camp Hill,PA,17011,www.rpsocietyhill.com
38540,MAA Ashton Oaks,300 S A.W. Grimes Blvd,Round Rock,TX,78664,https://www.maac.com/texas/austin/maa-ashton-oaks/
38368,The Lorient,110 Creekside Ct,Pensacola,FL,32514,https://www.thelorientapartments.com/?rcstdid=MQ%3D%3D-WOzw8Oa5P2c%3D&utm_campaign=gbp
38355,The Reserve Apartments,1899 Reserve Blvd,Gulf Breeze,FL,32563,https://www.reserveapartmentsatnavarre.com/
38314,Coppermill,2217 Edenborn Ave,Metairie,LA,70001,https://www.coppermillaptsbytonti.com/
38139,Vista Pointe,40680 Walsh Center Dr,Murrieta,CA,92562,http://www.rentvistapointe.com/
37991,Wynnewood Park,855 N Park Rd,Wyomissing,PA,19610,https://www.wynnewoodparkapartments.com
3811,Vista Del Sol,7100 Louisiana Blvd NE,Albuquerque,NM,87109,www.vista-del-sol.com
38742,Village at Lake Lily,921 S Orlando Ave,Maitland,FL,32751,https://www.villageatlakelily.com/
38594,Ashford Place,107 Ashford Dr,West Monroe,LA,71291,https://www.ashfordplaceapts.com/
38345,Monarch at Dos Vientos,255 Via Mirabella,Newbury Park,CA,91320,http://www.monarchatdosvientos.com/
38494,Greenbrier Estates,100 Greenbrier Way,Slidell,LA,70460,https://www.wm-greenbrierestates.com/
38797,Peppertree Village Apartments,153 Peppertree Dr,Buffalo,NY,14228,www.peppertreevillageapartments.com
38765,MAA Enclave,710 E 7th St,Charlotte,NC,28202,https://www.maac.com/north-carolina/charlotte/maa-enclave/
39687,29 Edgewater,29 Edgewater Cir,Bluffton,SC,29910,https://www.live29edgewater.com/
39324,Domain at City Centre,811 Town and Country Blvd,Houston,TX,77024,http://www.domainatcitycentre.com/
39591,Landmark,211 N Hills St,Meridian,MS,39305,https://www.landmarkmeridian.com/
39174,Carlton Park,100 Carlton Park Dr,Flowood,MS,39232,https://www.carltonparkflowood.com/?utm_source=GBP&utm_id=organic
39317,The Goodwynn by ARIUM,705 Town Blvd,Atlanta,GA,30319,https://ariumliving.com/atlanta-ga/the-goodwynn/
39344,Townhomes at Kyrene,647 W Baseline Rd,Tempe,AZ,85283,https://www.townhomesatkyrene.com/
39782,Burnham Pointe,730 S Clark St,Chicago,IL,60605,https://www.burnhampointechicago.com
3977,Steeplechase,3580 Steeplechase Ln,Loveland,OH,45140,https://www.brgapartments.com/steeplechase
39571,Pebble Hill,3408 Miller Rd,Wilmington,DE,19802,https://www.pebblehillapartment.com/
39706,800 Carlyle,800 John Carlyle St,Alexandria,VA,22314,https://www.800carlyle.com/
39295,The Abigail Apartments,821 S Polk St,DeSoto,TX,75115,https://www.livetheabigailapts.com/
38923,Forest Hills Racquet Club,934 Courtside Dr,Augusta,GA,30909,www.ForestHillsRacquetClub.com
40195,Parkview Terraces,10101 S 1st St,Austin,TX,78748,https://www.parkviewterracesapts.com/
3986,Fairlane East,16055 Knollwood Dr,Dearborn,MI,48120,http://www.fairlaneeast.com/
40309,1750 on First,1750 First St,Simi Valley,CA,93065,https://www.1750-onfirstapartments.com/
40187,The Bradford,1250 Robert S Light Blvd S,Buda,TX,78610,https://www.bradfordapt.com/
40584,Regency Park North,140 Cronin Rd,Queensbury,NY,12804,www.regencyparknorth.com/
3985,Farmingdale Apartments,7621 Sussex Creek Dr,Darien,IL,60561,http://www.farmingdaleapthomes.com/
40185,Pressler,507 Pressler St,Austin,TX,78703,http://www.liveatpressler.com
40302,Glen Hills,6600 N Sidney Pl,Glendale,WI,53209,https://www.rentglenhills.com/
40567,Midtown at Camp Springs,4400 Telfair Blvd,Camp Springs,MD,20746,www.midtownatcampsprings.com
40514,Club Pacifica,1300 Southampton Rd,Benicia,CA,94510,http://www.clubpacificabenicia.com/
40570,Bell Arlington Ridge,2400 24th Rd S,Arlington,VA,22206,https://www.bellarlingtonridge.com/
40475,The Lucent,10710 17th Ave S,Tacoma,WA,98444,https://www.thelucentapts.com/
40520,Arbor Pointe,11432 105th Ave SW,Lakewood,WA,98498,http://www.arborpointeapartments.com/
40607,Brookview Court,5 Brookview Ct,Schenectady,NY,12306,https://www.brookviewcourt.com/
40549,Lake in the Woods,333 Lake in the Woods Dr,Melbourne,FL,32901,http://www.lakeinthewoodsapts.com/
40689,Theatre Square,101 2nd St,Petaluma,CA,94952,https://www.theater-square.com/
39913,Greenwich Place,31 Putnam Green,Greenwich,CT,6830,https://www.greenwichplace-apartments.com/
39901,Landings,501 Fairways Dr,Vicksburg,MS,39183,www.thelandingsvicksburg.com
3990,Glen at Burnsville,13000 Harriet Ave S,Burnsville,MN,55337,https://www.glenatburnsvilleapts.com/
41175,Fusion Encore Hollywood,1714 N McCadden Pl,Hollywood,CA,90028,https://www.fusionencore.com/
41539,Main Street Square,1001 Hayes Ln,Holly Springs,NC,27540,www.mainstreetsquareapartments.com
41396,North Pointe,9418 N Green Bay Rd,Brown Deer,WI,53209,http://northpointe.stuartco.com/
4131,North Brunswick Manor,2880 Birchwood Ct,North Brunswick Township,NJ,8902,https://bestrentnj.com/Communities/North-Brunswick-Manor/
40996,ibex at Uptown,2450 Camellia Ln NE,Atlanta,GA,30324,https://www.castlegateprop.com/apartments/ga/atlanta/ibex-at-uptown/
41277,Park Place at Petworth,850 Quincy St NW,Washington,DC,20011,https://www.parkplacedc.com/
41558,The Pearl,8510 Millicent Way,Shreveport,LA,71115,https://www.thepearl-la.com/
41394,Courtyard at Central Park,4498 N Cornelia Ave,Fresno,CA,93722,https://www.courtyardisyourhome.com/
40743,Met Spires,233 St Helens Ave,Tacoma,WA,98402,https://www.metspires.com/
4194,Cranbrook,955 Cranbrook Ct,Davis,CA,95616,https://cranbrook.tandemproperties.com/
42368,The Broadview Apartments,105 W 39th St,Baltimore,MD,21210,http://www.broadviewapartments.com/
41726,Patterson Place,120 S Patterson Ave,Santa Barbara,CA,93111,http://www.pattersonplaceapartments.com
42177,333 River Street,333 River St,Hoboken,NJ,7030,https://ironstate.com/property/333-river-street/
42732,Summit at Bon Air,1701 Irondale Rd,Bon Air,VA,23235,https://www.summitatbonair.com/
42576,Fenway Triangle,180 Brookline Ave,Boston,MA,2215,https://fenwaytriangle.com/
42579,Belmont at Freemason,260 W York St,Norfolk,VA,23510,http://www.belmontatfreemason.com
4184,Emerald Bay,5029 Cherrycrest Ln,Charlotte,NC,28217,http://www.emeraldbayapts.com
42593,Harbor Tower Apartments,1 Harbor Ct,Portsmouth,VA,23704,http://www.harbortowerapartments.com/
42556,Landings at Parkview,6226 Barnes Rd S,Jacksonville,FL,32216,https://www.mirageatsouthpoint.com/
42562,Palladium Park,3902 Pallas Way,High Point,NC,27265,http://www.palladiumparkapts.com/
42371,Meetinghouse,3131 Meetinghouse Rd,Boothwyn,PA,19061,http://meetinghouseapartments.com/
42504,800J Lofts,800 J St,Sacramento,CA,95814,http://www.800jlofts.com
42361,Winston Apartments,1260 Rossiter Ave,Baltimore,MD,21239,https://www.liveatwinston.com/
43730,Magnolia Village,1620 Bartram Rd,Jacksonville,FL,32207,https://www.liveatmagnoliavillage.com/
43547,Reserve Bartram Springs,14951 Walden Springs Way,Jacksonville,FL,32258,www.reservebartramsprings.com
43321,Stonebridge Waterfront,1500 Detroit Ave,Cleveland,OH,44113,https://www.stonebridgewaterfront.com/
43362,Sunchase Apartments,8101 E 93rd St,Tulsa,OK,74133,http://www.sunchaseapartmentstulsa.com/
43736,Twin Creeks,11480 SE Sunnyside Rd,Clackamas,OR,97015,http://www.twincreeksapartments.com
43549,Woodlake Park,9439 San Jose Blvd,Jacksonville,FL,32257,www.woodlakeparkapts.com
43536,Surf A1A,2130 Mayport Rd,Atlantic Beach,FL,32233,https://liveatsurf.com/
43299,Windsail,9808 E 73rd St,Tulsa,OK,74133,https://www.caseusa.com/apartments/ok/tulsa/windsail/
42781,Crescent Ridge,8200 Bridge Blvd SW,Albuquerque,NM,87121,https://www.crescentridgeaptsnm.com/
43372,Water's Edge,23951 Lakeshore Blvd,Euclid,OH,44123,http://www.thewatersedgeapts.com/
4367,The Arden Westchase,2475 Gray Falls Dr,Houston,TX,77077,https://www.theardenwestchase.com/
4296,101 N Ripley,101 N Ripley St,Alexandria,VA,22304,https://www.101nripley.com/
43173,The Lakes,8028 S Wheeling Ave,Tulsa,OK,74136,www.lakesapartmentstulsa.com
4306,Meadows,514 Lark Ct,Novato,CA,94947,https://www.themeadowsnovato.com/
44519,Paseo Residences at Eilan,17803 La Cantera Terrace,San Antonio,TX,78256,https://www.paseoeilan.com/
44924,Burke Ridge Crossing,2112 Burke Meadows Rd,Winston-Salem,NC,27103,www.burkeridgecrossingapts.com
43970,Ladera Vista Apartments,3608 Ladera Dr NW,Albuquerque,NM,87120,http://www.myladeravistaapartments.com/
43953,Pine Crest Townhomes,15303 W 128th St,Olathe,KS,66062,www.pinecrestkc.com
44395,225 Grand,225 Grand St,Jersey City,NJ,7302,https://www.225grandstreet.com/
44309,ABQ Uptown,2222 Uptown Loop Rd NE,Albuquerque,NM,87110,https://www.abquptownapts.com
44766,Montecito,360 N Murray Blvd,Colorado Springs,CO,80916,https://www.montecitoapartments.com/
44918,Briarleigh Park,401 Park Ridge Ln,Winston-Salem,NC,27104,http://www.briarleighpark.com/
4386,The Quarry Alamo Heights,340 Treeline Park,San Antonio,TX,78209,https://www.quarryalamoheights.com/
44535,Foxcreek Apartments,1100 Barbara Ann Cir,Winston-Salem,NC,27103,https://www.livefoxcreek.com/
44193,Hunters Way,5550 56th St,Lubbock,TX,79414,http://www.hunterswayapartments.com/
45161,Norhardt Crossing,1930 Norhardt Dr,Brookfield,WI,53045,http://www.liveatnorhardtcrossing.com/
44036,Ascot Place,544 Gadsden Hwy,Birmingham,AL,35235,www.elandisascot.com
43954,Windsor Townhomes,15061 W 138th St,Olathe,KS,66062,https://www.windsorth.com/
16961,Creek at 2645 Apartments,2645 Stonecreek Dr,Sacramento,CA,95833,https://www.thecreekat2645.com/
16765,Spinnaker Landing Apartments,1931 W 16th Ct,Riviera Beach,FL,33404,https://www.spinnakerlandingapts.com/
16348,Vesty Park,3190 W 14th Ave,Denver,CO,80204,https://www.vestypark.com/
16596,Alta Mar at Broadwater,3901 38th Ave S,St. Petersburg,FL,33711,https://www.pacificaresidential-altamar.com/
16818,Santa Fe Village,3700 S Santa Fe Village Dr,Santa Ana,CA,92704,https://www.santafevillagescm.com/
16920,Park West Village,43032 30th St W,Lancaster,CA,93536,http://www.parkwestlancaster.com/
16536,Asbury Plaza,5170 E Asbury Ave,Denver,CO,80222,https://www.asburyplazaapartments.com/
16559,Woods at Addison,6500 Ronald Rd,Capitol Heights,MD,20743,https://www.woodsataddisonapts.com/
16940,Clearwater Creek,4000 E Renner Rd,Richardson,TX,75082,www.clearwatercreekapartments.com
16354,Silver Reef,12419 W 2nd Pl,Lakewood,CO,80228,https://www.liveatsilverreef.com/
16583,MAA National Landing,1201 S Joyce St,Arlington,VA,22202,https://www.maac.com/virginia/dc-metro/maa-national-landing/
16953,Serrano Highlands,25421 Alta Loma,Lake Forest,CA,92630,https://www.serranohighlandsapts.com/
45720,Piper Lofts at Crossroads,117 W 20th St,Kansas City,MO,64108,http://www.piperlofts.com
45317,Summit by Broadmoor,3904 370 Plaza,Bellevue,NE,68123,https://www.broadmoor.cc/summitapartments
46328,Ridge,2050 S Ridgewood Ave,South Daytona,FL,32119,https://www.elandisridge.com/
46106,Mill Valley Duplex Home,2121 Bodega Way,Edmond,OK,73003,https://www.precisionmngmtprop.com/landing/millvalleyok
45750,River House Apartments,4253 Llewellyn Ave,Norfolk,VA,23504,https://www.wm-riverhouse.com/
45321,Tregaron Oaks,1729 Scarborough Dr,Bellevue,NE,68123,https://www.tregaronoaks.com/
45392,Sunset Summit,2151 Sunset Blvd,Rocklin,CA,95765,http://www.rocklin-apartments.com/
46309,Regency at Chandler Park,101 Chandler Rd,Greer,SC,29651,http://theregency.southcorpproperties.com/
45925,Wildwood Village Apartments,3491 Timbersedge Dr,Indianapolis,IN,46222,https://www.wildwoodvillageapartments.com/
45729,The Chapman,670 Downey Green,Hampton,VA,23666,www.thechapmanapartments.com
45950,RVR at Xchange,5000 Brianna Ln,Secaucus,NJ,7094,https://liveatrvr.com/
45334,Retreat at Schillinger,1313 Schillinger Rd S,Mobile,AL,36695,https://www.retreatatschillinger.com/
4537,Cliffs at Canyon Ridge,1455 Valley Dr,Ogden,UT,84401,https://www.cliffsatcanyonridge.com/
4562,Residences on Penn,15027 Brookview Dr,Riverview,MI,48193,https://www.residencesonpenn.com/
45795,Hawthorne at the Carlyle,620 Halton Rd,Greenville,SC,29607,http://www.hawthorneatthecarlyle.com/
4565,Park Michigan,1212 S Michigan Ave,Chicago,IL,60605,https://www.parkmichiganchicago.com/
46176,Columbia Village,2500 E Red Cedar Ln,Boise,ID,83716,https://www.thevillageboise.com
4599,Paramont,4201 Pleasant Lake Village Ln,Duluth,GA,30096,https://www.theparamontapts.com/
4556,Eucalyptus Grove,67 E Flower St,Chula Vista,CA,91910,https://www.eucalyptusgroveisyourhome.com/
45912,Villas of Waterford,8510 East 29th St N,Wichita,KS,67226,www.villasofwaterfordapartmentswichita.com
46588,Winchester Run,201 SE 89th St,Oklahoma City,OK,73149,http://www.winchesterrun.com/
47597,Costa Mesa Family Village,1981 Wallace Ave,Costa Mesa,CA,92627,http://www.costamesafamilyvillage.com/
46950,Edge of Uptown,3025 Ottawa Ave S,Minneapolis,MN,55416,https://www.liveattheedgeofuptown.com/
47162,Somerset at Towson,736 Camberley Cir,Towson,MD,21204,https://www.somersetattowson.com/
4708,Cherry Creek,240 Hickory Hedge Dr,Manchester,MO,63021,http://www.cherrycreekapts.org/
47167,Loch Bend Apartments,8703 Loch Bend Dr,Baltimore,MD,21234,https://www.liveatlochbend.com/
47502,Stonewater Apartments,11353 N Tazwell Dr,Louisville,KY,40241,https://www.stonewaterpark.com/
47108,Parkview Estates,1410 100th Ave NW,Coon Rapids,MN,55433,https://www.liveatparkviewestates.com/?p=1&nocache=1#tabUnitsMatch
47523,Luma Apartments,2600 W Ina Rd,Tucson,AZ,85741,https://www.villageatthefoothills.com/?utm_knock=gmb
47788,THE DONOVAN APARTMENT HOMES,3751 Faulkner Dr,Lincoln,NE,68516,https://www.donovanapartments.com/?rcstdid=Mg%3d%3d-YRjTEizZPgM%3d
47784,College Park,1708 Creeksedge Dr,Columbus,OH,43209,https://www.collegeparkcolumbus.com/
48521,Yahara Landing,1624 Fordem Ave,Madison,WI,53704,https://www.yaharalanding.com/
47791,Palmetto Grove,7927 St Ives Rd,North Charleston,SC,29406,https://www.palmettogroveapartments.com/
48768,Tadousac,418 S 38th Ave,Omaha,NE,68131,http://www.classiccollectionaptstadousac.com/
4880,Clairmont Reserve,1575 Clairmont Rd,Decatur,GA,30033,www.clairmontreserve.com
48133,The Lyric at Carleton Place,765 Hampden Ave,St Paul,MN,55114,http://lyricliving.com/
48776,King Edward,102 N Mill St,Jackson,MS,39201,www.kingedapartments.com
48762,Whitnall Garden Apartments,9571 W Forest Home Ave,Hales Corners,WI,53130,https://www.wimmercommunities.com/apartments/wi/hales-corners/whitnall-gardens/?utm_knock=gmb
47982,Dwell at Greenridge,7910 Crossroads Dr,North Charleston,SC,29406,https://www.dwellatgreenridge.com/
49110,River Pointe,7855 E River Rd,Fridley,MN,55432,https://www.riverpointefridley.com/?rcstdid=Mg==-YRjTEizZPgM=
4904,Saybrooke,100 Old MacDonald Rd,Gaithersburg,MD,20877,https://www.saybrookeapartments.com/
49672,Genesee Village,3200 Wimbleton Dr,Flint,MI,48532,https://www.geneseevillageapts.com/
49167,Carlyle Place,43144 Carlyle Pl,Clinton Township,MI,48038,https://www.carlyleplace.com/
4956,Avia McCormick Ranch,8375 East V√≠a de Ventura,Scottsdale,AZ,85258,https://www.aviamccormickranch.com/
49743,Westchester Square Apartments,5528 Meredith Dr,Des Moines,IA,50310,https://www.westchestersquareapartments.com/
49521,Red Bank Reserve,4300 Strathmore Dr,Cincinnati,OH,45227,https://www.redbankreserve.com/
49454,Romaine Court,4210 Romaine Dr,Cincinnati,OH,45209,www.romainecourt.com
48986,100 Park At Wyomissing Square,100 N Park Rd,Wyomissing,PA,19610,http://100parkapts.com/
49752,Revolve,3945 S 700 W,Murray,UT,84123,https://www.revolveapts.com/
49160,Era on Excelsior,6922 Meadowbrook Blvd,St Louis Park,MN,55426,https://www.eraonexcelsior.com/
49130,Prentiss Pointe Apartments,39111 Prentiss St,Harrison Township,MI,48045,https://www.prentisspointeapts.com/
4939,Grove at St Andrews,716 Zimalcrest Dr,Columbia,SC,29210,www.groveatstandrews.com
48902,Cudahy Commons,2770 E Edgerton Ave,Cudahy,WI,53110,www.cudahycommons.com
48946,Westfield Apartments,9208 W Allerton Ave,Greenfield,WI,53228,https://www.wimmercommunities.com/apartments/wi/greenfield/westfield-apartments/?utm_knock=gmb
48964,Berkshire Park,1201 Aragon Drive,Knightdale,NC,27545,http://berkshireparkapts.com/
49528,Stonebridge,1601 W Fox Park Dr,West Jordan,UT,84088,www.stonebridgeapt.com
49168,Sterling Lake,13500 Northside Dr,Sterling Heights,MI,48312,http://www.sterlinglakeapartments.com/
51097,Royal Wildewood Manor,201 Dixie Dr,Clute,TX,77531,https://www.royalwildewoodapts.com/
501,Hickory Place Apartments,2323 SW 35th Pl,Gainesville,FL,32608,https://www.hickoryplacebyelon.com/
50263,Berkley Commons Apartments,8201 Madison Ave,Indianapolis,IN,46227,https://www.berkleycommonsbyelon.com/
49969,Bellamy Park,10821 108th Ave SW,Lakewood,WA,98498,http://www.bellamypark.com/
50950,Bishops Gate,8075 Somerset Chase,Cincinnati,OH,45249,http://www.bishopsgateapts.com/
50384,Fairwood Apartments,9 Winding Brook Dr,Guilderland,NY,12084,https://www.fairwoodapartments.com/
51080,Verandas at Taylor Oaks,7701 Taylor Oaks Cir,Montgomery,AL,36116,https://www.liveattayloroaks.com/
50144,Park Avenue,4400 Park Ave,Des Moines,IA,50321,https://www.broadmoor.cc/parkavenueapartments
50130,Mallard Creek,8350 Golden Valley Rd,Golden Valley,MN,55427,http://www.mallardcreekapts.com/
50912,Indigo Apartment Homes,2700 Maple St,Bremerton,WA,98310,https://www.indigobremerton.com/
50952,Walnut Creek Townhomes,4042 Georgetown Rd,Blue Ash,OH,45236,https://www.brgapartments.com/walnut-creek/
50584,Bridges on Sunset,766 Sunset Ave,Suisun City,CA,94585,https://www.bridgesonsunset.com/
49945,Robin Hill,2000 Westown Pkwy,West Des Moines,IA,50265,https://www.robinhillapartments.com/
50172,Countryside Estates,10101 Hwy 55,Plymouth,MN,55441,https://www.countrysideest.com
51507,Sophia Square,110 W Main St,Carmel,IN,46032,http://www.sophiasquareapts.com/
52373,Moonraker,5521 Brookdale Dr N,Brooklyn Park,MN,55443,http://www.moonrakerapts.net/index.aspx
52140,MAA Wade Park,5443 Wade Park Blvd,Raleigh,NC,27607,https://www.maac.com/north-carolina/raleigh-cary/maa-wade-park/
52116,Affinity on Georgia,8021 Georgia Ave,Silver Spring,MD,20910,https://www.affinityongeorgia.com/
5153,Kensington West,220 Sweetcreek Dr,Ballwin,MO,63021,http://www.kensingtonwestapts.com/
52348,The Vue,110 Somerset St,New Brunswick,NJ,8901,http://thevuenj.com/
52328,The Fort Apartments,9230 Memorial Park Dr,Indianapolis,IN,46216,http://www.livethefort.com
5135,Summerfield Place,11777 N Meridian Pl,Oklahoma City,OK,73162,www.summerfieldplaceapartmentsoklahomacity.com
52198,Compton Lake,7777 Compton Lake Dr,Mount Healthy,OH,45231,https://www.comptonlake.com/
51153,Brookside Apartments,620 N Hewitt Dr,Hewitt,TX,76643,https://www.brooksidehewitt.com/
52148,Biltmore at Camelback,2625 E Camelback Rd,Phoenix,AZ,85016,http://www.biltmoreatcamelback.com/
5170,Hawthorn At Oakhurst,245 N Oakhurst Dr,Aurora,IL,60504,https://www.hawthornatoakhurstaurora.com/
51286,Sunrise Pointe,901 Wooded Acres Dr,Waco,TX,76710,https://www.sunrisepointewaco.com/
5194,The Nathaniel,9220 Nathaniel St,Houston,TX,77075,https://www.thenathanielapartments.com/
5182,Madison at the Arboretum,10307 Morado Cove,Austin,TX,78759,https://www.themadisonatthearboretum.com/
52947,Parkside Trace,3000 Harmony Ln,Charlestown,IN,47111,https://www.shamrockparksidetrace.com/
5303,The Sonoran Apartment Homes,13625 S 48th St,Phoenix,AZ,85044,https://thesonoran.mgproperties.com/
53164,Arbor Pointe Townhomes,420 Arbor Pointe Dr,Battle Creek,MI,49037,www.arborpointe-townhomes.com
52725,North Pointe,3688 Northpointe Dr,Holland,MI,49424,https://www.landcoapartments.com/north-pointe-apartments/
53752,East Park Gardens Apartments,199 Francis L Cadden Pkwy,Harrisburg,PA,17111,http://eastpark.rentpmi.com/
5338,Orchard on Gilbert,950 N Gilbert Rd,Gilbert,AZ,85234,https://www.orchardongilbert.com/
53374,Four Lakes,6821 Udall Pl SE,Auburn,WA,98092,http://fourlakes.tarragon.com/
52954,Briarwood by Broadmoor,9434 U Ct,Omaha,NE,68127,https://www.broadmoor.cc/briarwoodapartments
53574,River Bend,30500 Warren Rd,Westland,MI,48185,http://www.rbapts.com/
52581,Westhaven Luxury Apartments,7105 Westhaven Cir,Zionsville,IN,46077,https://www.westhavenapts.com
53599,Country Glen,600 Meridian St Ext,Groton,CT,6340,https://www.countryglenapts.com/
53511,River Oaks Rochester,3200 River Oaks Blvd,Rochester Hills,MI,48309,https://www.riveroaksrochesterhills.com
5463,Crestline Cary,10300 Kingsclere Dr,Cary,NC,27511,https://www.crestlinecaryapts.com/
54190,Archer's Pointe Apartments,262 W Washington Center Rd,Fort Wayne,IN,46825,http://www.archerspointe.com/
54357,Revere Ridge,1723 N Union Rd,Spokane Valley,WA,99206,https://www.revereridgeapartments.com/
5395,Cambridge on Seventh,737 7th St SE,Puyallup,WA,98372,https://www.cambridgeapartmenthomes.com/
54994,Verge Apartments,3601 Park Center Blvd,St Louis Park,MN,55416,https://www.thevergelife.com/
55194,Village,3661 River Rd N,Keizer,OR,97303,https://www.thevillagekeizer.com/
54550,MAA West Village,4600 W Village Pl,Smyrna,GA,30080,https://www.maac.com/georgia/atlanta/maa-west-village/
54743,Twin Oaks,3800 14th St NW,Washington,DC,20011,https://www.twinoaksdc.com/
54470,Driftwood Apartments,950 W Grant Line Rd,Tracy,CA,95376,http://www.driftwood-apartments.com/
54146,Cornhill,695 Clarissa St,Rochester,NY,14608,http://www.cornhilltownhouses.com/
54194,Alpine Loft,601 Chestnut St,Windsor,CO,80550,https://www.liveatalpinelofts.com/alpine-lofts-windsor-co/
54580,Post 510,510 Richmond Ave,Houston,TX,77006,http://www.maac.com/texas/houston/post-510/
56146,Arbor Village,23601 56th Ave W,Mountlake Terrace,WA,98043,http://arborvillageapts.com/
5546,Retreat at Candelaria,3011 Jane Pl NE,Albuquerque,NM,87111,http://www.theretreatnm.com/
56398,Hearthstone Apartment Homes,215 Pinehurst Dr SW,Tumwater,WA,98501,http://www.hearthstonelife.com/
55373,River Park,720 Tidewater Cir,Macon,GA,31211,https://www.liveatriverparkapartments.com/
55947,Ames Shovel Works,50 Main St,North Easton,MA,2356,http://www.amesshovelbc.com/
55513,Bedford Parke Apartment Homes,1485 Leverette Rd,Warner Robins,GA,31088,https://www.bedfordparke.com/
56375,Merion Riverwalk,185 Canal St E,Shelton,CT,6484,https://www.merionriverwalk.com/
55381,Summit Pointe,701 E Summit View Pl,Bloomington,IN,47401,https://www.summittpointe-apts.com/
56762,Seventh West,1427 7th St,Santa Monica,CA,90401,https://www.seventhwestapartments.com/
55797,Flagstone,2601 36th Ave S,Fargo,ND,58104,https://www.liveatflagstone.com/
55577,Maplebrook,4632 Beech Ave,Kalamazoo,MI,49006,https://www.maplebrookeapartments.com/
567,Ridgewood,3863 Memorial Dr,Decatur,GA,30032,http://www.ridgewoodgabyelon.com/
5528,The Monroe on Monterey,1635 Monterey Dr NE,Palm Bay,FL,32905,https://themonroepalmbay.com/
55936,Solara Apartments,5000 Solara Cir,Sanford,FL,32771,https://www.solarasanford.com/
55920,The Acadia at Metroplitan Park,575 12th Rd S,Arlington,VA,22202,https://www.metacadia.com/
5559,Chateau Bellevue,401 Chateau Dr,Bellevue,NE,68005,https://www.chateau.apartments/
5752,Regency Woods,1137 11th St,West Des Moines,IA,50265,https://www.regency-woods.com/
5719,7400 Roosevelt,7400 Roosevelt Blvd,Philadelphia,PA,19152,https://www.lindyproperty.com/properties/7400-roosevelt/
56988,Prairie Creek Apartments and Townhomes,9395 Scarborough St,Lenexa,KS,66219,https://www.prairiecreekapartments.com/
57761,Bell Knox District,3030 Hester Ave,Dallas,TX,75205,https://www.bellknoxdistrict.com/?utm_source=google+local&utm_medium=organic&utm_campaign=website+link
57563,Burgundy and Hillsboro,2911 Hillsboro Ave N,New Hope,MN,55427,https://www.burgundyhillsboro.com/
5785,Grove Parkview,1900 Glenn Club Dr,Stone Mountain,GA,30087,https://www.groveparkview.com/
5782,Springfield,10815 SE 184th Ln,Renton,WA,98055,https://www.springfieldrenton.com/
5791,Greens at Hollymead,1950 Powell Creek Ct,Charlottesville,VA,22911,https://www.thegreensathollymead.com/
57741,Mayton Transfer Lofts,250 E Bank St,Petersburg,VA,23803,https://www.maytontransferlofts.com/
57929,NORA,899 N Orange Ave,Orlando,FL,32801,https://www.noraorlando.com/
57976,One India Street,1 India St,Boston,MA,2109,https://www.oneindiastreetapartments.com/
57738,Link Apartments Manchester,901 McDonough St,Richmond,VA,23224,www.linkmanchester.com
57320,Brookmeade Apartments,10701 Brookemeade Cir,Williamsport,MD,21795,https://brookmeade-apartments.rentcafewebsite.com/
57562,2800 Girard,2800 Girard Ave S,Minneapolis,MN,55408,http://www.2800girard.com/
17586,Natick Park,4701 Natick Ave,Sherman Oaks,CA,91403,https://www.natickpark.com/
17347,The Croft Apartment Homes,7200 E Evans Ave,Denver,CO,80224,https://www.liveatthecroft.com/
17362,Congressional Towers,261 Congressional Ln,Rockville,MD,20852,https://www.congressionaltowers.net
17559,The Reserve At Warner Center,22100 Erwin St,Woodland Hills,CA,91367,www.thereserveatwarnercenter.com
17186,The Park at Tivoli,12903 Sugar Ridge Blvd,Stafford,TX,77477,https://www.theparkattivoli.com/
17254,Gables Montclair,100 Ladson Ct,Decatur,GA,30033,https://www.gables.com/community/528460
17144,Park at Chastain Apartments,100 Summer Terrace Ln NE,Atlanta,GA,30342,https://livebh.com/apartments/park-at-chastain-apartments/?utm_source=realpage&utm_medium=referral&utm_campaign=cta
17103,La Terraza,470 Saratoga Ave,San Jose,CA,95129,https://www.liveatlaterraza.com/
17336,Carriage Pointe At Aquia,225 White Pine Cir,Stafford,VA,22554,https://www.carriagepointeaquia.com/
17697,Sierra Gardens,3915 La Sierra Ave,Riverside,CA,92505,http://www.rent-sierragardens.com/
17168,Normandy Woods,695 Normandy St,Houston,TX,77015,https://www.normandywoodsapartments.com/
17114,Arbor Pointe,100 Buckhead Dr,Fairfield,OH,45014,http://www.arborpointeapthomes.com/
17329,Finley at Fairfax Corner,4457 Oakdale Crescent Ct,Fairfax,VA,22030,https://www.finleyfairfaxcorner.com/
17728,West Park Village,11400 Rochester Ave,Los Angeles,CA,90025,https://www.esring.com/apartments/ca/los-angeles/west-park-village/
17198,Mt Carmel Village,3000 W Douglas Ave,Wichita,KS,67203,https://www.mtcarmelapts.com/
58386,Medley Row Hoigaard Village,5690 W 36th St,St Louis Park,MN,55416,http://www.hoigaardvillage.com/
58906,Azul Baldwin Park,4460 Lower Park Rd,Orlando,FL,32814,https://www.azulbaldwinpark.com/
58866,West Square,320 D St,Boston,MA,2127,https://www.akelius-properties.us/west-square-apartments/
58950,Meridian at Harrison Pointe,2000 Banyon Grove Loop,Cary,NC,27513,http://www.meridianatharrisonpointe.com/
58940,Judson Pointe,5126 N Loop 1604 E,San Antonio,TX,78247,https://www.judsonpointe.com/
58967,The Waterline,2900 Grand Ave,Everett,WA,98201,https://www.thewaterlineapts.com/
58378,Nic on Fifth,465 Nicollet Mall,Minneapolis,MN,55401,https://minnesota.weidner.com/apartments/mn/minneapolis/nic-on-5th/
58325,Cambridge Court,2323 9th Ave SW,Olympia,WA,98502,https://www.cambridgecourtolympia.com/
594,Harbinwood,1295 Harbins Rd NW,Norcross,GA,30093,www.harbinwoodbyelon.com
5940,Northland Passage,6360 N London Ave,Kansas City,MO,64151,https://www.northlandpassage.com/
59729,Wilmington Flats,1235 Wilmington Ave,Salt Lake City,UT,84106,www.wilmingtonflats.com
5855,Meyer Forest,9701 Meyer Forest Dr,Houston,TX,77096,https://www.meyerforest.com/meyer-forest-houston-tx/contact
58727,Maple District Lofts,5415 Maple Ave,Dallas,TX,75235,http://www.mapledistrictdallas.com
58294,The Capitol Yards,777 5th St,West Sacramento,CA,95605,http://www.thecapitolyards.com/
58773,2970 North Sheridan Road,2970 N Sheridan Rd,Chicago,IL,60657,https://www.wirtzresidential.com/apartments/2970-n-sheridan/
584,Countryside Manor,8800 Countryside Way,Douglasville,GA,30134,http://www.countrysidemanorbyelon.com/
595,Parkwood Village,6804 Parkway Dr,Douglasville,GA,30135,https://www.parkwoodvillagega.com/
59399,Woodland Springs Apartment Homes,3008 Warren Way,Carmel,IN,46033,https://www.woodlandspringsapartments.net/
58178,The Porter Brewers Hill,3700 Toone St,Baltimore,MD,21224,http://www.porterbrewershill.com/
5985,Cliffs at Barton Creek,3050 Tamarron Blvd,Austin,TX,78746,https://www.cliffsatbartoncreek.com/
60788,The Gables at Oak Creek,50 E Fieldstone Cir,Oak Creek,WI,53154,https://www.burkeproperties.com/apartments/the-gables/
60303,Ironworks At Keystone,2727 E 86th St,Indianapolis,IN,46240,http://ironworksindy.com/
60386,The Paramount at South Market,611 O'Keefe Ave,New Orleans,LA,70113,https://www.paramountnola.com/
60732,Lamar Union,1100 S Lamar Blvd,Austin,TX,78704,https://www.lamarunion.com/
60737,Bell Four Points,11210 FM 2222,Austin,TX,78730,https://www.bellfourpoints.com
60941,Link Brookstown,150 Peters Creek Pkwy,Winston-Salem,NC,27101,https://www.linkbrookstown.com/
60311,The Reserve at Elm,701 W 101st Pl S,Jenks,OK,74037,http://www.reserveatelmapartmentstulsa.com/
60179,MAA Wilmington Island,909 Penn Waller Rd,Savannah,GA,31410,https://www.maac.com/georgia/savannah/maa-wilmington-island/
60578,1105 Town Brookhaven,1105 Town Blvd,Atlanta,GA,30319,http://www.1105townbrookhaven-apts.com/
60499,Middletown Landing I,700 Landis Ridge Dr,Louisville,KY,40245,https://www.middletownlanding.com/
60727,The Reserves at Alafaya,3715 Alafaya Heights Rd,Orlando,FL,32828,https://www.liveatreservesatalafaya.com/
60660,Ovation at Lewisville,2250 S Valley Pkwy,Lewisville,TX,75067,www.ovationatlewisville.com
60579,Steelworks,1220 Mecaslin St NW,Atlanta,GA,30318,https://www.steelworksatlanta.com/
60779,The Platform,420 W Smith St,Kent,WA,98032,http://www.theplatformkent.com/
60974,Meeting St Lofts - E.Central I,601 Meeting Street,Charleston,SC,29403,http://meetingstreetlofts.com/
60124,Crystal Lake,1706 Lakeview Dr,Newark,OH,43055,www.livecrystallakeapartments.com
60598,The Dawson,13411 Briar Forest Dr,Houston,TX,77077,https://www.thedawsonapts.com/
60139,Allendale Apartments,535 Cedar Hill Dr,Allentown,PA,18109,http://altmanco.com/AltmanProperty/community-homepage.asp?RECommunityID=63
61389,The Place at Creekside II,9971 E Speedway Blvd,Tucson,AZ,85748,https://www.theplaceatcreekside.com/?utm_knock=gmb
61159,Century Afton Ridge,410 Starmount Park Blvd,Concord,NC,28027,https://www.centuryaftonridge.com/?rcstdid=Mg%3D%3D-YRjTEizZPgM%3D&utm_source=google+biz&utm_medium=organic
61169,Plaza 25,1114 Clement Ave,Charlotte,NC,28205,https://www.plaza25apartments.com/
6125,Northgreen at Carrollwood,3831 Northgreen Ave,Tampa,FL,33624,https://www.liveatnorthgreen.com/
6194,MAA Rocky Point,3101 N Rocky Point Dr E,Tampa,FL,33607,https://www.maac.com/florida/tampa/maa-rocky-point/
6147,Spark Pax River,46860 Hilton Dr,Lexington Park,MD,20653,https://besparkliving.com/spark-pax-river/
61946,Redwood Apartment Neighborhoods,20 Bur Reed Rd,Delaware,OH,43015,https://www.byredwood.com/apartments/oh/delaware/redwood-delaware/index.aspx
6195,The Essex House,3919 Essex Ln,Houston,TX,77027,https://www.theessexapartments.com/essex-house-houston-tx/contact
61865,Wiregrass at Stone Oak,20303 Stone Oak Pkwy,San Antonio,TX,78258,https://wiregrassatstoneoak.com/
61160,Waterlynn at Concord,7850 Waterway Dr NW,Concord,NC,28027,https://www.waterlynnatconcord.com/
61377,Grant Park Village I - Henshaw,1580 NE 32nd Ave,Portland,OR,97232,https://www.grantparkvillage.com/
61963,Grand Oak at Town Park,110 Townpark Dr,Smyrna,TN,37167,http://www.grandoakattownpark.com/
61725,Vista at Park Row,13710 Park Row,Houston,TX,77084,https://www.vistaatparkrow.com/
61185,Galvan At Twinbrook,1801 Chapman Ave,Rockville,MD,20852,https://www.liveatgalvan.com/
61392,Arcata,901 Xenia Ave S,Golden Valley,MN,55416,https://www.arcataapts.com/?rcstdid=MzI%3d-GJOvflXLv8M%3d&_yTrackUser=MTUzMjg2OTE3MSMxMDY1NTY0NDMw-9pP/Dv/V3lw=&_yTrackVisit=MjY3MTA1OTMwNyMxNjU1MDY2NzA2-lh+SCtG9cEw=&_yTrackReqDT=30551620222202&_ga=2.45461732.1112719589.1645548303-290798097.1645548303
62117,618 South Main,618 S Main St,Ann Arbor,MI,48104,https://www.618southmain.com/
62489,909 Flats,909 Rosa L Parks Blvd,Nashville,TN,37208,http://www.909flats.com/
62617,Element 31,1243 Brickyard Rd,Salt Lake City,UT,84106,https://www.element31isyourhome.com/
62919,Be DTLA,1120 W 6th St,Los Angeles,CA,90017,https://www.bedtla.com/?utm_source=GoogleLocalListing&utm_medium=organic
62395,Pierce,2 Pierce Ave,San Jose,CA,95110,http://www.thepierce.com
62784,Waterford on Mainstreet,18588 E Mainstreet,Parker,CO,80134,https://www.waterfordonmainstreet.com
63121,Creekside at Providence,1001 Providence Pkwy,Mt. Juliet,TN,37122,https://www.creeksideprovidencewmp.com/
62553,The Alexander,300 Alexander Ct,Philadelphia,PA,19103,http://www.thealexanderphilly.com/
62925,Woodley Sara,7121 Woodley Ave,Van Nuys,CA,91406,https://www.woodleysara.com/
6304,Longspur Crossing,701 W Longspur Blvd,Austin,TX,78753,https://www.longspurcrossing.com/
62584,The York House,4931 Lindell Blvd,St Louis,MO,63108,http://www.yorkhousestl.com
62157,Vim + Vigor Lofts I,1303 N 10th St,Milwaukee,WI,53205,https://wisconsin.weidner.com/apartments/wi/milwaukee/vim-vigor-lofts/index.aspx
62200,The Henry,1933 Dock St,Tacoma,WA,98402,https://www.thehenryapartments.com/
62949,Midtown on the Rail,2310 Main St,Houston,TX,77002,https://www.midtownontherail.com/
62780,Amberley at Inverness,10450 Spring Green Drive,Englewood,CO,80112,www.amberleyatinverness.com
62170,310 at NuLu,310 S Hancock St,Louisville,KY,40202,https://www.310nulu.com/
63550,City Hyde Park,5105 S Harper Ave,Chicago,IL,60615,http://www.cityhydepark.com/#1
63961,Velo on the Boulevard,460 E 400 S,Salt Lake City,UT,84111,https://utah.weidner.com/apartments/ut/salt-lake-city/velo-on-the-boulevard/?rcstdid=Mg%3D%3D-YRjTEizZPgM%3D
63916,Creekside Colony,7951 Kingswood Dr,Citrus Heights,CA,95610,http://www.creekside-colony.com/
63534,Union West,35 Van Gordon St,Lakewood,CO,80228,https://www.liveatunionwest.com/
63939,Yard,22 NE 2nd Ave,Portland,OR,97232,www.yardpdx.com
6340,Grand Oaks,36090 N Grand Oaks Ct,Gurnee,IL,60031,https://livebh.com/apartments/grand-oaks/?utm_source=realpage&utm_medium=referral&utm_campaign=cta
63549,The Lofts at River East,445 E Illinois St,Chicago,IL,60611,http://www.theloftsatrivereast.com/
6371,The Place at Barker Cypress -Enclave,1822 Barker Cypress Rd,Houston,TX,77084,https://theplaceatbarkercypress.com/
63157,Burnside 26,2625 E Burnside St,Portland,OR,97214,www.burnside26.com
63510,Trifecta Belmar,7110 W Virginia Ave,Lakewood,CO,80226,http://www.trifectabelmar.com/
63130,MAA Acklen,111 Acklen Park Dr,Nashville,TN,37203,https://www.maac.com/tennessee/nashville/maa-acklen
63515,Fox Run Lofts,7200 S Blackhawk St,Englewood,CO,80112,http://www.foxrunlofts.com/
63590,3333 Elm Street Loft,3333 Elm St,Dallas,TX,75226,http://www.3333elmstreetlofts.com/
63596,Lyra on McKinney,4209 McKinney Ave,Dallas,TX,75205,https://www.lyraonmckinney.com/
64197,Infinity on Yorktown,660 Yorktown St,Dallas,TX,75208,https://www.infinityonyorktown.com/?rcstdid=Mg%3D%3D-YRjTEizZPgM%3D
64598,Link Apartments West End,25 River St,Greenville,SC,29601,https://www.linkwestend.com/
64560,Nichol Flats,1015 N 16th St,Omaha,NE,68102,http://www.nicholflats.com/
64384,Aliso,950 E 3rd St,Los Angeles,CA,90013,https://www.liveataliso.com/
64673,River's Edge Apartments,1701 Island Home Ave,Knoxville,TN,37920,http://riversedgeknox.com/
64485,2700 Charlotte Ave,2700 Charlotte Ave,Nashville,TN,37209,www.rent2700.com
64111,Vivian,75 Sterling Blvd,Englewood,NJ,7631,http://vivianliving.com/
64911,Ashford,1200 N Dairy Ashford Rd,Houston,TX,77079,https://www.experienceashford.com/
64088,The Aldyn,60 Riverside Blvd,New York,NY,10069,www.thealdynnyc.com
64955,Dry Creek Ranch,13861 Raceway Dr,Northlake,TX,76262,http://www.liveatdrycreekranch.com/
64997,Shelton Eastlake Apartments,2359 Franklin Ave E,Seattle,WA,98102,http://www.sheltoneastlake.com/
64145,Crystal Riviyera,3801 Crystal Lake Dr,Deerfield Beach,FL,33064,http://www.crystalriviyera.com/
64349,Aurora,124 S Morgan St,Tampa,FL,33602,https://www.richmansignature.com/florida/tampa-bay-area/aurora/
64756,Brez at Atlantic Crossing,269 SE 5th Ave,Delray Beach,FL,33483,https://www.livebrez.com/
64391,Atelier,801 S Olive St,Los Angeles,CA,90014,http://atelierdtla.com/
64171,Westlink at Oak Station,1665 Pierson St,Lakewood,CO,80215,http://www.liveatwestlink.com/
64973,Cortland Onion Creek,1900 Onion Creek Pkwy,Austin,TX,78748,https://cortland.com/apartments/cortland-onion-creek/
65717,Herbert Residential,202 E 12th St,Tucson,AZ,85701,http://www.herbertliving.com/
66979,Ascent Uptown,225 S Poplar St,Charlotte,NC,28202,http://www.liveascentuptown.com/
65769,Park + Garden,1450 Garden St,Hoboken,NJ,7030,http://www.parkandgardenhoboken.com/
65564,Landmark Lofts,5260 Franklin St,Hilliard,OH,43026,http://www.livelandmarklofts.com/index.aspx
6513,Woods of Post House,39 Thistlewood Dr,Jackson,TN,38305,https://www.woodsofposthouse.com/
65381,Sparc,1201 121st Ave NE,Bellevue,WA,98005,https://www.sparcapartments.com/
66962,Maitland City Centre,190 Independence Ln,Maitland,FL,32751,http://residencesatmaitland.com/
65192,Angelos Grove,1120 L H Polk St,Marion,AR,72364,http://www.angelosgrove.com/
6550,The Vintage Apartments,7440 E Thomas Rd,Scottsdale,AZ,85251,https://www.scottsdalevintageapts.com/
6597,Pearl At Spring Creek,5600 Gibson Blvd SE,Albuquerque,NM,87108,https://www.thepearlnm.com/
65369,Eve at the District,3635 NE 1st Ave,Miami,FL,33137,https://eve-miami.com/
65878,Victory Place,1701 Payne St,Dallas,TX,75201,http://www.victoryplacedallas.com/
65370,Azura,12755 SW 136th St,Miami,FL,33186,www.azurakendall.com/
67398,City View Vinings,3340 Cumberland Blvd SE,Atlanta,GA,30339,https://www.cityviewvinings.com/
67689,Adara Overland Park,13401 Westgate St,Overland Park,KS,66213,https://www.adaraoverlandpark.com/
6729,Vert at Six Forks,7816 Six Forks Rd,Raleigh,NC,27615,https://www.liveatthevert.com/
67714,The Zeller,2255 S 300 E,South Salt Lake,UT,84115,https://www.liveatthezeller.com/
67581,The Aria at Woodlands South,7541 S Mingo Rd,Tulsa,OK,74133,https://www.theariatulsa.com/
67169,Icon on Main,480 N Main St,Royal Oak,MI,48067,https://www.icononmain.com/
67134,Oxbo Urban Rentals,202 7th St W,St Paul,MN,55102,www.oxboliving.com
6770,Mirador,1550 E Thunderbird Rd,Phoenix,AZ,85022,https://arizona.weidner.com/apartments/az/phoenix/mirador-3/
677,Oak Ridge at Pelham,150 Oak Ridge Pl,Greenville,SC,29615,https://www.oakridgeaptsgreenville.com/
67357,Artist Walk,3888 Artist Walk Common,Fremont,CA,94536,https://www.rentartistwalk.com/
67386,Urban North,8101 San Felipe Blvd,Austin,TX,78729,http://www.urbannorthaustin.com
6706,Plumtree,229 Parkwood Dr,Lansing,MI,48917,https://www.plumtreeapartments.com/
6725,The Atlantic at East Delray,650 Lavers Cir,Delray Beach,FL,33444,http://www.theatlanticdelray.com/
6708,Spring Meadow,10030 N 43rd Ave,Glendale,AZ,85302,https://www.springmeadowliving.com/
676,Pavilion Place,2801 Pavilion Pl,Midlothian,VA,23112,https://www.maac.com/virginia/richmond/colonial-village-at-waterford/
67340,Gateway Oaks,1105 Gateway Blvd,Forney,TX,75126,www.gatewayoaksapartments.com
67102,Marc San Marcos,1045 Armorlite Dr,San Marcos,CA,92069,http://www.marcsanmarcos.com/
6701,Park on Riley,99 Cable Cir,Folsom,CA,95630,https://www.theparkonriley.com/
67750,Vermella Harrison,1100 Frank E Rodgers Blvd S,Harrison,NJ,7029,https://vermellaharrison.com/
6776,Muirwood Village,74-A Muirwood Village Dr,Delaware,OH,43015,http://www.liveatmuirwoodvillage.com/
67697,Central Island Square,50 Central Island St,Charleston,SC,29492,https://www.cr-centralislandsquareapts.com/
67713,Riverfront,745 W Fine Dr,Salt Lake City,UT,84119,www.liveatriverfrontapts.com
68497,Maya,535 S Kingsley Dr,Los Angeles,CA,90020,http://www.liveatmaya.com/
68379,Capri Villas at the Lake,425 McCaleb Rd,Montgomery,TX,77316,http://www.caprivillasatthelake.com/
68581,Red,5110 Herringbone Dr,Cincinnati,OH,45227,https://www.theredapartments.com/
68550,Reserve at Quail North,2600 Watermark Blvd,Oklahoma City,OK,73134,www.thereserveatquailnorth.com
68171,The Tyler at Agritopia,3150 E Ray Rd,Gilbert,AZ,85296,https://thetylergilbert.com/
67915,42 West Apartments,18248 W 12 Mile Rd,Southfield,MI,48076,https://www.42westapartments.com/?utm_knock=g
68780,Sand Creek Woods,11640 Breezy Point Dr,Fishers,IN,46037,http://www.sandcreekwoodsapts.com/
68469,1824 Defoor,1824 Defoor Ave NW,Atlanta,GA,30318,http://www.1824defoor.com/
68716,The Harrison Collection 330 Angelo Cifelli,330 Angelo Cifelli Dr,Harrison,NJ,7029,https://ironstate.com/property/330-angelo-cifelli/
67832,The Eugene,435 W 31st St,New York,NY,10001,https://rent.brookfieldproperties.com/property/the-eugene/
69396,Lodge at Porter Ranch,10631 Lindley Ave,Northridge,CA,91326,https://www.lindley-apt.rentals/
70740,Encore 380,26493 E University Dr,Aubrey,TX,76227,https://www.encore380apartments.com/
69889,Park Plaza Apartments Il,1553 A St,Anchorage,AK,99501,https://alaska.weidner.com/apartments/ak/anchorage/park-plaza-ii-0/index.aspx
6968,Pebblebrook,7700 W 95th St,Overland Park,KS,66212,www.pebblebrookapts.com
69516,Townhomes at Mountain Ridge,3570 S 300 E,Salt Lake City,UT,84115,http://www.townhomesatmountainridge.com/
70144,10X Port St Lucie,1500 SE Tiffany Club Pl,Port St Lucie,FL,34952,https://www.10xportstlucie.com/
69154,The Mark Huebner Oaks,11138 Huebner Oaks,San Antonio,TX,78230,http://themarksanantonio.com/
70369,Lowertown Commons,300 4th St E,St Paul,MN,55101,https://www.lowertownliving.com/
69371,Off Broadway Flats,640 E Jefferson Ave,Englewood,CO,80113,http://www.offbroadwayflats.com/
7013,The Mark of Ridgeland,711 Lake Harbour Dr,Ridgeland,MS,39157,https://www.caseusa.com/apartments/ms/ridgeland/the-mark/
70327,McMillen Woods,95 S Westmoor Ave,Newark,OH,43055,https://www.mcmillenwoods.com/
69378,Redwood Akron,1738 Northampton Rd,Akron,OH,44313,https://www.byredwood.com/apartments/oh/akron/redwood-akron/index.aspx
70586,Links at Forest Creek,20404 Poppy Hills Trail,Round Rock,TX,78664,www.rentforestcreek.com
69392,Hamilton Trace Apartments,1846 Hamilton Rd,Okemos,MI,48864,http://www.hamiltontraceapartments.com/index.aspx
69565,Marina Key,913 Lake Shore Dr,Lake Park,FL,33403,http://marinakeyliving.com/
69508,Maple Village,2100 Maple Village Ct,Pell City,AL,35128,https://www.maplevillageapthomes.com/
69558,Spring Hill Apartments,767 Springfield Ave,Summit,NJ,7901,https://www.goldberg-realty.com/spring-hill-apartments/default.aspx?_yTrackUser=NjYxMjI5OTY5IzE0NTQ0NTc5MTc=-lDwvxVr1Jx8=&_yTrackVisit=MTQ4NjYyNzQ2OCM2NDQ2Nzc2ODg%3d-W7HwJRKaxxE%3d&_yTrackReqDT=05551420201206
69571,Riverhouse at 11th,1170 NW 11th St,Miami,FL,33136,https://www.riverhouseat11miami.com/
18741,Verraso,3055 S Nellis Blvd,Las Vegas,NV,89121,https://www.verrasoapts.com/
19109,Sunset Park,11202 2nd Ln SW,Seattle,WA,98146,https://www.sunsetparkapartment.com/
18379,Bromley House,6901 Old York Rd,Philadelphia,PA,19126,https://www.lindyproperty.com/property/bromley-house/
17950,Estancia at Mission Grove,7871 Mission Grove Pkwy S,Riverside,CA,92508,www.estanciaapartmenthomes.com
18881,Alta Vista,1245 Morning View Dr,Escondido,CA,92026,http://www.altavistaapthomes.com/
17966,Terraces at Clearwater Beach,1121 Druid Rd,Clearwater,FL,33756,https://www.terracesatclearwaterbeach.com/
18723,The Columns at Timothy Wood,2035 Timothy Rd,Athens,GA,30606,https://www.thecolumnsattimothywoods.com/
18942,Embassy,2721 Kings Way,Las Vegas,NV,89102,https://www.wyandotteliving.com/
18361,The Heights at Marlborough,39 Briarwood Ln,Marlboro,MA,1752,https://www.heightsatmarlborough.com/
18584,Fairhill Garden,12800 Fairhill Rd,Shaker Heights,OH,44120,https://www.fairhillgardensapt.com/
18590,Greentree Village,1039 S Parker Rd,Denver,CO,80231,http://www.greentreevillage-apartments.com/
18570,Cheyenne Trails,3330 Las Vegas Blvd N,Las Vegas,NV,89115,https://www.cheyennetrailslv.com/
18158,Madrid,7125 Lennox Ave,Van Nuys,CA,91405,https://anchorpacifica.com/residential-properties/madrid-apartments
71391,The Residences at Silver Hill,3501 Terrace Dr,Suitland-Silver Hill,MD,20746,http://suitlandapts.com/
72144,Marbella,2500 Herndon Ave,Clovis,CA,93611,http://www.livingatmarbella.com
72099,Cliffs at Lone Mountain,10501 W Lone Mountain Rd,Las Vegas,NV,89129,https://www.cliffsatlonemountain.com/
71773,Cloister Gardens,845 Dawn Ave,Ephrata,PA,17522,https://www.theapartmentgallery.com/communities/cloister-gardens#k=42298
71093,Ashmore Trace Apartments,902 Wallington Cir,Greenwood,IN,46143,https://www.ashmoretrace.com/
71151,Roosevelt Row,330 E Roosevelt St,Phoenix,AZ,85004,https://arizona.weidner.com/apartments/az/phoenix/roosevelt-row/index.aspx?rcstdid=MzI%3d-GJOvflXLv8M%3d&_yTrackUser=NjkxODcwMzIwIzEyNzQyNzcwOTY%3d-4lS5yJ7cTlQ%3d&_yTrackVisit=MTI2MjU0ODY5OCMxOTc4OTQyOTAx-Yckq%2fVitbV0%3d&_yTrackReqDT=52242320200801
7191,Bristol at Sunset,2001 Ramrod Ave,Henderson,NV,89014,https://bristolatsunset.mgproperties.com/
70973,Origin,700 N Randolph St,Arlington,VA,22203,https://originballston.com/
72166,Hickory Chase,510 Heritage Dr,Madison,TN,37115,https://www.hickorychaseapts.com/
71534,Riverwalk on the Falls I,W165 N8910 Grand Ave,Menomonee Falls,WI,53051,https://www.wimmercommunities.com/apartments/menomonee-falls/riverwalk-on-the-falls/
70949,Meridian At Eagleview,659 Rice Blvd,Exton,PA,19341,https://www.meridianeagleview.com/
72944,Nicholas Square,522 Nicholas Square,Circleville,OH,43113,https://www.livenicholassquare.com/
72598,The Villages at Morgan Metro,8251 Ridgefield Blvd,Hyattsville,MD,20785,https://www.thevillagesatmorganmetro.com/
73159,Sundance at Baxter Meadows,3705 Galloway St,Bozeman,MT,59718,https://baxtermeadowsapts.com/
7305,Colonial Village at Trussville,90 Meadows Dr,Birmingham,AL,35235,https://www.maac.com/alabama/birmingham/colonial-village-at-trussville/
72991,Sunflower,3114 Byron Center Ave SW,Wyoming,MI,49519,https://www.sunflower-apartments.com/
72860,Spring Creek Apartments,800 Spring Creek Blvd,Crestview,FL,32536,https://www.springcreekcrestview.com/
72307,Mason Hills,805 Mason Hills Dr,Mason,MI,48854,https://www.masonhillsapartments.com/
7328,Willow Run Apartments,157 Treetop Dr,Fayetteville,NC,28311,https://www.willowrun-apts.com/
72738,The Villas at Wilderness Ridge,8801 Executive Woods Dr,Lincoln,NE,68512,http://www.rentthevillasatwildernessridge.com/
72704,Maple Ridge,600 Reusens Rd,Lynchburg,VA,24503,https://www.mapleridgeapts.com/
73333,The Timberline,8229 Northwoods Dr,Lincoln,NE,68505,https://www.timberlinelincoln.com/floorplans
73112,Somerset Place,5009 N Sheridan Rd,Chicago,IL,60640,www.somersetplace-apartments.com
73179,Lory of Savannah,9400 Abercorn St,Savannah,GA,31406,https://www.theloryofsavannah.com/
7332,Villas at Ibis Landing,5851 Holmberg Rd,Parkland,FL,33067,https://www.livevillasatibislanding.com/
72534,Winchell Way,3740 Winchell Ave,Kalamazoo,MI,49008,http://www.winchellwayapartments.com/
73584,Albany Corners,5735 Thorton St,Westerville,OH,43081,https://www.livealbanycorners.com/#Home
72884,Carrington Place,4010 W Trafford Ln,Coeur d'Alene,ID,83815,www.carringtonplacecda.com
7313,MAA Heathrow,1122 Greenstone Blvd,Heathrow,FL,32746,https://www.maac.com/florida/orlando/maa-heathrow/?utm_medium=local%20listing&utm_source=google&utm_campaign=gmb&utm_content=website
73955,Fairways of Inverrary,4200 Inverrary Blvd,Lauderhill,FL,33319,www.fairwayslauderhill.com
74326,Barrington Estates,8717 Old Town W Dr,Indianapolis,IN,46260,https://www.barringtonestatesapts.com/?utm_source=GMB&utm_medium=organic#Home
73786,Pickwick Farms,1540 Handball Ln,Indianapolis,IN,46260,http://www.pickwickfarms-apartments.com/
73882,Ranchwood,5740 N 59th Ave,Glendale,AZ,85301,https://www.ranchwoodisyourhome.com/?rcstdid=MzI%3d-GJOvflXLv8M%3d&_yTrackUser=MTU1NjA3OTg1NCMxODA1ODI5ODA4-ncna38N8FDw%3d&_yTrackVisit=MjcxMDAwNzg0MyMxMjQ4NzA1MDgw-AHJU45mA6XY%3d&_yTrackReqDT=34442020220903&_ga=2.73012627.1633248750.1646858673-527810358.1646858673
73930,Palmilla,5474 Reservoir Dr,San Diego,CA,92120,https://www.liveatpalmilla.com/
74519,The Jamestown,127 Yeardley Dr,Newport News,VA,23601,https://www.thejamestownapartments.com/
73715,Sussex West,34748 Lakeshore Blvd,Eastlake,OH,44095,https://www.sussexwestlife.com/
7386,The Palms at South Mountain,4424 E Baseline Rd,Phoenix,AZ,85042,https://www.thepalmsatsouthmountain.com/
74384,Fountain Park South,13861 Strathcona St,Southgate,MI,48195,https://www.fountainparksouth.com/
73966,Canyon Creek,4851 Lemay Ferry Rd,Mehlville,MO,63129,http://www.canyoncreekstl.com/
75280,Ave Somerset,199 Pierce St,Somerset,NJ,8873,https://somerset.aveliving.com/
74957,Domain at the Gate,6688 John Hickman Pkwy,Frisco,TX,75034,https://www.domainatthegate.com/
7484,Lincoln Villas on Memorial,7777 S Memorial Dr,Tulsa,OK,74133,https://oklahoma.weidner.com/apartments/ok/tulsa/lincoln-villas-on-memorial-0/floorplans
75126,Hawthorne House,2811 Loop 250 Frontage Rd,Midland,TX,79705,http://www.hawthornehouseapartmenthomes.com
74547,Vertical East,2050 N Pantano Rd,Tucson,AZ,85715,https://www.verticaleastapts.com/
75083,Reserve At Carrington Place,6511 Lexi Ln,Fayetteville,NC,28314,https://www.reserveatcarringtonplace.com/
75076,Greystone at Creekwood,1578 U.S. Hwy 19 S,Leesburg,GA,31763,https://www.greystonecreekwood.com/
7502,Village Square,503 Village Square Dr,Hazelwood,MO,63042,https://www.villagesquare-stl.com/
74592,Crosswynde Apartments,1502 Marsh Cove Ct,Tampa,FL,33619,http://www.crosswyndeapts.com/
74928,The Reserve,1084 W Oakland Ave,Johnson City,TN,37604,https://www.reservejohnsoncity.com/
75111,City Parc at the Ranch,2314 Kaliste Saloom Rd,Lafayette,LA,70508,https://www.liveatcityparc.com/
74798,The Stadium Apartments,102 N G St,Tacoma,WA,98403,http://www.thestadiumapartments.com/
7732,MAA Sunset Valley,5800 Brodie Ln,Austin,TX,78745,https://www.maac.com/texas/austin/maa-sunset-valley/
77551,Woodin Creek Village,17255 135th Ave NE,Woodinville,WA,98072,https://woodincreekvillage.com/
77045,Hardware Village East,455 W 200 N,Salt Lake City,UT,84103,https://hardwareapartments.com/
76405,Lancaster Ridge,800 Hickory Knoll Dr,Canton,GA,30114,http://www.lancasterridgeapts.com
76921,The Flats at West Broad Village,3930 Wild Goose Ln,Glen Allen,VA,23060,http://www.theflatsatwestbroadvillage.com
76708,Bahay Apartments,362 N Westlake Ave,Los Angeles,CA,90026,https://livebahay.com/
75988,Artisan at Twickenham Square,700 Dorothy Ford Ln,Huntsville,AL,35801,https://www.liveatartisanapartments.com/
77383,19 East,19 E 19th St,Bayonne,NJ,7002,http://live19east.com/
76914,Legacy at Berkeley Place,105 Fallin Blvd,Goldsboro,NC,27534,www.legacyatberkeleyplace.com
7739,Indigo Park,7600 Montgomery Blvd NE,Albuquerque,NM,87109,https://www.indigoabq.com/
77547,Main Street Flats II,10575 Main St,Bellevue,WA,98004,https://www.mainstreetbellevue.com
77986,The Conrad,3601 Jones St,Omaha,NE,68105,http://www.renttheconrad.com/
77998,The Jaxon,4450 Tropea Way,Jacksonville,FL,32246,https://www.thejaxonapts.com/
78079,Vora Mission Valley I,4440 Twain Ave,San Diego,CA,92120,https://www.voramissionvalley.com/
77973,The James,251 Admiral Cochrane Dr,Annapolis,MD,21401,http://www.thejamesluxuryliving.com/
77971,Arlo,4216 Bowman Rd,Little Rock,AR,72210,https://www.arloaptslittlerock.com/?utm_source=GMB&utm_medium=organic
7758,The Pointe of Ridgeland,831 Rice Rd,Ridgeland,MS,39157,https://www.caseusa.com/apartments/ms/ridgeland/pointe-of-ridgeland/
78134,The 24,9254 Winnetka Ave,Los Angeles,CA,91311,https://uncommondevelopers.com/apartments/the-24/
77766,Bell CityLine,1230 CityLine Dr,Richardson,TX,75082,https://www.bellcityline.com/
77719,The Parks Apartments off Main,1508 Thomas Ave,Grandview,MO,64030,https://www.theparksoffmain.com/
77994,Redwood Sugarcreek Township,4339 Callalily Dr,Sugarcreek Township,OH,45459,https://www.byredwood.com/apartments/oh/sugarcreek-township/redwood-sugarcreek-township/
77924,10x Addison Place,8633 Addison Pl Cir,Naples,FL,34119,https://www.10xaddisonplace.com/
77757,Vantage at Spring Creek,2810 Routh Creek Pkwy,Richardson,TX,75082,https://www.vantagespringcreek.com/
77700,The Oaks at Southlake Commons,130 Town Center Blvd,Clermont,FL,34714,www.theoaksatsouthlakecommons.com/
78374,Bluegrass Villas,3750 Ralph Ave,Owensboro,KY,42303,https://www.bluegrassvillas.com/
78952,River North,1600 W 12th St,Yuma,AZ,85364,https://www.rivernorthyuma.com/
78696,Linq at North Springs,6919 Peachtree Dunwoody Rd,Sandy Springs,GA,30328,https://www.linqatnorthsprings.com/
78910,Hawthorne at Friendly,900 Hobbs Rd,Greensboro,NC,27410,http://www.hawthorneatfriendly.com/
78798,Creekside on Parmer Lane,5401 E Parmer Ln,Austin,TX,78754,http://www.creeksideonparmerlane.com/
78956,Redwood Tipp City,3044 Burgoyne Ct,Tipp City,OH,45371,https://www.byredwood.com/apartments/oh/tipp-city/redwood-tipp-city/index.aspx?_yTrackUser=NjIxNjkzMzg5IzE0NTYxODg2MjI%3d-kHnq9BpWo8I%3d&_yTrackVisit=MTE0MTU4NTEwMyMxNzI5MDU1OTEx-vgtN9tu3XkY%3d&_yTrackReqDT=54121520192609
78872,The Cosmopolitan,1717 Riverside Dr,Tulsa,OK,74119,https://www.wm-thecosmopolitan.com/
788,The Courtyards of Chanticleer,1421 Automne Cir,Virginia Beach,VA,23451,http://www.courtyardsofchanticleer-prg.com/
78137,Sherman Way Luxury Apartments,18840 Sherman Way,Reseda,CA,91335,https://www.18840westshermanway.com/
78713,Amorance,2001 Commerce St,Alpharetta,GA,30009,https://www.liveamorance.com/
78694,Hays Park,828 Bebee Rd,Kyle,TX,78640,https://www.akelius-properties.us/hays-park/index.aspx?p=1&nocache=1
78192,Apple Creek Station,4369 W Roundhouse Rd,Swartz Creek,MI,48473,https://www.applecreekstation.com/
78358,Legacy Apartment Homes,101 Legacy Wy,Brunswick,GA,31525,www.legacybrunswick.com
78991,Mosaic at Levis Commons,1000 Hollister Ln,Perrysburg,OH,43551,https://www.mosaicleviscommons.com/
796,Oyster Point Place,102 Americana Dr,Newport News,VA,23606,https://www.oysterpointplace.com/
8110,The Kenmore,5415 Connecticut Ave NW,Washington,DC,20015,https://www.kenmoreapts.com/
8188,Montclair,3525 Sheffield Manor Terrace,Silver Spring,MD,20904,https://www.montclairapts.com/
8180,Paradise Falls Apartment Homes,15434 N 32nd St,Phoenix,AZ,85032,https://arizona.weidner.com/apartments/az/phoenix/paradise-falls-0/index.aspx?rcstdid=MzI%3d-GJOvflXLv8M%3d&_yTrackUser=NzI0MTgzNTM1IzEzNzc2ODQwMjA%3d-KRtCcFz%2fH7A%3d&_yTrackVisit=MTMxODkzNzgwMCMyMDY1MzMzMDQ4-L8dUXbXy4oE%3d&_yTrackReqDT=31432120202002
8125,The Retreat at Crosstown,10301 Marsh Harbor Way,Riverview,FL,33578,https://www.liveretreatct.com/
8655,Princeton Court,6121 Melody Ln,Dallas,TX,75231,www.princetoncourtapartmenthomes.com/
86942,4th & J,372 Fourth Ave,San Diego,CA,92101,https://www.live4thandj.com/
8376,Alvista 23,3181 NE 23rd St,Gresham,OR,97030,www.alvista23.com
8098,Heights of Kennesaw,1950 Barrett Lakes Blvd,Kennesaw,GA,30144,https://livebh.com/apartments/heights-of-kennesaw-apartments/?utm_source=realpage&utm_medium=referral&utm_campaign=cta
8313,Summit at Lake Union Apartment Homes,1735 Dexter Ave N,Seattle,WA,98109,https://www.thesummitatlakeunion.com/
7985,Stonesthrow,6455 SW Nyberg Ln,Tualatin,OR,97062,https://www.stonesthrowor.com/
8366,Brookside 112,4619 NE 112th Ave,Vancouver,WA,98682,https://www.brookside112.com/
86,Meridian West,2580 S Meridian,Puyallup,WA,98373,http://www.meridianwestapthomes.com
8502,Brighton Place,357 E Corporate Dr,Lewisville,TX,75067,http://www.brighton-place-apts.com/
8140,Boulder Creek,6600 SW Wilsonville Rd,Wilsonville,OR,97070,www.livebouldercreekapts.com/
9183,Infinity on the Oaks,9236 Church Rd,Dallas,TX,75231,https://www.infinityontheoaks.com/
8766,Vesper,5616 Spring Valley Rd,Dallas,TX,75254,https://www.vesperliving.com/
90544,The Woods at Alderwood,3101 184th St SW,Lynnwood,WA,98037,https://thewoodsatalderwood.com/
8966,Station 121 at Town Center,1601 Weyland Dr,North Richland Hills,TX,76180,www.station121attowncenter.com
909,Baker Tower,330 Acoma St,Denver,CO,80223,https://www.maxxproperties.com/co/denver/baker-tower-apartments/index.aspx
93977,EON Squared,444 NE 7th St,Fort Lauderdale,FL,33304,https://www.eonflaglervillage.com/
8738,The Entro At Midtown,5535 Harvest Hill Rd,Dallas,TX,75230,www.theentro.com
93497,Arterra KC,2100 Wyandotte St,Kansas City,MO,64108,https://www.arterrakc.com/
8998,The View at Lake Highlands,9855 Shadow Way,Dallas,TX,75243,https://www.theviewatlakehighlands.com/
88115,HighPoint Town Square,160 S Highpoint Dr,Romeoville,IL,60446,https://marquettemanagement.reslisting.com/highpoint-town-square/floorplans.aspx
9243,Pavilion,3500 Willowood Cir,Arlington,TX,76015,https://www.pavilionapartments.com/
8789,Flintridge,708 Woodard Way,Arlington,TX,76011,https://livebh.com/apartments/flintridge-apartment-homes/?utm_source=vanity&utm_medium=redirect&utm_campaign=flintridge-apartment-homes&original_referrer=flintridgeapartments.com
98288,980 Central,980 Central St,West Sacramento,CA,95691,https://www.980central.com/
98191,Timber,3303 Bluff St,Boulder,CO,80301,https://www.sparkboulderapts.com/timber
98089,Watermark at Steele Crossing,150 E Dunbar Ln,Fayetteville,AR,72703,https://www.steelecrossingliving.com/
97948,The Nexus at Grays Landing,415 SW 11th St,Des Moines,IA,50309,https://www.nexusgrayslanding.com/
9970,Skye Isle,3353 Lombardy Ln,Dallas,TX,75220,https://www.skyeisleapartments.com/
97934,Knapp's Corner Flats,3000 Knapp St NE,Grand Rapids,MI,49525,https://www.knappscornerflats.com/
