result_type,capture_timestamp_utc,capture_date,historical_run_date,denominator_scope,category,property_id,configured_name,source_kind,primary_property_evidence,evidence_url,source_row_id,floor_plan_name,raw_availability_value,normalized_availability_date,availability_semantic,explicit_future,source_field,adapter_parser,adapter_trace_method,adapter_route_selected,adapter_row_present,adapter_row_absence_reason,adapter_availability_key,adapter_availability_value,adapter_normalized_availability_date,adapter_availability_semantic,adapter_date_alias_hit,missed_future_by_adapter_alias,formatter_available_date,formatter_available_date_raw,formatter_availability_date_provenance,formatter_error,explicit_future_preserved_by_adapter,explicit_future_preserved_by_formatter,formatter_capture_date_default,pipeline_outcome,loss_classification,confidence,trace_note,adapter_row_json,formatter_row_json,diagnostic_trace_method,diagnostic_adapter_row_present,diagnostic_adapter_availability_key,diagnostic_adapter_availability_value,diagnostic_adapter_normalized_availability_date,diagnostic_formatter_available_date,diagnostic_formatter_availability_date_provenance,diagnostic_formatter_error,diagnostic_gap_classification,diagnostic_adapter_row_json,diagnostic_formatter_row_json,raw_evidence_json
local_current_live_no_rp_oracle_audit_not_canary,2026-08-01T10:45:19Z,2026-08-01,2026-07-31,separate_no_rp_oracle_573_rows_78_properties,REALPAGE_OLL,2114,Townes at University,realpage_public_widget_units_api,true,https://api.ws.realpage.com/v2/property/8175735/units?available=true&honordisplayorder=true,10,,2026-04-08 00:00 -0500,2026-04-08,historical_embedded,false,internalAvailableDate,_api_parser.realpage_units_to_adapter_shape,exact_current_parser,true,true,,availability_date,2026-04-08,2026-04-08,historical_embedded,true,false,2026-04-08,2026-04-08,historical_embedded,,false,false,false,HISTORICAL_SOURCE_DATE_PRESERVED,none,HIGH,"Primary trace replays the exact public /units envelope. When that envelope is unsupported, the diagnostic trace changes only response.units -> response list to isolate the next loss.","{""availability_date"":""2026-04-08"",""availability_status"":""AVAILABLE"",""available_units"":"""",""bathrooms"":"""",""bed_label"":"""",""bedrooms"":"""",""building"":"""",""concession"":"""",""deposit"":"""",""extraction_tier"":""TIER_1_API"",""floor"":"""",""floor_plan_name"":"""",""rent_range"":""$1,072"",""source_api_url"":""https://api.ws.realpage.com/v2/property/8175735/units?available=true&honordisplayorder=true"",""sqft"":""675"",""unit_number"":""10""}","{""_available_date_raw"":""2026-04-08"",""_concession_quality"":null,""_date_placeholder"":null,""_extra"":null,""_inferred_id"":null,""_rent_range_raw"":""$1,072"",""amenities"":null,""area"":675,""area_absence"":null,""area_absence_evidence"":null,""availability_date_provenance"":""historical_embedded"",""availability_status"":""AVAILABLE"",""available_date"":""2026-04-08"",""available_units"":null,""baths"":null,""beds"":null,""building"":null,""concession_source"":null,""concession_text"":null,""concession_text_clean"":null,""concession_value"":null,""date_captured"":""2026-08-01 10:45:19"",""deposit"":null,""extraction_tier"":""TIER_1_API"",""floor"":null,""floor_plan_id"":null,""floor_plan_name"":null,""is_floor_plan_level"":false,""lease_term"":null,""move_in_date"":null,""offer_banner"":null,""offer_conditions"":null,""offer_target"":null,""offer_type"":null,""offer_value"":null,""rent_high"":1072.0,""rent_low"":1072.0,""source_ids"":{},""unit_id"":""10"",""unit_name"":null}",controlled_single_change_replay_unwrap_response_units,true,availability_date,2026-04-08,2026-04-08,2026-04-08,historical_embedded,,,"{""availability_date"":""2026-04-08"",""availability_status"":""AVAILABLE"",""available_units"":"""",""bathrooms"":"""",""bed_label"":"""",""bedrooms"":"""",""building"":"""",""concession"":"""",""deposit"":"""",""extraction_tier"":""TIER_1_API"",""floor"":"""",""floor_plan_name"":"""",""rent_range"":""$1,072"",""source_api_url"":""https://api.ws.realpage.com/v2/property/8175735/units?available=true&honordisplayorder=true"",""sqft"":""675"",""unit_number"":""10""}","{""_available_date_raw"":""2026-04-08"",""_concession_quality"":null,""_date_placeholder"":null,""_extra"":null,""_inferred_id"":null,""_rent_range_raw"":""$1,072"",""amenities"":null,""area"":675,""area_absence"":null,""area_absence_evidence"":null,""availability_date_provenance"":""historical_embedded"",""availability_status"":""AVAILABLE"",""available_date"":""2026-04-08"",""available_units"":null,""baths"":null,""beds"":null,""building"":null,""concession_source"":null,""concession_text"":null,""concession_text_clean"":null,""concession_value"":null,""date_captured"":""2026-08-01 10:45:19"",""deposit"":null,""extraction_tier"":""TIER_1_API"",""floor"":null,""floor_plan_id"":null,""floor_plan_name"":null,""is_floor_plan_level"":false,""lease_term"":null,""move_in_date"":null,""offer_banner"":null,""offer_conditions"":null,""offer_target"":null,""offer_type"":null,""offer_value"":null,""rent_high"":1072.0,""rent_low"":1072.0,""source_ids"":{},""unit_id"":""10"",""unit_name"":null}","{""floorplanId"":9628354,""id"":13479867,""internalAvailableDate"":""2026-04-08 00:00 -0500"",""leaseStatus"":""AVAILABLE_READY"",""name"":""10"",""rent"":1072,""unitNumber"":""10"",""vacantDate"":""2026-04-24 00:00 -0000""}"
local_current_live_no_rp_oracle_audit_not_canary,2026-08-01T10:45:19Z,2026-08-01,2026-07-31,separate_no_rp_oracle_573_rows_78_properties,REALPAGE_OLL,2114,Townes at University,realpage_public_widget_units_api,true,https://api.ws.realpage.com/v2/property/8175735/units?available=true&honordisplayorder=true,08,,2026-04-02 00:00 -0500,2026-04-02,historical_embedded,false,internalAvailableDate,_api_parser.realpage_units_to_adapter_shape,exact_current_parser,true,true,,availability_date,2026-04-02,2026-04-02,historical_embedded,true,false,2026-04-02,2026-04-02,historical_embedded,,false,false,false,HISTORICAL_SOURCE_DATE_PRESERVED,none,HIGH,"Primary trace replays the exact public /units envelope. When that envelope is unsupported, the diagnostic trace changes only response.units -> response list to isolate the next loss.","{""availability_date"":""2026-04-02"",""availability_status"":""AVAILABLE"",""available_units"":"""",""bathrooms"":"""",""bed_label"":"""",""bedrooms"":"""",""building"":"""",""concession"":"""",""deposit"":"""",""extraction_tier"":""TIER_1_API"",""floor"":"""",""floor_plan_name"":"""",""rent_range"":""$1,072"",""source_api_url"":""https://api.ws.realpage.com/v2/property/8175735/units?available=true&honordisplayorder=true"",""sqft"":""675"",""unit_number"":""08""}","{""_available_date_raw"":""2026-04-02"",""_concession_quality"":null,""_date_placeholder"":null,""_extra"":null,""_inferred_id"":null,""_rent_range_raw"":""$1,072"",""amenities"":null,""area"":675,""area_absence"":null,""area_absence_evidence"":null,""availability_date_provenance"":""historical_embedded"",""availability_status"":""AVAILABLE"",""available_date"":""2026-04-02"",""available_units"":null,""baths"":null,""beds"":null,""building"":null,""concession_source"":null,""concession_text"":null,""concession_text_clean"":null,""concession_value"":null,""date_captured"":""2026-08-01 10:45:19"",""deposit"":null,""extraction_tier"":""TIER_1_API"",""floor"":null,""floor_plan_id"":null,""floor_plan_name"":null,""is_floor_plan_level"":false,""lease_term"":null,""move_in_date"":null,""offer_banner"":null,""offer_conditions"":null,""offer_target"":null,""offer_type"":null,""offer_value"":null,""rent_high"":1072.0,""rent_low"":1072.0,""source_ids"":{},""unit_id"":""08"",""unit_name"":null}",controlled_single_change_replay_unwrap_response_units,true,availability_date,2026-04-02,2026-04-02,2026-04-02,historical_embedded,,,"{""availability_date"":""2026-04-02"",""availability_status"":""AVAILABLE"",""available_units"":"""",""bathrooms"":"""",""bed_label"":"""",""bedrooms"":"""",""building"":"""",""concession"":"""",""deposit"":"""",""extraction_tier"":""TIER_1_API"",""floor"":"""",""floor_plan_name"":"""",""rent_range"":""$1,072"",""source_api_url"":""https://api.ws.realpage.com/v2/property/8175735/units?available=true&honordisplayorder=true"",""sqft"":""675"",""unit_number"":""08""}","{""_available_date_raw"":""2026-04-02"",""_concession_quality"":null,""_date_placeholder"":null,""_extra"":null,""_inferred_id"":null,""_rent_range_raw"":""$1,072"",""amenities"":null,""area"":675,""area_absence"":null,""area_absence_evidence"":null,""availability_date_provenance"":""historical_embedded"",""availability_status"":""AVAILABLE"",""available_date"":""2026-04-02"",""available_units"":null,""baths"":null,""beds"":null,""building"":null,""concession_source"":null,""concession_text"":null,""concession_text_clean"":null,""concession_value"":null,""date_captured"":""2026-08-01 10:45:19"",""deposit"":null,""extraction_tier"":""TIER_1_API"",""floor"":null,""floor_plan_id"":null,""floor_plan_name"":null,""is_floor_plan_level"":false,""lease_term"":null,""move_in_date"":null,""offer_banner"":null,""offer_conditions"":null,""offer_target"":null,""offer_type"":null,""offer_value"":null,""rent_high"":1072.0,""rent_low"":1072.0,""source_ids"":{},""unit_id"":""08"",""unit_name"":null}","{""floorplanId"":9628354,""id"":13479883,""internalAvailableDate"":""2026-04-02 00:00 -0500"",""leaseStatus"":""AVAILABLE_READY"",""name"":""08"",""rent"":1072,""unitNumber"":""08"",""vacantDate"":""2026-05-04 00:00 -0000""}"
local_current_live_no_rp_oracle_audit_not_canary,2026-08-01T10:45:19Z,2026-08-01,2026-07-31,separate_no_rp_oracle_573_rows_78_properties,REALPAGE_OLL,2114,Townes at University,realpage_public_widget_units_api,true,https://api.ws.realpage.com/v2/property/8175735/units?available=true&honordisplayorder=true,10,,2026-05-30 00:00 -0500,2026-05-30,historical_embedded,false,internalAvailableDate,_api_parser.realpage_units_to_adapter_shape,exact_current_parser,true,true,,availability_date,2026-05-30,2026-05-30,historical_embedded,true,false,2026-05-30,2026-05-30,historical_embedded,,false,false,false,HISTORICAL_SOURCE_DATE_PRESERVED,none,HIGH,"Primary trace replays the exact public /units envelope. When that envelope is unsupported, the diagnostic trace changes only response.units -> response list to isolate the next loss.","{""availability_date"":""2026-05-30"",""availability_status"":""AVAILABLE"",""available_units"":"""",""bathrooms"":"""",""bed_label"":"""",""bedrooms"":"""",""building"":"""",""concession"":"""",""deposit"":"""",""extraction_tier"":""TIER_1_API"",""floor"":"""",""floor_plan_name"":"""",""rent_range"":""$1,022"",""source_api_url"":""https://api.ws.realpage.com/v2/property/8175735/units?available=true&honordisplayorder=true"",""sqft"":""756"",""unit_number"":""10""}","{""_available_date_raw"":""2026-05-30"",""_concession_quality"":null,""_date_placeholder"":null,""_extra"":null,""_inferred_id"":null,""_rent_range_raw"":""$1,022"",""amenities"":null,""area"":756,""area_absence"":null,""area_absence_evidence"":null,""availability_date_provenance"":""historical_embedded"",""availability_status"":""AVAILABLE"",""available_date"":""2026-05-30"",""available_units"":null,""baths"":null,""beds"":null,""building"":null,""concession_source"":null,""concession_text"":null,""concession_text_clean"":null,""concession_value"":null,""date_captured"":""2026-08-01 10:45:19"",""deposit"":null,""extraction_tier"":""TIER_1_API"",""floor"":null,""floor_plan_id"":null,""floor_plan_name"":null,""is_floor_plan_level"":false,""lease_term"":null,""move_in_date"":null,""offer_banner"":null,""offer_conditions"":null,""offer_target"":null,""offer_type"":null,""offer_value"":null,""rent_high"":1022.0,""rent_low"":1022.0,""source_ids"":{},""unit_id"":""10"",""unit_name"":null}",controlled_single_change_replay_unwrap_response_units,true,availability_date,2026-05-30,2026-05-30,2026-05-30,historical_embedded,,,"{""availability_date"":""2026-05-30"",""availability_status"":""AVAILABLE"",""available_units"":"""",""bathrooms"":"""",""bed_label"":"""",""bedrooms"":"""",""building"":"""",""concession"":"""",""deposit"":"""",""extraction_tier"":""TIER_1_API"",""floor"":"""",""floor_plan_name"":"""",""rent_range"":""$1,022"",""source_api_url"":""https://api.ws.realpage.com/v2/property/8175735/units?available=true&honordisplayorder=true"",""sqft"":""756"",""unit_number"":""10""}","{""_available_date_raw"":""2026-05-30"",""_concession_quality"":null,""_date_placeholder"":null,""_extra"":null,""_inferred_id"":null,""_rent_range_raw"":""$1,022"",""amenities"":null,""area"":756,""area_absence"":null,""area_absence_evidence"":null,""availability_date_provenance"":""historical_embedded"",""availability_status"":""AVAILABLE"",""available_date"":""2026-05-30"",""available_units"":null,""baths"":null,""beds"":null,""building"":null,""concession_source"":null,""concession_text"":null,""concession_text_clean"":null,""concession_value"":null,""date_captured"":""2026-08-01 10:45:19"",""deposit"":null,""extraction_tier"":""TIER_1_API"",""floor"":null,""floor_plan_id"":null,""floor_plan_name"":null,""is_floor_plan_level"":false,""lease_term"":null,""move_in_date"":null,""offer_banner"":null,""offer_conditions"":null,""offer_target"":null,""offer_type"":null,""offer_value"":null,""rent_high"":1022.0,""rent_low"":1022.0,""source_ids"":{},""unit_id"":""10"",""unit_name"":null}","{""floorplanId"":9628355,""id"":13480017,""internalAvailableDate"":""2026-05-30 00:00 -0500"",""leaseStatus"":""AVAILABLE_READY"",""name"":""10"",""rent"":1022,""unitNumber"":""10"",""vacantDate"":""2026-06-05 00:00 -0000""}"
local_current_live_no_rp_oracle_audit_not_canary,2026-08-01T10:45:19Z,2026-08-01,2026-07-31,separate_no_rp_oracle_573_rows_78_properties,REALPAGE_OLL,2114,Townes at University,realpage_public_widget_units_api,true,https://api.ws.realpage.com/v2/property/8175735/units?available=true&honordisplayorder=true,05,,2026-06-13 00:00 -0500,2026-06-13,historical_embedded,false,internalAvailableDate,_api_parser.realpage_units_to_adapter_shape,exact_current_parser,true,true,,availability_date,2026-06-13,2026-06-13,historical_embedded,true,false,2026-06-13,2026-06-13,historical_embedded,,false,false,false,HISTORICAL_SOURCE_DATE_PRESERVED,none,HIGH,"Primary trace replays the exact public /units envelope. When that envelope is unsupported, the diagnostic trace changes only response.units -> response list to isolate the next loss.","{""availability_date"":""2026-06-13"",""availability_status"":""AVAILABLE"",""available_units"":"""",""bathrooms"":"""",""bed_label"":"""",""bedrooms"":"""",""building"":"""",""concession"":"""",""deposit"":"""",""extraction_tier"":""TIER_1_API"",""floor"":"""",""floor_plan_name"":"""",""rent_range"":""$1,033"",""source_api_url"":""https://api.ws.realpage.com/v2/property/8175735/units?available=true&honordisplayorder=true"",""sqft"":""756"",""unit_number"":""05""}","{""_available_date_raw"":""2026-06-13"",""_concession_quality"":null,""_date_placeholder"":null,""_extra"":null,""_inferred_id"":null,""_rent_range_raw"":""$1,033"",""amenities"":null,""area"":756,""area_absence"":null,""area_absence_evidence"":null,""availability_date_provenance"":""historical_embedded"",""availability_status"":""AVAILABLE"",""available_date"":""2026-06-13"",""available_units"":null,""baths"":null,""beds"":null,""building"":null,""concession_source"":null,""concession_text"":null,""concession_text_clean"":null,""concession_value"":null,""date_captured"":""2026-08-01 10:45:19"",""deposit"":null,""extraction_tier"":""TIER_1_API"",""floor"":null,""floor_plan_id"":null,""floor_plan_name"":null,""is_floor_plan_level"":false,""lease_term"":null,""move_in_date"":null,""offer_banner"":null,""offer_conditions"":null,""offer_target"":null,""offer_type"":null,""offer_value"":null,""rent_high"":1033.0,""rent_low"":1033.0,""source_ids"":{},""unit_id"":""05"",""unit_name"":null}",controlled_single_change_replay_unwrap_response_units,true,availability_date,2026-06-13,2026-06-13,2026-06-13,historical_embedded,,,"{""availability_date"":""2026-06-13"",""availability_status"":""AVAILABLE"",""available_units"":"""",""bathrooms"":"""",""bed_label"":"""",""bedrooms"":"""",""building"":"""",""concession"":"""",""deposit"":"""",""extraction_tier"":""TIER_1_API"",""floor"":"""",""floor_plan_name"":"""",""rent_range"":""$1,033"",""source_api_url"":""https://api.ws.realpage.com/v2/property/8175735/units?available=true&honordisplayorder=true"",""sqft"":""756"",""unit_number"":""05""}","{""_available_date_raw"":""2026-06-13"",""_concession_quality"":null,""_date_placeholder"":null,""_extra"":null,""_inferred_id"":null,""_rent_range_raw"":""$1,033"",""amenities"":null,""area"":756,""area_absence"":null,""area_absence_evidence"":null,""availability_date_provenance"":""historical_embedded"",""availability_status"":""AVAILABLE"",""available_date"":""2026-06-13"",""available_units"":null,""baths"":null,""beds"":null,""building"":null,""concession_source"":null,""concession_text"":null,""concession_text_clean"":null,""concession_value"":null,""date_captured"":""2026-08-01 10:45:19"",""deposit"":null,""extraction_tier"":""TIER_1_API"",""floor"":null,""floor_plan_id"":null,""floor_plan_name"":null,""is_floor_plan_level"":false,""lease_term"":null,""move_in_date"":null,""offer_banner"":null,""offer_conditions"":null,""offer_target"":null,""offer_type"":null,""offer_value"":null,""rent_high"":1033.0,""rent_low"":1033.0,""source_ids"":{},""unit_id"":""05"",""unit_name"":null}","{""floorplanId"":9628355,""id"":13480006,""internalAvailableDate"":""2026-06-13 00:00 -0500"",""leaseStatus"":""AVAILABLE_READY"",""name"":""05"",""rent"":1033,""unitNumber"":""05"",""vacantDate"":""2026-07-21 00:00 -0000""}"
local_current_live_no_rp_oracle_audit_not_canary,2026-08-01T10:45:19Z,2026-08-01,2026-07-31,separate_no_rp_oracle_573_rows_78_properties,REALPAGE_OLL,2114,Townes at University,realpage_public_widget_units_api,true,https://api.ws.realpage.com/v2/property/8175735/units?available=true&honordisplayorder=true,06,,2026-06-19 00:00 -0500,2026-06-19,historical_embedded,false,internalAvailableDate,_api_parser.realpage_units_to_adapter_shape,exact_current_parser,true,true,,availability_date,2026-06-19,2026-06-19,historical_embedded,true,false,2026-06-19,2026-06-19,historical_embedded,,false,false,false,HISTORICAL_SOURCE_DATE_PRESERVED,none,HIGH,"Primary trace replays the exact public /units envelope. When that envelope is unsupported, the diagnostic trace changes only response.units -> response list to isolate the next loss.","{""availability_date"":""2026-06-19"",""availability_status"":""AVAILABLE"",""available_units"":"""",""bathrooms"":"""",""bed_label"":"""",""bedrooms"":"""",""building"":"""",""concession"":"""",""deposit"":"""",""extraction_tier"":""TIER_1_API"",""floor"":"""",""floor_plan_name"":"""",""rent_range"":""$1,134"",""source_api_url"":""https://api.ws.realpage.com/v2/property/8175735/units?available=true&honordisplayorder=true"",""sqft"":""756"",""unit_number"":""06""}","{""_available_date_raw"":""2026-06-19"",""_concession_quality"":null,""_date_placeholder"":null,""_extra"":null,""_inferred_id"":null,""_rent_range_raw"":""$1,134"",""amenities"":null,""area"":756,""area_absence"":null,""area_absence_evidence"":null,""availability_date_provenance"":""historical_embedded"",""availability_status"":""AVAILABLE"",""available_date"":""2026-06-19"",""available_units"":null,""baths"":null,""beds"":null,""building"":null,""concession_source"":null,""concession_text"":null,""concession_text_clean"":null,""concession_value"":null,""date_captured"":""2026-08-01 10:45:19"",""deposit"":null,""extraction_tier"":""TIER_1_API"",""floor"":null,""floor_plan_id"":null,""floor_plan_name"":null,""is_floor_plan_level"":false,""lease_term"":null,""move_in_date"":null,""offer_banner"":null,""offer_conditions"":null,""offer_target"":null,""offer_type"":null,""offer_value"":null,""rent_high"":1134.0,""rent_low"":1134.0,""source_ids"":{},""unit_id"":""06"",""unit_name"":null}",controlled_single_change_replay_unwrap_response_units,true,availability_date,2026-06-19,2026-06-19,2026-06-19,historical_embedded,,,"{""availability_date"":""2026-06-19"",""availability_status"":""AVAILABLE"",""available_units"":"""",""bathrooms"":"""",""bed_label"":"""",""bedrooms"":"""",""building"":"""",""concession"":"""",""deposit"":"""",""extraction_tier"":""TIER_1_API"",""floor"":"""",""floor_plan_name"":"""",""rent_range"":""$1,134"",""source_api_url"":""https://api.ws.realpage.com/v2/property/8175735/units?available=true&honordisplayorder=true"",""sqft"":""756"",""unit_number"":""06""}","{""_available_date_raw"":""2026-06-19"",""_concession_quality"":null,""_date_placeholder"":null,""_extra"":null,""_inferred_id"":null,""_rent_range_raw"":""$1,134"",""amenities"":null,""area"":756,""area_absence"":null,""area_absence_evidence"":null,""availability_date_provenance"":""historical_embedded"",""availability_status"":""AVAILABLE"",""available_date"":""2026-06-19"",""available_units"":null,""baths"":null,""beds"":null,""building"":null,""concession_source"":null,""concession_text"":null,""concession_text_clean"":null,""concession_value"":null,""date_captured"":""2026-08-01 10:45:19"",""deposit"":null,""extraction_tier"":""TIER_1_API"",""floor"":null,""floor_plan_id"":null,""floor_plan_name"":null,""is_floor_plan_level"":false,""lease_term"":null,""move_in_date"":null,""offer_banner"":null,""offer_conditions"":null,""offer_target"":null,""offer_type"":null,""offer_value"":null,""rent_high"":1134.0,""rent_low"":1134.0,""source_ids"":{},""unit_id"":""06"",""unit_name"":null}","{""floorplanId"":9628355,""id"":13479907,""internalAvailableDate"":""2026-06-19 00:00 -0500"",""leaseStatus"":""AVAILABLE_READY"",""name"":""06"",""rent"":1134,""unitNumber"":""06"",""vacantDate"":""2026-07-22 00:00 -0000""}"
local_current_live_no_rp_oracle_audit_not_canary,2026-08-01T10:45:19Z,2026-08-01,2026-07-31,separate_no_rp_oracle_573_rows_78_properties,REALPAGE_OLL,2114,Townes at University,realpage_public_widget_units_api,true,https://api.ws.realpage.com/v2/property/8175735/units?available=true&honordisplayorder=true,2,,2026-06-17 00:00 -0500,2026-06-17,historical_embedded,false,internalAvailableDate,_api_parser.realpage_units_to_adapter_shape,exact_current_parser,true,true,,availability_date,2026-06-17,2026-06-17,historical_embedded,true,false,2026-06-17,2026-06-17,historical_embedded,,false,false,false,HISTORICAL_SOURCE_DATE_PRESERVED,none,HIGH,"Primary trace replays the exact public /units envelope. When that envelope is unsupported, the diagnostic trace changes only response.units -> response list to isolate the next loss.","{""availability_date"":""2026-06-17"",""availability_status"":""AVAILABLE"",""available_units"":"""",""bathrooms"":"""",""bed_label"":"""",""bedrooms"":"""",""building"":"""",""concession"":"""",""deposit"":"""",""extraction_tier"":""TIER_1_API"",""floor"":"""",""floor_plan_name"":"""",""rent_range"":""$1,141"",""source_api_url"":""https://api.ws.realpage.com/v2/property/8175735/units?available=true&honordisplayorder=true"",""sqft"":""756"",""unit_number"":""2""}","{""_available_date_raw"":""2026-06-17"",""_concession_quality"":null,""_date_placeholder"":null,""_extra"":null,""_inferred_id"":null,""_rent_range_raw"":""$1,141"",""amenities"":null,""area"":756,""area_absence"":null,""area_absence_evidence"":null,""availability_date_provenance"":""historical_embedded"",""availability_status"":""AVAILABLE"",""available_date"":""2026-06-17"",""available_units"":null,""baths"":null,""beds"":null,""building"":null,""concession_source"":null,""concession_text"":null,""concession_text_clean"":null,""concession_value"":null,""date_captured"":""2026-08-01 10:45:19"",""deposit"":null,""extraction_tier"":""TIER_1_API"",""floor"":null,""floor_plan_id"":null,""floor_plan_name"":null,""is_floor_plan_level"":false,""lease_term"":null,""move_in_date"":null,""offer_banner"":null,""offer_conditions"":null,""offer_target"":null,""offer_type"":null,""offer_value"":null,""rent_high"":1141.0,""rent_low"":1141.0,""source_ids"":{},""unit_id"":""2"",""unit_name"":null}",controlled_single_change_replay_unwrap_response_units,true,availability_date,2026-06-17,2026-06-17,2026-06-17,historical_embedded,,,"{""availability_date"":""2026-06-17"",""availability_status"":""AVAILABLE"",""available_units"":"""",""bathrooms"":"""",""bed_label"":"""",""bedrooms"":"""",""building"":"""",""concession"":"""",""deposit"":"""",""extraction_tier"":""TIER_1_API"",""floor"":"""",""floor_plan_name"":"""",""rent_range"":""$1,141"",""source_api_url"":""https://api.ws.realpage.com/v2/property/8175735/units?available=true&honordisplayorder=true"",""sqft"":""756"",""unit_number"":""2""}","{""_available_date_raw"":""2026-06-17"",""_concession_quality"":null,""_date_placeholder"":null,""_extra"":null,""_inferred_id"":null,""_rent_range_raw"":""$1,141"",""amenities"":null,""area"":756,""area_absence"":null,""area_absence_evidence"":null,""availability_date_provenance"":""historical_embedded"",""availability_status"":""AVAILABLE"",""available_date"":""2026-06-17"",""available_units"":null,""baths"":null,""beds"":null,""building"":null,""concession_source"":null,""concession_text"":null,""concession_text_clean"":null,""concession_value"":null,""date_captured"":""2026-08-01 10:45:19"",""deposit"":null,""extraction_tier"":""TIER_1_API"",""floor"":null,""floor_plan_id"":null,""floor_plan_name"":null,""is_floor_plan_level"":false,""lease_term"":null,""move_in_date"":null,""offer_banner"":null,""offer_conditions"":null,""offer_target"":null,""offer_type"":null,""offer_value"":null,""rent_high"":1141.0,""rent_low"":1141.0,""source_ids"":{},""unit_id"":""2"",""unit_name"":null}","{""floorplanId"":9628355,""id"":13479923,""internalAvailableDate"":""2026-06-17 00:00 -0500"",""leaseStatus"":""AVAILABLE_READY"",""name"":""2"",""rent"":1141,""unitNumber"":""2"",""vacantDate"":""2026-07-30 00:00 -0000""}"
local_current_live_no_rp_oracle_audit_not_canary,2026-08-01T10:45:19Z,2026-08-01,2026-07-31,separate_no_rp_oracle_573_rows_78_properties,REALPAGE_OLL,2114,Townes at University,realpage_public_widget_units_api,true,https://api.ws.realpage.com/v2/property/8175735/units?available=true&honordisplayorder=true,03,,2026-07-14 00:00 -0500,2026-07-14,historical_embedded,false,internalAvailableDate,_api_parser.realpage_units_to_adapter_shape,exact_current_parser,true,true,,availability_date,2026-07-14,2026-07-14,historical_embedded,true,false,2026-07-14,2026-07-14,historical_embedded,,false,false,false,HISTORICAL_SOURCE_DATE_PRESERVED,none,HIGH,"Primary trace replays the exact public /units envelope. When that envelope is unsupported, the diagnostic trace changes only response.units -> response list to isolate the next loss.","{""availability_date"":""2026-07-14"",""availability_status"":""AVAILABLE"",""available_units"":"""",""bathrooms"":"""",""bed_label"":"""",""bedrooms"":"""",""building"":"""",""concession"":"""",""deposit"":"""",""extraction_tier"":""TIER_1_API"",""floor"":"""",""floor_plan_name"":"""",""rent_range"":""$1,141"",""source_api_url"":""https://api.ws.realpage.com/v2/property/8175735/units?available=true&honordisplayorder=true"",""sqft"":""756"",""unit_number"":""03""}","{""_available_date_raw"":""2026-07-14"",""_concession_quality"":null,""_date_placeholder"":null,""_extra"":null,""_inferred_id"":null,""_rent_range_raw"":""$1,141"",""amenities"":null,""area"":756,""area_absence"":null,""area_absence_evidence"":null,""availability_date_provenance"":""historical_embedded"",""availability_status"":""AVAILABLE"",""available_date"":""2026-07-14"",""available_units"":null,""baths"":null,""beds"":null,""building"":null,""concession_source"":null,""concession_text"":null,""concession_text_clean"":null,""concession_value"":null,""date_captured"":""2026-08-01 10:45:19"",""deposit"":null,""extraction_tier"":""TIER_1_API"",""floor"":null,""floor_plan_id"":null,""floor_plan_name"":null,""is_floor_plan_level"":false,""lease_term"":null,""move_in_date"":null,""offer_banner"":null,""offer_conditions"":null,""offer_target"":null,""offer_type"":null,""offer_value"":null,""rent_high"":1141.0,""rent_low"":1141.0,""source_ids"":{},""unit_id"":""03"",""unit_name"":null}",controlled_single_change_replay_unwrap_response_units,true,availability_date,2026-07-14,2026-07-14,2026-07-14,historical_embedded,,,"{""availability_date"":""2026-07-14"",""availability_status"":""AVAILABLE"",""available_units"":"""",""bathrooms"":"""",""bed_label"":"""",""bedrooms"":"""",""building"":"""",""concession"":"""",""deposit"":"""",""extraction_tier"":""TIER_1_API"",""floor"":"""",""floor_plan_name"":"""",""rent_range"":""$1,141"",""source_api_url"":""https://api.ws.realpage.com/v2/property/8175735/units?available=true&honordisplayorder=true"",""sqft"":""756"",""unit_number"":""03""}","{""_available_date_raw"":""2026-07-14"",""_concession_quality"":null,""_date_placeholder"":null,""_extra"":null,""_inferred_id"":null,""_rent_range_raw"":""$1,141"",""amenities"":null,""area"":756,""area_absence"":null,""area_absence_evidence"":null,""availability_date_provenance"":""historical_embedded"",""availability_status"":""AVAILABLE"",""available_date"":""2026-07-14"",""available_units"":null,""baths"":null,""beds"":null,""building"":null,""concession_source"":null,""concession_text"":null,""concession_text_clean"":null,""concession_value"":null,""date_captured"":""2026-08-01 10:45:19"",""deposit"":null,""extraction_tier"":""TIER_1_API"",""floor"":null,""floor_plan_id"":null,""floor_plan_name"":null,""is_floor_plan_level"":false,""lease_term"":null,""move_in_date"":null,""offer_banner"":null,""offer_conditions"":null,""offer_target"":null,""offer_type"":null,""offer_value"":null,""rent_high"":1141.0,""rent_low"":1141.0,""source_ids"":{},""unit_id"":""03"",""unit_name"":null}","{""floorplanId"":9628355,""id"":13479975,""internalAvailableDate"":""2026-07-14 00:00 -0500"",""leaseStatus"":""AVAILABLE_READY"",""name"":""03"",""rent"":1141,""unitNumber"":""03"",""vacantDate"":""2026-08-01 00:00 -0000""}"
local_current_live_no_rp_oracle_audit_not_canary,2026-08-01T10:45:19Z,2026-08-01,2026-07-31,separate_no_rp_oracle_573_rows_78_properties,REALPAGE_OLL,2114,Townes at University,realpage_public_widget_units_api,true,https://api.ws.realpage.com/v2/property/8175735/units?available=true&honordisplayorder=true,1,,2026-06-23 00:00 -0500,2026-06-23,historical_embedded,false,internalAvailableDate,_api_parser.realpage_units_to_adapter_shape,exact_current_parser,true,true,,availability_date,2026-06-23,2026-06-23,historical_embedded,true,false,2026-06-23,2026-06-23,historical_embedded,,false,false,false,HISTORICAL_SOURCE_DATE_PRESERVED,none,HIGH,"Primary trace replays the exact public /units envelope. When that envelope is unsupported, the diagnostic trace changes only response.units -> response list to isolate the next loss.","{""availability_date"":""2026-06-23"",""availability_status"":""AVAILABLE"",""available_units"":"""",""bathrooms"":"""",""bed_label"":"""",""bedrooms"":"""",""building"":"""",""concession"":"""",""deposit"":"""",""extraction_tier"":""TIER_1_API"",""floor"":"""",""floor_plan_name"":"""",""rent_range"":""$1,025"",""source_api_url"":""https://api.ws.realpage.com/v2/property/8175735/units?available=true&honordisplayorder=true"",""sqft"":""756"",""unit_number"":""1""}","{""_available_date_raw"":""2026-06-23"",""_concession_quality"":null,""_date_placeholder"":null,""_extra"":null,""_inferred_id"":null,""_rent_range_raw"":""$1,025"",""amenities"":null,""area"":756,""area_absence"":null,""area_absence_evidence"":null,""availability_date_provenance"":""historical_embedded"",""availability_status"":""AVAILABLE"",""available_date"":""2026-06-23"",""available_units"":null,""baths"":null,""beds"":null,""building"":null,""concession_source"":null,""concession_text"":null,""concession_text_clean"":null,""concession_value"":null,""date_captured"":""2026-08-01 10:45:19"",""deposit"":null,""extraction_tier"":""TIER_1_API"",""floor"":null,""floor_plan_id"":null,""floor_plan_name"":null,""is_floor_plan_level"":false,""lease_term"":null,""move_in_date"":null,""offer_banner"":null,""offer_conditions"":null,""offer_target"":null,""offer_type"":null,""offer_value"":null,""rent_high"":1025.0,""rent_low"":1025.0,""source_ids"":{},""unit_id"":""1"",""unit_name"":null}",controlled_single_change_replay_unwrap_response_units,true,availability_date,2026-06-23,2026-06-23,2026-06-23,historical_embedded,,,"{""availability_date"":""2026-06-23"",""availability_status"":""AVAILABLE"",""available_units"":"""",""bathrooms"":"""",""bed_label"":"""",""bedrooms"":"""",""building"":"""",""concession"":"""",""deposit"":"""",""extraction_tier"":""TIER_1_API"",""floor"":"""",""floor_plan_name"":"""",""rent_range"":""$1,025"",""source_api_url"":""https://api.ws.realpage.com/v2/property/8175735/units?available=true&honordisplayorder=true"",""sqft"":""756"",""unit_number"":""1""}","{""_available_date_raw"":""2026-06-23"",""_concession_quality"":null,""_date_placeholder"":null,""_extra"":null,""_inferred_id"":null,""_rent_range_raw"":""$1,025"",""amenities"":null,""area"":756,""area_absence"":null,""area_absence_evidence"":null,""availability_date_provenance"":""historical_embedded"",""availability_status"":""AVAILABLE"",""available_date"":""2026-06-23"",""available_units"":null,""baths"":null,""beds"":null,""building"":null,""concession_source"":null,""concession_text"":null,""concession_text_clean"":null,""concession_value"":null,""date_captured"":""2026-08-01 10:45:19"",""deposit"":null,""extraction_tier"":""TIER_1_API"",""floor"":null,""floor_plan_id"":null,""floor_plan_name"":null,""is_floor_plan_level"":false,""lease_term"":null,""move_in_date"":null,""offer_banner"":null,""offer_conditions"":null,""offer_target"":null,""offer_type"":null,""offer_value"":null,""rent_high"":1025.0,""rent_low"":1025.0,""source_ids"":{},""unit_id"":""1"",""unit_name"":null}","{""floorplanId"":9628355,""id"":13479927,""internalAvailableDate"":""2026-06-23 00:00 -0500"",""leaseStatus"":""AVAILABLE_READY"",""name"":""1"",""rent"":1025,""unitNumber"":""1"",""vacantDate"":""2026-08-06 00:00 -0000""}"
local_current_live_no_rp_oracle_audit_not_canary,2026-08-01T10:45:19Z,2026-08-01,2026-07-31,separate_no_rp_oracle_573_rows_78_properties,REALPAGE_OLL,2114,Townes at University,realpage_public_widget_units_api,true,https://api.ws.realpage.com/v2/property/8175735/units?available=true&honordisplayorder=true,06,,2026-07-25 00:00 -0500,2026-07-25,historical_embedded,false,internalAvailableDate,_api_parser.realpage_units_to_adapter_shape,exact_current_parser,true,true,,availability_date,2026-07-25,2026-07-25,historical_embedded,true,false,2026-07-25,2026-07-25,historical_embedded,,false,false,false,HISTORICAL_SOURCE_DATE_PRESERVED,none,HIGH,"Primary trace replays the exact public /units envelope. When that envelope is unsupported, the diagnostic trace changes only response.units -> response list to isolate the next loss.","{""availability_date"":""2026-07-25"",""availability_status"":""AVAILABLE"",""available_units"":"""",""bathrooms"":"""",""bed_label"":"""",""bedrooms"":"""",""building"":"""",""concession"":"""",""deposit"":"""",""extraction_tier"":""TIER_1_API"",""floor"":"""",""floor_plan_name"":"""",""rent_range"":""$1,125"",""source_api_url"":""https://api.ws.realpage.com/v2/property/8175735/units?available=true&honordisplayorder=true"",""sqft"":""756"",""unit_number"":""06""}","{""_available_date_raw"":""2026-07-25"",""_concession_quality"":null,""_date_placeholder"":null,""_extra"":null,""_inferred_id"":null,""_rent_range_raw"":""$1,125"",""amenities"":null,""area"":756,""area_absence"":null,""area_absence_evidence"":null,""availability_date_provenance"":""historical_embedded"",""availability_status"":""AVAILABLE"",""available_date"":""2026-07-25"",""available_units"":null,""baths"":null,""beds"":null,""building"":null,""concession_source"":null,""concession_text"":null,""concession_text_clean"":null,""concession_value"":null,""date_captured"":""2026-08-01 10:45:19"",""deposit"":null,""extraction_tier"":""TIER_1_API"",""floor"":null,""floor_plan_id"":null,""floor_plan_name"":null,""is_floor_plan_level"":false,""lease_term"":null,""move_in_date"":null,""offer_banner"":null,""offer_conditions"":null,""offer_target"":null,""offer_type"":null,""offer_value"":null,""rent_high"":1125.0,""rent_low"":1125.0,""source_ids"":{},""unit_id"":""06"",""unit_name"":null}",controlled_single_change_replay_unwrap_response_units,true,availability_date,2026-07-25,2026-07-25,2026-07-25,historical_embedded,,,"{""availability_date"":""2026-07-25"",""availability_status"":""AVAILABLE"",""available_units"":"""",""bathrooms"":"""",""bed_label"":"""",""bedrooms"":"""",""building"":"""",""concession"":"""",""deposit"":"""",""extraction_tier"":""TIER_1_API"",""floor"":"""",""floor_plan_name"":"""",""rent_range"":""$1,125"",""source_api_url"":""https://api.ws.realpage.com/v2/property/8175735/units?available=true&honordisplayorder=true"",""sqft"":""756"",""unit_number"":""06""}","{""_available_date_raw"":""2026-07-25"",""_concession_quality"":null,""_date_placeholder"":null,""_extra"":null,""_inferred_id"":null,""_rent_range_raw"":""$1,125"",""amenities"":null,""area"":756,""area_absence"":null,""area_absence_evidence"":null,""availability_date_provenance"":""historical_embedded"",""availability_status"":""AVAILABLE"",""available_date"":""2026-07-25"",""available_units"":null,""baths"":null,""beds"":null,""building"":null,""concession_source"":null,""concession_text"":null,""concession_text_clean"":null,""concession_value"":null,""date_captured"":""2026-08-01 10:45:19"",""deposit"":null,""extraction_tier"":""TIER_1_API"",""floor"":null,""floor_plan_id"":null,""floor_plan_name"":null,""is_floor_plan_level"":false,""lease_term"":null,""move_in_date"":null,""offer_banner"":null,""offer_conditions"":null,""offer_target"":null,""offer_type"":null,""offer_value"":null,""rent_high"":1125.0,""rent_low"":1125.0,""source_ids"":{},""unit_id"":""06"",""unit_name"":null}","{""floorplanId"":9628355,""id"":13479994,""internalAvailableDate"":""2026-07-25 00:00 -0500"",""leaseStatus"":""AVAILABLE_READY"",""name"":""06"",""rent"":1125,""unitNumber"":""06"",""vacantDate"":""2026-08-08 00:00 -0000""}"
local_current_live_no_rp_oracle_audit_not_canary,2026-08-01T10:45:19Z,2026-08-01,2026-07-31,separate_no_rp_oracle_573_rows_78_properties,REALPAGE_OLL,2114,Townes at University,realpage_public_widget_units_api,true,https://api.ws.realpage.com/v2/property/8175735/units?available=true&honordisplayorder=true,6,,2026-07-04 00:00 -0500,2026-07-04,historical_embedded,false,internalAvailableDate,_api_parser.realpage_units_to_adapter_shape,exact_current_parser,true,true,,availability_date,2026-07-04,2026-07-04,historical_embedded,true,false,2026-07-04,2026-07-04,historical_embedded,,false,false,false,HISTORICAL_SOURCE_DATE_PRESERVED,none,HIGH,"Primary trace replays the exact public /units envelope. When that envelope is unsupported, the diagnostic trace changes only response.units -> response list to isolate the next loss.","{""availability_date"":""2026-07-04"",""availability_status"":""AVAILABLE"",""available_units"":"""",""bathrooms"":"""",""bed_label"":"""",""bedrooms"":"""",""building"":"""",""concession"":"""",""deposit"":"""",""extraction_tier"":""TIER_1_API"",""floor"":"""",""floor_plan_name"":"""",""rent_range"":""$1,226"",""source_api_url"":""https://api.ws.realpage.com/v2/property/8175735/units?available=true&honordisplayorder=true"",""sqft"":""756"",""unit_number"":""6""}","{""_available_date_raw"":""2026-07-04"",""_concession_quality"":null,""_date_placeholder"":null,""_extra"":null,""_inferred_id"":null,""_rent_range_raw"":""$1,226"",""amenities"":null,""area"":756,""area_absence"":null,""area_absence_evidence"":null,""availability_date_provenance"":""historical_embedded"",""availability_status"":""AVAILABLE"",""available_date"":""2026-07-04"",""available_units"":null,""baths"":null,""beds"":null,""building"":null,""concession_source"":null,""concession_text"":null,""concession_text_clean"":null,""concession_value"":null,""date_captured"":""2026-08-01 10:45:19"",""deposit"":null,""extraction_tier"":""TIER_1_API"",""floor"":null,""floor_plan_id"":null,""floor_plan_name"":null,""is_floor_plan_level"":false,""lease_term"":null,""move_in_date"":null,""offer_banner"":null,""offer_conditions"":null,""offer_target"":null,""offer_type"":null,""offer_value"":null,""rent_high"":1226.0,""rent_low"":1226.0,""source_ids"":{},""unit_id"":""6"",""unit_name"":null}",controlled_single_change_replay_unwrap_response_units,true,availability_date,2026-07-04,2026-07-04,2026-07-04,historical_embedded,,,"{""availability_date"":""2026-07-04"",""availability_status"":""AVAILABLE"",""available_units"":"""",""bathrooms"":"""",""bed_label"":"""",""bedrooms"":"""",""building"":"""",""concession"":"""",""deposit"":"""",""extraction_tier"":""TIER_1_API"",""floor"":"""",""floor_plan_name"":"""",""rent_range"":""$1,226"",""source_api_url"":""https://api.ws.realpage.com/v2/property/8175735/units?available=true&honordisplayorder=true"",""sqft"":""756"",""unit_number"":""6""}","{""_available_date_raw"":""2026-07-04"",""_concession_quality"":null,""_date_placeholder"":null,""_extra"":null,""_inferred_id"":null,""_rent_range_raw"":""$1,226"",""amenities"":null,""area"":756,""area_absence"":null,""area_absence_evidence"":null,""availability_date_provenance"":""historical_embedded"",""availability_status"":""AVAILABLE"",""available_date"":""2026-07-04"",""available_units"":null,""baths"":null,""beds"":null,""building"":null,""concession_source"":null,""concession_text"":null,""concession_text_clean"":null,""concession_value"":null,""date_captured"":""2026-08-01 10:45:19"",""deposit"":null,""extraction_tier"":""TIER_1_API"",""floor"":null,""floor_plan_id"":null,""floor_plan_name"":null,""is_floor_plan_level"":false,""lease_term"":null,""move_in_date"":null,""offer_banner"":null,""offer_conditions"":null,""offer_target"":null,""offer_type"":null,""offer_value"":null,""rent_high"":1226.0,""rent_low"":1226.0,""source_ids"":{},""unit_id"":""6"",""unit_name"":null}","{""floorplanId"":9628355,""id"":13479888,""internalAvailableDate"":""2026-07-04 00:00 -0500"",""leaseStatus"":""AVAILABLE_READY"",""name"":""6"",""rent"":1226,""unitNumber"":""6"",""vacantDate"":""2026-08-08 00:00 -0000""}"
local_current_live_no_rp_oracle_audit_not_canary,2026-08-01T10:45:19Z,2026-08-01,2026-07-31,separate_no_rp_oracle_573_rows_78_properties,REALPAGE_OLL,2114,Townes at University,realpage_public_widget_units_api,true,https://api.ws.realpage.com/v2/property/8175735/units?available=true&honordisplayorder=true,04,,2026-05-14 00:00 -0500,2026-05-14,historical_embedded,false,internalAvailableDate,_api_parser.realpage_units_to_adapter_shape,exact_current_parser,true,true,,availability_date,2026-05-14,2026-05-14,historical_embedded,true,false,2026-05-14,2026-05-14,historical_embedded,,false,false,false,HISTORICAL_SOURCE_DATE_PRESERVED,none,HIGH,"Primary trace replays the exact public /units envelope. When that envelope is unsupported, the diagnostic trace changes only response.units -> response list to isolate the next loss.","{""availability_date"":""2026-05-14"",""availability_status"":""AVAILABLE"",""available_units"":"""",""bathrooms"":"""",""bed_label"":"""",""bedrooms"":"""",""building"":"""",""concession"":"""",""deposit"":"""",""extraction_tier"":""TIER_1_API"",""floor"":"""",""floor_plan_name"":"""",""rent_range"":""$1,803"",""source_api_url"":""https://api.ws.realpage.com/v2/property/8175735/units?available=true&honordisplayorder=true"",""sqft"":""945"",""unit_number"":""04""}","{""_available_date_raw"":""2026-05-14"",""_concession_quality"":null,""_date_placeholder"":null,""_extra"":null,""_inferred_id"":null,""_rent_range_raw"":""$1,803"",""amenities"":null,""area"":945,""area_absence"":null,""area_absence_evidence"":null,""availability_date_provenance"":""historical_embedded"",""availability_status"":""AVAILABLE"",""available_date"":""2026-05-14"",""available_units"":null,""baths"":null,""beds"":null,""building"":null,""concession_source"":null,""concession_text"":null,""concession_text_clean"":null,""concession_value"":null,""date_captured"":""2026-08-01 10:45:19"",""deposit"":null,""extraction_tier"":""TIER_1_API"",""floor"":null,""floor_plan_id"":null,""floor_plan_name"":null,""is_floor_plan_level"":false,""lease_term"":null,""move_in_date"":null,""offer_banner"":null,""offer_conditions"":null,""offer_target"":null,""offer_type"":null,""offer_value"":null,""rent_high"":1803.0,""rent_low"":1803.0,""source_ids"":{},""unit_id"":""04"",""unit_name"":null}",controlled_single_change_replay_unwrap_response_units,true,availability_date,2026-05-14,2026-05-14,2026-05-14,historical_embedded,,,"{""availability_date"":""2026-05-14"",""availability_status"":""AVAILABLE"",""available_units"":"""",""bathrooms"":"""",""bed_label"":"""",""bedrooms"":"""",""building"":"""",""concession"":"""",""deposit"":"""",""extraction_tier"":""TIER_1_API"",""floor"":"""",""floor_plan_name"":"""",""rent_range"":""$1,803"",""source_api_url"":""https://api.ws.realpage.com/v2/property/8175735/units?available=true&honordisplayorder=true"",""sqft"":""945"",""unit_number"":""04""}","{""_available_date_raw"":""2026-05-14"",""_concession_quality"":null,""_date_placeholder"":null,""_extra"":null,""_inferred_id"":null,""_rent_range_raw"":""$1,803"",""amenities"":null,""area"":945,""area_absence"":null,""area_absence_evidence"":null,""availability_date_provenance"":""historical_embedded"",""availability_status"":""AVAILABLE"",""available_date"":""2026-05-14"",""available_units"":null,""baths"":null,""beds"":null,""building"":null,""concession_source"":null,""concession_text"":null,""concession_text_clean"":null,""concession_value"":null,""date_captured"":""2026-08-01 10:45:19"",""deposit"":null,""extraction_tier"":""TIER_1_API"",""floor"":null,""floor_plan_id"":null,""floor_plan_name"":null,""is_floor_plan_level"":false,""lease_term"":null,""move_in_date"":null,""offer_banner"":null,""offer_conditions"":null,""offer_target"":null,""offer_type"":null,""offer_value"":null,""rent_high"":1803.0,""rent_low"":1803.0,""source_ids"":{},""unit_id"":""04"",""unit_name"":null}","{""floorplanId"":9628356,""id"":13480110,""internalAvailableDate"":""2026-05-14 00:00 -0500"",""leaseStatus"":""AVAILABLE_READY"",""name"":""04"",""rent"":1803,""unitNumber"":""04"",""vacantDate"":""2026-08-11 00:00 -0000""}"
local_current_live_no_rp_oracle_audit_not_canary,2026-08-01T10:45:19Z,2026-08-01,2026-07-31,separate_no_rp_oracle_573_rows_78_properties,REALPAGE_OLL,2114,Townes at University,realpage_public_widget_units_api,true,https://api.ws.realpage.com/v2/property/8175735/units?available=true&honordisplayorder=true,02,,2026-07-14 00:00 -0500,2026-07-14,historical_embedded,false,internalAvailableDate,_api_parser.realpage_units_to_adapter_shape,exact_current_parser,true,true,,availability_date,2026-07-14,2026-07-14,historical_embedded,true,false,2026-07-14,2026-07-14,historical_embedded,,false,false,false,HISTORICAL_SOURCE_DATE_PRESERVED,none,HIGH,"Primary trace replays the exact public /units envelope. When that envelope is unsupported, the diagnostic trace changes only response.units -> response list to isolate the next loss.","{""availability_date"":""2026-07-14"",""availability_status"":""AVAILABLE"",""available_units"":"""",""bathrooms"":"""",""bed_label"":"""",""bedrooms"":"""",""building"":"""",""concession"":"""",""deposit"":"""",""extraction_tier"":""TIER_1_API"",""floor"":"""",""floor_plan_name"":"""",""rent_range"":""$1,125"",""source_api_url"":""https://api.ws.realpage.com/v2/property/8175735/units?available=true&honordisplayorder=true"",""sqft"":""756"",""unit_number"":""02""}","{""_available_date_raw"":""2026-07-14"",""_concession_quality"":null,""_date_placeholder"":null,""_extra"":null,""_inferred_id"":null,""_rent_range_raw"":""$1,125"",""amenities"":null,""area"":756,""area_absence"":null,""area_absence_evidence"":null,""availability_date_provenance"":""historical_embedded"",""availability_status"":""AVAILABLE"",""available_date"":""2026-07-14"",""available_units"":null,""baths"":null,""beds"":null,""building"":null,""concession_source"":null,""concession_text"":null,""concession_text_clean"":null,""concession_value"":null,""date_captured"":""2026-08-01 10:45:19"",""deposit"":null,""extraction_tier"":""TIER_1_API"",""floor"":null,""floor_plan_id"":null,""floor_plan_name"":null,""is_floor_plan_level"":false,""lease_term"":null,""move_in_date"":null,""offer_banner"":null,""offer_conditions"":null,""offer_target"":null,""offer_type"":null,""offer_value"":null,""rent_high"":1125.0,""rent_low"":1125.0,""source_ids"":{},""unit_id"":""02"",""unit_name"":null}",controlled_single_change_replay_unwrap_response_units,true,availability_date,2026-07-14,2026-07-14,2026-07-14,historical_embedded,,,"{""availability_date"":""2026-07-14"",""availability_status"":""AVAILABLE"",""available_units"":"""",""bathrooms"":"""",""bed_label"":"""",""bedrooms"":"""",""building"":"""",""concession"":"""",""deposit"":"""",""extraction_tier"":""TIER_1_API"",""floor"":"""",""floor_plan_name"":"""",""rent_range"":""$1,125"",""source_api_url"":""https://api.ws.realpage.com/v2/property/8175735/units?available=true&honordisplayorder=true"",""sqft"":""756"",""unit_number"":""02""}","{""_available_date_raw"":""2026-07-14"",""_concession_quality"":null,""_date_placeholder"":null,""_extra"":null,""_inferred_id"":null,""_rent_range_raw"":""$1,125"",""amenities"":null,""area"":756,""area_absence"":null,""area_absence_evidence"":null,""availability_date_provenance"":""historical_embedded"",""availability_status"":""AVAILABLE"",""available_date"":""2026-07-14"",""available_units"":null,""baths"":null,""beds"":null,""building"":null,""concession_source"":null,""concession_text"":null,""concession_text_clean"":null,""concession_value"":null,""date_captured"":""2026-08-01 10:45:19"",""deposit"":null,""extraction_tier"":""TIER_1_API"",""floor"":null,""floor_plan_id"":null,""floor_plan_name"":null,""is_floor_plan_level"":false,""lease_term"":null,""move_in_date"":null,""offer_banner"":null,""offer_conditions"":null,""offer_target"":null,""offer_type"":null,""offer_value"":null,""rent_high"":1125.0,""rent_low"":1125.0,""source_ids"":{},""unit_id"":""02"",""unit_name"":null}","{""floorplanId"":9628355,""id"":13479990,""internalAvailableDate"":""2026-07-14 00:00 -0500"",""leaseStatus"":""AVAILABLE_READY"",""name"":""02"",""rent"":1125,""unitNumber"":""02"",""vacantDate"":""2026-08-13 00:00 -0000""}"
local_current_live_no_rp_oracle_audit_not_canary,2026-08-01T10:45:19Z,2026-08-01,2026-07-31,separate_no_rp_oracle_573_rows_78_properties,REALPAGE_OLL,2114,Townes at University,realpage_public_widget_units_api,true,https://api.ws.realpage.com/v2/property/8175735/units?available=true&honordisplayorder=true,5,,2026-07-18 00:00 -0500,2026-07-18,historical_embedded,false,internalAvailableDate,_api_parser.realpage_units_to_adapter_shape,exact_current_parser,true,true,,availability_date,2026-07-18,2026-07-18,historical_embedded,true,false,2026-07-18,2026-07-18,historical_embedded,,false,false,false,HISTORICAL_SOURCE_DATE_PRESERVED,none,HIGH,"Primary trace replays the exact public /units envelope. When that envelope is unsupported, the diagnostic trace changes only response.units -> response list to isolate the next loss.","{""availability_date"":""2026-07-18"",""availability_status"":""AVAILABLE"",""available_units"":"""",""bathrooms"":"""",""bed_label"":"""",""bedrooms"":"""",""building"":"""",""concession"":"""",""deposit"":"""",""extraction_tier"":""TIER_1_API"",""floor"":"""",""floor_plan_name"":"""",""rent_range"":""$1,720"",""source_api_url"":""https://api.ws.realpage.com/v2/property/8175735/units?available=true&honordisplayorder=true"",""sqft"":""945"",""unit_number"":""5""}","{""_available_date_raw"":""2026-07-18"",""_concession_quality"":null,""_date_placeholder"":null,""_extra"":null,""_inferred_id"":null,""_rent_range_raw"":""$1,720"",""amenities"":null,""area"":945,""area_absence"":null,""area_absence_evidence"":null,""availability_date_provenance"":""historical_embedded"",""availability_status"":""AVAILABLE"",""available_date"":""2026-07-18"",""available_units"":null,""baths"":null,""beds"":null,""building"":null,""concession_source"":null,""concession_text"":null,""concession_text_clean"":null,""concession_value"":null,""date_captured"":""2026-08-01 10:45:19"",""deposit"":null,""extraction_tier"":""TIER_1_API"",""floor"":null,""floor_plan_id"":null,""floor_plan_name"":null,""is_floor_plan_level"":false,""lease_term"":null,""move_in_date"":null,""offer_banner"":null,""offer_conditions"":null,""offer_target"":null,""offer_type"":null,""offer_value"":null,""rent_high"":1720.0,""rent_low"":1720.0,""source_ids"":{},""unit_id"":""5"",""unit_name"":null}",controlled_single_change_replay_unwrap_response_units,true,availability_date,2026-07-18,2026-07-18,2026-07-18,historical_embedded,,,"{""availability_date"":""2026-07-18"",""availability_status"":""AVAILABLE"",""available_units"":"""",""bathrooms"":"""",""bed_label"":"""",""bedrooms"":"""",""building"":"""",""concession"":"""",""deposit"":"""",""extraction_tier"":""TIER_1_API"",""floor"":"""",""floor_plan_name"":"""",""rent_range"":""$1,720"",""source_api_url"":""https://api.ws.realpage.com/v2/property/8175735/units?available=true&honordisplayorder=true"",""sqft"":""945"",""unit_number"":""5""}","{""_available_date_raw"":""2026-07-18"",""_concession_quality"":null,""_date_placeholder"":null,""_extra"":null,""_inferred_id"":null,""_rent_range_raw"":""$1,720"",""amenities"":null,""area"":945,""area_absence"":null,""area_absence_evidence"":null,""availability_date_provenance"":""historical_embedded"",""availability_status"":""AVAILABLE"",""available_date"":""2026-07-18"",""available_units"":null,""baths"":null,""beds"":null,""building"":null,""concession_source"":null,""concession_text"":null,""concession_text_clean"":null,""concession_value"":null,""date_captured"":""2026-08-01 10:45:19"",""deposit"":null,""extraction_tier"":""TIER_1_API"",""floor"":null,""floor_plan_id"":null,""floor_plan_name"":null,""is_floor_plan_level"":false,""lease_term"":null,""move_in_date"":null,""offer_banner"":null,""offer_conditions"":null,""offer_target"":null,""offer_type"":null,""offer_value"":null,""rent_high"":1720.0,""rent_low"":1720.0,""source_ids"":{},""unit_id"":""5"",""unit_name"":null}","{""floorplanId"":9628356,""id"":13480072,""internalAvailableDate"":""2026-07-18 00:00 -0500"",""leaseStatus"":""AVAILABLE_READY"",""name"":""5"",""rent"":1720,""unitNumber"":""5"",""vacantDate"":""2026-08-18 00:00 -0000""}"
local_current_live_no_rp_oracle_audit_not_canary,2026-08-01T10:45:19Z,2026-08-01,2026-07-31,separate_no_rp_oracle_573_rows_78_properties,REALPAGE_OLL,2114,Townes at University,realpage_public_widget_units_api,true,https://api.ws.realpage.com/v2/property/8175735/units?available=true&honordisplayorder=true,06,,2026-07-06 00:00 -0500,2026-07-06,historical_embedded,false,internalAvailableDate,_api_parser.realpage_units_to_adapter_shape,exact_current_parser,true,true,,availability_date,2026-07-06,2026-07-06,historical_embedded,true,false,2026-07-06,2026-07-06,historical_embedded,,false,false,false,HISTORICAL_SOURCE_DATE_PRESERVED,none,HIGH,"Primary trace replays the exact public /units envelope. When that envelope is unsupported, the diagnostic trace changes only response.units -> response list to isolate the next loss.","{""availability_date"":""2026-07-06"",""availability_status"":""AVAILABLE"",""available_units"":"""",""bathrooms"":"""",""bed_label"":"""",""bedrooms"":"""",""building"":"""",""concession"":"""",""deposit"":"""",""extraction_tier"":""TIER_1_API"",""floor"":"""",""floor_plan_name"":"""",""rent_range"":""$1,125"",""source_api_url"":""https://api.ws.realpage.com/v2/property/8175735/units?available=true&honordisplayorder=true"",""sqft"":""756"",""unit_number"":""06""}","{""_available_date_raw"":""2026-07-06"",""_concession_quality"":null,""_date_placeholder"":null,""_extra"":null,""_inferred_id"":null,""_rent_range_raw"":""$1,125"",""amenities"":null,""area"":756,""area_absence"":null,""area_absence_evidence"":null,""availability_date_provenance"":""historical_embedded"",""availability_status"":""AVAILABLE"",""available_date"":""2026-07-06"",""available_units"":null,""baths"":null,""beds"":null,""building"":null,""concession_source"":null,""concession_text"":null,""concession_text_clean"":null,""concession_value"":null,""date_captured"":""2026-08-01 10:45:19"",""deposit"":null,""extraction_tier"":""TIER_1_API"",""floor"":null,""floor_plan_id"":null,""floor_plan_name"":null,""is_floor_plan_level"":false,""lease_term"":null,""move_in_date"":null,""offer_banner"":null,""offer_conditions"":null,""offer_target"":null,""offer_type"":null,""offer_value"":null,""rent_high"":1125.0,""rent_low"":1125.0,""source_ids"":{},""unit_id"":""06"",""unit_name"":null}",controlled_single_change_replay_unwrap_response_units,true,availability_date,2026-07-06,2026-07-06,2026-07-06,historical_embedded,,,"{""availability_date"":""2026-07-06"",""availability_status"":""AVAILABLE"",""available_units"":"""",""bathrooms"":"""",""bed_label"":"""",""bedrooms"":"""",""building"":"""",""concession"":"""",""deposit"":"""",""extraction_tier"":""TIER_1_API"",""floor"":"""",""floor_plan_name"":"""",""rent_range"":""$1,125"",""source_api_url"":""https://api.ws.realpage.com/v2/property/8175735/units?available=true&honordisplayorder=true"",""sqft"":""756"",""unit_number"":""06""}","{""_available_date_raw"":""2026-07-06"",""_concession_quality"":null,""_date_placeholder"":null,""_extra"":null,""_inferred_id"":null,""_rent_range_raw"":""$1,125"",""amenities"":null,""area"":756,""area_absence"":null,""area_absence_evidence"":null,""availability_date_provenance"":""historical_embedded"",""availability_status"":""AVAILABLE"",""available_date"":""2026-07-06"",""available_units"":null,""baths"":null,""beds"":null,""building"":null,""concession_source"":null,""concession_text"":null,""concession_text_clean"":null,""concession_value"":null,""date_captured"":""2026-08-01 10:45:19"",""deposit"":null,""extraction_tier"":""TIER_1_API"",""floor"":null,""floor_plan_id"":null,""floor_plan_name"":null,""is_floor_plan_level"":false,""lease_term"":null,""move_in_date"":null,""offer_banner"":null,""offer_conditions"":null,""offer_target"":null,""offer_type"":null,""offer_value"":null,""rent_high"":1125.0,""rent_low"":1125.0,""source_ids"":{},""unit_id"":""06"",""unit_name"":null}","{""floorplanId"":9628355,""id"":13479904,""internalAvailableDate"":""2026-07-06 00:00 -0500"",""leaseStatus"":""AVAILABLE_READY"",""name"":""06"",""rent"":1125,""unitNumber"":""06"",""vacantDate"":""2026-08-21 00:00 -0000""}"
local_current_live_no_rp_oracle_audit_not_canary,2026-08-01T10:45:19Z,2026-08-01,2026-07-31,separate_no_rp_oracle_573_rows_78_properties,REALPAGE_OLL,2114,Townes at University,realpage_public_widget_units_api,true,https://api.ws.realpage.com/v2/property/8175735/units?available=true&honordisplayorder=true,01,,2026-07-21 00:00 -0500,2026-07-21,historical_embedded,false,internalAvailableDate,_api_parser.realpage_units_to_adapter_shape,exact_current_parser,true,true,,availability_date,2026-07-21,2026-07-21,historical_embedded,true,false,2026-07-21,2026-07-21,historical_embedded,,false,false,false,HISTORICAL_SOURCE_DATE_PRESERVED,none,HIGH,"Primary trace replays the exact public /units envelope. When that envelope is unsupported, the diagnostic trace changes only response.units -> response list to isolate the next loss.","{""availability_date"":""2026-07-21"",""availability_status"":""AVAILABLE"",""available_units"":"""",""bathrooms"":"""",""bed_label"":"""",""bedrooms"":"""",""building"":"""",""concession"":"""",""deposit"":"""",""extraction_tier"":""TIER_1_API"",""floor"":"""",""floor_plan_name"":"""",""rent_range"":""$1,125"",""source_api_url"":""https://api.ws.realpage.com/v2/property/8175735/units?available=true&honordisplayorder=true"",""sqft"":""756"",""unit_number"":""01""}","{""_available_date_raw"":""2026-07-21"",""_concession_quality"":null,""_date_placeholder"":null,""_extra"":null,""_inferred_id"":null,""_rent_range_raw"":""$1,125"",""amenities"":null,""area"":756,""area_absence"":null,""area_absence_evidence"":null,""availability_date_provenance"":""historical_embedded"",""availability_status"":""AVAILABLE"",""available_date"":""2026-07-21"",""available_units"":null,""baths"":null,""beds"":null,""building"":null,""concession_source"":null,""concession_text"":null,""concession_text_clean"":null,""concession_value"":null,""date_captured"":""2026-08-01 10:45:19"",""deposit"":null,""extraction_tier"":""TIER_1_API"",""floor"":null,""floor_plan_id"":null,""floor_plan_name"":null,""is_floor_plan_level"":false,""lease_term"":null,""move_in_date"":null,""offer_banner"":null,""offer_conditions"":null,""offer_target"":null,""offer_type"":null,""offer_value"":null,""rent_high"":1125.0,""rent_low"":1125.0,""source_ids"":{},""unit_id"":""01"",""unit_name"":null}",controlled_single_change_replay_unwrap_response_units,true,availability_date,2026-07-21,2026-07-21,2026-07-21,historical_embedded,,,"{""availability_date"":""2026-07-21"",""availability_status"":""AVAILABLE"",""available_units"":"""",""bathrooms"":"""",""bed_label"":"""",""bedrooms"":"""",""building"":"""",""concession"":"""",""deposit"":"""",""extraction_tier"":""TIER_1_API"",""floor"":"""",""floor_plan_name"":"""",""rent_range"":""$1,125"",""source_api_url"":""https://api.ws.realpage.com/v2/property/8175735/units?available=true&honordisplayorder=true"",""sqft"":""756"",""unit_number"":""01""}","{""_available_date_raw"":""2026-07-21"",""_concession_quality"":null,""_date_placeholder"":null,""_extra"":null,""_inferred_id"":null,""_rent_range_raw"":""$1,125"",""amenities"":null,""area"":756,""area_absence"":null,""area_absence_evidence"":null,""availability_date_provenance"":""historical_embedded"",""availability_status"":""AVAILABLE"",""available_date"":""2026-07-21"",""available_units"":null,""baths"":null,""beds"":null,""building"":null,""concession_source"":null,""concession_text"":null,""concession_text_clean"":null,""concession_value"":null,""date_captured"":""2026-08-01 10:45:19"",""deposit"":null,""extraction_tier"":""TIER_1_API"",""floor"":null,""floor_plan_id"":null,""floor_plan_name"":null,""is_floor_plan_level"":false,""lease_term"":null,""move_in_date"":null,""offer_banner"":null,""offer_conditions"":null,""offer_target"":null,""offer_type"":null,""offer_value"":null,""rent_high"":1125.0,""rent_low"":1125.0,""source_ids"":{},""unit_id"":""01"",""unit_name"":null}","{""floorplanId"":9628355,""id"":13480020,""internalAvailableDate"":""2026-07-21 00:00 -0500"",""leaseStatus"":""AVAILABLE_READY"",""name"":""01"",""rent"":1125,""unitNumber"":""01"",""vacantDate"":""2026-08-21 00:00 -0000""}"
local_current_live_no_rp_oracle_audit_not_canary,2026-08-01T10:45:19Z,2026-08-01,2026-07-31,separate_no_rp_oracle_573_rows_78_properties,REALPAGE_OLL,2114,Townes at University,realpage_public_widget_units_api,true,https://api.ws.realpage.com/v2/property/8175735/units?available=true&honordisplayorder=true,08,,2026-08-15 00:00 -0500,2026-08-15,explicit_future,true,internalAvailableDate,_api_parser.realpage_units_to_adapter_shape,exact_current_parser,true,true,,availability_date,2026-08-15,2026-08-15,explicit_future,true,false,2026-08-15,2026-08-15,explicit_future,,true,true,false,EXPLICIT_FUTURE_PRESERVED_END_TO_END,none,HIGH,"Primary trace replays the exact public /units envelope. When that envelope is unsupported, the diagnostic trace changes only response.units -> response list to isolate the next loss.","{""availability_date"":""2026-08-15"",""availability_status"":""AVAILABLE"",""available_units"":"""",""bathrooms"":"""",""bed_label"":"""",""bedrooms"":"""",""building"":"""",""concession"":"""",""deposit"":"""",""extraction_tier"":""TIER_1_API"",""floor"":"""",""floor_plan_name"":"""",""rent_range"":""$1,665"",""source_api_url"":""https://api.ws.realpage.com/v2/property/8175735/units?available=true&honordisplayorder=true"",""sqft"":""945"",""unit_number"":""08""}","{""_available_date_raw"":""2026-08-15"",""_concession_quality"":null,""_date_placeholder"":null,""_extra"":null,""_inferred_id"":null,""_rent_range_raw"":""$1,665"",""amenities"":null,""area"":945,""area_absence"":null,""area_absence_evidence"":null,""availability_date_provenance"":""explicit_future"",""availability_status"":""AVAILABLE"",""available_date"":""2026-08-15"",""available_units"":null,""baths"":null,""beds"":null,""building"":null,""concession_source"":null,""concession_text"":null,""concession_text_clean"":null,""concession_value"":null,""date_captured"":""2026-08-01 10:45:19"",""deposit"":null,""extraction_tier"":""TIER_1_API"",""floor"":null,""floor_plan_id"":null,""floor_plan_name"":null,""is_floor_plan_level"":false,""lease_term"":null,""move_in_date"":null,""offer_banner"":null,""offer_conditions"":null,""offer_target"":null,""offer_type"":null,""offer_value"":null,""rent_high"":1665.0,""rent_low"":1665.0,""source_ids"":{},""unit_id"":""08"",""unit_name"":null}",controlled_single_change_replay_unwrap_response_units,true,availability_date,2026-08-15,2026-08-15,2026-08-15,explicit_future,,explicit_future_preserved_after_response_unwrap,"{""availability_date"":""2026-08-15"",""availability_status"":""AVAILABLE"",""available_units"":"""",""bathrooms"":"""",""bed_label"":"""",""bedrooms"":"""",""building"":"""",""concession"":"""",""deposit"":"""",""extraction_tier"":""TIER_1_API"",""floor"":"""",""floor_plan_name"":"""",""rent_range"":""$1,665"",""source_api_url"":""https://api.ws.realpage.com/v2/property/8175735/units?available=true&honordisplayorder=true"",""sqft"":""945"",""unit_number"":""08""}","{""_available_date_raw"":""2026-08-15"",""_concession_quality"":null,""_date_placeholder"":null,""_extra"":null,""_inferred_id"":null,""_rent_range_raw"":""$1,665"",""amenities"":null,""area"":945,""area_absence"":null,""area_absence_evidence"":null,""availability_date_provenance"":""explicit_future"",""availability_status"":""AVAILABLE"",""available_date"":""2026-08-15"",""available_units"":null,""baths"":null,""beds"":null,""building"":null,""concession_source"":null,""concession_text"":null,""concession_text_clean"":null,""concession_value"":null,""date_captured"":""2026-08-01 10:45:19"",""deposit"":null,""extraction_tier"":""TIER_1_API"",""floor"":null,""floor_plan_id"":null,""floor_plan_name"":null,""is_floor_plan_level"":false,""lease_term"":null,""move_in_date"":null,""offer_banner"":null,""offer_conditions"":null,""offer_target"":null,""offer_type"":null,""offer_value"":null,""rent_high"":1665.0,""rent_low"":1665.0,""source_ids"":{},""unit_id"":""08"",""unit_name"":null}","{""floorplanId"":9628356,""id"":13480163,""internalAvailableDate"":""2026-08-15 00:00 -0500"",""leaseStatus"":""AVAILABLE_READY"",""name"":""08"",""rent"":1665,""unitNumber"":""08"",""vacantDate"":""2026-08-29 00:00 -0000""}"
local_current_live_no_rp_oracle_audit_not_canary,2026-08-01T10:45:19Z,2026-08-01,2026-07-31,separate_no_rp_oracle_573_rows_78_properties,REALPAGE_OLL,2114,Townes at University,realpage_public_widget_units_api,true,https://api.ws.realpage.com/v2/property/8175735/units?available=true&honordisplayorder=true,11,,2026-08-15 00:00 -0500,2026-08-15,explicit_future,true,internalAvailableDate,_api_parser.realpage_units_to_adapter_shape,exact_current_parser,true,true,,availability_date,2026-08-15,2026-08-15,explicit_future,true,false,2026-08-15,2026-08-15,explicit_future,,true,true,false,EXPLICIT_FUTURE_PRESERVED_END_TO_END,none,HIGH,"Primary trace replays the exact public /units envelope. When that envelope is unsupported, the diagnostic trace changes only response.units -> response list to isolate the next loss.","{""availability_date"":""2026-08-15"",""availability_status"":""AVAILABLE"",""available_units"":"""",""bathrooms"":"""",""bed_label"":"""",""bedrooms"":"""",""building"":"""",""concession"":"""",""deposit"":"""",""extraction_tier"":""TIER_1_API"",""floor"":"""",""floor_plan_name"":"""",""rent_range"":""$1,019"",""source_api_url"":""https://api.ws.realpage.com/v2/property/8175735/units?available=true&honordisplayorder=true"",""sqft"":""756"",""unit_number"":""11""}","{""_available_date_raw"":""2026-08-15"",""_concession_quality"":null,""_date_placeholder"":null,""_extra"":null,""_inferred_id"":null,""_rent_range_raw"":""$1,019"",""amenities"":null,""area"":756,""area_absence"":null,""area_absence_evidence"":null,""availability_date_provenance"":""explicit_future"",""availability_status"":""AVAILABLE"",""available_date"":""2026-08-15"",""available_units"":null,""baths"":null,""beds"":null,""building"":null,""concession_source"":null,""concession_text"":null,""concession_text_clean"":null,""concession_value"":null,""date_captured"":""2026-08-01 10:45:19"",""deposit"":null,""extraction_tier"":""TIER_1_API"",""floor"":null,""floor_plan_id"":null,""floor_plan_name"":null,""is_floor_plan_level"":false,""lease_term"":null,""move_in_date"":null,""offer_banner"":null,""offer_conditions"":null,""offer_target"":null,""offer_type"":null,""offer_value"":null,""rent_high"":1019.0,""rent_low"":1019.0,""source_ids"":{},""unit_id"":""11"",""unit_name"":null}",controlled_single_change_replay_unwrap_response_units,true,availability_date,2026-08-15,2026-08-15,2026-08-15,explicit_future,,explicit_future_preserved_after_response_unwrap,"{""availability_date"":""2026-08-15"",""availability_status"":""AVAILABLE"",""available_units"":"""",""bathrooms"":"""",""bed_label"":"""",""bedrooms"":"""",""building"":"""",""concession"":"""",""deposit"":"""",""extraction_tier"":""TIER_1_API"",""floor"":"""",""floor_plan_name"":"""",""rent_range"":""$1,019"",""source_api_url"":""https://api.ws.realpage.com/v2/property/8175735/units?available=true&honordisplayorder=true"",""sqft"":""756"",""unit_number"":""11""}","{""_available_date_raw"":""2026-08-15"",""_concession_quality"":null,""_date_placeholder"":null,""_extra"":null,""_inferred_id"":null,""_rent_range_raw"":""$1,019"",""amenities"":null,""area"":756,""area_absence"":null,""area_absence_evidence"":null,""availability_date_provenance"":""explicit_future"",""availability_status"":""AVAILABLE"",""available_date"":""2026-08-15"",""available_units"":null,""baths"":null,""beds"":null,""building"":null,""concession_source"":null,""concession_text"":null,""concession_text_clean"":null,""concession_value"":null,""date_captured"":""2026-08-01 10:45:19"",""deposit"":null,""extraction_tier"":""TIER_1_API"",""floor"":null,""floor_plan_id"":null,""floor_plan_name"":null,""is_floor_plan_level"":false,""lease_term"":null,""move_in_date"":null,""offer_banner"":null,""offer_conditions"":null,""offer_target"":null,""offer_type"":null,""offer_value"":null,""rent_high"":1019.0,""rent_low"":1019.0,""source_ids"":{},""unit_id"":""11"",""unit_name"":null}","{""floorplanId"":9628355,""id"":13480003,""internalAvailableDate"":""2026-08-15 00:00 -0500"",""leaseStatus"":""AVAILABLE_READY"",""name"":""11"",""rent"":1019,""unitNumber"":""11"",""vacantDate"":""2026-08-29 00:00 -0000""}"
local_current_live_no_rp_oracle_audit_not_canary,2026-08-01T10:45:19Z,2026-08-01,2026-07-31,separate_no_rp_oracle_573_rows_78_properties,REALPAGE_OLL,263789,Plum Tree,realpage_public_widget_units_api,true,https://api.ws.realpage.com/v2/property/8648527/units?available=true&honordisplayorder=true,2113,,2026-07-17 00:00 -0500,2026-07-17,historical_embedded,false,internalAvailableDate,_api_parser.realpage_units_to_adapter_shape,exact_current_parser,true,true,,availability_date,2026-07-17,2026-07-17,historical_embedded,true,false,2026-07-17,2026-07-17,historical_embedded,,false,false,false,HISTORICAL_SOURCE_DATE_PRESERVED,none,HIGH,"Primary trace replays the exact public /units envelope. When that envelope is unsupported, the diagnostic trace changes only response.units -> response list to isolate the next loss.","{""availability_date"":""2026-07-17"",""availability_status"":""AVAILABLE"",""available_units"":"""",""bathrooms"":"""",""bed_label"":"""",""bedrooms"":"""",""building"":"""",""concession"":"""",""deposit"":"""",""extraction_tier"":""TIER_1_API"",""floor"":"""",""floor_plan_name"":"""",""rent_range"":""$1,325"",""source_api_url"":""https://api.ws.realpage.com/v2/property/8648527/units?available=true&honordisplayorder=true"",""sqft"":""651"",""unit_number"":""2113""}","{""_available_date_raw"":""2026-07-17"",""_concession_quality"":null,""_date_placeholder"":null,""_extra"":null,""_inferred_id"":null,""_rent_range_raw"":""$1,325"",""amenities"":null,""area"":651,""area_absence"":null,""area_absence_evidence"":null,""availability_date_provenance"":""historical_embedded"",""availability_status"":""AVAILABLE"",""available_date"":""2026-07-17"",""available_units"":null,""baths"":null,""beds"":null,""building"":null,""concession_source"":null,""concession_text"":null,""concession_text_clean"":null,""concession_value"":null,""date_captured"":""2026-08-01 10:45:19"",""deposit"":null,""extraction_tier"":""TIER_1_API"",""floor"":null,""floor_plan_id"":null,""floor_plan_name"":null,""is_floor_plan_level"":false,""lease_term"":null,""move_in_date"":null,""offer_banner"":null,""offer_conditions"":null,""offer_target"":null,""offer_type"":null,""offer_value"":null,""rent_high"":1325.0,""rent_low"":1325.0,""source_ids"":{},""unit_id"":""2113"",""unit_name"":null}",controlled_single_change_replay_unwrap_response_units,true,availability_date,2026-07-17,2026-07-17,2026-07-17,historical_embedded,,,"{""availability_date"":""2026-07-17"",""availability_status"":""AVAILABLE"",""available_units"":"""",""bathrooms"":"""",""bed_label"":"""",""bedrooms"":"""",""building"":"""",""concession"":"""",""deposit"":"""",""extraction_tier"":""TIER_1_API"",""floor"":"""",""floor_plan_name"":"""",""rent_range"":""$1,325"",""source_api_url"":""https://api.ws.realpage.com/v2/property/8648527/units?available=true&honordisplayorder=true"",""sqft"":""651"",""unit_number"":""2113""}","{""_available_date_raw"":""2026-07-17"",""_concession_quality"":null,""_date_placeholder"":null,""_extra"":null,""_inferred_id"":null,""_rent_range_raw"":""$1,325"",""amenities"":null,""area"":651,""area_absence"":null,""area_absence_evidence"":null,""availability_date_provenance"":""historical_embedded"",""availability_status"":""AVAILABLE"",""available_date"":""2026-07-17"",""available_units"":null,""baths"":null,""beds"":null,""building"":null,""concession_source"":null,""concession_text"":null,""concession_text_clean"":null,""concession_value"":null,""date_captured"":""2026-08-01 10:45:19"",""deposit"":null,""extraction_tier"":""TIER_1_API"",""floor"":null,""floor_plan_id"":null,""floor_plan_name"":null,""is_floor_plan_level"":false,""lease_term"":null,""move_in_date"":null,""offer_banner"":null,""offer_conditions"":null,""offer_target"":null,""offer_type"":null,""offer_value"":null,""rent_high"":1325.0,""rent_low"":1325.0,""source_ids"":{},""unit_id"":""2113"",""unit_name"":null}","{""floorplanId"":10512268,""id"":14185876,""internalAvailableDate"":""2026-07-17 00:00 -0500"",""leaseStatus"":""AVAILABLE_READY"",""name"":""2113"",""rent"":1325,""unitNumber"":""2113"",""vacantDate"":""2026-07-24 00:00 -0000""}"
local_current_live_no_rp_oracle_audit_not_canary,2026-08-01T10:45:19Z,2026-08-01,2026-07-31,separate_no_rp_oracle_573_rows_78_properties,REALPAGE_OLL,263789,Plum Tree,realpage_public_widget_units_api,true,https://api.ws.realpage.com/v2/property/8648527/units?available=true&honordisplayorder=true,438,,2026-07-17 00:00 -0500,2026-07-17,historical_embedded,false,internalAvailableDate,_api_parser.realpage_units_to_adapter_shape,exact_current_parser,true,true,,availability_date,2026-07-17,2026-07-17,historical_embedded,true,false,2026-07-17,2026-07-17,historical_embedded,,false,false,false,HISTORICAL_SOURCE_DATE_PRESERVED,none,HIGH,"Primary trace replays the exact public /units envelope. When that envelope is unsupported, the diagnostic trace changes only response.units -> response list to isolate the next loss.","{""availability_date"":""2026-07-17"",""availability_status"":""AVAILABLE"",""available_units"":"""",""bathrooms"":"""",""bed_label"":"""",""bedrooms"":"""",""building"":"""",""concession"":"""",""deposit"":"""",""extraction_tier"":""TIER_1_API"",""floor"":"""",""floor_plan_name"":"""",""rent_range"":""$1,264"",""source_api_url"":""https://api.ws.realpage.com/v2/property/8648527/units?available=true&honordisplayorder=true"",""sqft"":""680"",""unit_number"":""438""}","{""_available_date_raw"":""2026-07-17"",""_concession_quality"":null,""_date_placeholder"":null,""_extra"":null,""_inferred_id"":null,""_rent_range_raw"":""$1,264"",""amenities"":null,""area"":680,""area_absence"":null,""area_absence_evidence"":null,""availability_date_provenance"":""historical_embedded"",""availability_status"":""AVAILABLE"",""available_date"":""2026-07-17"",""available_units"":null,""baths"":null,""beds"":null,""building"":null,""concession_source"":null,""concession_text"":null,""concession_text_clean"":null,""concession_value"":null,""date_captured"":""2026-08-01 10:45:19"",""deposit"":null,""extraction_tier"":""TIER_1_API"",""floor"":null,""floor_plan_id"":null,""floor_plan_name"":null,""is_floor_plan_level"":false,""lease_term"":null,""move_in_date"":null,""offer_banner"":null,""offer_conditions"":null,""offer_target"":null,""offer_type"":null,""offer_value"":null,""rent_high"":1264.0,""rent_low"":1264.0,""source_ids"":{},""unit_id"":""438"",""unit_name"":null}",controlled_single_change_replay_unwrap_response_units,true,availability_date,2026-07-17,2026-07-17,2026-07-17,historical_embedded,,,"{""availability_date"":""2026-07-17"",""availability_status"":""AVAILABLE"",""available_units"":"""",""bathrooms"":"""",""bed_label"":"""",""bedrooms"":"""",""building"":"""",""concession"":"""",""deposit"":"""",""extraction_tier"":""TIER_1_API"",""floor"":"""",""floor_plan_name"":"""",""rent_range"":""$1,264"",""source_api_url"":""https://api.ws.realpage.com/v2/property/8648527/units?available=true&honordisplayorder=true"",""sqft"":""680"",""unit_number"":""438""}","{""_available_date_raw"":""2026-07-17"",""_concession_quality"":null,""_date_placeholder"":null,""_extra"":null,""_inferred_id"":null,""_rent_range_raw"":""$1,264"",""amenities"":null,""area"":680,""area_absence"":null,""area_absence_evidence"":null,""availability_date_provenance"":""historical_embedded"",""availability_status"":""AVAILABLE"",""available_date"":""2026-07-17"",""available_units"":null,""baths"":null,""beds"":null,""building"":null,""concession_source"":null,""concession_text"":null,""concession_text_clean"":null,""concession_value"":null,""date_captured"":""2026-08-01 10:45:19"",""deposit"":null,""extraction_tier"":""TIER_1_API"",""floor"":null,""floor_plan_id"":null,""floor_plan_name"":null,""is_floor_plan_level"":false,""lease_term"":null,""move_in_date"":null,""offer_banner"":null,""offer_conditions"":null,""offer_target"":null,""offer_type"":null,""offer_value"":null,""rent_high"":1264.0,""rent_low"":1264.0,""source_ids"":{},""unit_id"":""438"",""unit_name"":null}","{""floorplanId"":10512269,""id"":14185931,""internalAvailableDate"":""2026-07-17 00:00 -0500"",""leaseStatus"":""AVAILABLE_READY"",""name"":""438"",""rent"":1264,""unitNumber"":""438"",""vacantDate"":""2026-07-24 00:00 -0000""}"
local_current_live_no_rp_oracle_audit_not_canary,2026-08-01T10:45:19Z,2026-08-01,2026-07-31,separate_no_rp_oracle_573_rows_78_properties,REALPAGE_OLL,263789,Plum Tree,realpage_public_widget_units_api,true,https://api.ws.realpage.com/v2/property/8648527/units?available=true&honordisplayorder=true,133,,2026-07-07 00:00 -0500,2026-07-07,historical_embedded,false,internalAvailableDate,_api_parser.realpage_units_to_adapter_shape,exact_current_parser,true,true,,availability_date,2026-07-07,2026-07-07,historical_embedded,true,false,2026-07-07,2026-07-07,historical_embedded,,false,false,false,HISTORICAL_SOURCE_DATE_PRESERVED,none,HIGH,"Primary trace replays the exact public /units envelope. When that envelope is unsupported, the diagnostic trace changes only response.units -> response list to isolate the next loss.","{""availability_date"":""2026-07-07"",""availability_status"":""AVAILABLE"",""available_units"":"""",""bathrooms"":"""",""bed_label"":"""",""bedrooms"":"""",""building"":"""",""concession"":"""",""deposit"":"""",""extraction_tier"":""TIER_1_API"",""floor"":"""",""floor_plan_name"":"""",""rent_range"":""$1,514"",""source_api_url"":""https://api.ws.realpage.com/v2/property/8648527/units?available=true&honordisplayorder=true"",""sqft"":""951"",""unit_number"":""133""}","{""_available_date_raw"":""2026-07-07"",""_concession_quality"":null,""_date_placeholder"":null,""_extra"":null,""_inferred_id"":null,""_rent_range_raw"":""$1,514"",""amenities"":null,""area"":951,""area_absence"":null,""area_absence_evidence"":null,""availability_date_provenance"":""historical_embedded"",""availability_status"":""AVAILABLE"",""available_date"":""2026-07-07"",""available_units"":null,""baths"":null,""beds"":null,""building"":null,""concession_source"":null,""concession_text"":null,""concession_text_clean"":null,""concession_value"":null,""date_captured"":""2026-08-01 10:45:19"",""deposit"":null,""extraction_tier"":""TIER_1_API"",""floor"":null,""floor_plan_id"":null,""floor_plan_name"":null,""is_floor_plan_level"":false,""lease_term"":null,""move_in_date"":null,""offer_banner"":null,""offer_conditions"":null,""offer_target"":null,""offer_type"":null,""offer_value"":null,""rent_high"":1514.0,""rent_low"":1514.0,""source_ids"":{},""unit_id"":""133"",""unit_name"":null}",controlled_single_change_replay_unwrap_response_units,true,availability_date,2026-07-07,2026-07-07,2026-07-07,historical_embedded,,,"{""availability_date"":""2026-07-07"",""availability_status"":""AVAILABLE"",""available_units"":"""",""bathrooms"":"""",""bed_label"":"""",""bedrooms"":"""",""building"":"""",""concession"":"""",""deposit"":"""",""extraction_tier"":""TIER_1_API"",""floor"":"""",""floor_plan_name"":"""",""rent_range"":""$1,514"",""source_api_url"":""https://api.ws.realpage.com/v2/property/8648527/units?available=true&honordisplayorder=true"",""sqft"":""951"",""unit_number"":""133""}","{""_available_date_raw"":""2026-07-07"",""_concession_quality"":null,""_date_placeholder"":null,""_extra"":null,""_inferred_id"":null,""_rent_range_raw"":""$1,514"",""amenities"":null,""area"":951,""area_absence"":null,""area_absence_evidence"":null,""availability_date_provenance"":""historical_embedded"",""availability_status"":""AVAILABLE"",""available_date"":""2026-07-07"",""available_units"":null,""baths"":null,""beds"":null,""building"":null,""concession_source"":null,""concession_text"":null,""concession_text_clean"":null,""concession_value"":null,""date_captured"":""2026-08-01 10:45:19"",""deposit"":null,""extraction_tier"":""TIER_1_API"",""floor"":null,""floor_plan_id"":null,""floor_plan_name"":null,""is_floor_plan_level"":false,""lease_term"":null,""move_in_date"":null,""offer_banner"":null,""offer_conditions"":null,""offer_target"":null,""offer_type"":null,""offer_value"":null,""rent_high"":1514.0,""rent_low"":1514.0,""source_ids"":{},""unit_id"":""133"",""unit_name"":null}","{""floorplanId"":10512274,""id"":14185963,""internalAvailableDate"":""2026-07-07 00:00 -0500"",""leaseStatus"":""AVAILABLE_READY"",""name"":""133"",""rent"":1514,""unitNumber"":""133"",""vacantDate"":""2026-07-23 00:00 -0000""}"
local_current_live_no_rp_oracle_audit_not_canary,2026-08-01T10:45:19Z,2026-08-01,2026-07-31,separate_no_rp_oracle_573_rows_78_properties,REALPAGE_OLL,263789,Plum Tree,realpage_public_widget_units_api,true,https://api.ws.realpage.com/v2/property/8648527/units?available=true&honordisplayorder=true,439,,2026-07-28 00:00 -0500,2026-07-28,historical_embedded,false,internalAvailableDate,_api_parser.realpage_units_to_adapter_shape,exact_current_parser,true,true,,availability_date,2026-07-28,2026-07-28,historical_embedded,true,false,2026-07-28,2026-07-28,historical_embedded,,false,false,false,HISTORICAL_SOURCE_DATE_PRESERVED,none,HIGH,"Primary trace replays the exact public /units envelope. When that envelope is unsupported, the diagnostic trace changes only response.units -> response list to isolate the next loss.","{""availability_date"":""2026-07-28"",""availability_status"":""AVAILABLE"",""available_units"":"""",""bathrooms"":"""",""bed_label"":"""",""bedrooms"":"""",""building"":"""",""concession"":"""",""deposit"":"""",""extraction_tier"":""TIER_1_API"",""floor"":"""",""floor_plan_name"":"""",""rent_range"":""$1,214"",""source_api_url"":""https://api.ws.realpage.com/v2/property/8648527/units?available=true&honordisplayorder=true"",""sqft"":""651"",""unit_number"":""439""}","{""_available_date_raw"":""2026-07-28"",""_concession_quality"":null,""_date_placeholder"":null,""_extra"":null,""_inferred_id"":null,""_rent_range_raw"":""$1,214"",""amenities"":null,""area"":651,""area_absence"":null,""area_absence_evidence"":null,""availability_date_provenance"":""historical_embedded"",""availability_status"":""AVAILABLE"",""available_date"":""2026-07-28"",""available_units"":null,""baths"":null,""beds"":null,""building"":null,""concession_source"":null,""concession_text"":null,""concession_text_clean"":null,""concession_value"":null,""date_captured"":""2026-08-01 10:45:19"",""deposit"":null,""extraction_tier"":""TIER_1_API"",""floor"":null,""floor_plan_id"":null,""floor_plan_name"":null,""is_floor_plan_level"":false,""lease_term"":null,""move_in_date"":null,""offer_banner"":null,""offer_conditions"":null,""offer_target"":null,""offer_type"":null,""offer_value"":null,""rent_high"":1214.0,""rent_low"":1214.0,""source_ids"":{},""unit_id"":""439"",""unit_name"":null}",controlled_single_change_replay_unwrap_response_units,true,availability_date,2026-07-28,2026-07-28,2026-07-28,historical_embedded,,,"{""availability_date"":""2026-07-28"",""availability_status"":""AVAILABLE"",""available_units"":"""",""bathrooms"":"""",""bed_label"":"""",""bedrooms"":"""",""building"":"""",""concession"":"""",""deposit"":"""",""extraction_tier"":""TIER_1_API"",""floor"":"""",""floor_plan_name"":"""",""rent_range"":""$1,214"",""source_api_url"":""https://api.ws.realpage.com/v2/property/8648527/units?available=true&honordisplayorder=true"",""sqft"":""651"",""unit_number"":""439""}","{""_available_date_raw"":""2026-07-28"",""_concession_quality"":null,""_date_placeholder"":null,""_extra"":null,""_inferred_id"":null,""_rent_range_raw"":""$1,214"",""amenities"":null,""area"":651,""area_absence"":null,""area_absence_evidence"":null,""availability_date_provenance"":""historical_embedded"",""availability_status"":""AVAILABLE"",""available_date"":""2026-07-28"",""available_units"":null,""baths"":null,""beds"":null,""building"":null,""concession_source"":null,""concession_text"":null,""concession_text_clean"":null,""concession_value"":null,""date_captured"":""2026-08-01 10:45:19"",""deposit"":null,""extraction_tier"":""TIER_1_API"",""floor"":null,""floor_plan_id"":null,""floor_plan_name"":null,""is_floor_plan_level"":false,""lease_term"":null,""move_in_date"":null,""offer_banner"":null,""offer_conditions"":null,""offer_target"":null,""offer_type"":null,""offer_value"":null,""rent_high"":1214.0,""rent_low"":1214.0,""source_ids"":{},""unit_id"":""439"",""unit_name"":null}","{""floorplanId"":10512268,""id"":14185907,""internalAvailableDate"":""2026-07-28 00:00 -0500"",""leaseStatus"":""AVAILABLE_READY"",""name"":""439"",""rent"":1214,""unitNumber"":""439"",""vacantDate"":""2026-08-04 00:00 -0000""}"
local_current_live_no_rp_oracle_audit_not_canary,2026-08-01T10:45:19Z,2026-08-01,2026-07-31,separate_no_rp_oracle_573_rows_78_properties,REALPAGE_OLL,263789,Plum Tree,realpage_public_widget_units_api,true,https://api.ws.realpage.com/v2/property/8648527/units?available=true&honordisplayorder=true,239,,2026-07-31 00:00 -0500,2026-07-31,historical_embedded,false,internalAvailableDate,_api_parser.realpage_units_to_adapter_shape,exact_current_parser,true,true,,availability_date,2026-07-31,2026-07-31,historical_embedded,true,false,2026-07-31,2026-07-31,historical_embedded,,false,false,false,HISTORICAL_SOURCE_DATE_PRESERVED,none,HIGH,"Primary trace replays the exact public /units envelope. When that envelope is unsupported, the diagnostic trace changes only response.units -> response list to isolate the next loss.","{""availability_date"":""2026-07-31"",""availability_status"":""AVAILABLE"",""available_units"":"""",""bathrooms"":"""",""bed_label"":"""",""bedrooms"":"""",""building"":"""",""concession"":"""",""deposit"":"""",""extraction_tier"":""TIER_1_API"",""floor"":"""",""floor_plan_name"":"""",""rent_range"":""$1,332"",""source_api_url"":""https://api.ws.realpage.com/v2/property/8648527/units?available=true&honordisplayorder=true"",""sqft"":""680"",""unit_number"":""239""}","{""_available_date_raw"":""2026-07-31"",""_concession_quality"":null,""_date_placeholder"":null,""_extra"":null,""_inferred_id"":null,""_rent_range_raw"":""$1,332"",""amenities"":null,""area"":680,""area_absence"":null,""area_absence_evidence"":null,""availability_date_provenance"":""historical_embedded"",""availability_status"":""AVAILABLE"",""available_date"":""2026-07-31"",""available_units"":null,""baths"":null,""beds"":null,""building"":null,""concession_source"":null,""concession_text"":null,""concession_text_clean"":null,""concession_value"":null,""date_captured"":""2026-08-01 10:45:19"",""deposit"":null,""extraction_tier"":""TIER_1_API"",""floor"":null,""floor_plan_id"":null,""floor_plan_name"":null,""is_floor_plan_level"":false,""lease_term"":null,""move_in_date"":null,""offer_banner"":null,""offer_conditions"":null,""offer_target"":null,""offer_type"":null,""offer_value"":null,""rent_high"":1332.0,""rent_low"":1332.0,""source_ids"":{},""unit_id"":""239"",""unit_name"":null}",controlled_single_change_replay_unwrap_response_units,true,availability_date,2026-07-31,2026-07-31,2026-07-31,historical_embedded,,,"{""availability_date"":""2026-07-31"",""availability_status"":""AVAILABLE"",""available_units"":"""",""bathrooms"":"""",""bed_label"":"""",""bedrooms"":"""",""building"":"""",""concession"":"""",""deposit"":"""",""extraction_tier"":""TIER_1_API"",""floor"":"""",""floor_plan_name"":"""",""rent_range"":""$1,332"",""source_api_url"":""https://api.ws.realpage.com/v2/property/8648527/units?available=true&honordisplayorder=true"",""sqft"":""680"",""unit_number"":""239""}","{""_available_date_raw"":""2026-07-31"",""_concession_quality"":null,""_date_placeholder"":null,""_extra"":null,""_inferred_id"":null,""_rent_range_raw"":""$1,332"",""amenities"":null,""area"":680,""area_absence"":null,""area_absence_evidence"":null,""availability_date_provenance"":""historical_embedded"",""availability_status"":""AVAILABLE"",""available_date"":""2026-07-31"",""available_units"":null,""baths"":null,""beds"":null,""building"":null,""concession_source"":null,""concession_text"":null,""concession_text_clean"":null,""concession_value"":null,""date_captured"":""2026-08-01 10:45:19"",""deposit"":null,""extraction_tier"":""TIER_1_API"",""floor"":null,""floor_plan_id"":null,""floor_plan_name"":null,""is_floor_plan_level"":false,""lease_term"":null,""move_in_date"":null,""offer_banner"":null,""offer_conditions"":null,""offer_target"":null,""offer_type"":null,""offer_value"":null,""rent_high"":1332.0,""rent_low"":1332.0,""source_ids"":{},""unit_id"":""239"",""unit_name"":null}","{""floorplanId"":10512269,""id"":14185915,""internalAvailableDate"":""2026-07-31 00:00 -0500"",""leaseStatus"":""AVAILABLE_READY"",""name"":""239"",""rent"":1332,""unitNumber"":""239"",""vacantDate"":""2026-08-07 00:00 -0000""}"
local_current_live_no_rp_oracle_audit_not_canary,2026-08-01T10:45:19Z,2026-08-01,2026-07-31,separate_no_rp_oracle_573_rows_78_properties,REALPAGE_OLL,263789,Plum Tree,realpage_public_widget_units_api,true,https://api.ws.realpage.com/v2/property/8648527/units?available=true&honordisplayorder=true,117,,2026-08-01 00:00 -0500,2026-08-01,explicit_capture_date,false,internalAvailableDate,_api_parser.realpage_units_to_adapter_shape,exact_current_parser,true,true,,availability_date,2026-08-01,2026-08-01,explicit_capture_date,true,false,2026-08-01,2026-08-01,explicit_capture_date,,false,false,false,EXPLICIT_CAPTURE_DATE_PRESERVED,none,HIGH,"Primary trace replays the exact public /units envelope. When that envelope is unsupported, the diagnostic trace changes only response.units -> response list to isolate the next loss.","{""availability_date"":""2026-08-01"",""availability_status"":""AVAILABLE"",""available_units"":"""",""bathrooms"":"""",""bed_label"":"""",""bedrooms"":"""",""building"":"""",""concession"":"""",""deposit"":"""",""extraction_tier"":""TIER_1_API"",""floor"":"""",""floor_plan_name"":"""",""rent_range"":""$1,584"",""source_api_url"":""https://api.ws.realpage.com/v2/property/8648527/units?available=true&honordisplayorder=true"",""sqft"":""951"",""unit_number"":""117""}","{""_available_date_raw"":""2026-08-01"",""_concession_quality"":null,""_date_placeholder"":null,""_extra"":null,""_inferred_id"":null,""_rent_range_raw"":""$1,584"",""amenities"":null,""area"":951,""area_absence"":null,""area_absence_evidence"":null,""availability_date_provenance"":""explicit_capture_date"",""availability_status"":""AVAILABLE"",""available_date"":""2026-08-01"",""available_units"":null,""baths"":null,""beds"":null,""building"":null,""concession_source"":null,""concession_text"":null,""concession_text_clean"":null,""concession_value"":null,""date_captured"":""2026-08-01 10:45:19"",""deposit"":null,""extraction_tier"":""TIER_1_API"",""floor"":null,""floor_plan_id"":null,""floor_plan_name"":null,""is_floor_plan_level"":false,""lease_term"":null,""move_in_date"":null,""offer_banner"":null,""offer_conditions"":null,""offer_target"":null,""offer_type"":null,""offer_value"":null,""rent_high"":1584.0,""rent_low"":1584.0,""source_ids"":{},""unit_id"":""117"",""unit_name"":null}",controlled_single_change_replay_unwrap_response_units,true,availability_date,2026-08-01,2026-08-01,2026-08-01,explicit_capture_date,,,"{""availability_date"":""2026-08-01"",""availability_status"":""AVAILABLE"",""available_units"":"""",""bathrooms"":"""",""bed_label"":"""",""bedrooms"":"""",""building"":"""",""concession"":"""",""deposit"":"""",""extraction_tier"":""TIER_1_API"",""floor"":"""",""floor_plan_name"":"""",""rent_range"":""$1,584"",""source_api_url"":""https://api.ws.realpage.com/v2/property/8648527/units?available=true&honordisplayorder=true"",""sqft"":""951"",""unit_number"":""117""}","{""_available_date_raw"":""2026-08-01"",""_concession_quality"":null,""_date_placeholder"":null,""_extra"":null,""_inferred_id"":null,""_rent_range_raw"":""$1,584"",""amenities"":null,""area"":951,""area_absence"":null,""area_absence_evidence"":null,""availability_date_provenance"":""explicit_capture_date"",""availability_status"":""AVAILABLE"",""available_date"":""2026-08-01"",""available_units"":null,""baths"":null,""beds"":null,""building"":null,""concession_source"":null,""concession_text"":null,""concession_text_clean"":null,""concession_value"":null,""date_captured"":""2026-08-01 10:45:19"",""deposit"":null,""extraction_tier"":""TIER_1_API"",""floor"":null,""floor_plan_id"":null,""floor_plan_name"":null,""is_floor_plan_level"":false,""lease_term"":null,""move_in_date"":null,""offer_banner"":null,""offer_conditions"":null,""offer_target"":null,""offer_type"":null,""offer_value"":null,""rent_high"":1584.0,""rent_low"":1584.0,""source_ids"":{},""unit_id"":""117"",""unit_name"":null}","{""floorplanId"":10512274,""id"":14185955,""internalAvailableDate"":""2026-08-01 00:00 -0500"",""leaseStatus"":""AVAILABLE_READY"",""name"":""117"",""rent"":1584,""unitNumber"":""117"",""vacantDate"":""2026-08-08 00:00 -0000""}"
local_current_live_no_rp_oracle_audit_not_canary,2026-08-01T10:45:19Z,2026-08-01,2026-07-31,separate_no_rp_oracle_573_rows_78_properties,REALPAGE_OLL,263789,Plum Tree,realpage_public_widget_units_api,true,https://api.ws.realpage.com/v2/property/8648527/units?available=true&honordisplayorder=true,424,,2026-08-04 00:00 -0500,2026-08-04,explicit_future,true,internalAvailableDate,_api_parser.realpage_units_to_adapter_shape,exact_current_parser,true,true,,availability_date,2026-08-04,2026-08-04,explicit_future,true,false,2026-08-04,2026-08-04,explicit_future,,true,true,false,EXPLICIT_FUTURE_PRESERVED_END_TO_END,none,HIGH,"Primary trace replays the exact public /units envelope. When that envelope is unsupported, the diagnostic trace changes only response.units -> response list to isolate the next loss.","{""availability_date"":""2026-08-04"",""availability_status"":""AVAILABLE"",""available_units"":"""",""bathrooms"":"""",""bed_label"":"""",""bedrooms"":"""",""building"":"""",""concession"":"""",""deposit"":"""",""extraction_tier"":""TIER_1_API"",""floor"":"""",""floor_plan_name"":"""",""rent_range"":""$1,332"",""source_api_url"":""https://api.ws.realpage.com/v2/property/8648527/units?available=true&honordisplayorder=true"",""sqft"":""680"",""unit_number"":""424""}","{""_available_date_raw"":""2026-08-04"",""_concession_quality"":null,""_date_placeholder"":null,""_extra"":null,""_inferred_id"":null,""_rent_range_raw"":""$1,332"",""amenities"":null,""area"":680,""area_absence"":null,""area_absence_evidence"":null,""availability_date_provenance"":""explicit_future"",""availability_status"":""AVAILABLE"",""available_date"":""2026-08-04"",""available_units"":null,""baths"":null,""beds"":null,""building"":null,""concession_source"":null,""concession_text"":null,""concession_text_clean"":null,""concession_value"":null,""date_captured"":""2026-08-01 10:45:19"",""deposit"":null,""extraction_tier"":""TIER_1_API"",""floor"":null,""floor_plan_id"":null,""floor_plan_name"":null,""is_floor_plan_level"":false,""lease_term"":null,""move_in_date"":null,""offer_banner"":null,""offer_conditions"":null,""offer_target"":null,""offer_type"":null,""offer_value"":null,""rent_high"":1332.0,""rent_low"":1332.0,""source_ids"":{},""unit_id"":""424"",""unit_name"":null}",controlled_single_change_replay_unwrap_response_units,true,availability_date,2026-08-04,2026-08-04,2026-08-04,explicit_future,,explicit_future_preserved_after_response_unwrap,"{""availability_date"":""2026-08-04"",""availability_status"":""AVAILABLE"",""available_units"":"""",""bathrooms"":"""",""bed_label"":"""",""bedrooms"":"""",""building"":"""",""concession"":"""",""deposit"":"""",""extraction_tier"":""TIER_1_API"",""floor"":"""",""floor_plan_name"":"""",""rent_range"":""$1,332"",""source_api_url"":""https://api.ws.realpage.com/v2/property/8648527/units?available=true&honordisplayorder=true"",""sqft"":""680"",""unit_number"":""424""}","{""_available_date_raw"":""2026-08-04"",""_concession_quality"":null,""_date_placeholder"":null,""_extra"":null,""_inferred_id"":null,""_rent_range_raw"":""$1,332"",""amenities"":null,""area"":680,""area_absence"":null,""area_absence_evidence"":null,""availability_date_provenance"":""explicit_future"",""availability_status"":""AVAILABLE"",""available_date"":""2026-08-04"",""available_units"":null,""baths"":null,""beds"":null,""building"":null,""concession_source"":null,""concession_text"":null,""concession_text_clean"":null,""concession_value"":null,""date_captured"":""2026-08-01 10:45:19"",""deposit"":null,""extraction_tier"":""TIER_1_API"",""floor"":null,""floor_plan_id"":null,""floor_plan_name"":null,""is_floor_plan_level"":false,""lease_term"":null,""move_in_date"":null,""offer_banner"":null,""offer_conditions"":null,""offer_target"":null,""offer_type"":null,""offer_value"":null,""rent_high"":1332.0,""rent_low"":1332.0,""source_ids"":{},""unit_id"":""424"",""unit_name"":null}","{""floorplanId"":10512269,""id"":14185928,""internalAvailableDate"":""2026-08-04 00:00 -0500"",""leaseStatus"":""AVAILABLE_READY"",""name"":""424"",""rent"":1332,""unitNumber"":""424"",""vacantDate"":""2026-08-11 00:00 -0000""}"
local_current_live_no_rp_oracle_audit_not_canary,2026-08-01T10:45:19Z,2026-08-01,2026-07-31,separate_no_rp_oracle_573_rows_78_properties,REALPAGE_OLL,263789,Plum Tree,realpage_public_widget_units_api,true,https://api.ws.realpage.com/v2/property/8648527/units?available=true&honordisplayorder=true,121,,2026-08-04 00:00 -0500,2026-08-04,explicit_future,true,internalAvailableDate,_api_parser.realpage_units_to_adapter_shape,exact_current_parser,true,true,,availability_date,2026-08-04,2026-08-04,explicit_future,true,false,2026-08-04,2026-08-04,explicit_future,,true,true,false,EXPLICIT_FUTURE_PRESERVED_END_TO_END,none,HIGH,"Primary trace replays the exact public /units envelope. When that envelope is unsupported, the diagnostic trace changes only response.units -> response list to isolate the next loss.","{""availability_date"":""2026-08-04"",""availability_status"":""AVAILABLE"",""available_units"":"""",""bathrooms"":"""",""bed_label"":"""",""bedrooms"":"""",""building"":"""",""concession"":"""",""deposit"":"""",""extraction_tier"":""TIER_1_API"",""floor"":"""",""floor_plan_name"":"""",""rent_range"":""$1,360"",""source_api_url"":""https://api.ws.realpage.com/v2/property/8648527/units?available=true&honordisplayorder=true"",""sqft"":""729"",""unit_number"":""121""}","{""_available_date_raw"":""2026-08-04"",""_concession_quality"":null,""_date_placeholder"":null,""_extra"":null,""_inferred_id"":null,""_rent_range_raw"":""$1,360"",""amenities"":null,""area"":729,""area_absence"":null,""area_absence_evidence"":null,""availability_date_provenance"":""explicit_future"",""availability_status"":""AVAILABLE"",""available_date"":""2026-08-04"",""available_units"":null,""baths"":null,""beds"":null,""building"":null,""concession_source"":null,""concession_text"":null,""concession_text_clean"":null,""concession_value"":null,""date_captured"":""2026-08-01 10:45:19"",""deposit"":null,""extraction_tier"":""TIER_1_API"",""floor"":null,""floor_plan_id"":null,""floor_plan_name"":null,""is_floor_plan_level"":false,""lease_term"":null,""move_in_date"":null,""offer_banner"":null,""offer_conditions"":null,""offer_target"":null,""offer_type"":null,""offer_value"":null,""rent_high"":1360.0,""rent_low"":1360.0,""source_ids"":{},""unit_id"":""121"",""unit_name"":null}",controlled_single_change_replay_unwrap_response_units,true,availability_date,2026-08-04,2026-08-04,2026-08-04,explicit_future,,explicit_future_preserved_after_response_unwrap,"{""availability_date"":""2026-08-04"",""availability_status"":""AVAILABLE"",""available_units"":"""",""bathrooms"":"""",""bed_label"":"""",""bedrooms"":"""",""building"":"""",""concession"":"""",""deposit"":"""",""extraction_tier"":""TIER_1_API"",""floor"":"""",""floor_plan_name"":"""",""rent_range"":""$1,360"",""source_api_url"":""https://api.ws.realpage.com/v2/property/8648527/units?available=true&honordisplayorder=true"",""sqft"":""729"",""unit_number"":""121""}","{""_available_date_raw"":""2026-08-04"",""_concession_quality"":null,""_date_placeholder"":null,""_extra"":null,""_inferred_id"":null,""_rent_range_raw"":""$1,360"",""amenities"":null,""area"":729,""area_absence"":null,""area_absence_evidence"":null,""availability_date_provenance"":""explicit_future"",""availability_status"":""AVAILABLE"",""available_date"":""2026-08-04"",""available_units"":null,""baths"":null,""beds"":null,""building"":null,""concession_source"":null,""concession_text"":null,""concession_text_clean"":null,""concession_value"":null,""date_captured"":""2026-08-01 10:45:19"",""deposit"":null,""extraction_tier"":""TIER_1_API"",""floor"":null,""floor_plan_id"":null,""floor_plan_name"":null,""is_floor_plan_level"":false,""lease_term"":null,""move_in_date"":null,""offer_banner"":null,""offer_conditions"":null,""offer_target"":null,""offer_type"":null,""offer_value"":null,""rent_high"":1360.0,""rent_low"":1360.0,""source_ids"":{},""unit_id"":""121"",""unit_name"":null}","{""floorplanId"":10512270,""id"":14185939,""internalAvailableDate"":""2026-08-04 00:00 -0500"",""leaseStatus"":""AVAILABLE_READY"",""name"":""121"",""rent"":1360,""unitNumber"":""121"",""vacantDate"":""2026-08-11 00:00 -0000""}"
local_current_live_no_rp_oracle_audit_not_canary,2026-08-01T10:45:19Z,2026-08-01,2026-07-31,separate_no_rp_oracle_573_rows_78_properties,REALPAGE_OLL,263789,Plum Tree,realpage_public_widget_units_api,true,https://api.ws.realpage.com/v2/property/8648527/units?available=true&honordisplayorder=true,131,,2026-08-09 00:00 -0500,2026-08-09,explicit_future,true,internalAvailableDate,_api_parser.realpage_units_to_adapter_shape,exact_current_parser,true,true,,availability_date,2026-08-09,2026-08-09,explicit_future,true,false,2026-08-09,2026-08-09,explicit_future,,true,true,false,EXPLICIT_FUTURE_PRESERVED_END_TO_END,none,HIGH,"Primary trace replays the exact public /units envelope. When that envelope is unsupported, the diagnostic trace changes only response.units -> response list to isolate the next loss.","{""availability_date"":""2026-08-09"",""availability_status"":""AVAILABLE"",""available_units"":"""",""bathrooms"":"""",""bed_label"":"""",""bedrooms"":"""",""building"":"""",""concession"":"""",""deposit"":"""",""extraction_tier"":""TIER_1_API"",""floor"":"""",""floor_plan_name"":"""",""rent_range"":""$1,487"",""source_api_url"":""https://api.ws.realpage.com/v2/property/8648527/units?available=true&honordisplayorder=true"",""sqft"":""846"",""unit_number"":""131""}","{""_available_date_raw"":""2026-08-09"",""_concession_quality"":null,""_date_placeholder"":null,""_extra"":null,""_inferred_id"":null,""_rent_range_raw"":""$1,487"",""amenities"":null,""area"":846,""area_absence"":null,""area_absence_evidence"":null,""availability_date_provenance"":""explicit_future"",""availability_status"":""AVAILABLE"",""available_date"":""2026-08-09"",""available_units"":null,""baths"":null,""beds"":null,""building"":null,""concession_source"":null,""concession_text"":null,""concession_text_clean"":null,""concession_value"":null,""date_captured"":""2026-08-01 10:45:19"",""deposit"":null,""extraction_tier"":""TIER_1_API"",""floor"":null,""floor_plan_id"":null,""floor_plan_name"":null,""is_floor_plan_level"":false,""lease_term"":null,""move_in_date"":null,""offer_banner"":null,""offer_conditions"":null,""offer_target"":null,""offer_type"":null,""offer_value"":null,""rent_high"":1487.0,""rent_low"":1487.0,""source_ids"":{},""unit_id"":""131"",""unit_name"":null}",controlled_single_change_replay_unwrap_response_units,true,availability_date,2026-08-09,2026-08-09,2026-08-09,explicit_future,,explicit_future_preserved_after_response_unwrap,"{""availability_date"":""2026-08-09"",""availability_status"":""AVAILABLE"",""available_units"":"""",""bathrooms"":"""",""bed_label"":"""",""bedrooms"":"""",""building"":"""",""concession"":"""",""deposit"":"""",""extraction_tier"":""TIER_1_API"",""floor"":"""",""floor_plan_name"":"""",""rent_range"":""$1,487"",""source_api_url"":""https://api.ws.realpage.com/v2/property/8648527/units?available=true&honordisplayorder=true"",""sqft"":""846"",""unit_number"":""131""}","{""_available_date_raw"":""2026-08-09"",""_concession_quality"":null,""_date_placeholder"":null,""_extra"":null,""_inferred_id"":null,""_rent_range_raw"":""$1,487"",""amenities"":null,""area"":846,""area_absence"":null,""area_absence_evidence"":null,""availability_date_provenance"":""explicit_future"",""availability_status"":""AVAILABLE"",""available_date"":""2026-08-09"",""available_units"":null,""baths"":null,""beds"":null,""building"":null,""concession_source"":null,""concession_text"":null,""concession_text_clean"":null,""concession_value"":null,""date_captured"":""2026-08-01 10:45:19"",""deposit"":null,""extraction_tier"":""TIER_1_API"",""floor"":null,""floor_plan_id"":null,""floor_plan_name"":null,""is_floor_plan_level"":false,""lease_term"":null,""move_in_date"":null,""offer_banner"":null,""offer_conditions"":null,""offer_target"":null,""offer_type"":null,""offer_value"":null,""rent_high"":1487.0,""rent_low"":1487.0,""source_ids"":{},""unit_id"":""131"",""unit_name"":null}","{""floorplanId"":10512272,""id"":14185942,""internalAvailableDate"":""2026-08-09 00:00 -0500"",""leaseStatus"":""AVAILABLE_READY"",""name"":""131"",""rent"":1487,""unitNumber"":""131"",""vacantDate"":""2026-08-16 00:00 -0000""}"
local_current_live_no_rp_oracle_audit_not_canary,2026-08-01T10:45:19Z,2026-08-01,2026-07-31,separate_no_rp_oracle_573_rows_78_properties,REALPAGE_OLL,263789,Plum Tree,realpage_public_widget_units_api,true,https://api.ws.realpage.com/v2/property/8648527/units?available=true&honordisplayorder=true,2213,,2026-08-11 00:00 -0500,2026-08-11,explicit_future,true,internalAvailableDate,_api_parser.realpage_units_to_adapter_shape,exact_current_parser,true,true,,availability_date,2026-08-11,2026-08-11,explicit_future,true,false,2026-08-11,2026-08-11,explicit_future,,true,true,false,EXPLICIT_FUTURE_PRESERVED_END_TO_END,none,HIGH,"Primary trace replays the exact public /units envelope. When that envelope is unsupported, the diagnostic trace changes only response.units -> response list to isolate the next loss.","{""availability_date"":""2026-08-11"",""availability_status"":""AVAILABLE"",""available_units"":"""",""bathrooms"":"""",""bed_label"":"""",""bedrooms"":"""",""building"":"""",""concession"":"""",""deposit"":"""",""extraction_tier"":""TIER_1_API"",""floor"":"""",""floor_plan_name"":"""",""rent_range"":""$1,305"",""source_api_url"":""https://api.ws.realpage.com/v2/property/8648527/units?available=true&honordisplayorder=true"",""sqft"":""651"",""unit_number"":""2213""}","{""_available_date_raw"":""2026-08-11"",""_concession_quality"":null,""_date_placeholder"":null,""_extra"":null,""_inferred_id"":null,""_rent_range_raw"":""$1,305"",""amenities"":null,""area"":651,""area_absence"":null,""area_absence_evidence"":null,""availability_date_provenance"":""explicit_future"",""availability_status"":""AVAILABLE"",""available_date"":""2026-08-11"",""available_units"":null,""baths"":null,""beds"":null,""building"":null,""concession_source"":null,""concession_text"":null,""concession_text_clean"":null,""concession_value"":null,""date_captured"":""2026-08-01 10:45:19"",""deposit"":null,""extraction_tier"":""TIER_1_API"",""floor"":null,""floor_plan_id"":null,""floor_plan_name"":null,""is_floor_plan_level"":false,""lease_term"":null,""move_in_date"":null,""offer_banner"":null,""offer_conditions"":null,""offer_target"":null,""offer_type"":null,""offer_value"":null,""rent_high"":1305.0,""rent_low"":1305.0,""source_ids"":{},""unit_id"":""2213"",""unit_name"":null}",controlled_single_change_replay_unwrap_response_units,true,availability_date,2026-08-11,2026-08-11,2026-08-11,explicit_future,,explicit_future_preserved_after_response_unwrap,"{""availability_date"":""2026-08-11"",""availability_status"":""AVAILABLE"",""available_units"":"""",""bathrooms"":"""",""bed_label"":"""",""bedrooms"":"""",""building"":"""",""concession"":"""",""deposit"":"""",""extraction_tier"":""TIER_1_API"",""floor"":"""",""floor_plan_name"":"""",""rent_range"":""$1,305"",""source_api_url"":""https://api.ws.realpage.com/v2/property/8648527/units?available=true&honordisplayorder=true"",""sqft"":""651"",""unit_number"":""2213""}","{""_available_date_raw"":""2026-08-11"",""_concession_quality"":null,""_date_placeholder"":null,""_extra"":null,""_inferred_id"":null,""_rent_range_raw"":""$1,305"",""amenities"":null,""area"":651,""area_absence"":null,""area_absence_evidence"":null,""availability_date_provenance"":""explicit_future"",""availability_status"":""AVAILABLE"",""available_date"":""2026-08-11"",""available_units"":null,""baths"":null,""beds"":null,""building"":null,""concession_source"":null,""concession_text"":null,""concession_text_clean"":null,""concession_value"":null,""date_captured"":""2026-08-01 10:45:19"",""deposit"":null,""extraction_tier"":""TIER_1_API"",""floor"":null,""floor_plan_id"":null,""floor_plan_name"":null,""is_floor_plan_level"":false,""lease_term"":null,""move_in_date"":null,""offer_banner"":null,""offer_conditions"":null,""offer_target"":null,""offer_type"":null,""offer_value"":null,""rent_high"":1305.0,""rent_low"":1305.0,""source_ids"":{},""unit_id"":""2213"",""unit_name"":null}","{""floorplanId"":10512268,""id"":14185882,""internalAvailableDate"":""2026-08-11 00:00 -0500"",""leaseStatus"":""AVAILABLE_READY"",""name"":""2213"",""rent"":1305,""unitNumber"":""2213"",""vacantDate"":""2026-08-18 00:00 -0000""}"
local_current_live_no_rp_oracle_audit_not_canary,2026-08-01T10:45:19Z,2026-08-01,2026-07-31,separate_no_rp_oracle_573_rows_78_properties,REALPAGE_OLL,263789,Plum Tree,realpage_public_widget_units_api,true,https://api.ws.realpage.com/v2/property/8648527/units?available=true&honordisplayorder=true,4310,,2026-08-18 00:00 -0500,2026-08-18,explicit_future,true,internalAvailableDate,_api_parser.realpage_units_to_adapter_shape,exact_current_parser,true,true,,availability_date,2026-08-18,2026-08-18,explicit_future,true,false,2026-08-18,2026-08-18,explicit_future,,true,true,false,EXPLICIT_FUTURE_PRESERVED_END_TO_END,none,HIGH,"Primary trace replays the exact public /units envelope. When that envelope is unsupported, the diagnostic trace changes only response.units -> response list to isolate the next loss.","{""availability_date"":""2026-08-18"",""availability_status"":""AVAILABLE"",""available_units"":"""",""bathrooms"":"""",""bed_label"":"""",""bedrooms"":"""",""building"":"""",""concession"":"""",""deposit"":"""",""extraction_tier"":""TIER_1_API"",""floor"":"""",""floor_plan_name"":"""",""rent_range"":""$1,585"",""source_api_url"":""https://api.ws.realpage.com/v2/property/8648527/units?available=true&honordisplayorder=true"",""sqft"":""963"",""unit_number"":""4310""}","{""_available_date_raw"":""2026-08-18"",""_concession_quality"":null,""_date_placeholder"":null,""_extra"":null,""_inferred_id"":null,""_rent_range_raw"":""$1,585"",""amenities"":null,""area"":963,""area_absence"":null,""area_absence_evidence"":null,""availability_date_provenance"":""explicit_future"",""availability_status"":""AVAILABLE"",""available_date"":""2026-08-18"",""available_units"":null,""baths"":null,""beds"":null,""building"":null,""concession_source"":null,""concession_text"":null,""concession_text_clean"":null,""concession_value"":null,""date_captured"":""2026-08-01 10:45:19"",""deposit"":null,""extraction_tier"":""TIER_1_API"",""floor"":null,""floor_plan_id"":null,""floor_plan_name"":null,""is_floor_plan_level"":false,""lease_term"":null,""move_in_date"":null,""offer_banner"":null,""offer_conditions"":null,""offer_target"":null,""offer_type"":null,""offer_value"":null,""rent_high"":1585.0,""rent_low"":1585.0,""source_ids"":{},""unit_id"":""4310"",""unit_name"":null}",controlled_single_change_replay_unwrap_response_units,true,availability_date,2026-08-18,2026-08-18,2026-08-18,explicit_future,,explicit_future_preserved_after_response_unwrap,"{""availability_date"":""2026-08-18"",""availability_status"":""AVAILABLE"",""available_units"":"""",""bathrooms"":"""",""bed_label"":"""",""bedrooms"":"""",""building"":"""",""concession"":"""",""deposit"":"""",""extraction_tier"":""TIER_1_API"",""floor"":"""",""floor_plan_name"":"""",""rent_range"":""$1,585"",""source_api_url"":""https://api.ws.realpage.com/v2/property/8648527/units?available=true&honordisplayorder=true"",""sqft"":""963"",""unit_number"":""4310""}","{""_available_date_raw"":""2026-08-18"",""_concession_quality"":null,""_date_placeholder"":null,""_extra"":null,""_inferred_id"":null,""_rent_range_raw"":""$1,585"",""amenities"":null,""area"":963,""area_absence"":null,""area_absence_evidence"":null,""availability_date_provenance"":""explicit_future"",""availability_status"":""AVAILABLE"",""available_date"":""2026-08-18"",""available_units"":null,""baths"":null,""beds"":null,""building"":null,""concession_source"":null,""concession_text"":null,""concession_text_clean"":null,""concession_value"":null,""date_captured"":""2026-08-01 10:45:19"",""deposit"":null,""extraction_tier"":""TIER_1_API"",""floor"":null,""floor_plan_id"":null,""floor_plan_name"":null,""is_floor_plan_level"":false,""lease_term"":null,""move_in_date"":null,""offer_banner"":null,""offer_conditions"":null,""offer_target"":null,""offer_type"":null,""offer_value"":null,""rent_high"":1585.0,""rent_low"":1585.0,""source_ids"":{},""unit_id"":""4310"",""unit_name"":null}","{""floorplanId"":10512276,""id"":14185986,""internalAvailableDate"":""2026-08-18 00:00 -0500"",""leaseStatus"":""AVAILABLE_READY"",""name"":""4310"",""rent"":1585,""unitNumber"":""4310"",""vacantDate"":""2026-08-25 00:00 -0000""}"
local_current_live_no_rp_oracle_audit_not_canary,2026-08-01T10:45:19Z,2026-08-01,2026-07-31,separate_no_rp_oracle_573_rows_78_properties,REALPAGE_OLL,263789,Plum Tree,realpage_public_widget_units_api,true,https://api.ws.realpage.com/v2/property/8648527/units?available=true&honordisplayorder=true,327,,2026-08-25 00:00 -0500,2026-08-25,explicit_future,true,internalAvailableDate,_api_parser.realpage_units_to_adapter_shape,exact_current_parser,true,true,,availability_date,2026-08-25,2026-08-25,explicit_future,true,false,2026-08-25,2026-08-25,explicit_future,,true,true,false,EXPLICIT_FUTURE_PRESERVED_END_TO_END,none,HIGH,"Primary trace replays the exact public /units envelope. When that envelope is unsupported, the diagnostic trace changes only response.units -> response list to isolate the next loss.","{""availability_date"":""2026-08-25"",""availability_status"":""AVAILABLE"",""available_units"":"""",""bathrooms"":"""",""bed_label"":"""",""bedrooms"":"""",""building"":"""",""concession"":"""",""deposit"":"""",""extraction_tier"":""TIER_1_API"",""floor"":"""",""floor_plan_name"":"""",""rent_range"":""$1,264"",""source_api_url"":""https://api.ws.realpage.com/v2/property/8648527/units?available=true&honordisplayorder=true"",""sqft"":""680"",""unit_number"":""327""}","{""_available_date_raw"":""2026-08-25"",""_concession_quality"":null,""_date_placeholder"":null,""_extra"":null,""_inferred_id"":null,""_rent_range_raw"":""$1,264"",""amenities"":null,""area"":680,""area_absence"":null,""area_absence_evidence"":null,""availability_date_provenance"":""explicit_future"",""availability_status"":""AVAILABLE"",""available_date"":""2026-08-25"",""available_units"":null,""baths"":null,""beds"":null,""building"":null,""concession_source"":null,""concession_text"":null,""concession_text_clean"":null,""concession_value"":null,""date_captured"":""2026-08-01 10:45:19"",""deposit"":null,""extraction_tier"":""TIER_1_API"",""floor"":null,""floor_plan_id"":null,""floor_plan_name"":null,""is_floor_plan_level"":false,""lease_term"":null,""move_in_date"":null,""offer_banner"":null,""offer_conditions"":null,""offer_target"":null,""offer_type"":null,""offer_value"":null,""rent_high"":1264.0,""rent_low"":1264.0,""source_ids"":{},""unit_id"":""327"",""unit_name"":null}",controlled_single_change_replay_unwrap_response_units,true,availability_date,2026-08-25,2026-08-25,2026-08-25,explicit_future,,explicit_future_preserved_after_response_unwrap,"{""availability_date"":""2026-08-25"",""availability_status"":""AVAILABLE"",""available_units"":"""",""bathrooms"":"""",""bed_label"":"""",""bedrooms"":"""",""building"":"""",""concession"":"""",""deposit"":"""",""extraction_tier"":""TIER_1_API"",""floor"":"""",""floor_plan_name"":"""",""rent_range"":""$1,264"",""source_api_url"":""https://api.ws.realpage.com/v2/property/8648527/units?available=true&honordisplayorder=true"",""sqft"":""680"",""unit_number"":""327""}","{""_available_date_raw"":""2026-08-25"",""_concession_quality"":null,""_date_placeholder"":null,""_extra"":null,""_inferred_id"":null,""_rent_range_raw"":""$1,264"",""amenities"":null,""area"":680,""area_absence"":null,""area_absence_evidence"":null,""availability_date_provenance"":""explicit_future"",""availability_status"":""AVAILABLE"",""available_date"":""2026-08-25"",""available_units"":null,""baths"":null,""beds"":null,""building"":null,""concession_source"":null,""concession_text"":null,""concession_text_clean"":null,""concession_value"":null,""date_captured"":""2026-08-01 10:45:19"",""deposit"":null,""extraction_tier"":""TIER_1_API"",""floor"":null,""floor_plan_id"":null,""floor_plan_name"":null,""is_floor_plan_level"":false,""lease_term"":null,""move_in_date"":null,""offer_banner"":null,""offer_conditions"":null,""offer_target"":null,""offer_type"":null,""offer_value"":null,""rent_high"":1264.0,""rent_low"":1264.0,""source_ids"":{},""unit_id"":""327"",""unit_name"":null}","{""floorplanId"":10512269,""id"":14185919,""internalAvailableDate"":""2026-08-25 00:00 -0500"",""leaseStatus"":""AVAILABLE_READY"",""name"":""327"",""rent"":1264,""unitNumber"":""327"",""vacantDate"":""2026-09-01 00:00 -0000""}"
local_current_live_no_rp_oracle_audit_not_canary,2026-08-01T10:45:19Z,2026-08-01,2026-07-31,separate_no_rp_oracle_573_rows_78_properties,REALPAGE_OLL,263789,Plum Tree,realpage_public_widget_units_api,true,https://api.ws.realpage.com/v2/property/8648527/units?available=true&honordisplayorder=true,311,,2026-09-01 00:00 -0500,2026-09-01,explicit_future,true,internalAvailableDate,_api_parser.realpage_units_to_adapter_shape,exact_current_parser,true,true,,availability_date,2026-09-01,2026-09-01,explicit_future,true,false,2026-09-01,2026-09-01,explicit_future,,true,true,false,EXPLICIT_FUTURE_PRESERVED_END_TO_END,none,HIGH,"Primary trace replays the exact public /units envelope. When that envelope is unsupported, the diagnostic trace changes only response.units -> response list to isolate the next loss.","{""availability_date"":""2026-09-01"",""availability_status"":""AVAILABLE"",""available_units"":"""",""bathrooms"":"""",""bed_label"":"""",""bedrooms"":"""",""building"":"""",""concession"":"""",""deposit"":"""",""extraction_tier"":""TIER_1_API"",""floor"":"""",""floor_plan_name"":"""",""rent_range"":""$1,654"",""source_api_url"":""https://api.ws.realpage.com/v2/property/8648527/units?available=true&honordisplayorder=true"",""sqft"":""1046"",""unit_number"":""311""}","{""_available_date_raw"":""2026-09-01"",""_concession_quality"":null,""_date_placeholder"":null,""_extra"":null,""_inferred_id"":null,""_rent_range_raw"":""$1,654"",""amenities"":null,""area"":1046,""area_absence"":null,""area_absence_evidence"":null,""availability_date_provenance"":""explicit_future"",""availability_status"":""AVAILABLE"",""available_date"":""2026-09-01"",""available_units"":null,""baths"":null,""beds"":null,""building"":null,""concession_source"":null,""concession_text"":null,""concession_text_clean"":null,""concession_value"":null,""date_captured"":""2026-08-01 10:45:19"",""deposit"":null,""extraction_tier"":""TIER_1_API"",""floor"":null,""floor_plan_id"":null,""floor_plan_name"":null,""is_floor_plan_level"":false,""lease_term"":null,""move_in_date"":null,""offer_banner"":null,""offer_conditions"":null,""offer_target"":null,""offer_type"":null,""offer_value"":null,""rent_high"":1654.0,""rent_low"":1654.0,""source_ids"":{},""unit_id"":""311"",""unit_name"":null}",controlled_single_change_replay_unwrap_response_units,true,availability_date,2026-09-01,2026-09-01,2026-09-01,explicit_future,,explicit_future_preserved_after_response_unwrap,"{""availability_date"":""2026-09-01"",""availability_status"":""AVAILABLE"",""available_units"":"""",""bathrooms"":"""",""bed_label"":"""",""bedrooms"":"""",""building"":"""",""concession"":"""",""deposit"":"""",""extraction_tier"":""TIER_1_API"",""floor"":"""",""floor_plan_name"":"""",""rent_range"":""$1,654"",""source_api_url"":""https://api.ws.realpage.com/v2/property/8648527/units?available=true&honordisplayorder=true"",""sqft"":""1046"",""unit_number"":""311""}","{""_available_date_raw"":""2026-09-01"",""_concession_quality"":null,""_date_placeholder"":null,""_extra"":null,""_inferred_id"":null,""_rent_range_raw"":""$1,654"",""amenities"":null,""area"":1046,""area_absence"":null,""area_absence_evidence"":null,""availability_date_provenance"":""explicit_future"",""availability_status"":""AVAILABLE"",""available_date"":""2026-09-01"",""available_units"":null,""baths"":null,""beds"":null,""building"":null,""concession_source"":null,""concession_text"":null,""concession_text_clean"":null,""concession_value"":null,""date_captured"":""2026-08-01 10:45:19"",""deposit"":null,""extraction_tier"":""TIER_1_API"",""floor"":null,""floor_plan_id"":null,""floor_plan_name"":null,""is_floor_plan_level"":false,""lease_term"":null,""move_in_date"":null,""offer_banner"":null,""offer_conditions"":null,""offer_target"":null,""offer_type"":null,""offer_value"":null,""rent_high"":1654.0,""rent_low"":1654.0,""source_ids"":{},""unit_id"":""311"",""unit_name"":null}","{""floorplanId"":10512277,""id"":14185992,""internalAvailableDate"":""2026-09-01 00:00 -0500"",""leaseStatus"":""AVAILABLE_READY"",""name"":""311"",""rent"":1654,""unitNumber"":""311"",""vacantDate"":""2026-09-08 00:00 -0000""}"
local_current_live_no_rp_oracle_audit_not_canary,2026-08-01T10:45:19Z,2026-08-01,2026-07-31,separate_no_rp_oracle_573_rows_78_properties,REALPAGE_OLL,263789,Plum Tree,realpage_public_widget_units_api,true,https://api.ws.realpage.com/v2/property/8648527/units?available=true&honordisplayorder=true,129,,2026-09-22 00:00 -0500,2026-09-22,explicit_future,true,internalAvailableDate,_api_parser.realpage_units_to_adapter_shape,exact_current_parser,true,true,,availability_date,2026-09-22,2026-09-22,explicit_future,true,false,2026-09-22,2026-09-22,explicit_future,,true,true,false,EXPLICIT_FUTURE_PRESERVED_END_TO_END,none,HIGH,"Primary trace replays the exact public /units envelope. When that envelope is unsupported, the diagnostic trace changes only response.units -> response list to isolate the next loss.","{""availability_date"":""2026-09-22"",""availability_status"":""AVAILABLE"",""available_units"":"""",""bathrooms"":"""",""bed_label"":"""",""bedrooms"":"""",""building"":"""",""concession"":"""",""deposit"":"""",""extraction_tier"":""TIER_1_API"",""floor"":"""",""floor_plan_name"":"""",""rent_range"":""$1,325"",""source_api_url"":""https://api.ws.realpage.com/v2/property/8648527/units?available=true&honordisplayorder=true"",""sqft"":""651"",""unit_number"":""129""}","{""_available_date_raw"":""2026-09-22"",""_concession_quality"":null,""_date_placeholder"":null,""_extra"":null,""_inferred_id"":null,""_rent_range_raw"":""$1,325"",""amenities"":null,""area"":651,""area_absence"":null,""area_absence_evidence"":null,""availability_date_provenance"":""explicit_future"",""availability_status"":""AVAILABLE"",""available_date"":""2026-09-22"",""available_units"":null,""baths"":null,""beds"":null,""building"":null,""concession_source"":null,""concession_text"":null,""concession_text_clean"":null,""concession_value"":null,""date_captured"":""2026-08-01 10:45:19"",""deposit"":null,""extraction_tier"":""TIER_1_API"",""floor"":null,""floor_plan_id"":null,""floor_plan_name"":null,""is_floor_plan_level"":false,""lease_term"":null,""move_in_date"":null,""offer_banner"":null,""offer_conditions"":null,""offer_target"":null,""offer_type"":null,""offer_value"":null,""rent_high"":1325.0,""rent_low"":1325.0,""source_ids"":{},""unit_id"":""129"",""unit_name"":null}",controlled_single_change_replay_unwrap_response_units,true,availability_date,2026-09-22,2026-09-22,2026-09-22,explicit_future,,explicit_future_preserved_after_response_unwrap,"{""availability_date"":""2026-09-22"",""availability_status"":""AVAILABLE"",""available_units"":"""",""bathrooms"":"""",""bed_label"":"""",""bedrooms"":"""",""building"":"""",""concession"":"""",""deposit"":"""",""extraction_tier"":""TIER_1_API"",""floor"":"""",""floor_plan_name"":"""",""rent_range"":""$1,325"",""source_api_url"":""https://api.ws.realpage.com/v2/property/8648527/units?available=true&honordisplayorder=true"",""sqft"":""651"",""unit_number"":""129""}","{""_available_date_raw"":""2026-09-22"",""_concession_quality"":null,""_date_placeholder"":null,""_extra"":null,""_inferred_id"":null,""_rent_range_raw"":""$1,325"",""amenities"":null,""area"":651,""area_absence"":null,""area_absence_evidence"":null,""availability_date_provenance"":""explicit_future"",""availability_status"":""AVAILABLE"",""available_date"":""2026-09-22"",""available_units"":null,""baths"":null,""beds"":null,""building"":null,""concession_source"":null,""concession_text"":null,""concession_text_clean"":null,""concession_value"":null,""date_captured"":""2026-08-01 10:45:19"",""deposit"":null,""extraction_tier"":""TIER_1_API"",""floor"":null,""floor_plan_id"":null,""floor_plan_name"":null,""is_floor_plan_level"":false,""lease_term"":null,""move_in_date"":null,""offer_banner"":null,""offer_conditions"":null,""offer_target"":null,""offer_type"":null,""offer_value"":null,""rent_high"":1325.0,""rent_low"":1325.0,""source_ids"":{},""unit_id"":""129"",""unit_name"":null}","{""floorplanId"":10512268,""id"":14185869,""internalAvailableDate"":""2026-09-22 00:00 -0500"",""leaseStatus"":""AVAILABLE_READY"",""name"":""129"",""rent"":1325,""unitNumber"":""129"",""vacantDate"":""2026-09-29 00:00 -0000""}"
local_current_live_no_rp_oracle_audit_not_canary,2026-08-01T10:45:19Z,2026-08-01,2026-07-31,separate_no_rp_oracle_573_rows_78_properties,REALPAGE_OLL,263789,Plum Tree,realpage_public_widget_units_api,true,https://api.ws.realpage.com/v2/property/8648527/units?available=true&honordisplayorder=true,128,,2026-09-22 00:00 -0500,2026-09-22,explicit_future,true,internalAvailableDate,_api_parser.realpage_units_to_adapter_shape,exact_current_parser,true,true,,availability_date,2026-09-22,2026-09-22,explicit_future,true,false,2026-09-22,2026-09-22,explicit_future,,true,true,false,EXPLICIT_FUTURE_PRESERVED_END_TO_END,none,HIGH,"Primary trace replays the exact public /units envelope. When that envelope is unsupported, the diagnostic trace changes only response.units -> response list to isolate the next loss.","{""availability_date"":""2026-09-22"",""availability_status"":""AVAILABLE"",""available_units"":"""",""bathrooms"":"""",""bed_label"":"""",""bedrooms"":"""",""building"":"""",""concession"":"""",""deposit"":"""",""extraction_tier"":""TIER_1_API"",""floor"":"""",""floor_plan_name"":"""",""rent_range"":""$1,325"",""source_api_url"":""https://api.ws.realpage.com/v2/property/8648527/units?available=true&honordisplayorder=true"",""sqft"":""651"",""unit_number"":""128""}","{""_available_date_raw"":""2026-09-22"",""_concession_quality"":null,""_date_placeholder"":null,""_extra"":null,""_inferred_id"":null,""_rent_range_raw"":""$1,325"",""amenities"":null,""area"":651,""area_absence"":null,""area_absence_evidence"":null,""availability_date_provenance"":""explicit_future"",""availability_status"":""AVAILABLE"",""available_date"":""2026-09-22"",""available_units"":null,""baths"":null,""beds"":null,""building"":null,""concession_source"":null,""concession_text"":null,""concession_text_clean"":null,""concession_value"":null,""date_captured"":""2026-08-01 10:45:19"",""deposit"":null,""extraction_tier"":""TIER_1_API"",""floor"":null,""floor_plan_id"":null,""floor_plan_name"":null,""is_floor_plan_level"":false,""lease_term"":null,""move_in_date"":null,""offer_banner"":null,""offer_conditions"":null,""offer_target"":null,""offer_type"":null,""offer_value"":null,""rent_high"":1325.0,""rent_low"":1325.0,""source_ids"":{},""unit_id"":""128"",""unit_name"":null}",controlled_single_change_replay_unwrap_response_units,true,availability_date,2026-09-22,2026-09-22,2026-09-22,explicit_future,,explicit_future_preserved_after_response_unwrap,"{""availability_date"":""2026-09-22"",""availability_status"":""AVAILABLE"",""available_units"":"""",""bathrooms"":"""",""bed_label"":"""",""bedrooms"":"""",""building"":"""",""concession"":"""",""deposit"":"""",""extraction_tier"":""TIER_1_API"",""floor"":"""",""floor_plan_name"":"""",""rent_range"":""$1,325"",""source_api_url"":""https://api.ws.realpage.com/v2/property/8648527/units?available=true&honordisplayorder=true"",""sqft"":""651"",""unit_number"":""128""}","{""_available_date_raw"":""2026-09-22"",""_concession_quality"":null,""_date_placeholder"":null,""_extra"":null,""_inferred_id"":null,""_rent_range_raw"":""$1,325"",""amenities"":null,""area"":651,""area_absence"":null,""area_absence_evidence"":null,""availability_date_provenance"":""explicit_future"",""availability_status"":""AVAILABLE"",""available_date"":""2026-09-22"",""available_units"":null,""baths"":null,""beds"":null,""building"":null,""concession_source"":null,""concession_text"":null,""concession_text_clean"":null,""concession_value"":null,""date_captured"":""2026-08-01 10:45:19"",""deposit"":null,""extraction_tier"":""TIER_1_API"",""floor"":null,""floor_plan_id"":null,""floor_plan_name"":null,""is_floor_plan_level"":false,""lease_term"":null,""move_in_date"":null,""offer_banner"":null,""offer_conditions"":null,""offer_target"":null,""offer_type"":null,""offer_value"":null,""rent_high"":1325.0,""rent_low"":1325.0,""source_ids"":{},""unit_id"":""128"",""unit_name"":null}","{""floorplanId"":10512268,""id"":14185870,""internalAvailableDate"":""2026-09-22 00:00 -0500"",""leaseStatus"":""AVAILABLE_READY"",""name"":""128"",""rent"":1325,""unitNumber"":""128"",""vacantDate"":""2026-09-29 00:00 -0000""}"
local_current_live_no_rp_oracle_audit_not_canary,2026-08-01T10:45:19Z,2026-08-01,2026-07-31,separate_no_rp_oracle_573_rows_78_properties,REALPAGE_OLL,263789,Plum Tree,realpage_public_widget_units_api,true,https://api.ws.realpage.com/v2/property/8648527/units?available=true&honordisplayorder=true,419,,2026-09-22 00:00 -0500,2026-09-22,explicit_future,true,internalAvailableDate,_api_parser.realpage_units_to_adapter_shape,exact_current_parser,true,true,,availability_date,2026-09-22,2026-09-22,explicit_future,true,false,2026-09-22,2026-09-22,explicit_future,,true,true,false,EXPLICIT_FUTURE_PRESERVED_END_TO_END,none,HIGH,"Primary trace replays the exact public /units envelope. When that envelope is unsupported, the diagnostic trace changes only response.units -> response list to isolate the next loss.","{""availability_date"":""2026-09-22"",""availability_status"":""AVAILABLE"",""available_units"":"""",""bathrooms"":"""",""bed_label"":"""",""bedrooms"":"""",""building"":"""",""concession"":"""",""deposit"":"""",""extraction_tier"":""TIER_1_API"",""floor"":"""",""floor_plan_name"":"""",""rent_range"":""$1,345"",""source_api_url"":""https://api.ws.realpage.com/v2/property/8648527/units?available=true&honordisplayorder=true"",""sqft"":""651"",""unit_number"":""419""}","{""_available_date_raw"":""2026-09-22"",""_concession_quality"":null,""_date_placeholder"":null,""_extra"":null,""_inferred_id"":null,""_rent_range_raw"":""$1,345"",""amenities"":null,""area"":651,""area_absence"":null,""area_absence_evidence"":null,""availability_date_provenance"":""explicit_future"",""availability_status"":""AVAILABLE"",""available_date"":""2026-09-22"",""available_units"":null,""baths"":null,""beds"":null,""building"":null,""concession_source"":null,""concession_text"":null,""concession_text_clean"":null,""concession_value"":null,""date_captured"":""2026-08-01 10:45:19"",""deposit"":null,""extraction_tier"":""TIER_1_API"",""floor"":null,""floor_plan_id"":null,""floor_plan_name"":null,""is_floor_plan_level"":false,""lease_term"":null,""move_in_date"":null,""offer_banner"":null,""offer_conditions"":null,""offer_target"":null,""offer_type"":null,""offer_value"":null,""rent_high"":1345.0,""rent_low"":1345.0,""source_ids"":{},""unit_id"":""419"",""unit_name"":null}",controlled_single_change_replay_unwrap_response_units,true,availability_date,2026-09-22,2026-09-22,2026-09-22,explicit_future,,explicit_future_preserved_after_response_unwrap,"{""availability_date"":""2026-09-22"",""availability_status"":""AVAILABLE"",""available_units"":"""",""bathrooms"":"""",""bed_label"":"""",""bedrooms"":"""",""building"":"""",""concession"":"""",""deposit"":"""",""extraction_tier"":""TIER_1_API"",""floor"":"""",""floor_plan_name"":"""",""rent_range"":""$1,345"",""source_api_url"":""https://api.ws.realpage.com/v2/property/8648527/units?available=true&honordisplayorder=true"",""sqft"":""651"",""unit_number"":""419""}","{""_available_date_raw"":""2026-09-22"",""_concession_quality"":null,""_date_placeholder"":null,""_extra"":null,""_inferred_id"":null,""_rent_range_raw"":""$1,345"",""amenities"":null,""area"":651,""area_absence"":null,""area_absence_evidence"":null,""availability_date_provenance"":""explicit_future"",""availability_status"":""AVAILABLE"",""available_date"":""2026-09-22"",""available_units"":null,""baths"":null,""beds"":null,""building"":null,""concession_source"":null,""concession_text"":null,""concession_text_clean"":null,""concession_value"":null,""date_captured"":""2026-08-01 10:45:19"",""deposit"":null,""extraction_tier"":""TIER_1_API"",""floor"":null,""floor_plan_id"":null,""floor_plan_name"":null,""is_floor_plan_level"":false,""lease_term"":null,""move_in_date"":null,""offer_banner"":null,""offer_conditions"":null,""offer_target"":null,""offer_type"":null,""offer_value"":null,""rent_high"":1345.0,""rent_low"":1345.0,""source_ids"":{},""unit_id"":""419"",""unit_name"":null}","{""floorplanId"":10512268,""id"":14185899,""internalAvailableDate"":""2026-09-22 00:00 -0500"",""leaseStatus"":""AVAILABLE_READY"",""name"":""419"",""rent"":1345,""unitNumber"":""419"",""vacantDate"":""2026-09-29 00:00 -0000""}"
local_current_live_no_rp_oracle_audit_not_canary,2026-08-01T10:45:19Z,2026-08-01,2026-07-31,separate_no_rp_oracle_573_rows_78_properties,REALPAGE_OLL,263789,Plum Tree,realpage_public_widget_units_api,true,https://api.ws.realpage.com/v2/property/8648527/units?available=true&honordisplayorder=true,334,,2026-09-24 00:00 -0500,2026-09-24,explicit_future,true,internalAvailableDate,_api_parser.realpage_units_to_adapter_shape,exact_current_parser,true,true,,availability_date,2026-09-24,2026-09-24,explicit_future,true,false,2026-09-24,2026-09-24,explicit_future,,true,true,false,EXPLICIT_FUTURE_PRESERVED_END_TO_END,none,HIGH,"Primary trace replays the exact public /units envelope. When that envelope is unsupported, the diagnostic trace changes only response.units -> response list to isolate the next loss.","{""availability_date"":""2026-09-24"",""availability_status"":""AVAILABLE"",""available_units"":"""",""bathrooms"":"""",""bed_label"":"""",""bedrooms"":"""",""building"":"""",""concession"":"""",""deposit"":"""",""extraction_tier"":""TIER_1_API"",""floor"":"""",""floor_plan_name"":"""",""rent_range"":""$1,332"",""source_api_url"":""https://api.ws.realpage.com/v2/property/8648527/units?available=true&honordisplayorder=true"",""sqft"":""680"",""unit_number"":""334""}","{""_available_date_raw"":""2026-09-24"",""_concession_quality"":null,""_date_placeholder"":null,""_extra"":null,""_inferred_id"":null,""_rent_range_raw"":""$1,332"",""amenities"":null,""area"":680,""area_absence"":null,""area_absence_evidence"":null,""availability_date_provenance"":""explicit_future"",""availability_status"":""AVAILABLE"",""available_date"":""2026-09-24"",""available_units"":null,""baths"":null,""beds"":null,""building"":null,""concession_source"":null,""concession_text"":null,""concession_text_clean"":null,""concession_value"":null,""date_captured"":""2026-08-01 10:45:19"",""deposit"":null,""extraction_tier"":""TIER_1_API"",""floor"":null,""floor_plan_id"":null,""floor_plan_name"":null,""is_floor_plan_level"":false,""lease_term"":null,""move_in_date"":null,""offer_banner"":null,""offer_conditions"":null,""offer_target"":null,""offer_type"":null,""offer_value"":null,""rent_high"":1332.0,""rent_low"":1332.0,""source_ids"":{},""unit_id"":""334"",""unit_name"":null}",controlled_single_change_replay_unwrap_response_units,true,availability_date,2026-09-24,2026-09-24,2026-09-24,explicit_future,,explicit_future_preserved_after_response_unwrap,"{""availability_date"":""2026-09-24"",""availability_status"":""AVAILABLE"",""available_units"":"""",""bathrooms"":"""",""bed_label"":"""",""bedrooms"":"""",""building"":"""",""concession"":"""",""deposit"":"""",""extraction_tier"":""TIER_1_API"",""floor"":"""",""floor_plan_name"":"""",""rent_range"":""$1,332"",""source_api_url"":""https://api.ws.realpage.com/v2/property/8648527/units?available=true&honordisplayorder=true"",""sqft"":""680"",""unit_number"":""334""}","{""_available_date_raw"":""2026-09-24"",""_concession_quality"":null,""_date_placeholder"":null,""_extra"":null,""_inferred_id"":null,""_rent_range_raw"":""$1,332"",""amenities"":null,""area"":680,""area_absence"":null,""area_absence_evidence"":null,""availability_date_provenance"":""explicit_future"",""availability_status"":""AVAILABLE"",""available_date"":""2026-09-24"",""available_units"":null,""baths"":null,""beds"":null,""building"":null,""concession_source"":null,""concession_text"":null,""concession_text_clean"":null,""concession_value"":null,""date_captured"":""2026-08-01 10:45:19"",""deposit"":null,""extraction_tier"":""TIER_1_API"",""floor"":null,""floor_plan_id"":null,""floor_plan_name"":null,""is_floor_plan_level"":false,""lease_term"":null,""move_in_date"":null,""offer_banner"":null,""offer_conditions"":null,""offer_target"":null,""offer_type"":null,""offer_value"":null,""rent_high"":1332.0,""rent_low"":1332.0,""source_ids"":{},""unit_id"":""334"",""unit_name"":null}","{""floorplanId"":10512269,""id"":14185926,""internalAvailableDate"":""2026-09-24 00:00 -0500"",""leaseStatus"":""AVAILABLE_READY"",""name"":""334"",""rent"":1332,""unitNumber"":""334"",""vacantDate"":""2026-10-01 00:00 -0000""}"
local_current_live_no_rp_oracle_audit_not_canary,2026-08-01T10:45:19Z,2026-08-01,2026-07-31,separate_no_rp_oracle_573_rows_78_properties,REALPAGE_OLL,263789,Plum Tree,realpage_public_widget_units_api,true,https://api.ws.realpage.com/v2/property/8648527/units?available=true&honordisplayorder=true,227,,2026-10-01 00:00 -0500,2026-10-01,explicit_future,true,internalAvailableDate,_api_parser.realpage_units_to_adapter_shape,exact_current_parser,true,true,,availability_date,2026-10-01,2026-10-01,explicit_future,true,false,2026-10-01,2026-10-01,explicit_future,,true,true,false,EXPLICIT_FUTURE_PRESERVED_END_TO_END,none,HIGH,"Primary trace replays the exact public /units envelope. When that envelope is unsupported, the diagnostic trace changes only response.units -> response list to isolate the next loss.","{""availability_date"":""2026-10-01"",""availability_status"":""AVAILABLE"",""available_units"":"""",""bathrooms"":"""",""bed_label"":"""",""bedrooms"":"""",""building"":"""",""concession"":"""",""deposit"":"""",""extraction_tier"":""TIER_1_API"",""floor"":"""",""floor_plan_name"":"""",""rent_range"":""$1,305"",""source_api_url"":""https://api.ws.realpage.com/v2/property/8648527/units?available=true&honordisplayorder=true"",""sqft"":""651"",""unit_number"":""227""}","{""_available_date_raw"":""2026-10-01"",""_concession_quality"":null,""_date_placeholder"":null,""_extra"":null,""_inferred_id"":null,""_rent_range_raw"":""$1,305"",""amenities"":null,""area"":651,""area_absence"":null,""area_absence_evidence"":null,""availability_date_provenance"":""explicit_future"",""availability_status"":""AVAILABLE"",""available_date"":""2026-10-01"",""available_units"":null,""baths"":null,""beds"":null,""building"":null,""concession_source"":null,""concession_text"":null,""concession_text_clean"":null,""concession_value"":null,""date_captured"":""2026-08-01 10:45:19"",""deposit"":null,""extraction_tier"":""TIER_1_API"",""floor"":null,""floor_plan_id"":null,""floor_plan_name"":null,""is_floor_plan_level"":false,""lease_term"":null,""move_in_date"":null,""offer_banner"":null,""offer_conditions"":null,""offer_target"":null,""offer_type"":null,""offer_value"":null,""rent_high"":1305.0,""rent_low"":1305.0,""source_ids"":{},""unit_id"":""227"",""unit_name"":null}",controlled_single_change_replay_unwrap_response_units,true,availability_date,2026-10-01,2026-10-01,2026-10-01,explicit_future,,explicit_future_preserved_after_response_unwrap,"{""availability_date"":""2026-10-01"",""availability_status"":""AVAILABLE"",""available_units"":"""",""bathrooms"":"""",""bed_label"":"""",""bedrooms"":"""",""building"":"""",""concession"":"""",""deposit"":"""",""extraction_tier"":""TIER_1_API"",""floor"":"""",""floor_plan_name"":"""",""rent_range"":""$1,305"",""source_api_url"":""https://api.ws.realpage.com/v2/property/8648527/units?available=true&honordisplayorder=true"",""sqft"":""651"",""unit_number"":""227""}","{""_available_date_raw"":""2026-10-01"",""_concession_quality"":null,""_date_placeholder"":null,""_extra"":null,""_inferred_id"":null,""_rent_range_raw"":""$1,305"",""amenities"":null,""area"":651,""area_absence"":null,""area_absence_evidence"":null,""availability_date_provenance"":""explicit_future"",""availability_status"":""AVAILABLE"",""available_date"":""2026-10-01"",""available_units"":null,""baths"":null,""beds"":null,""building"":null,""concession_source"":null,""concession_text"":null,""concession_text_clean"":null,""concession_value"":null,""date_captured"":""2026-08-01 10:45:19"",""deposit"":null,""extraction_tier"":""TIER_1_API"",""floor"":null,""floor_plan_id"":null,""floor_plan_name"":null,""is_floor_plan_level"":false,""lease_term"":null,""move_in_date"":null,""offer_banner"":null,""offer_conditions"":null,""offer_target"":null,""offer_type"":null,""offer_value"":null,""rent_high"":1305.0,""rent_low"":1305.0,""source_ids"":{},""unit_id"":""227"",""unit_name"":null}","{""floorplanId"":10512268,""id"":14185881,""internalAvailableDate"":""2026-10-01 00:00 -0500"",""leaseStatus"":""AVAILABLE_READY"",""name"":""227"",""rent"":1305,""unitNumber"":""227"",""vacantDate"":""2026-10-08 00:00 -0000""}"
local_current_live_no_rp_oracle_audit_not_canary,2026-08-01T10:45:19Z,2026-08-01,2026-07-31,separate_no_rp_oracle_573_rows_78_properties,REALPAGE_OLL,263789,Plum Tree,realpage_public_widget_units_api,true,https://api.ws.realpage.com/v2/property/8648527/units?available=true&honordisplayorder=true,134,,2026-10-01 00:00 -0500,2026-10-01,explicit_future,true,internalAvailableDate,_api_parser.realpage_units_to_adapter_shape,exact_current_parser,true,true,,availability_date,2026-10-01,2026-10-01,explicit_future,true,false,2026-10-01,2026-10-01,explicit_future,,true,true,false,EXPLICIT_FUTURE_PRESERVED_END_TO_END,none,HIGH,"Primary trace replays the exact public /units envelope. When that envelope is unsupported, the diagnostic trace changes only response.units -> response list to isolate the next loss.","{""availability_date"":""2026-10-01"",""availability_status"":""AVAILABLE"",""available_units"":"""",""bathrooms"":"""",""bed_label"":"""",""bedrooms"":"""",""building"":"""",""concession"":"""",""deposit"":"""",""extraction_tier"":""TIER_1_API"",""floor"":"""",""floor_plan_name"":"""",""rent_range"":""$1,450"",""source_api_url"":""https://api.ws.realpage.com/v2/property/8648527/units?available=true&honordisplayorder=true"",""sqft"":""829"",""unit_number"":""134""}","{""_available_date_raw"":""2026-10-01"",""_concession_quality"":null,""_date_placeholder"":null,""_extra"":null,""_inferred_id"":null,""_rent_range_raw"":""$1,450"",""amenities"":null,""area"":829,""area_absence"":null,""area_absence_evidence"":null,""availability_date_provenance"":""explicit_future"",""availability_status"":""AVAILABLE"",""available_date"":""2026-10-01"",""available_units"":null,""baths"":null,""beds"":null,""building"":null,""concession_source"":null,""concession_text"":null,""concession_text_clean"":null,""concession_value"":null,""date_captured"":""2026-08-01 10:45:19"",""deposit"":null,""extraction_tier"":""TIER_1_API"",""floor"":null,""floor_plan_id"":null,""floor_plan_name"":null,""is_floor_plan_level"":false,""lease_term"":null,""move_in_date"":null,""offer_banner"":null,""offer_conditions"":null,""offer_target"":null,""offer_type"":null,""offer_value"":null,""rent_high"":1450.0,""rent_low"":1450.0,""source_ids"":{},""unit_id"":""134"",""unit_name"":null}",controlled_single_change_replay_unwrap_response_units,true,availability_date,2026-10-01,2026-10-01,2026-10-01,explicit_future,,explicit_future_preserved_after_response_unwrap,"{""availability_date"":""2026-10-01"",""availability_status"":""AVAILABLE"",""available_units"":"""",""bathrooms"":"""",""bed_label"":"""",""bedrooms"":"""",""building"":"""",""concession"":"""",""deposit"":"""",""extraction_tier"":""TIER_1_API"",""floor"":"""",""floor_plan_name"":"""",""rent_range"":""$1,450"",""source_api_url"":""https://api.ws.realpage.com/v2/property/8648527/units?available=true&honordisplayorder=true"",""sqft"":""829"",""unit_number"":""134""}","{""_available_date_raw"":""2026-10-01"",""_concession_quality"":null,""_date_placeholder"":null,""_extra"":null,""_inferred_id"":null,""_rent_range_raw"":""$1,450"",""amenities"":null,""area"":829,""area_absence"":null,""area_absence_evidence"":null,""availability_date_provenance"":""explicit_future"",""availability_status"":""AVAILABLE"",""available_date"":""2026-10-01"",""available_units"":null,""baths"":null,""beds"":null,""building"":null,""concession_source"":null,""concession_text"":null,""concession_text_clean"":null,""concession_value"":null,""date_captured"":""2026-08-01 10:45:19"",""deposit"":null,""extraction_tier"":""TIER_1_API"",""floor"":null,""floor_plan_id"":null,""floor_plan_name"":null,""is_floor_plan_level"":false,""lease_term"":null,""move_in_date"":null,""offer_banner"":null,""offer_conditions"":null,""offer_target"":null,""offer_type"":null,""offer_value"":null,""rent_high"":1450.0,""rent_low"":1450.0,""source_ids"":{},""unit_id"":""134"",""unit_name"":null}","{""floorplanId"":10512273,""id"":14185951,""internalAvailableDate"":""2026-10-01 00:00 -0500"",""leaseStatus"":""AVAILABLE_READY"",""name"":""134"",""rent"":1450,""unitNumber"":""134"",""vacantDate"":""2026-10-08 00:00 -0000""}"
local_current_live_no_rp_oracle_audit_not_canary,2026-08-01T10:45:19Z,2026-08-01,2026-07-31,separate_no_rp_oracle_573_rows_78_properties,REALPAGE_OLL,263081,Culebra Commons,realpage_public_widget_units_api,true,https://api.ws.realpage.com/v2/property/8420144/units?available=true&honordisplayorder=true,2102,,2025-07-21 00:00 -0500,2025-07-21,historical_embedded,false,internalAvailableDate,_api_parser.realpage_units_to_adapter_shape,exact_current_parser,true,true,,availability_date,2025-07-21,2025-07-21,historical_embedded,true,false,2025-07-21,2025-07-21,historical_embedded,,false,false,false,HISTORICAL_SOURCE_DATE_PRESERVED,none,HIGH,"Primary trace replays the exact public /units envelope. When that envelope is unsupported, the diagnostic trace changes only response.units -> response list to isolate the next loss.","{""availability_date"":""2025-07-21"",""availability_status"":""AVAILABLE"",""available_units"":"""",""bathrooms"":"""",""bed_label"":"""",""bedrooms"":"""",""building"":"""",""concession"":"""",""deposit"":"""",""extraction_tier"":""TIER_1_API"",""floor"":"""",""floor_plan_name"":"""",""rent_range"":""$1,149"",""source_api_url"":""https://api.ws.realpage.com/v2/property/8420144/units?available=true&honordisplayorder=true"",""sqft"":""530"",""unit_number"":""2102""}","{""_available_date_raw"":""2025-07-21"",""_concession_quality"":null,""_date_placeholder"":null,""_extra"":null,""_inferred_id"":null,""_rent_range_raw"":""$1,149"",""amenities"":null,""area"":530,""area_absence"":null,""area_absence_evidence"":null,""availability_date_provenance"":""historical_embedded"",""availability_status"":""AVAILABLE"",""available_date"":""2025-07-21"",""available_units"":null,""baths"":null,""beds"":null,""building"":null,""concession_source"":null,""concession_text"":null,""concession_text_clean"":null,""concession_value"":null,""date_captured"":""2026-08-01 10:45:19"",""deposit"":null,""extraction_tier"":""TIER_1_API"",""floor"":null,""floor_plan_id"":null,""floor_plan_name"":null,""is_floor_plan_level"":false,""lease_term"":null,""move_in_date"":null,""offer_banner"":null,""offer_conditions"":null,""offer_target"":null,""offer_type"":null,""offer_value"":null,""rent_high"":1149.0,""rent_low"":1149.0,""source_ids"":{},""unit_id"":""2102"",""unit_name"":null}",controlled_single_change_replay_unwrap_response_units,true,availability_date,2025-07-21,2025-07-21,2025-07-21,historical_embedded,,,"{""availability_date"":""2025-07-21"",""availability_status"":""AVAILABLE"",""available_units"":"""",""bathrooms"":"""",""bed_label"":"""",""bedrooms"":"""",""building"":"""",""concession"":"""",""deposit"":"""",""extraction_tier"":""TIER_1_API"",""floor"":"""",""floor_plan_name"":"""",""rent_range"":""$1,149"",""source_api_url"":""https://api.ws.realpage.com/v2/property/8420144/units?available=true&honordisplayorder=true"",""sqft"":""530"",""unit_number"":""2102""}","{""_available_date_raw"":""2025-07-21"",""_concession_quality"":null,""_date_placeholder"":null,""_extra"":null,""_inferred_id"":null,""_rent_range_raw"":""$1,149"",""amenities"":null,""area"":530,""area_absence"":null,""area_absence_evidence"":null,""availability_date_provenance"":""historical_embedded"",""availability_status"":""AVAILABLE"",""available_date"":""2025-07-21"",""available_units"":null,""baths"":null,""beds"":null,""building"":null,""concession_source"":null,""concession_text"":null,""concession_text_clean"":null,""concession_value"":null,""date_captured"":""2026-08-01 10:45:19"",""deposit"":null,""extraction_tier"":""TIER_1_API"",""floor"":null,""floor_plan_id"":null,""floor_plan_name"":null,""is_floor_plan_level"":false,""lease_term"":null,""move_in_date"":null,""offer_banner"":null,""offer_conditions"":null,""offer_target"":null,""offer_type"":null,""offer_value"":null,""rent_high"":1149.0,""rent_low"":1149.0,""source_ids"":{},""unit_id"":""2102"",""unit_name"":null}","{""floorplanId"":10427503,""id"":14373026,""internalAvailableDate"":""2025-07-21 00:00 -0500"",""leaseStatus"":""AVAILABLE_READY"",""name"":""2102"",""rent"":1149,""unitNumber"":""2102"",""vacantDate"":""2025-12-10 00:00 -0000""}"
local_current_live_no_rp_oracle_audit_not_canary,2026-08-01T10:45:19Z,2026-08-01,2026-07-31,separate_no_rp_oracle_573_rows_78_properties,REALPAGE_OLL,263081,Culebra Commons,realpage_public_widget_units_api,true,https://api.ws.realpage.com/v2/property/8420144/units?available=true&honordisplayorder=true,1227,,2025-11-26 00:00 -0600,2025-11-26,historical_embedded,false,internalAvailableDate,_api_parser.realpage_units_to_adapter_shape,exact_current_parser,true,true,,availability_date,2025-11-26,2025-11-26,historical_embedded,true,false,2025-11-26,2025-11-26,historical_embedded,,false,false,false,HISTORICAL_SOURCE_DATE_PRESERVED,none,HIGH,"Primary trace replays the exact public /units envelope. When that envelope is unsupported, the diagnostic trace changes only response.units -> response list to isolate the next loss.","{""availability_date"":""2025-11-26"",""availability_status"":""AVAILABLE"",""available_units"":"""",""bathrooms"":"""",""bed_label"":"""",""bedrooms"":"""",""building"":"""",""concession"":"""",""deposit"":"""",""extraction_tier"":""TIER_1_API"",""floor"":"""",""floor_plan_name"":"""",""rent_range"":""$1,799"",""source_api_url"":""https://api.ws.realpage.com/v2/property/8420144/units?available=true&honordisplayorder=true"",""sqft"":""1345"",""unit_number"":""1227""}","{""_available_date_raw"":""2025-11-26"",""_concession_quality"":null,""_date_placeholder"":null,""_extra"":null,""_inferred_id"":null,""_rent_range_raw"":""$1,799"",""amenities"":null,""area"":1345,""area_absence"":null,""area_absence_evidence"":null,""availability_date_provenance"":""historical_embedded"",""availability_status"":""AVAILABLE"",""available_date"":""2025-11-26"",""available_units"":null,""baths"":null,""beds"":null,""building"":null,""concession_source"":null,""concession_text"":null,""concession_text_clean"":null,""concession_value"":null,""date_captured"":""2026-08-01 10:45:19"",""deposit"":null,""extraction_tier"":""TIER_1_API"",""floor"":null,""floor_plan_id"":null,""floor_plan_name"":null,""is_floor_plan_level"":false,""lease_term"":null,""move_in_date"":null,""offer_banner"":null,""offer_conditions"":null,""offer_target"":null,""offer_type"":null,""offer_value"":null,""rent_high"":1799.0,""rent_low"":1799.0,""source_ids"":{},""unit_id"":""1227"",""unit_name"":null}",controlled_single_change_replay_unwrap_response_units,true,availability_date,2025-11-26,2025-11-26,2025-11-26,historical_embedded,,,"{""availability_date"":""2025-11-26"",""availability_status"":""AVAILABLE"",""available_units"":"""",""bathrooms"":"""",""bed_label"":"""",""bedrooms"":"""",""building"":"""",""concession"":"""",""deposit"":"""",""extraction_tier"":""TIER_1_API"",""floor"":"""",""floor_plan_name"":"""",""rent_range"":""$1,799"",""source_api_url"":""https://api.ws.realpage.com/v2/property/8420144/units?available=true&honordisplayorder=true"",""sqft"":""1345"",""unit_number"":""1227""}","{""_available_date_raw"":""2025-11-26"",""_concession_quality"":null,""_date_placeholder"":null,""_extra"":null,""_inferred_id"":null,""_rent_range_raw"":""$1,799"",""amenities"":null,""area"":1345,""area_absence"":null,""area_absence_evidence"":null,""availability_date_provenance"":""historical_embedded"",""availability_status"":""AVAILABLE"",""available_date"":""2025-11-26"",""available_units"":null,""baths"":null,""beds"":null,""building"":null,""concession_source"":null,""concession_text"":null,""concession_text_clean"":null,""concession_value"":null,""date_captured"":""2026-08-01 10:45:19"",""deposit"":null,""extraction_tier"":""TIER_1_API"",""floor"":null,""floor_plan_id"":null,""floor_plan_name"":null,""is_floor_plan_level"":false,""lease_term"":null,""move_in_date"":null,""offer_banner"":null,""offer_conditions"":null,""offer_target"":null,""offer_type"":null,""offer_value"":null,""rent_high"":1799.0,""rent_low"":1799.0,""source_ids"":{},""unit_id"":""1227"",""unit_name"":null}","{""floorplanId"":10427515,""id"":14373324,""internalAvailableDate"":""2025-11-26 00:00 -0600"",""leaseStatus"":""AVAILABLE_READY"",""name"":""1227"",""rent"":1799,""unitNumber"":""1227"",""vacantDate"":""2026-02-13 00:00 -0000""}"
local_current_live_no_rp_oracle_audit_not_canary,2026-08-01T10:45:19Z,2026-08-01,2026-07-31,separate_no_rp_oracle_573_rows_78_properties,REALPAGE_OLL,263081,Culebra Commons,realpage_public_widget_units_api,true,https://api.ws.realpage.com/v2/property/8420144/units?available=true&honordisplayorder=true,3310,,2026-03-09 00:00 -0500,2026-03-09,historical_embedded,false,internalAvailableDate,_api_parser.realpage_units_to_adapter_shape,exact_current_parser,true,true,,availability_date,2026-03-09,2026-03-09,historical_embedded,true,false,2026-03-09,2026-03-09,historical_embedded,,false,false,false,HISTORICAL_SOURCE_DATE_PRESERVED,none,HIGH,"Primary trace replays the exact public /units envelope. When that envelope is unsupported, the diagnostic trace changes only response.units -> response list to isolate the next loss.","{""availability_date"":""2026-03-09"",""availability_status"":""AVAILABLE"",""available_units"":"""",""bathrooms"":"""",""bed_label"":"""",""bedrooms"":"""",""building"":"""",""concession"":"""",""deposit"":"""",""extraction_tier"":""TIER_1_API"",""floor"":"""",""floor_plan_name"":"""",""rent_range"":""$1,814"",""source_api_url"":""https://api.ws.realpage.com/v2/property/8420144/units?available=true&honordisplayorder=true"",""sqft"":""1345"",""unit_number"":""3310""}","{""_available_date_raw"":""2026-03-09"",""_concession_quality"":null,""_date_placeholder"":null,""_extra"":null,""_inferred_id"":null,""_rent_range_raw"":""$1,814"",""amenities"":null,""area"":1345,""area_absence"":null,""area_absence_evidence"":null,""availability_date_provenance"":""historical_embedded"",""availability_status"":""AVAILABLE"",""available_date"":""2026-03-09"",""available_units"":null,""baths"":null,""beds"":null,""building"":null,""concession_source"":null,""concession_text"":null,""concession_text_clean"":null,""concession_value"":null,""date_captured"":""2026-08-01 10:45:19"",""deposit"":null,""extraction_tier"":""TIER_1_API"",""floor"":null,""floor_plan_id"":null,""floor_plan_name"":null,""is_floor_plan_level"":false,""lease_term"":null,""move_in_date"":null,""offer_banner"":null,""offer_conditions"":null,""offer_target"":null,""offer_type"":null,""offer_value"":null,""rent_high"":1814.0,""rent_low"":1814.0,""source_ids"":{},""unit_id"":""3310"",""unit_name"":null}",controlled_single_change_replay_unwrap_response_units,true,availability_date,2026-03-09,2026-03-09,2026-03-09,historical_embedded,,,"{""availability_date"":""2026-03-09"",""availability_status"":""AVAILABLE"",""available_units"":"""",""bathrooms"":"""",""bed_label"":"""",""bedrooms"":"""",""building"":"""",""concession"":"""",""deposit"":"""",""extraction_tier"":""TIER_1_API"",""floor"":"""",""floor_plan_name"":"""",""rent_range"":""$1,814"",""source_api_url"":""https://api.ws.realpage.com/v2/property/8420144/units?available=true&honordisplayorder=true"",""sqft"":""1345"",""unit_number"":""3310""}","{""_available_date_raw"":""2026-03-09"",""_concession_quality"":null,""_date_placeholder"":null,""_extra"":null,""_inferred_id"":null,""_rent_range_raw"":""$1,814"",""amenities"":null,""area"":1345,""area_absence"":null,""area_absence_evidence"":null,""availability_date_provenance"":""historical_embedded"",""availability_status"":""AVAILABLE"",""available_date"":""2026-03-09"",""available_units"":null,""baths"":null,""beds"":null,""building"":null,""concession_source"":null,""concession_text"":null,""concession_text_clean"":null,""concession_value"":null,""date_captured"":""2026-08-01 10:45:19"",""deposit"":null,""extraction_tier"":""TIER_1_API"",""floor"":null,""floor_plan_id"":null,""floor_plan_name"":null,""is_floor_plan_level"":false,""lease_term"":null,""move_in_date"":null,""offer_banner"":null,""offer_conditions"":null,""offer_target"":null,""offer_type"":null,""offer_value"":null,""rent_high"":1814.0,""rent_low"":1814.0,""source_ids"":{},""unit_id"":""3310"",""unit_name"":null}","{""floorplanId"":10427515,""id"":14373339,""internalAvailableDate"":""2026-03-09 00:00 -0500"",""leaseStatus"":""AVAILABLE_READY"",""name"":""3310"",""rent"":1814,""unitNumber"":""3310"",""vacantDate"":""2026-03-27 00:00 -0000""}"
local_current_live_no_rp_oracle_audit_not_canary,2026-08-01T10:45:19Z,2026-08-01,2026-07-31,separate_no_rp_oracle_573_rows_78_properties,REALPAGE_OLL,263081,Culebra Commons,realpage_public_widget_units_api,true,https://api.ws.realpage.com/v2/property/8420144/units?available=true&honordisplayorder=true,2200,,2026-01-23 00:00 -0600,2026-01-23,historical_embedded,false,internalAvailableDate,_api_parser.realpage_units_to_adapter_shape,exact_current_parser,true,true,,availability_date,2026-01-23,2026-01-23,historical_embedded,true,false,2026-01-23,2026-01-23,historical_embedded,,false,false,false,HISTORICAL_SOURCE_DATE_PRESERVED,none,HIGH,"Primary trace replays the exact public /units envelope. When that envelope is unsupported, the diagnostic trace changes only response.units -> response list to isolate the next loss.","{""availability_date"":""2026-01-23"",""availability_status"":""AVAILABLE"",""available_units"":"""",""bathrooms"":"""",""bed_label"":"""",""bedrooms"":"""",""building"":"""",""concession"":"""",""deposit"":"""",""extraction_tier"":""TIER_1_API"",""floor"":"""",""floor_plan_name"":"""",""rent_range"":""$1,799"",""source_api_url"":""https://api.ws.realpage.com/v2/property/8420144/units?available=true&honordisplayorder=true"",""sqft"":""1345"",""unit_number"":""2200""}","{""_available_date_raw"":""2026-01-23"",""_concession_quality"":null,""_date_placeholder"":null,""_extra"":null,""_inferred_id"":null,""_rent_range_raw"":""$1,799"",""amenities"":null,""area"":1345,""area_absence"":null,""area_absence_evidence"":null,""availability_date_provenance"":""historical_embedded"",""availability_status"":""AVAILABLE"",""available_date"":""2026-01-23"",""available_units"":null,""baths"":null,""beds"":null,""building"":null,""concession_source"":null,""concession_text"":null,""concession_text_clean"":null,""concession_value"":null,""date_captured"":""2026-08-01 10:45:19"",""deposit"":null,""extraction_tier"":""TIER_1_API"",""floor"":null,""floor_plan_id"":null,""floor_plan_name"":null,""is_floor_plan_level"":false,""lease_term"":null,""move_in_date"":null,""offer_banner"":null,""offer_conditions"":null,""offer_target"":null,""offer_type"":null,""offer_value"":null,""rent_high"":1799.0,""rent_low"":1799.0,""source_ids"":{},""unit_id"":""2200"",""unit_name"":null}",controlled_single_change_replay_unwrap_response_units,true,availability_date,2026-01-23,2026-01-23,2026-01-23,historical_embedded,,,"{""availability_date"":""2026-01-23"",""availability_status"":""AVAILABLE"",""available_units"":"""",""bathrooms"":"""",""bed_label"":"""",""bedrooms"":"""",""building"":"""",""concession"":"""",""deposit"":"""",""extraction_tier"":""TIER_1_API"",""floor"":"""",""floor_plan_name"":"""",""rent_range"":""$1,799"",""source_api_url"":""https://api.ws.realpage.com/v2/property/8420144/units?available=true&honordisplayorder=true"",""sqft"":""1345"",""unit_number"":""2200""}","{""_available_date_raw"":""2026-01-23"",""_concession_quality"":null,""_date_placeholder"":null,""_extra"":null,""_inferred_id"":null,""_rent_range_raw"":""$1,799"",""amenities"":null,""area"":1345,""area_absence"":null,""area_absence_evidence"":null,""availability_date_provenance"":""historical_embedded"",""availability_status"":""AVAILABLE"",""available_date"":""2026-01-23"",""available_units"":null,""baths"":null,""beds"":null,""building"":null,""concession_source"":null,""concession_text"":null,""concession_text_clean"":null,""concession_value"":null,""date_captured"":""2026-08-01 10:45:19"",""deposit"":null,""extraction_tier"":""TIER_1_API"",""floor"":null,""floor_plan_id"":null,""floor_plan_name"":null,""is_floor_plan_level"":false,""lease_term"":null,""move_in_date"":null,""offer_banner"":null,""offer_conditions"":null,""offer_target"":null,""offer_type"":null,""offer_value"":null,""rent_high"":1799.0,""rent_low"":1799.0,""source_ids"":{},""unit_id"":""2200"",""unit_name"":null}","{""floorplanId"":10427515,""id"":14373330,""internalAvailableDate"":""2026-01-23 00:00 -0600"",""leaseStatus"":""AVAILABLE_READY"",""name"":""2200"",""rent"":1799,""unitNumber"":""2200"",""vacantDate"":""2026-05-09 00:00 -0000""}"
local_current_live_no_rp_oracle_audit_not_canary,2026-08-01T10:45:19Z,2026-08-01,2026-07-31,separate_no_rp_oracle_573_rows_78_properties,REALPAGE_OLL,263081,Culebra Commons,realpage_public_widget_units_api,true,https://api.ws.realpage.com/v2/property/8420144/units?available=true&honordisplayorder=true,3202,,2026-01-23 00:00 -0600,2026-01-23,historical_embedded,false,internalAvailableDate,_api_parser.realpage_units_to_adapter_shape,exact_current_parser,true,true,,availability_date,2026-01-23,2026-01-23,historical_embedded,true,false,2026-01-23,2026-01-23,historical_embedded,,false,false,false,HISTORICAL_SOURCE_DATE_PRESERVED,none,HIGH,"Primary trace replays the exact public /units envelope. When that envelope is unsupported, the diagnostic trace changes only response.units -> response list to isolate the next loss.","{""availability_date"":""2026-01-23"",""availability_status"":""AVAILABLE"",""available_units"":"""",""bathrooms"":"""",""bed_label"":"""",""bedrooms"":"""",""building"":"""",""concession"":"""",""deposit"":"""",""extraction_tier"":""TIER_1_API"",""floor"":"""",""floor_plan_name"":"""",""rent_range"":""$1,099"",""source_api_url"":""https://api.ws.realpage.com/v2/property/8420144/units?available=true&honordisplayorder=true"",""sqft"":""541"",""unit_number"":""3202""}","{""_available_date_raw"":""2026-01-23"",""_concession_quality"":null,""_date_placeholder"":null,""_extra"":null,""_inferred_id"":null,""_rent_range_raw"":""$1,099"",""amenities"":null,""area"":541,""area_absence"":null,""area_absence_evidence"":null,""availability_date_provenance"":""historical_embedded"",""availability_status"":""AVAILABLE"",""available_date"":""2026-01-23"",""available_units"":null,""baths"":null,""beds"":null,""building"":null,""concession_source"":null,""concession_text"":null,""concession_text_clean"":null,""concession_value"":null,""date_captured"":""2026-08-01 10:45:19"",""deposit"":null,""extraction_tier"":""TIER_1_API"",""floor"":null,""floor_plan_id"":null,""floor_plan_name"":null,""is_floor_plan_level"":false,""lease_term"":null,""move_in_date"":null,""offer_banner"":null,""offer_conditions"":null,""offer_target"":null,""offer_type"":null,""offer_value"":null,""rent_high"":1099.0,""rent_low"":1099.0,""source_ids"":{},""unit_id"":""3202"",""unit_name"":null}",controlled_single_change_replay_unwrap_response_units,true,availability_date,2026-01-23,2026-01-23,2026-01-23,historical_embedded,,,"{""availability_date"":""2026-01-23"",""availability_status"":""AVAILABLE"",""available_units"":"""",""bathrooms"":"""",""bed_label"":"""",""bedrooms"":"""",""building"":"""",""concession"":"""",""deposit"":"""",""extraction_tier"":""TIER_1_API"",""floor"":"""",""floor_plan_name"":"""",""rent_range"":""$1,099"",""source_api_url"":""https://api.ws.realpage.com/v2/property/8420144/units?available=true&honordisplayorder=true"",""sqft"":""541"",""unit_number"":""3202""}","{""_available_date_raw"":""2026-01-23"",""_concession_quality"":null,""_date_placeholder"":null,""_extra"":null,""_inferred_id"":null,""_rent_range_raw"":""$1,099"",""amenities"":null,""area"":541,""area_absence"":null,""area_absence_evidence"":null,""availability_date_provenance"":""historical_embedded"",""availability_status"":""AVAILABLE"",""available_date"":""2026-01-23"",""available_units"":null,""baths"":null,""beds"":null,""building"":null,""concession_source"":null,""concession_text"":null,""concession_text_clean"":null,""concession_value"":null,""date_captured"":""2026-08-01 10:45:19"",""deposit"":null,""extraction_tier"":""TIER_1_API"",""floor"":null,""floor_plan_id"":null,""floor_plan_name"":null,""is_floor_plan_level"":false,""lease_term"":null,""move_in_date"":null,""offer_banner"":null,""offer_conditions"":null,""offer_target"":null,""offer_type"":null,""offer_value"":null,""rent_high"":1099.0,""rent_low"":1099.0,""source_ids"":{},""unit_id"":""3202"",""unit_name"":null}","{""floorplanId"":10427502,""id"":14373038,""internalAvailableDate"":""2026-01-23 00:00 -0600"",""leaseStatus"":""AVAILABLE_READY"",""name"":""3202"",""rent"":1099,""unitNumber"":""3202"",""vacantDate"":""2026-05-16 00:00 -0000""}"
local_current_live_no_rp_oracle_audit_not_canary,2026-08-01T10:45:19Z,2026-08-01,2026-07-31,separate_no_rp_oracle_573_rows_78_properties,REALPAGE_OLL,263081,Culebra Commons,realpage_public_widget_units_api,true,https://api.ws.realpage.com/v2/property/8420144/units?available=true&honordisplayorder=true,5202,,2026-05-09 00:00 -0500,2026-05-09,historical_embedded,false,internalAvailableDate,_api_parser.realpage_units_to_adapter_shape,exact_current_parser,true,true,,availability_date,2026-05-09,2026-05-09,historical_embedded,true,false,2026-05-09,2026-05-09,historical_embedded,,false,false,false,HISTORICAL_SOURCE_DATE_PRESERVED,none,HIGH,"Primary trace replays the exact public /units envelope. When that envelope is unsupported, the diagnostic trace changes only response.units -> response list to isolate the next loss.","{""availability_date"":""2026-05-09"",""availability_status"":""AVAILABLE"",""available_units"":"""",""bathrooms"":"""",""bed_label"":"""",""bedrooms"":"""",""building"":"""",""concession"":"""",""deposit"":"""",""extraction_tier"":""TIER_1_API"",""floor"":"""",""floor_plan_name"":"""",""rent_range"":""$1,099"",""source_api_url"":""https://api.ws.realpage.com/v2/property/8420144/units?available=true&honordisplayorder=true"",""sqft"":""730"",""unit_number"":""5202""}","{""_available_date_raw"":""2026-05-09"",""_concession_quality"":null,""_date_placeholder"":null,""_extra"":null,""_inferred_id"":null,""_rent_range_raw"":""$1,099"",""amenities"":null,""area"":730,""area_absence"":null,""area_absence_evidence"":null,""availability_date_provenance"":""historical_embedded"",""availability_status"":""AVAILABLE"",""available_date"":""2026-05-09"",""available_units"":null,""baths"":null,""beds"":null,""building"":null,""concession_source"":null,""concession_text"":null,""concession_text_clean"":null,""concession_value"":null,""date_captured"":""2026-08-01 10:45:19"",""deposit"":null,""extraction_tier"":""TIER_1_API"",""floor"":null,""floor_plan_id"":null,""floor_plan_name"":null,""is_floor_plan_level"":false,""lease_term"":null,""move_in_date"":null,""offer_banner"":null,""offer_conditions"":null,""offer_target"":null,""offer_type"":null,""offer_value"":null,""rent_high"":1099.0,""rent_low"":1099.0,""source_ids"":{},""unit_id"":""5202"",""unit_name"":null}",controlled_single_change_replay_unwrap_response_units,true,availability_date,2026-05-09,2026-05-09,2026-05-09,historical_embedded,,,"{""availability_date"":""2026-05-09"",""availability_status"":""AVAILABLE"",""available_units"":"""",""bathrooms"":"""",""bed_label"":"""",""bedrooms"":"""",""building"":"""",""concession"":"""",""deposit"":"""",""extraction_tier"":""TIER_1_API"",""floor"":"""",""floor_plan_name"":"""",""rent_range"":""$1,099"",""source_api_url"":""https://api.ws.realpage.com/v2/property/8420144/units?available=true&honordisplayorder=true"",""sqft"":""730"",""unit_number"":""5202""}","{""_available_date_raw"":""2026-05-09"",""_concession_quality"":null,""_date_placeholder"":null,""_extra"":null,""_inferred_id"":null,""_rent_range_raw"":""$1,099"",""amenities"":null,""area"":730,""area_absence"":null,""area_absence_evidence"":null,""availability_date_provenance"":""historical_embedded"",""availability_status"":""AVAILABLE"",""available_date"":""2026-05-09"",""available_units"":null,""baths"":null,""beds"":null,""building"":null,""concession_source"":null,""concession_text"":null,""concession_text_clean"":null,""concession_value"":null,""date_captured"":""2026-08-01 10:45:19"",""deposit"":null,""extraction_tier"":""TIER_1_API"",""floor"":null,""floor_plan_id"":null,""floor_plan_name"":null,""is_floor_plan_level"":false,""lease_term"":null,""move_in_date"":null,""offer_banner"":null,""offer_conditions"":null,""offer_target"":null,""offer_type"":null,""offer_value"":null,""rent_high"":1099.0,""rent_low"":1099.0,""source_ids"":{},""unit_id"":""5202"",""unit_name"":null}","{""floorplanId"":10427508,""id"":14373206,""internalAvailableDate"":""2026-05-09 00:00 -0500"",""leaseStatus"":""AVAILABLE_READY"",""name"":""5202"",""rent"":1099,""unitNumber"":""5202"",""vacantDate"":""2026-05-16 00:00 -0000""}"
local_current_live_no_rp_oracle_audit_not_canary,2026-08-01T10:45:19Z,2026-08-01,2026-07-31,separate_no_rp_oracle_573_rows_78_properties,REALPAGE_OLL,263081,Culebra Commons,realpage_public_widget_units_api,true,https://api.ws.realpage.com/v2/property/8420144/units?available=true&honordisplayorder=true,3303,,2026-05-15 00:00 -0500,2026-05-15,historical_embedded,false,internalAvailableDate,_api_parser.realpage_units_to_adapter_shape,exact_current_parser,true,true,,availability_date,2026-05-15,2026-05-15,historical_embedded,true,false,2026-05-15,2026-05-15,historical_embedded,,false,false,false,HISTORICAL_SOURCE_DATE_PRESERVED,none,HIGH,"Primary trace replays the exact public /units envelope. When that envelope is unsupported, the diagnostic trace changes only response.units -> response list to isolate the next loss.","{""availability_date"":""2026-05-15"",""availability_status"":""AVAILABLE"",""available_units"":"""",""bathrooms"":"""",""bed_label"":"""",""bedrooms"":"""",""building"":"""",""concession"":"""",""deposit"":"""",""extraction_tier"":""TIER_1_API"",""floor"":"""",""floor_plan_name"":"""",""rent_range"":""$1,149"",""source_api_url"":""https://api.ws.realpage.com/v2/property/8420144/units?available=true&honordisplayorder=true"",""sqft"":""730"",""unit_number"":""3303""}","{""_available_date_raw"":""2026-05-15"",""_concession_quality"":null,""_date_placeholder"":null,""_extra"":null,""_inferred_id"":null,""_rent_range_raw"":""$1,149"",""amenities"":null,""area"":730,""area_absence"":null,""area_absence_evidence"":null,""availability_date_provenance"":""historical_embedded"",""availability_status"":""AVAILABLE"",""available_date"":""2026-05-15"",""available_units"":null,""baths"":null,""beds"":null,""building"":null,""concession_source"":null,""concession_text"":null,""concession_text_clean"":null,""concession_value"":null,""date_captured"":""2026-08-01 10:45:19"",""deposit"":null,""extraction_tier"":""TIER_1_API"",""floor"":null,""floor_plan_id"":null,""floor_plan_name"":null,""is_floor_plan_level"":false,""lease_term"":null,""move_in_date"":null,""offer_banner"":null,""offer_conditions"":null,""offer_target"":null,""offer_type"":null,""offer_value"":null,""rent_high"":1149.0,""rent_low"":1149.0,""source_ids"":{},""unit_id"":""3303"",""unit_name"":null}",controlled_single_change_replay_unwrap_response_units,true,availability_date,2026-05-15,2026-05-15,2026-05-15,historical_embedded,,,"{""availability_date"":""2026-05-15"",""availability_status"":""AVAILABLE"",""available_units"":"""",""bathrooms"":"""",""bed_label"":"""",""bedrooms"":"""",""building"":"""",""concession"":"""",""deposit"":"""",""extraction_tier"":""TIER_1_API"",""floor"":"""",""floor_plan_name"":"""",""rent_range"":""$1,149"",""source_api_url"":""https://api.ws.realpage.com/v2/property/8420144/units?available=true&honordisplayorder=true"",""sqft"":""730"",""unit_number"":""3303""}","{""_available_date_raw"":""2026-05-15"",""_concession_quality"":null,""_date_placeholder"":null,""_extra"":null,""_inferred_id"":null,""_rent_range_raw"":""$1,149"",""amenities"":null,""area"":730,""area_absence"":null,""area_absence_evidence"":null,""availability_date_provenance"":""historical_embedded"",""availability_status"":""AVAILABLE"",""available_date"":""2026-05-15"",""available_units"":null,""baths"":null,""beds"":null,""building"":null,""concession_source"":null,""concession_text"":null,""concession_text_clean"":null,""concession_value"":null,""date_captured"":""2026-08-01 10:45:19"",""deposit"":null,""extraction_tier"":""TIER_1_API"",""floor"":null,""floor_plan_id"":null,""floor_plan_name"":null,""is_floor_plan_level"":false,""lease_term"":null,""move_in_date"":null,""offer_banner"":null,""offer_conditions"":null,""offer_target"":null,""offer_type"":null,""offer_value"":null,""rent_high"":1149.0,""rent_low"":1149.0,""source_ids"":{},""unit_id"":""3303"",""unit_name"":null}","{""floorplanId"":10427508,""id"":14373201,""internalAvailableDate"":""2026-05-15 00:00 -0500"",""leaseStatus"":""AVAILABLE_READY"",""name"":""3303"",""rent"":1149,""unitNumber"":""3303"",""vacantDate"":""2026-05-22 00:00 -0000""}"
local_current_live_no_rp_oracle_audit_not_canary,2026-08-01T10:45:19Z,2026-08-01,2026-07-31,separate_no_rp_oracle_573_rows_78_properties,REALPAGE_OLL,263081,Culebra Commons,realpage_public_widget_units_api,true,https://api.ws.realpage.com/v2/property/8420144/units?available=true&honordisplayorder=true,1220,,2026-06-02 00:00 -0500,2026-06-02,historical_embedded,false,internalAvailableDate,_api_parser.realpage_units_to_adapter_shape,exact_current_parser,true,true,,availability_date,2026-06-02,2026-06-02,historical_embedded,true,false,2026-06-02,2026-06-02,historical_embedded,,false,false,false,HISTORICAL_SOURCE_DATE_PRESERVED,none,HIGH,"Primary trace replays the exact public /units envelope. When that envelope is unsupported, the diagnostic trace changes only response.units -> response list to isolate the next loss.","{""availability_date"":""2026-06-02"",""availability_status"":""AVAILABLE"",""available_units"":"""",""bathrooms"":"""",""bed_label"":"""",""bedrooms"":"""",""building"":"""",""concession"":"""",""deposit"":"""",""extraction_tier"":""TIER_1_API"",""floor"":"""",""floor_plan_name"":"""",""rent_range"":""$1,099"",""source_api_url"":""https://api.ws.realpage.com/v2/property/8420144/units?available=true&honordisplayorder=true"",""sqft"":""730"",""unit_number"":""1220""}","{""_available_date_raw"":""2026-06-02"",""_concession_quality"":null,""_date_placeholder"":null,""_extra"":null,""_inferred_id"":null,""_rent_range_raw"":""$1,099"",""amenities"":null,""area"":730,""area_absence"":null,""area_absence_evidence"":null,""availability_date_provenance"":""historical_embedded"",""availability_status"":""AVAILABLE"",""available_date"":""2026-06-02"",""available_units"":null,""baths"":null,""beds"":null,""building"":null,""concession_source"":null,""concession_text"":null,""concession_text_clean"":null,""concession_value"":null,""date_captured"":""2026-08-01 10:45:19"",""deposit"":null,""extraction_tier"":""TIER_1_API"",""floor"":null,""floor_plan_id"":null,""floor_plan_name"":null,""is_floor_plan_level"":false,""lease_term"":null,""move_in_date"":null,""offer_banner"":null,""offer_conditions"":null,""offer_target"":null,""offer_type"":null,""offer_value"":null,""rent_high"":1099.0,""rent_low"":1099.0,""source_ids"":{},""unit_id"":""1220"",""unit_name"":null}",controlled_single_change_replay_unwrap_response_units,true,availability_date,2026-06-02,2026-06-02,2026-06-02,historical_embedded,,,"{""availability_date"":""2026-06-02"",""availability_status"":""AVAILABLE"",""available_units"":"""",""bathrooms"":"""",""bed_label"":"""",""bedrooms"":"""",""building"":"""",""concession"":"""",""deposit"":"""",""extraction_tier"":""TIER_1_API"",""floor"":"""",""floor_plan_name"":"""",""rent_range"":""$1,099"",""source_api_url"":""https://api.ws.realpage.com/v2/property/8420144/units?available=true&honordisplayorder=true"",""sqft"":""730"",""unit_number"":""1220""}","{""_available_date_raw"":""2026-06-02"",""_concession_quality"":null,""_date_placeholder"":null,""_extra"":null,""_inferred_id"":null,""_rent_range_raw"":""$1,099"",""amenities"":null,""area"":730,""area_absence"":null,""area_absence_evidence"":null,""availability_date_provenance"":""historical_embedded"",""availability_status"":""AVAILABLE"",""available_date"":""2026-06-02"",""available_units"":null,""baths"":null,""beds"":null,""building"":null,""concession_source"":null,""concession_text"":null,""concession_text_clean"":null,""concession_value"":null,""date_captured"":""2026-08-01 10:45:19"",""deposit"":null,""extraction_tier"":""TIER_1_API"",""floor"":null,""floor_plan_id"":null,""floor_plan_name"":null,""is_floor_plan_level"":false,""lease_term"":null,""move_in_date"":null,""offer_banner"":null,""offer_conditions"":null,""offer_target"":null,""offer_type"":null,""offer_value"":null,""rent_high"":1099.0,""rent_low"":1099.0,""source_ids"":{},""unit_id"":""1220"",""unit_name"":null}","{""floorplanId"":10427508,""id"":14373178,""internalAvailableDate"":""2026-06-02 00:00 -0500"",""leaseStatus"":""AVAILABLE_READY"",""name"":""1220"",""rent"":1099,""unitNumber"":""1220"",""vacantDate"":""2026-06-09 00:00 -0000""}"
local_current_live_no_rp_oracle_audit_not_canary,2026-08-01T10:45:19Z,2026-08-01,2026-07-31,separate_no_rp_oracle_573_rows_78_properties,REALPAGE_OLL,263081,Culebra Commons,realpage_public_widget_units_api,true,https://api.ws.realpage.com/v2/property/8420144/units?available=true&honordisplayorder=true,1232,,2026-06-13 00:00 -0500,2026-06-13,historical_embedded,false,internalAvailableDate,_api_parser.realpage_units_to_adapter_shape,exact_current_parser,true,true,,availability_date,2026-06-13,2026-06-13,historical_embedded,true,false,2026-06-13,2026-06-13,historical_embedded,,false,false,false,HISTORICAL_SOURCE_DATE_PRESERVED,none,HIGH,"Primary trace replays the exact public /units envelope. When that envelope is unsupported, the diagnostic trace changes only response.units -> response list to isolate the next loss.","{""availability_date"":""2026-06-13"",""availability_status"":""AVAILABLE"",""available_units"":"""",""bathrooms"":"""",""bed_label"":"""",""bedrooms"":"""",""building"":"""",""concession"":"""",""deposit"":"""",""extraction_tier"":""TIER_1_API"",""floor"":"""",""floor_plan_name"":"""",""rent_range"":""$1,119"",""source_api_url"":""https://api.ws.realpage.com/v2/property/8420144/units?available=true&honordisplayorder=true"",""sqft"":""710"",""unit_number"":""1232""}","{""_available_date_raw"":""2026-06-13"",""_concession_quality"":null,""_date_placeholder"":null,""_extra"":null,""_inferred_id"":null,""_rent_range_raw"":""$1,119"",""amenities"":null,""area"":710,""area_absence"":null,""area_absence_evidence"":null,""availability_date_provenance"":""historical_embedded"",""availability_status"":""AVAILABLE"",""available_date"":""2026-06-13"",""available_units"":null,""baths"":null,""beds"":null,""building"":null,""concession_source"":null,""concession_text"":null,""concession_text_clean"":null,""concession_value"":null,""date_captured"":""2026-08-01 10:45:19"",""deposit"":null,""extraction_tier"":""TIER_1_API"",""floor"":null,""floor_plan_id"":null,""floor_plan_name"":null,""is_floor_plan_level"":false,""lease_term"":null,""move_in_date"":null,""offer_banner"":null,""offer_conditions"":null,""offer_target"":null,""offer_type"":null,""offer_value"":null,""rent_high"":1119.0,""rent_low"":1119.0,""source_ids"":{},""unit_id"":""1232"",""unit_name"":null}",controlled_single_change_replay_unwrap_response_units,true,availability_date,2026-06-13,2026-06-13,2026-06-13,historical_embedded,,,"{""availability_date"":""2026-06-13"",""availability_status"":""AVAILABLE"",""available_units"":"""",""bathrooms"":"""",""bed_label"":"""",""bedrooms"":"""",""building"":"""",""concession"":"""",""deposit"":"""",""extraction_tier"":""TIER_1_API"",""floor"":"""",""floor_plan_name"":"""",""rent_range"":""$1,119"",""source_api_url"":""https://api.ws.realpage.com/v2/property/8420144/units?available=true&honordisplayorder=true"",""sqft"":""710"",""unit_number"":""1232""}","{""_available_date_raw"":""2026-06-13"",""_concession_quality"":null,""_date_placeholder"":null,""_extra"":null,""_inferred_id"":null,""_rent_range_raw"":""$1,119"",""amenities"":null,""area"":710,""area_absence"":null,""area_absence_evidence"":null,""availability_date_provenance"":""historical_embedded"",""availability_status"":""AVAILABLE"",""available_date"":""2026-06-13"",""available_units"":null,""baths"":null,""beds"":null,""building"":null,""concession_source"":null,""concession_text"":null,""concession_text_clean"":null,""concession_value"":null,""date_captured"":""2026-08-01 10:45:19"",""deposit"":null,""extraction_tier"":""TIER_1_API"",""floor"":null,""floor_plan_id"":null,""floor_plan_name"":null,""is_floor_plan_level"":false,""lease_term"":null,""move_in_date"":null,""offer_banner"":null,""offer_conditions"":null,""offer_target"":null,""offer_type"":null,""offer_value"":null,""rent_high"":1119.0,""rent_low"":1119.0,""source_ids"":{},""unit_id"":""1232"",""unit_name"":null}","{""floorplanId"":10427507,""id"":14373122,""internalAvailableDate"":""2026-06-13 00:00 -0500"",""leaseStatus"":""AVAILABLE_READY"",""name"":""1232"",""rent"":1119,""unitNumber"":""1232"",""vacantDate"":""2026-06-20 00:00 -0000""}"
local_current_live_no_rp_oracle_audit_not_canary,2026-08-01T10:45:19Z,2026-08-01,2026-07-31,separate_no_rp_oracle_573_rows_78_properties,REALPAGE_OLL,263081,Culebra Commons,realpage_public_widget_units_api,true,https://api.ws.realpage.com/v2/property/8420144/units?available=true&honordisplayorder=true,1301,,2026-06-16 00:00 -0500,2026-06-16,historical_embedded,false,internalAvailableDate,_api_parser.realpage_units_to_adapter_shape,exact_current_parser,true,true,,availability_date,2026-06-16,2026-06-16,historical_embedded,true,false,2026-06-16,2026-06-16,historical_embedded,,false,false,false,HISTORICAL_SOURCE_DATE_PRESERVED,none,HIGH,"Primary trace replays the exact public /units envelope. When that envelope is unsupported, the diagnostic trace changes only response.units -> response list to isolate the next loss.","{""availability_date"":""2026-06-16"",""availability_status"":""AVAILABLE"",""available_units"":"""",""bathrooms"":"""",""bed_label"":"""",""bedrooms"":"""",""building"":"""",""concession"":"""",""deposit"":"""",""extraction_tier"":""TIER_1_API"",""floor"":"""",""floor_plan_name"":"""",""rent_range"":""$1,864"",""source_api_url"":""https://api.ws.realpage.com/v2/property/8420144/units?available=true&honordisplayorder=true"",""sqft"":""1345"",""unit_number"":""1301""}","{""_available_date_raw"":""2026-06-16"",""_concession_quality"":null,""_date_placeholder"":null,""_extra"":null,""_inferred_id"":null,""_rent_range_raw"":""$1,864"",""amenities"":null,""area"":1345,""area_absence"":null,""area_absence_evidence"":null,""availability_date_provenance"":""historical_embedded"",""availability_status"":""AVAILABLE"",""available_date"":""2026-06-16"",""available_units"":null,""baths"":null,""beds"":null,""building"":null,""concession_source"":null,""concession_text"":null,""concession_text_clean"":null,""concession_value"":null,""date_captured"":""2026-08-01 10:45:19"",""deposit"":null,""extraction_tier"":""TIER_1_API"",""floor"":null,""floor_plan_id"":null,""floor_plan_name"":null,""is_floor_plan_level"":false,""lease_term"":null,""move_in_date"":null,""offer_banner"":null,""offer_conditions"":null,""offer_target"":null,""offer_type"":null,""offer_value"":null,""rent_high"":1864.0,""rent_low"":1864.0,""source_ids"":{},""unit_id"":""1301"",""unit_name"":null}",controlled_single_change_replay_unwrap_response_units,true,availability_date,2026-06-16,2026-06-16,2026-06-16,historical_embedded,,,"{""availability_date"":""2026-06-16"",""availability_status"":""AVAILABLE"",""available_units"":"""",""bathrooms"":"""",""bed_label"":"""",""bedrooms"":"""",""building"":"""",""concession"":"""",""deposit"":"""",""extraction_tier"":""TIER_1_API"",""floor"":"""",""floor_plan_name"":"""",""rent_range"":""$1,864"",""source_api_url"":""https://api.ws.realpage.com/v2/property/8420144/units?available=true&honordisplayorder=true"",""sqft"":""1345"",""unit_number"":""1301""}","{""_available_date_raw"":""2026-06-16"",""_concession_quality"":null,""_date_placeholder"":null,""_extra"":null,""_inferred_id"":null,""_rent_range_raw"":""$1,864"",""amenities"":null,""area"":1345,""area_absence"":null,""area_absence_evidence"":null,""availability_date_provenance"":""historical_embedded"",""availability_status"":""AVAILABLE"",""available_date"":""2026-06-16"",""available_units"":null,""baths"":null,""beds"":null,""building"":null,""concession_source"":null,""concession_text"":null,""concession_text_clean"":null,""concession_value"":null,""date_captured"":""2026-08-01 10:45:19"",""deposit"":null,""extraction_tier"":""TIER_1_API"",""floor"":null,""floor_plan_id"":null,""floor_plan_name"":null,""is_floor_plan_level"":false,""lease_term"":null,""move_in_date"":null,""offer_banner"":null,""offer_conditions"":null,""offer_target"":null,""offer_type"":null,""offer_value"":null,""rent_high"":1864.0,""rent_low"":1864.0,""source_ids"":{},""unit_id"":""1301"",""unit_name"":null}","{""floorplanId"":10427515,""id"":14373319,""internalAvailableDate"":""2026-06-16 00:00 -0500"",""leaseStatus"":""AVAILABLE_READY"",""name"":""1301"",""rent"":1864,""unitNumber"":""1301"",""vacantDate"":""2026-06-23 00:00 -0000""}"
local_current_live_no_rp_oracle_audit_not_canary,2026-08-01T10:45:19Z,2026-08-01,2026-07-31,separate_no_rp_oracle_573_rows_78_properties,REALPAGE_OLL,263081,Culebra Commons,realpage_public_widget_units_api,true,https://api.ws.realpage.com/v2/property/8420144/units?available=true&honordisplayorder=true,1321,,2026-06-20 00:00 -0500,2026-06-20,historical_embedded,false,internalAvailableDate,_api_parser.realpage_units_to_adapter_shape,exact_current_parser,true,true,,availability_date,2026-06-20,2026-06-20,historical_embedded,true,false,2026-06-20,2026-06-20,historical_embedded,,false,false,false,HISTORICAL_SOURCE_DATE_PRESERVED,none,HIGH,"Primary trace replays the exact public /units envelope. When that envelope is unsupported, the diagnostic trace changes only response.units -> response list to isolate the next loss.","{""availability_date"":""2026-06-20"",""availability_status"":""AVAILABLE"",""available_units"":"""",""bathrooms"":"""",""bed_label"":"""",""bedrooms"":"""",""building"":"""",""concession"":"""",""deposit"":"""",""extraction_tier"":""TIER_1_API"",""floor"":"""",""floor_plan_name"":"""",""rent_range"":""$1,164"",""source_api_url"":""https://api.ws.realpage.com/v2/property/8420144/units?available=true&honordisplayorder=true"",""sqft"":""730"",""unit_number"":""1321""}","{""_available_date_raw"":""2026-06-20"",""_concession_quality"":null,""_date_placeholder"":null,""_extra"":null,""_inferred_id"":null,""_rent_range_raw"":""$1,164"",""amenities"":null,""area"":730,""area_absence"":null,""area_absence_evidence"":null,""availability_date_provenance"":""historical_embedded"",""availability_status"":""AVAILABLE"",""available_date"":""2026-06-20"",""available_units"":null,""baths"":null,""beds"":null,""building"":null,""concession_source"":null,""concession_text"":null,""concession_text_clean"":null,""concession_value"":null,""date_captured"":""2026-08-01 10:45:19"",""deposit"":null,""extraction_tier"":""TIER_1_API"",""floor"":null,""floor_plan_id"":null,""floor_plan_name"":null,""is_floor_plan_level"":false,""lease_term"":null,""move_in_date"":null,""offer_banner"":null,""offer_conditions"":null,""offer_target"":null,""offer_type"":null,""offer_value"":null,""rent_high"":1164.0,""rent_low"":1164.0,""source_ids"":{},""unit_id"":""1321"",""unit_name"":null}",controlled_single_change_replay_unwrap_response_units,true,availability_date,2026-06-20,2026-06-20,2026-06-20,historical_embedded,,,"{""availability_date"":""2026-06-20"",""availability_status"":""AVAILABLE"",""available_units"":"""",""bathrooms"":"""",""bed_label"":"""",""bedrooms"":"""",""building"":"""",""concession"":"""",""deposit"":"""",""extraction_tier"":""TIER_1_API"",""floor"":"""",""floor_plan_name"":"""",""rent_range"":""$1,164"",""source_api_url"":""https://api.ws.realpage.com/v2/property/8420144/units?available=true&honordisplayorder=true"",""sqft"":""730"",""unit_number"":""1321""}","{""_available_date_raw"":""2026-06-20"",""_concession_quality"":null,""_date_placeholder"":null,""_extra"":null,""_inferred_id"":null,""_rent_range_raw"":""$1,164"",""amenities"":null,""area"":730,""area_absence"":null,""area_absence_evidence"":null,""availability_date_provenance"":""historical_embedded"",""availability_status"":""AVAILABLE"",""available_date"":""2026-06-20"",""available_units"":null,""baths"":null,""beds"":null,""building"":null,""concession_source"":null,""concession_text"":null,""concession_text_clean"":null,""concession_value"":null,""date_captured"":""2026-08-01 10:45:19"",""deposit"":null,""extraction_tier"":""TIER_1_API"",""floor"":null,""floor_plan_id"":null,""floor_plan_name"":null,""is_floor_plan_level"":false,""lease_term"":null,""move_in_date"":null,""offer_banner"":null,""offer_conditions"":null,""offer_target"":null,""offer_type"":null,""offer_value"":null,""rent_high"":1164.0,""rent_low"":1164.0,""source_ids"":{},""unit_id"":""1321"",""unit_name"":null}","{""floorplanId"":10427508,""id"":14373186,""internalAvailableDate"":""2026-06-20 00:00 -0500"",""leaseStatus"":""AVAILABLE_READY"",""name"":""1321"",""rent"":1164,""unitNumber"":""1321"",""vacantDate"":""2026-06-27 00:00 -0000""}"
local_current_live_no_rp_oracle_audit_not_canary,2026-08-01T10:45:19Z,2026-08-01,2026-07-31,separate_no_rp_oracle_573_rows_78_properties,REALPAGE_OLL,263081,Culebra Commons,realpage_public_widget_units_api,true,https://api.ws.realpage.com/v2/property/8420144/units?available=true&honordisplayorder=true,2305,,2026-06-23 00:00 -0500,2026-06-23,historical_embedded,false,internalAvailableDate,_api_parser.realpage_units_to_adapter_shape,exact_current_parser,true,true,,availability_date,2026-06-23,2026-06-23,historical_embedded,true,false,2026-06-23,2026-06-23,historical_embedded,,false,false,false,HISTORICAL_SOURCE_DATE_PRESERVED,none,HIGH,"Primary trace replays the exact public /units envelope. When that envelope is unsupported, the diagnostic trace changes only response.units -> response list to isolate the next loss.","{""availability_date"":""2026-06-23"",""availability_status"":""AVAILABLE"",""available_units"":"""",""bathrooms"":"""",""bed_label"":"""",""bedrooms"":"""",""building"":"""",""concession"":"""",""deposit"":"""",""extraction_tier"":""TIER_1_API"",""floor"":"""",""floor_plan_name"":"""",""rent_range"":""$1,114"",""source_api_url"":""https://api.ws.realpage.com/v2/property/8420144/units?available=true&honordisplayorder=true"",""sqft"":""541"",""unit_number"":""2305""}","{""_available_date_raw"":""2026-06-23"",""_concession_quality"":null,""_date_placeholder"":null,""_extra"":null,""_inferred_id"":null,""_rent_range_raw"":""$1,114"",""amenities"":null,""area"":541,""area_absence"":null,""area_absence_evidence"":null,""availability_date_provenance"":""historical_embedded"",""availability_status"":""AVAILABLE"",""available_date"":""2026-06-23"",""available_units"":null,""baths"":null,""beds"":null,""building"":null,""concession_source"":null,""concession_text"":null,""concession_text_clean"":null,""concession_value"":null,""date_captured"":""2026-08-01 10:45:19"",""deposit"":null,""extraction_tier"":""TIER_1_API"",""floor"":null,""floor_plan_id"":null,""floor_plan_name"":null,""is_floor_plan_level"":false,""lease_term"":null,""move_in_date"":null,""offer_banner"":null,""offer_conditions"":null,""offer_target"":null,""offer_type"":null,""offer_value"":null,""rent_high"":1114.0,""rent_low"":1114.0,""source_ids"":{},""unit_id"":""2305"",""unit_name"":null}",controlled_single_change_replay_unwrap_response_units,true,availability_date,2026-06-23,2026-06-23,2026-06-23,historical_embedded,,,"{""availability_date"":""2026-06-23"",""availability_status"":""AVAILABLE"",""available_units"":"""",""bathrooms"":"""",""bed_label"":"""",""bedrooms"":"""",""building"":"""",""concession"":"""",""deposit"":"""",""extraction_tier"":""TIER_1_API"",""floor"":"""",""floor_plan_name"":"""",""rent_range"":""$1,114"",""source_api_url"":""https://api.ws.realpage.com/v2/property/8420144/units?available=true&honordisplayorder=true"",""sqft"":""541"",""unit_number"":""2305""}","{""_available_date_raw"":""2026-06-23"",""_concession_quality"":null,""_date_placeholder"":null,""_extra"":null,""_inferred_id"":null,""_rent_range_raw"":""$1,114"",""amenities"":null,""area"":541,""area_absence"":null,""area_absence_evidence"":null,""availability_date_provenance"":""historical_embedded"",""availability_status"":""AVAILABLE"",""available_date"":""2026-06-23"",""available_units"":null,""baths"":null,""beds"":null,""building"":null,""concession_source"":null,""concession_text"":null,""concession_text_clean"":null,""concession_value"":null,""date_captured"":""2026-08-01 10:45:19"",""deposit"":null,""extraction_tier"":""TIER_1_API"",""floor"":null,""floor_plan_id"":null,""floor_plan_name"":null,""is_floor_plan_level"":false,""lease_term"":null,""move_in_date"":null,""offer_banner"":null,""offer_conditions"":null,""offer_target"":null,""offer_type"":null,""offer_value"":null,""rent_high"":1114.0,""rent_low"":1114.0,""source_ids"":{},""unit_id"":""2305"",""unit_name"":null}","{""floorplanId"":10427502,""id"":14373034,""internalAvailableDate"":""2026-06-23 00:00 -0500"",""leaseStatus"":""AVAILABLE_READY"",""name"":""2305"",""rent"":1114,""unitNumber"":""2305"",""vacantDate"":""2026-06-30 00:00 -0000""}"
local_current_live_no_rp_oracle_audit_not_canary,2026-08-01T10:45:19Z,2026-08-01,2026-07-31,separate_no_rp_oracle_573_rows_78_properties,REALPAGE_OLL,263081,Culebra Commons,realpage_public_widget_units_api,true,https://api.ws.realpage.com/v2/property/8420144/units?available=true&honordisplayorder=true,7305,,2026-06-20 00:00 -0500,2026-06-20,historical_embedded,false,internalAvailableDate,_api_parser.realpage_units_to_adapter_shape,exact_current_parser,true,true,,availability_date,2026-06-20,2026-06-20,historical_embedded,true,false,2026-06-20,2026-06-20,historical_embedded,,false,false,false,HISTORICAL_SOURCE_DATE_PRESERVED,none,HIGH,"Primary trace replays the exact public /units envelope. When that envelope is unsupported, the diagnostic trace changes only response.units -> response list to isolate the next loss.","{""availability_date"":""2026-06-20"",""availability_status"":""AVAILABLE"",""available_units"":"""",""bathrooms"":"""",""bed_label"":"""",""bedrooms"":"""",""building"":"""",""concession"":"""",""deposit"":"""",""extraction_tier"":""TIER_1_API"",""floor"":"""",""floor_plan_name"":"""",""rent_range"":""$1,124"",""source_api_url"":""https://api.ws.realpage.com/v2/property/8420144/units?available=true&honordisplayorder=true"",""sqft"":""610"",""unit_number"":""7305""}","{""_available_date_raw"":""2026-06-20"",""_concession_quality"":null,""_date_placeholder"":null,""_extra"":null,""_inferred_id"":null,""_rent_range_raw"":""$1,124"",""amenities"":null,""area"":610,""area_absence"":null,""area_absence_evidence"":null,""availability_date_provenance"":""historical_embedded"",""availability_status"":""AVAILABLE"",""available_date"":""2026-06-20"",""available_units"":null,""baths"":null,""beds"":null,""building"":null,""concession_source"":null,""concession_text"":null,""concession_text_clean"":null,""concession_value"":null,""date_captured"":""2026-08-01 10:45:19"",""deposit"":null,""extraction_tier"":""TIER_1_API"",""floor"":null,""floor_plan_id"":null,""floor_plan_name"":null,""is_floor_plan_level"":false,""lease_term"":null,""move_in_date"":null,""offer_banner"":null,""offer_conditions"":null,""offer_target"":null,""offer_type"":null,""offer_value"":null,""rent_high"":1124.0,""rent_low"":1124.0,""source_ids"":{},""unit_id"":""7305"",""unit_name"":null}",controlled_single_change_replay_unwrap_response_units,true,availability_date,2026-06-20,2026-06-20,2026-06-20,historical_embedded,,,"{""availability_date"":""2026-06-20"",""availability_status"":""AVAILABLE"",""available_units"":"""",""bathrooms"":"""",""bed_label"":"""",""bedrooms"":"""",""building"":"""",""concession"":"""",""deposit"":"""",""extraction_tier"":""TIER_1_API"",""floor"":"""",""floor_plan_name"":"""",""rent_range"":""$1,124"",""source_api_url"":""https://api.ws.realpage.com/v2/property/8420144/units?available=true&honordisplayorder=true"",""sqft"":""610"",""unit_number"":""7305""}","{""_available_date_raw"":""2026-06-20"",""_concession_quality"":null,""_date_placeholder"":null,""_extra"":null,""_inferred_id"":null,""_rent_range_raw"":""$1,124"",""amenities"":null,""area"":610,""area_absence"":null,""area_absence_evidence"":null,""availability_date_provenance"":""historical_embedded"",""availability_status"":""AVAILABLE"",""available_date"":""2026-06-20"",""available_units"":null,""baths"":null,""beds"":null,""building"":null,""concession_source"":null,""concession_text"":null,""concession_text_clean"":null,""concession_value"":null,""date_captured"":""2026-08-01 10:45:19"",""deposit"":null,""extraction_tier"":""TIER_1_API"",""floor"":null,""floor_plan_id"":null,""floor_plan_name"":null,""is_floor_plan_level"":false,""lease_term"":null,""move_in_date"":null,""offer_banner"":null,""offer_conditions"":null,""offer_target"":null,""offer_type"":null,""offer_value"":null,""rent_high"":1124.0,""rent_low"":1124.0,""source_ids"":{},""unit_id"":""7305"",""unit_name"":null}","{""floorplanId"":10427506,""id"":14373116,""internalAvailableDate"":""2026-06-20 00:00 -0500"",""leaseStatus"":""AVAILABLE_READY"",""name"":""7305"",""rent"":1124,""unitNumber"":""7305"",""vacantDate"":""2026-07-01 00:00 -0000""}"
local_current_live_no_rp_oracle_audit_not_canary,2026-08-01T10:45:19Z,2026-08-01,2026-07-31,separate_no_rp_oracle_573_rows_78_properties,REALPAGE_OLL,263081,Culebra Commons,realpage_public_widget_units_api,true,https://api.ws.realpage.com/v2/property/8420144/units?available=true&honordisplayorder=true,3225,,2026-06-02 00:00 -0500,2026-06-02,historical_embedded,false,internalAvailableDate,_api_parser.realpage_units_to_adapter_shape,exact_current_parser,true,true,,availability_date,2026-06-02,2026-06-02,historical_embedded,true,false,2026-06-02,2026-06-02,historical_embedded,,false,false,false,HISTORICAL_SOURCE_DATE_PRESERVED,none,HIGH,"Primary trace replays the exact public /units envelope. When that envelope is unsupported, the diagnostic trace changes only response.units -> response list to isolate the next loss.","{""availability_date"":""2026-06-02"",""availability_status"":""AVAILABLE"",""available_units"":"""",""bathrooms"":"""",""bed_label"":"""",""bedrooms"":"""",""building"":"""",""concession"":"""",""deposit"":"""",""extraction_tier"":""TIER_1_API"",""floor"":"""",""floor_plan_name"":"""",""rent_range"":""$2,034"",""source_api_url"":""https://api.ws.realpage.com/v2/property/8420144/units?available=true&honordisplayorder=true"",""sqft"":""1421"",""unit_number"":""3225""}","{""_available_date_raw"":""2026-06-02"",""_concession_quality"":null,""_date_placeholder"":null,""_extra"":null,""_inferred_id"":null,""_rent_range_raw"":""$2,034"",""amenities"":null,""area"":1421,""area_absence"":null,""area_absence_evidence"":null,""availability_date_provenance"":""historical_embedded"",""availability_status"":""AVAILABLE"",""available_date"":""2026-06-02"",""available_units"":null,""baths"":null,""beds"":null,""building"":null,""concession_source"":null,""concession_text"":null,""concession_text_clean"":null,""concession_value"":null,""date_captured"":""2026-08-01 10:45:19"",""deposit"":null,""extraction_tier"":""TIER_1_API"",""floor"":null,""floor_plan_id"":null,""floor_plan_name"":null,""is_floor_plan_level"":false,""lease_term"":null,""move_in_date"":null,""offer_banner"":null,""offer_conditions"":null,""offer_target"":null,""offer_type"":null,""offer_value"":null,""rent_high"":2034.0,""rent_low"":2034.0,""source_ids"":{},""unit_id"":""3225"",""unit_name"":null}",controlled_single_change_replay_unwrap_response_units,true,availability_date,2026-06-02,2026-06-02,2026-06-02,historical_embedded,,,"{""availability_date"":""2026-06-02"",""availability_status"":""AVAILABLE"",""available_units"":"""",""bathrooms"":"""",""bed_label"":"""",""bedrooms"":"""",""building"":"""",""concession"":"""",""deposit"":"""",""extraction_tier"":""TIER_1_API"",""floor"":"""",""floor_plan_name"":"""",""rent_range"":""$2,034"",""source_api_url"":""https://api.ws.realpage.com/v2/property/8420144/units?available=true&honordisplayorder=true"",""sqft"":""1421"",""unit_number"":""3225""}","{""_available_date_raw"":""2026-06-02"",""_concession_quality"":null,""_date_placeholder"":null,""_extra"":null,""_inferred_id"":null,""_rent_range_raw"":""$2,034"",""amenities"":null,""area"":1421,""area_absence"":null,""area_absence_evidence"":null,""availability_date_provenance"":""historical_embedded"",""availability_status"":""AVAILABLE"",""available_date"":""2026-06-02"",""available_units"":null,""baths"":null,""beds"":null,""building"":null,""concession_source"":null,""concession_text"":null,""concession_text_clean"":null,""concession_value"":null,""date_captured"":""2026-08-01 10:45:19"",""deposit"":null,""extraction_tier"":""TIER_1_API"",""floor"":null,""floor_plan_id"":null,""floor_plan_name"":null,""is_floor_plan_level"":false,""lease_term"":null,""move_in_date"":null,""offer_banner"":null,""offer_conditions"":null,""offer_target"":null,""offer_type"":null,""offer_value"":null,""rent_high"":2034.0,""rent_low"":2034.0,""source_ids"":{},""unit_id"":""3225"",""unit_name"":null}","{""floorplanId"":10427516,""id"":14373342,""internalAvailableDate"":""2026-06-02 00:00 -0500"",""leaseStatus"":""AVAILABLE_READY"",""name"":""3225"",""rent"":2034,""unitNumber"":""3225"",""vacantDate"":""2026-07-02 00:00 -0000""}"
local_current_live_no_rp_oracle_audit_not_canary,2026-08-01T10:45:19Z,2026-08-01,2026-07-31,separate_no_rp_oracle_573_rows_78_properties,REALPAGE_OLL,263081,Culebra Commons,realpage_public_widget_units_api,true,https://api.ws.realpage.com/v2/property/8420144/units?available=true&honordisplayorder=true,7308,,2026-06-27 00:00 -0500,2026-06-27,historical_embedded,false,internalAvailableDate,_api_parser.realpage_units_to_adapter_shape,exact_current_parser,true,true,,availability_date,2026-06-27,2026-06-27,historical_embedded,true,false,2026-06-27,2026-06-27,historical_embedded,,false,false,false,HISTORICAL_SOURCE_DATE_PRESERVED,none,HIGH,"Primary trace replays the exact public /units envelope. When that envelope is unsupported, the diagnostic trace changes only response.units -> response list to isolate the next loss.","{""availability_date"":""2026-06-27"",""availability_status"":""AVAILABLE"",""available_units"":"""",""bathrooms"":"""",""bed_label"":"""",""bedrooms"":"""",""building"":"""",""concession"":"""",""deposit"":"""",""extraction_tier"":""TIER_1_API"",""floor"":"""",""floor_plan_name"":"""",""rent_range"":""$1,134"",""source_api_url"":""https://api.ws.realpage.com/v2/property/8420144/units?available=true&honordisplayorder=true"",""sqft"":""710"",""unit_number"":""7308""}","{""_available_date_raw"":""2026-06-27"",""_concession_quality"":null,""_date_placeholder"":null,""_extra"":null,""_inferred_id"":null,""_rent_range_raw"":""$1,134"",""amenities"":null,""area"":710,""area_absence"":null,""area_absence_evidence"":null,""availability_date_provenance"":""historical_embedded"",""availability_status"":""AVAILABLE"",""available_date"":""2026-06-27"",""available_units"":null,""baths"":null,""beds"":null,""building"":null,""concession_source"":null,""concession_text"":null,""concession_text_clean"":null,""concession_value"":null,""date_captured"":""2026-08-01 10:45:19"",""deposit"":null,""extraction_tier"":""TIER_1_API"",""floor"":null,""floor_plan_id"":null,""floor_plan_name"":null,""is_floor_plan_level"":false,""lease_term"":null,""move_in_date"":null,""offer_banner"":null,""offer_conditions"":null,""offer_target"":null,""offer_type"":null,""offer_value"":null,""rent_high"":1134.0,""rent_low"":1134.0,""source_ids"":{},""unit_id"":""7308"",""unit_name"":null}",controlled_single_change_replay_unwrap_response_units,true,availability_date,2026-06-27,2026-06-27,2026-06-27,historical_embedded,,,"{""availability_date"":""2026-06-27"",""availability_status"":""AVAILABLE"",""available_units"":"""",""bathrooms"":"""",""bed_label"":"""",""bedrooms"":"""",""building"":"""",""concession"":"""",""deposit"":"""",""extraction_tier"":""TIER_1_API"",""floor"":"""",""floor_plan_name"":"""",""rent_range"":""$1,134"",""source_api_url"":""https://api.ws.realpage.com/v2/property/8420144/units?available=true&honordisplayorder=true"",""sqft"":""710"",""unit_number"":""7308""}","{""_available_date_raw"":""2026-06-27"",""_concession_quality"":null,""_date_placeholder"":null,""_extra"":null,""_inferred_id"":null,""_rent_range_raw"":""$1,134"",""amenities"":null,""area"":710,""area_absence"":null,""area_absence_evidence"":null,""availability_date_provenance"":""historical_embedded"",""availability_status"":""AVAILABLE"",""available_date"":""2026-06-27"",""available_units"":null,""baths"":null,""beds"":null,""building"":null,""concession_source"":null,""concession_text"":null,""concession_text_clean"":null,""concession_value"":null,""date_captured"":""2026-08-01 10:45:19"",""deposit"":null,""extraction_tier"":""TIER_1_API"",""floor"":null,""floor_plan_id"":null,""floor_plan_name"":null,""is_floor_plan_level"":false,""lease_term"":null,""move_in_date"":null,""offer_banner"":null,""offer_conditions"":null,""offer_target"":null,""offer_type"":null,""offer_value"":null,""rent_high"":1134.0,""rent_low"":1134.0,""source_ids"":{},""unit_id"":""7308"",""unit_name"":null}","{""floorplanId"":10427507,""id"":14373167,""internalAvailableDate"":""2026-06-27 00:00 -0500"",""leaseStatus"":""AVAILABLE_READY"",""name"":""7308"",""rent"":1134,""unitNumber"":""7308"",""vacantDate"":""2026-07-04 00:00 -0000""}"
local_current_live_no_rp_oracle_audit_not_canary,2026-08-01T10:45:19Z,2026-08-01,2026-07-31,separate_no_rp_oracle_573_rows_78_properties,REALPAGE_OLL,263081,Culebra Commons,realpage_public_widget_units_api,true,https://api.ws.realpage.com/v2/property/8420144/units?available=true&honordisplayorder=true,1305,,2026-06-27 00:00 -0500,2026-06-27,historical_embedded,false,internalAvailableDate,_api_parser.realpage_units_to_adapter_shape,exact_current_parser,true,true,,availability_date,2026-06-27,2026-06-27,historical_embedded,true,false,2026-06-27,2026-06-27,historical_embedded,,false,false,false,HISTORICAL_SOURCE_DATE_PRESERVED,none,HIGH,"Primary trace replays the exact public /units envelope. When that envelope is unsupported, the diagnostic trace changes only response.units -> response list to isolate the next loss.","{""availability_date"":""2026-06-27"",""availability_status"":""AVAILABLE"",""available_units"":"""",""bathrooms"":"""",""bed_label"":"""",""bedrooms"":"""",""building"":"""",""concession"":"""",""deposit"":"""",""extraction_tier"":""TIER_1_API"",""floor"":"""",""floor_plan_name"":"""",""rent_range"":""$1,184"",""source_api_url"":""https://api.ws.realpage.com/v2/property/8420144/units?available=true&honordisplayorder=true"",""sqft"":""710"",""unit_number"":""1305""}","{""_available_date_raw"":""2026-06-27"",""_concession_quality"":null,""_date_placeholder"":null,""_extra"":null,""_inferred_id"":null,""_rent_range_raw"":""$1,184"",""amenities"":null,""area"":710,""area_absence"":null,""area_absence_evidence"":null,""availability_date_provenance"":""historical_embedded"",""availability_status"":""AVAILABLE"",""available_date"":""2026-06-27"",""available_units"":null,""baths"":null,""beds"":null,""building"":null,""concession_source"":null,""concession_text"":null,""concession_text_clean"":null,""concession_value"":null,""date_captured"":""2026-08-01 10:45:19"",""deposit"":null,""extraction_tier"":""TIER_1_API"",""floor"":null,""floor_plan_id"":null,""floor_plan_name"":null,""is_floor_plan_level"":false,""lease_term"":null,""move_in_date"":null,""offer_banner"":null,""offer_conditions"":null,""offer_target"":null,""offer_type"":null,""offer_value"":null,""rent_high"":1184.0,""rent_low"":1184.0,""source_ids"":{},""unit_id"":""1305"",""unit_name"":null}",controlled_single_change_replay_unwrap_response_units,true,availability_date,2026-06-27,2026-06-27,2026-06-27,historical_embedded,,,"{""availability_date"":""2026-06-27"",""availability_status"":""AVAILABLE"",""available_units"":"""",""bathrooms"":"""",""bed_label"":"""",""bedrooms"":"""",""building"":"""",""concession"":"""",""deposit"":"""",""extraction_tier"":""TIER_1_API"",""floor"":"""",""floor_plan_name"":"""",""rent_range"":""$1,184"",""source_api_url"":""https://api.ws.realpage.com/v2/property/8420144/units?available=true&honordisplayorder=true"",""sqft"":""710"",""unit_number"":""1305""}","{""_available_date_raw"":""2026-06-27"",""_concession_quality"":null,""_date_placeholder"":null,""_extra"":null,""_inferred_id"":null,""_rent_range_raw"":""$1,184"",""amenities"":null,""area"":710,""area_absence"":null,""area_absence_evidence"":null,""availability_date_provenance"":""historical_embedded"",""availability_status"":""AVAILABLE"",""available_date"":""2026-06-27"",""available_units"":null,""baths"":null,""beds"":null,""building"":null,""concession_source"":null,""concession_text"":null,""concession_text_clean"":null,""concession_value"":null,""date_captured"":""2026-08-01 10:45:19"",""deposit"":null,""extraction_tier"":""TIER_1_API"",""floor"":null,""floor_plan_id"":null,""floor_plan_name"":null,""is_floor_plan_level"":false,""lease_term"":null,""move_in_date"":null,""offer_banner"":null,""offer_conditions"":null,""offer_target"":null,""offer_type"":null,""offer_value"":null,""rent_high"":1184.0,""rent_low"":1184.0,""source_ids"":{},""unit_id"":""1305"",""unit_name"":null}","{""floorplanId"":10427507,""id"":14373123,""internalAvailableDate"":""2026-06-27 00:00 -0500"",""leaseStatus"":""AVAILABLE_READY"",""name"":""1305"",""rent"":1184,""unitNumber"":""1305"",""vacantDate"":""2026-07-04 00:00 -0000""}"
local_current_live_no_rp_oracle_audit_not_canary,2026-08-01T10:45:19Z,2026-08-01,2026-07-31,separate_no_rp_oracle_573_rows_78_properties,REALPAGE_OLL,263081,Culebra Commons,realpage_public_widget_units_api,true,https://api.ws.realpage.com/v2/property/8420144/units?available=true&honordisplayorder=true,1122,,2026-06-28 00:00 -0500,2026-06-28,historical_embedded,false,internalAvailableDate,_api_parser.realpage_units_to_adapter_shape,exact_current_parser,true,true,,availability_date,2026-06-28,2026-06-28,historical_embedded,true,false,2026-06-28,2026-06-28,historical_embedded,,false,false,false,HISTORICAL_SOURCE_DATE_PRESERVED,none,HIGH,"Primary trace replays the exact public /units envelope. When that envelope is unsupported, the diagnostic trace changes only response.units -> response list to isolate the next loss.","{""availability_date"":""2026-06-28"",""availability_status"":""AVAILABLE"",""available_units"":"""",""bathrooms"":"""",""bed_label"":"""",""bedrooms"":"""",""building"":"""",""concession"":"""",""deposit"":"""",""extraction_tier"":""TIER_1_API"",""floor"":"""",""floor_plan_name"":"""",""rent_range"":""$1,099"",""source_api_url"":""https://api.ws.realpage.com/v2/property/8420144/units?available=true&honordisplayorder=true"",""sqft"":""530"",""unit_number"":""1122""}","{""_available_date_raw"":""2026-06-28"",""_concession_quality"":null,""_date_placeholder"":null,""_extra"":null,""_inferred_id"":null,""_rent_range_raw"":""$1,099"",""amenities"":null,""area"":530,""area_absence"":null,""area_absence_evidence"":null,""availability_date_provenance"":""historical_embedded"",""availability_status"":""AVAILABLE"",""available_date"":""2026-06-28"",""available_units"":null,""baths"":null,""beds"":null,""building"":null,""concession_source"":null,""concession_text"":null,""concession_text_clean"":null,""concession_value"":null,""date_captured"":""2026-08-01 10:45:19"",""deposit"":null,""extraction_tier"":""TIER_1_API"",""floor"":null,""floor_plan_id"":null,""floor_plan_name"":null,""is_floor_plan_level"":false,""lease_term"":null,""move_in_date"":null,""offer_banner"":null,""offer_conditions"":null,""offer_target"":null,""offer_type"":null,""offer_value"":null,""rent_high"":1099.0,""rent_low"":1099.0,""source_ids"":{},""unit_id"":""1122"",""unit_name"":null}",controlled_single_change_replay_unwrap_response_units,true,availability_date,2026-06-28,2026-06-28,2026-06-28,historical_embedded,,,"{""availability_date"":""2026-06-28"",""availability_status"":""AVAILABLE"",""available_units"":"""",""bathrooms"":"""",""bed_label"":"""",""bedrooms"":"""",""building"":"""",""concession"":"""",""deposit"":"""",""extraction_tier"":""TIER_1_API"",""floor"":"""",""floor_plan_name"":"""",""rent_range"":""$1,099"",""source_api_url"":""https://api.ws.realpage.com/v2/property/8420144/units?available=true&honordisplayorder=true"",""sqft"":""530"",""unit_number"":""1122""}","{""_available_date_raw"":""2026-06-28"",""_concession_quality"":null,""_date_placeholder"":null,""_extra"":null,""_inferred_id"":null,""_rent_range_raw"":""$1,099"",""amenities"":null,""area"":530,""area_absence"":null,""area_absence_evidence"":null,""availability_date_provenance"":""historical_embedded"",""availability_status"":""AVAILABLE"",""available_date"":""2026-06-28"",""available_units"":null,""baths"":null,""beds"":null,""building"":null,""concession_source"":null,""concession_text"":null,""concession_text_clean"":null,""concession_value"":null,""date_captured"":""2026-08-01 10:45:19"",""deposit"":null,""extraction_tier"":""TIER_1_API"",""floor"":null,""floor_plan_id"":null,""floor_plan_name"":null,""is_floor_plan_level"":false,""lease_term"":null,""move_in_date"":null,""offer_banner"":null,""offer_conditions"":null,""offer_target"":null,""offer_type"":null,""offer_value"":null,""rent_high"":1099.0,""rent_low"":1099.0,""source_ids"":{},""unit_id"":""1122"",""unit_name"":null}","{""floorplanId"":10427503,""id"":14373018,""internalAvailableDate"":""2026-06-28 00:00 -0500"",""leaseStatus"":""AVAILABLE_READY"",""name"":""1122"",""rent"":1099,""unitNumber"":""1122"",""vacantDate"":""2026-07-07 00:00 -0000""}"
local_current_live_no_rp_oracle_audit_not_canary,2026-08-01T10:45:19Z,2026-08-01,2026-07-31,separate_no_rp_oracle_573_rows_78_properties,REALPAGE_OLL,263081,Culebra Commons,realpage_public_widget_units_api,true,https://api.ws.realpage.com/v2/property/8420144/units?available=true&honordisplayorder=true,7102,,2026-07-01 00:00 -0500,2026-07-01,historical_embedded,false,internalAvailableDate,_api_parser.realpage_units_to_adapter_shape,exact_current_parser,true,true,,availability_date,2026-07-01,2026-07-01,historical_embedded,true,false,2026-07-01,2026-07-01,historical_embedded,,false,false,false,HISTORICAL_SOURCE_DATE_PRESERVED,none,HIGH,"Primary trace replays the exact public /units envelope. When that envelope is unsupported, the diagnostic trace changes only response.units -> response list to isolate the next loss.","{""availability_date"":""2026-07-01"",""availability_status"":""AVAILABLE"",""available_units"":"""",""bathrooms"":"""",""bed_label"":"""",""bedrooms"":"""",""building"":"""",""concession"":"""",""deposit"":"""",""extraction_tier"":""TIER_1_API"",""floor"":"""",""floor_plan_name"":"""",""rent_range"":""$1,149"",""source_api_url"":""https://api.ws.realpage.com/v2/property/8420144/units?available=true&honordisplayorder=true"",""sqft"":""730"",""unit_number"":""7102""}","{""_available_date_raw"":""2026-07-01"",""_concession_quality"":null,""_date_placeholder"":null,""_extra"":null,""_inferred_id"":null,""_rent_range_raw"":""$1,149"",""amenities"":null,""area"":730,""area_absence"":null,""area_absence_evidence"":null,""availability_date_provenance"":""historical_embedded"",""availability_status"":""AVAILABLE"",""available_date"":""2026-07-01"",""available_units"":null,""baths"":null,""beds"":null,""building"":null,""concession_source"":null,""concession_text"":null,""concession_text_clean"":null,""concession_value"":null,""date_captured"":""2026-08-01 10:45:19"",""deposit"":null,""extraction_tier"":""TIER_1_API"",""floor"":null,""floor_plan_id"":null,""floor_plan_name"":null,""is_floor_plan_level"":false,""lease_term"":null,""move_in_date"":null,""offer_banner"":null,""offer_conditions"":null,""offer_target"":null,""offer_type"":null,""offer_value"":null,""rent_high"":1149.0,""rent_low"":1149.0,""source_ids"":{},""unit_id"":""7102"",""unit_name"":null}",controlled_single_change_replay_unwrap_response_units,true,availability_date,2026-07-01,2026-07-01,2026-07-01,historical_embedded,,,"{""availability_date"":""2026-07-01"",""availability_status"":""AVAILABLE"",""available_units"":"""",""bathrooms"":"""",""bed_label"":"""",""bedrooms"":"""",""building"":"""",""concession"":"""",""deposit"":"""",""extraction_tier"":""TIER_1_API"",""floor"":"""",""floor_plan_name"":"""",""rent_range"":""$1,149"",""source_api_url"":""https://api.ws.realpage.com/v2/property/8420144/units?available=true&honordisplayorder=true"",""sqft"":""730"",""unit_number"":""7102""}","{""_available_date_raw"":""2026-07-01"",""_concession_quality"":null,""_date_placeholder"":null,""_extra"":null,""_inferred_id"":null,""_rent_range_raw"":""$1,149"",""amenities"":null,""area"":730,""area_absence"":null,""area_absence_evidence"":null,""availability_date_provenance"":""historical_embedded"",""availability_status"":""AVAILABLE"",""available_date"":""2026-07-01"",""available_units"":null,""baths"":null,""beds"":null,""building"":null,""concession_source"":null,""concession_text"":null,""concession_text_clean"":null,""concession_value"":null,""date_captured"":""2026-08-01 10:45:19"",""deposit"":null,""extraction_tier"":""TIER_1_API"",""floor"":null,""floor_plan_id"":null,""floor_plan_name"":null,""is_floor_plan_level"":false,""lease_term"":null,""move_in_date"":null,""offer_banner"":null,""offer_conditions"":null,""offer_target"":null,""offer_type"":null,""offer_value"":null,""rent_high"":1149.0,""rent_low"":1149.0,""source_ids"":{},""unit_id"":""7102"",""unit_name"":null}","{""floorplanId"":10427508,""id"":14373211,""internalAvailableDate"":""2026-07-01 00:00 -0500"",""leaseStatus"":""AVAILABLE_READY"",""name"":""7102"",""rent"":1149,""unitNumber"":""7102"",""vacantDate"":""2026-07-08 00:00 -0000""}"
local_current_live_no_rp_oracle_audit_not_canary,2026-08-01T10:45:19Z,2026-08-01,2026-07-31,separate_no_rp_oracle_573_rows_78_properties,REALPAGE_OLL,263081,Culebra Commons,realpage_public_widget_units_api,true,https://api.ws.realpage.com/v2/property/8420144/units?available=true&honordisplayorder=true,4208,,2026-06-28 00:00 -0500,2026-06-28,historical_embedded,false,internalAvailableDate,_api_parser.realpage_units_to_adapter_shape,exact_current_parser,true,true,,availability_date,2026-06-28,2026-06-28,historical_embedded,true,false,2026-06-28,2026-06-28,historical_embedded,,false,false,false,HISTORICAL_SOURCE_DATE_PRESERVED,none,HIGH,"Primary trace replays the exact public /units envelope. When that envelope is unsupported, the diagnostic trace changes only response.units -> response list to isolate the next loss.","{""availability_date"":""2026-06-28"",""availability_status"":""AVAILABLE"",""available_units"":"""",""bathrooms"":"""",""bed_label"":"""",""bedrooms"":"""",""building"":"""",""concession"":"""",""deposit"":"""",""extraction_tier"":""TIER_1_API"",""floor"":"""",""floor_plan_name"":"""",""rent_range"":""$1,119"",""source_api_url"":""https://api.ws.realpage.com/v2/property/8420144/units?available=true&honordisplayorder=true"",""sqft"":""710"",""unit_number"":""4208""}","{""_available_date_raw"":""2026-06-28"",""_concession_quality"":null,""_date_placeholder"":null,""_extra"":null,""_inferred_id"":null,""_rent_range_raw"":""$1,119"",""amenities"":null,""area"":710,""area_absence"":null,""area_absence_evidence"":null,""availability_date_provenance"":""historical_embedded"",""availability_status"":""AVAILABLE"",""available_date"":""2026-06-28"",""available_units"":null,""baths"":null,""beds"":null,""building"":null,""concession_source"":null,""concession_text"":null,""concession_text_clean"":null,""concession_value"":null,""date_captured"":""2026-08-01 10:45:19"",""deposit"":null,""extraction_tier"":""TIER_1_API"",""floor"":null,""floor_plan_id"":null,""floor_plan_name"":null,""is_floor_plan_level"":false,""lease_term"":null,""move_in_date"":null,""offer_banner"":null,""offer_conditions"":null,""offer_target"":null,""offer_type"":null,""offer_value"":null,""rent_high"":1119.0,""rent_low"":1119.0,""source_ids"":{},""unit_id"":""4208"",""unit_name"":null}",controlled_single_change_replay_unwrap_response_units,true,availability_date,2026-06-28,2026-06-28,2026-06-28,historical_embedded,,,"{""availability_date"":""2026-06-28"",""availability_status"":""AVAILABLE"",""available_units"":"""",""bathrooms"":"""",""bed_label"":"""",""bedrooms"":"""",""building"":"""",""concession"":"""",""deposit"":"""",""extraction_tier"":""TIER_1_API"",""floor"":"""",""floor_plan_name"":"""",""rent_range"":""$1,119"",""source_api_url"":""https://api.ws.realpage.com/v2/property/8420144/units?available=true&honordisplayorder=true"",""sqft"":""710"",""unit_number"":""4208""}","{""_available_date_raw"":""2026-06-28"",""_concession_quality"":null,""_date_placeholder"":null,""_extra"":null,""_inferred_id"":null,""_rent_range_raw"":""$1,119"",""amenities"":null,""area"":710,""area_absence"":null,""area_absence_evidence"":null,""availability_date_provenance"":""historical_embedded"",""availability_status"":""AVAILABLE"",""available_date"":""2026-06-28"",""available_units"":null,""baths"":null,""beds"":null,""building"":null,""concession_source"":null,""concession_text"":null,""concession_text_clean"":null,""concession_value"":null,""date_captured"":""2026-08-01 10:45:19"",""deposit"":null,""extraction_tier"":""TIER_1_API"",""floor"":null,""floor_plan_id"":null,""floor_plan_name"":null,""is_floor_plan_level"":false,""lease_term"":null,""move_in_date"":null,""offer_banner"":null,""offer_conditions"":null,""offer_target"":null,""offer_type"":null,""offer_value"":null,""rent_high"":1119.0,""rent_low"":1119.0,""source_ids"":{},""unit_id"":""4208"",""unit_name"":null}","{""floorplanId"":10427507,""id"":14373137,""internalAvailableDate"":""2026-06-28 00:00 -0500"",""leaseStatus"":""AVAILABLE_READY"",""name"":""4208"",""rent"":1119,""unitNumber"":""4208"",""vacantDate"":""2026-07-09 00:00 -0000""}"
local_current_live_no_rp_oracle_audit_not_canary,2026-08-01T10:45:19Z,2026-08-01,2026-07-31,separate_no_rp_oracle_573_rows_78_properties,REALPAGE_OLL,263081,Culebra Commons,realpage_public_widget_units_api,true,https://api.ws.realpage.com/v2/property/8420144/units?available=true&honordisplayorder=true,4107,,2026-07-11 00:00 -0500,2026-07-11,historical_embedded,false,internalAvailableDate,_api_parser.realpage_units_to_adapter_shape,exact_current_parser,true,true,,availability_date,2026-07-11,2026-07-11,historical_embedded,true,false,2026-07-11,2026-07-11,historical_embedded,,false,false,false,HISTORICAL_SOURCE_DATE_PRESERVED,none,HIGH,"Primary trace replays the exact public /units envelope. When that envelope is unsupported, the diagnostic trace changes only response.units -> response list to isolate the next loss.","{""availability_date"":""2026-07-11"",""availability_status"":""AVAILABLE"",""available_units"":"""",""bathrooms"":"""",""bed_label"":"""",""bedrooms"":"""",""building"":"""",""concession"":"""",""deposit"":"""",""extraction_tier"":""TIER_1_API"",""floor"":"""",""floor_plan_name"":"""",""rent_range"":""$1,209"",""source_api_url"":""https://api.ws.realpage.com/v2/property/8420144/units?available=true&honordisplayorder=true"",""sqft"":""610"",""unit_number"":""4107""}","{""_available_date_raw"":""2026-07-11"",""_concession_quality"":null,""_date_placeholder"":null,""_extra"":null,""_inferred_id"":null,""_rent_range_raw"":""$1,209"",""amenities"":null,""area"":610,""area_absence"":null,""area_absence_evidence"":null,""availability_date_provenance"":""historical_embedded"",""availability_status"":""AVAILABLE"",""available_date"":""2026-07-11"",""available_units"":null,""baths"":null,""beds"":null,""building"":null,""concession_source"":null,""concession_text"":null,""concession_text_clean"":null,""concession_value"":null,""date_captured"":""2026-08-01 10:45:19"",""deposit"":null,""extraction_tier"":""TIER_1_API"",""floor"":null,""floor_plan_id"":null,""floor_plan_name"":null,""is_floor_plan_level"":false,""lease_term"":null,""move_in_date"":null,""offer_banner"":null,""offer_conditions"":null,""offer_target"":null,""offer_type"":null,""offer_value"":null,""rent_high"":1209.0,""rent_low"":1209.0,""source_ids"":{},""unit_id"":""4107"",""unit_name"":null}",controlled_single_change_replay_unwrap_response_units,true,availability_date,2026-07-11,2026-07-11,2026-07-11,historical_embedded,,,"{""availability_date"":""2026-07-11"",""availability_status"":""AVAILABLE"",""available_units"":"""",""bathrooms"":"""",""bed_label"":"""",""bedrooms"":"""",""building"":"""",""concession"":"""",""deposit"":"""",""extraction_tier"":""TIER_1_API"",""floor"":"""",""floor_plan_name"":"""",""rent_range"":""$1,209"",""source_api_url"":""https://api.ws.realpage.com/v2/property/8420144/units?available=true&honordisplayorder=true"",""sqft"":""610"",""unit_number"":""4107""}","{""_available_date_raw"":""2026-07-11"",""_concession_quality"":null,""_date_placeholder"":null,""_extra"":null,""_inferred_id"":null,""_rent_range_raw"":""$1,209"",""amenities"":null,""area"":610,""area_absence"":null,""area_absence_evidence"":null,""availability_date_provenance"":""historical_embedded"",""availability_status"":""AVAILABLE"",""available_date"":""2026-07-11"",""available_units"":null,""baths"":null,""beds"":null,""building"":null,""concession_source"":null,""concession_text"":null,""concession_text_clean"":null,""concession_value"":null,""date_captured"":""2026-08-01 10:45:19"",""deposit"":null,""extraction_tier"":""TIER_1_API"",""floor"":null,""floor_plan_id"":null,""floor_plan_name"":null,""is_floor_plan_level"":false,""lease_term"":null,""move_in_date"":null,""offer_banner"":null,""offer_conditions"":null,""offer_target"":null,""offer_type"":null,""offer_value"":null,""rent_high"":1209.0,""rent_low"":1209.0,""source_ids"":{},""unit_id"":""4107"",""unit_name"":null}","{""floorplanId"":10427506,""id"":14373062,""internalAvailableDate"":""2026-07-11 00:00 -0500"",""leaseStatus"":""AVAILABLE_READY"",""name"":""4107"",""rent"":1209,""unitNumber"":""4107"",""vacantDate"":""2026-07-29 00:00 -0000""}"
local_current_live_no_rp_oracle_audit_not_canary,2026-08-01T10:45:19Z,2026-08-01,2026-07-31,separate_no_rp_oracle_573_rows_78_properties,REALPAGE_OLL,263081,Culebra Commons,realpage_public_widget_units_api,true,https://api.ws.realpage.com/v2/property/8420144/units?available=true&honordisplayorder=true,1117,,2026-07-29 00:00 -0500,2026-07-29,historical_embedded,false,internalAvailableDate,_api_parser.realpage_units_to_adapter_shape,exact_current_parser,true,true,,availability_date,2026-07-29,2026-07-29,historical_embedded,true,false,2026-07-29,2026-07-29,historical_embedded,,false,false,false,HISTORICAL_SOURCE_DATE_PRESERVED,none,HIGH,"Primary trace replays the exact public /units envelope. When that envelope is unsupported, the diagnostic trace changes only response.units -> response list to isolate the next loss.","{""availability_date"":""2026-07-29"",""availability_status"":""AVAILABLE"",""available_units"":"""",""bathrooms"":"""",""bed_label"":"""",""bedrooms"":"""",""building"":"""",""concession"":"""",""deposit"":"""",""extraction_tier"":""TIER_1_API"",""floor"":"""",""floor_plan_name"":"""",""rent_range"":""$1,199"",""source_api_url"":""https://api.ws.realpage.com/v2/property/8420144/units?available=true&honordisplayorder=true"",""sqft"":""730"",""unit_number"":""1117""}","{""_available_date_raw"":""2026-07-29"",""_concession_quality"":null,""_date_placeholder"":null,""_extra"":null,""_inferred_id"":null,""_rent_range_raw"":""$1,199"",""amenities"":null,""area"":730,""area_absence"":null,""area_absence_evidence"":null,""availability_date_provenance"":""historical_embedded"",""availability_status"":""AVAILABLE"",""available_date"":""2026-07-29"",""available_units"":null,""baths"":null,""beds"":null,""building"":null,""concession_source"":null,""concession_text"":null,""concession_text_clean"":null,""concession_value"":null,""date_captured"":""2026-08-01 10:45:19"",""deposit"":null,""extraction_tier"":""TIER_1_API"",""floor"":null,""floor_plan_id"":null,""floor_plan_name"":null,""is_floor_plan_level"":false,""lease_term"":null,""move_in_date"":null,""offer_banner"":null,""offer_conditions"":null,""offer_target"":null,""offer_type"":null,""offer_value"":null,""rent_high"":1199.0,""rent_low"":1199.0,""source_ids"":{},""unit_id"":""1117"",""unit_name"":null}",controlled_single_change_replay_unwrap_response_units,true,availability_date,2026-07-29,2026-07-29,2026-07-29,historical_embedded,,,"{""availability_date"":""2026-07-29"",""availability_status"":""AVAILABLE"",""available_units"":"""",""bathrooms"":"""",""bed_label"":"""",""bedrooms"":"""",""building"":"""",""concession"":"""",""deposit"":"""",""extraction_tier"":""TIER_1_API"",""floor"":"""",""floor_plan_name"":"""",""rent_range"":""$1,199"",""source_api_url"":""https://api.ws.realpage.com/v2/property/8420144/units?available=true&honordisplayorder=true"",""sqft"":""730"",""unit_number"":""1117""}","{""_available_date_raw"":""2026-07-29"",""_concession_quality"":null,""_date_placeholder"":null,""_extra"":null,""_inferred_id"":null,""_rent_range_raw"":""$1,199"",""amenities"":null,""area"":730,""area_absence"":null,""area_absence_evidence"":null,""availability_date_provenance"":""historical_embedded"",""availability_status"":""AVAILABLE"",""available_date"":""2026-07-29"",""available_units"":null,""baths"":null,""beds"":null,""building"":null,""concession_source"":null,""concession_text"":null,""concession_text_clean"":null,""concession_value"":null,""date_captured"":""2026-08-01 10:45:19"",""deposit"":null,""extraction_tier"":""TIER_1_API"",""floor"":null,""floor_plan_id"":null,""floor_plan_name"":null,""is_floor_plan_level"":false,""lease_term"":null,""move_in_date"":null,""offer_banner"":null,""offer_conditions"":null,""offer_target"":null,""offer_type"":null,""offer_value"":null,""rent_high"":1199.0,""rent_low"":1199.0,""source_ids"":{},""unit_id"":""1117"",""unit_name"":null}","{""floorplanId"":10427508,""id"":14373169,""internalAvailableDate"":""2026-07-29 00:00 -0500"",""leaseStatus"":""AVAILABLE_READY"",""name"":""1117"",""rent"":1199,""unitNumber"":""1117"",""vacantDate"":""2026-08-05 00:00 -0000""}"
local_current_live_no_rp_oracle_audit_not_canary,2026-08-01T10:45:19Z,2026-08-01,2026-07-31,separate_no_rp_oracle_573_rows_78_properties,REALPAGE_OLL,263081,Culebra Commons,realpage_public_widget_units_api,true,https://api.ws.realpage.com/v2/property/8420144/units?available=true&honordisplayorder=true,1208,,2026-07-29 00:00 -0500,2026-07-29,historical_embedded,false,internalAvailableDate,_api_parser.realpage_units_to_adapter_shape,exact_current_parser,true,true,,availability_date,2026-07-29,2026-07-29,historical_embedded,true,false,2026-07-29,2026-07-29,historical_embedded,,false,false,false,HISTORICAL_SOURCE_DATE_PRESERVED,none,HIGH,"Primary trace replays the exact public /units envelope. When that envelope is unsupported, the diagnostic trace changes only response.units -> response list to isolate the next loss.","{""availability_date"":""2026-07-29"",""availability_status"":""AVAILABLE"",""available_units"":"""",""bathrooms"":"""",""bed_label"":"""",""bedrooms"":"""",""building"":"""",""concession"":"""",""deposit"":"""",""extraction_tier"":""TIER_1_API"",""floor"":"""",""floor_plan_name"":"""",""rent_range"":""$1,849"",""source_api_url"":""https://api.ws.realpage.com/v2/property/8420144/units?available=true&honordisplayorder=true"",""sqft"":""1345"",""unit_number"":""1208""}","{""_available_date_raw"":""2026-07-29"",""_concession_quality"":null,""_date_placeholder"":null,""_extra"":null,""_inferred_id"":null,""_rent_range_raw"":""$1,849"",""amenities"":null,""area"":1345,""area_absence"":null,""area_absence_evidence"":null,""availability_date_provenance"":""historical_embedded"",""availability_status"":""AVAILABLE"",""available_date"":""2026-07-29"",""available_units"":null,""baths"":null,""beds"":null,""building"":null,""concession_source"":null,""concession_text"":null,""concession_text_clean"":null,""concession_value"":null,""date_captured"":""2026-08-01 10:45:19"",""deposit"":null,""extraction_tier"":""TIER_1_API"",""floor"":null,""floor_plan_id"":null,""floor_plan_name"":null,""is_floor_plan_level"":false,""lease_term"":null,""move_in_date"":null,""offer_banner"":null,""offer_conditions"":null,""offer_target"":null,""offer_type"":null,""offer_value"":null,""rent_high"":1849.0,""rent_low"":1849.0,""source_ids"":{},""unit_id"":""1208"",""unit_name"":null}",controlled_single_change_replay_unwrap_response_units,true,availability_date,2026-07-29,2026-07-29,2026-07-29,historical_embedded,,,"{""availability_date"":""2026-07-29"",""availability_status"":""AVAILABLE"",""available_units"":"""",""bathrooms"":"""",""bed_label"":"""",""bedrooms"":"""",""building"":"""",""concession"":"""",""deposit"":"""",""extraction_tier"":""TIER_1_API"",""floor"":"""",""floor_plan_name"":"""",""rent_range"":""$1,849"",""source_api_url"":""https://api.ws.realpage.com/v2/property/8420144/units?available=true&honordisplayorder=true"",""sqft"":""1345"",""unit_number"":""1208""}","{""_available_date_raw"":""2026-07-29"",""_concession_quality"":null,""_date_placeholder"":null,""_extra"":null,""_inferred_id"":null,""_rent_range_raw"":""$1,849"",""amenities"":null,""area"":1345,""area_absence"":null,""area_absence_evidence"":null,""availability_date_provenance"":""historical_embedded"",""availability_status"":""AVAILABLE"",""available_date"":""2026-07-29"",""available_units"":null,""baths"":null,""beds"":null,""building"":null,""concession_source"":null,""concession_text"":null,""concession_text_clean"":null,""concession_value"":null,""date_captured"":""2026-08-01 10:45:19"",""deposit"":null,""extraction_tier"":""TIER_1_API"",""floor"":null,""floor_plan_id"":null,""floor_plan_name"":null,""is_floor_plan_level"":false,""lease_term"":null,""move_in_date"":null,""offer_banner"":null,""offer_conditions"":null,""offer_target"":null,""offer_type"":null,""offer_value"":null,""rent_high"":1849.0,""rent_low"":1849.0,""source_ids"":{},""unit_id"":""1208"",""unit_name"":null}","{""floorplanId"":10427515,""id"":14373323,""internalAvailableDate"":""2026-07-29 00:00 -0500"",""leaseStatus"":""AVAILABLE_READY"",""name"":""1208"",""rent"":1849,""unitNumber"":""1208"",""vacantDate"":""2026-08-07 00:00 -0000""}"
local_current_live_no_rp_oracle_audit_not_canary,2026-08-01T10:45:19Z,2026-08-01,2026-07-31,separate_no_rp_oracle_573_rows_78_properties,REALPAGE_OLL,263081,Culebra Commons,realpage_public_widget_units_api,true,https://api.ws.realpage.com/v2/property/8420144/units?available=true&honordisplayorder=true,1221,,2026-08-01 00:00 -0500,2026-08-01,explicit_capture_date,false,internalAvailableDate,_api_parser.realpage_units_to_adapter_shape,exact_current_parser,true,true,,availability_date,2026-08-01,2026-08-01,explicit_capture_date,true,false,2026-08-01,2026-08-01,explicit_capture_date,,false,false,false,EXPLICIT_CAPTURE_DATE_PRESERVED,none,HIGH,"Primary trace replays the exact public /units envelope. When that envelope is unsupported, the diagnostic trace changes only response.units -> response list to isolate the next loss.","{""availability_date"":""2026-08-01"",""availability_status"":""AVAILABLE"",""available_units"":"""",""bathrooms"":"""",""bed_label"":"""",""bedrooms"":"""",""building"":"""",""concession"":"""",""deposit"":"""",""extraction_tier"":""TIER_1_API"",""floor"":"""",""floor_plan_name"":"""",""rent_range"":""$1,149"",""source_api_url"":""https://api.ws.realpage.com/v2/property/8420144/units?available=true&honordisplayorder=true"",""sqft"":""730"",""unit_number"":""1221""}","{""_available_date_raw"":""2026-08-01"",""_concession_quality"":null,""_date_placeholder"":null,""_extra"":null,""_inferred_id"":null,""_rent_range_raw"":""$1,149"",""amenities"":null,""area"":730,""area_absence"":null,""area_absence_evidence"":null,""availability_date_provenance"":""explicit_capture_date"",""availability_status"":""AVAILABLE"",""available_date"":""2026-08-01"",""available_units"":null,""baths"":null,""beds"":null,""building"":null,""concession_source"":null,""concession_text"":null,""concession_text_clean"":null,""concession_value"":null,""date_captured"":""2026-08-01 10:45:19"",""deposit"":null,""extraction_tier"":""TIER_1_API"",""floor"":null,""floor_plan_id"":null,""floor_plan_name"":null,""is_floor_plan_level"":false,""lease_term"":null,""move_in_date"":null,""offer_banner"":null,""offer_conditions"":null,""offer_target"":null,""offer_type"":null,""offer_value"":null,""rent_high"":1149.0,""rent_low"":1149.0,""source_ids"":{},""unit_id"":""1221"",""unit_name"":null}",controlled_single_change_replay_unwrap_response_units,true,availability_date,2026-08-01,2026-08-01,2026-08-01,explicit_capture_date,,,"{""availability_date"":""2026-08-01"",""availability_status"":""AVAILABLE"",""available_units"":"""",""bathrooms"":"""",""bed_label"":"""",""bedrooms"":"""",""building"":"""",""concession"":"""",""deposit"":"""",""extraction_tier"":""TIER_1_API"",""floor"":"""",""floor_plan_name"":"""",""rent_range"":""$1,149"",""source_api_url"":""https://api.ws.realpage.com/v2/property/8420144/units?available=true&honordisplayorder=true"",""sqft"":""730"",""unit_number"":""1221""}","{""_available_date_raw"":""2026-08-01"",""_concession_quality"":null,""_date_placeholder"":null,""_extra"":null,""_inferred_id"":null,""_rent_range_raw"":""$1,149"",""amenities"":null,""area"":730,""area_absence"":null,""area_absence_evidence"":null,""availability_date_provenance"":""explicit_capture_date"",""availability_status"":""AVAILABLE"",""available_date"":""2026-08-01"",""available_units"":null,""baths"":null,""beds"":null,""building"":null,""concession_source"":null,""concession_text"":null,""concession_text_clean"":null,""concession_value"":null,""date_captured"":""2026-08-01 10:45:19"",""deposit"":null,""extraction_tier"":""TIER_1_API"",""floor"":null,""floor_plan_id"":null,""floor_plan_name"":null,""is_floor_plan_level"":false,""lease_term"":null,""move_in_date"":null,""offer_banner"":null,""offer_conditions"":null,""offer_target"":null,""offer_type"":null,""offer_value"":null,""rent_high"":1149.0,""rent_low"":1149.0,""source_ids"":{},""unit_id"":""1221"",""unit_name"":null}","{""floorplanId"":10427508,""id"":14373179,""internalAvailableDate"":""2026-08-01 00:00 -0500"",""leaseStatus"":""AVAILABLE_READY"",""name"":""1221"",""rent"":1149,""unitNumber"":""1221"",""vacantDate"":""2026-08-08 00:00 -0000""}"
local_current_live_no_rp_oracle_audit_not_canary,2026-08-01T10:45:19Z,2026-08-01,2026-07-31,separate_no_rp_oracle_573_rows_78_properties,REALPAGE_OLL,263081,Culebra Commons,realpage_public_widget_units_api,true,https://api.ws.realpage.com/v2/property/8420144/units?available=true&honordisplayorder=true,7205,,2026-07-22 00:00 -0500,2026-07-22,historical_embedded,false,internalAvailableDate,_api_parser.realpage_units_to_adapter_shape,exact_current_parser,true,true,,availability_date,2026-07-22,2026-07-22,historical_embedded,true,false,2026-07-22,2026-07-22,historical_embedded,,false,false,false,HISTORICAL_SOURCE_DATE_PRESERVED,none,HIGH,"Primary trace replays the exact public /units envelope. When that envelope is unsupported, the diagnostic trace changes only response.units -> response list to isolate the next loss.","{""availability_date"":""2026-07-22"",""availability_status"":""AVAILABLE"",""available_units"":"""",""bathrooms"":"""",""bed_label"":"""",""bedrooms"":"""",""building"":"""",""concession"":"""",""deposit"":"""",""extraction_tier"":""TIER_1_API"",""floor"":"""",""floor_plan_name"":"""",""rent_range"":""$1,109"",""source_api_url"":""https://api.ws.realpage.com/v2/property/8420144/units?available=true&honordisplayorder=true"",""sqft"":""610"",""unit_number"":""7205""}","{""_available_date_raw"":""2026-07-22"",""_concession_quality"":null,""_date_placeholder"":null,""_extra"":null,""_inferred_id"":null,""_rent_range_raw"":""$1,109"",""amenities"":null,""area"":610,""area_absence"":null,""area_absence_evidence"":null,""availability_date_provenance"":""historical_embedded"",""availability_status"":""AVAILABLE"",""available_date"":""2026-07-22"",""available_units"":null,""baths"":null,""beds"":null,""building"":null,""concession_source"":null,""concession_text"":null,""concession_text_clean"":null,""concession_value"":null,""date_captured"":""2026-08-01 10:45:19"",""deposit"":null,""extraction_tier"":""TIER_1_API"",""floor"":null,""floor_plan_id"":null,""floor_plan_name"":null,""is_floor_plan_level"":false,""lease_term"":null,""move_in_date"":null,""offer_banner"":null,""offer_conditions"":null,""offer_target"":null,""offer_type"":null,""offer_value"":null,""rent_high"":1109.0,""rent_low"":1109.0,""source_ids"":{},""unit_id"":""7205"",""unit_name"":null}",controlled_single_change_replay_unwrap_response_units,true,availability_date,2026-07-22,2026-07-22,2026-07-22,historical_embedded,,,"{""availability_date"":""2026-07-22"",""availability_status"":""AVAILABLE"",""available_units"":"""",""bathrooms"":"""",""bed_label"":"""",""bedrooms"":"""",""building"":"""",""concession"":"""",""deposit"":"""",""extraction_tier"":""TIER_1_API"",""floor"":"""",""floor_plan_name"":"""",""rent_range"":""$1,109"",""source_api_url"":""https://api.ws.realpage.com/v2/property/8420144/units?available=true&honordisplayorder=true"",""sqft"":""610"",""unit_number"":""7205""}","{""_available_date_raw"":""2026-07-22"",""_concession_quality"":null,""_date_placeholder"":null,""_extra"":null,""_inferred_id"":null,""_rent_range_raw"":""$1,109"",""amenities"":null,""area"":610,""area_absence"":null,""area_absence_evidence"":null,""availability_date_provenance"":""historical_embedded"",""availability_status"":""AVAILABLE"",""available_date"":""2026-07-22"",""available_units"":null,""baths"":null,""beds"":null,""building"":null,""concession_source"":null,""concession_text"":null,""concession_text_clean"":null,""concession_value"":null,""date_captured"":""2026-08-01 10:45:19"",""deposit"":null,""extraction_tier"":""TIER_1_API"",""floor"":null,""floor_plan_id"":null,""floor_plan_name"":null,""is_floor_plan_level"":false,""lease_term"":null,""move_in_date"":null,""offer_banner"":null,""offer_conditions"":null,""offer_target"":null,""offer_type"":null,""offer_value"":null,""rent_high"":1109.0,""rent_low"":1109.0,""source_ids"":{},""unit_id"":""7205"",""unit_name"":null}","{""floorplanId"":10427506,""id"":14373111,""internalAvailableDate"":""2026-07-22 00:00 -0500"",""leaseStatus"":""AVAILABLE_READY"",""name"":""7205"",""rent"":1109,""unitNumber"":""7205"",""vacantDate"":""2026-08-08 00:00 -0000""}"
local_current_live_no_rp_oracle_audit_not_canary,2026-08-01T10:45:19Z,2026-08-01,2026-07-31,separate_no_rp_oracle_573_rows_78_properties,REALPAGE_OLL,263081,Culebra Commons,realpage_public_widget_units_api,true,https://api.ws.realpage.com/v2/property/8420144/units?available=true&honordisplayorder=true,3103,,2026-08-04 00:00 -0500,2026-08-04,explicit_future,true,internalAvailableDate,_api_parser.realpage_units_to_adapter_shape,exact_current_parser,true,true,,availability_date,2026-08-04,2026-08-04,explicit_future,true,false,2026-08-04,2026-08-04,explicit_future,,true,true,false,EXPLICIT_FUTURE_PRESERVED_END_TO_END,none,HIGH,"Primary trace replays the exact public /units envelope. When that envelope is unsupported, the diagnostic trace changes only response.units -> response list to isolate the next loss.","{""availability_date"":""2026-08-04"",""availability_status"":""AVAILABLE"",""available_units"":"""",""bathrooms"":"""",""bed_label"":"""",""bedrooms"":"""",""building"":"""",""concession"":"""",""deposit"":"""",""extraction_tier"":""TIER_1_API"",""floor"":"""",""floor_plan_name"":"""",""rent_range"":""$1,184"",""source_api_url"":""https://api.ws.realpage.com/v2/property/8420144/units?available=true&honordisplayorder=true"",""sqft"":""730"",""unit_number"":""3103""}","{""_available_date_raw"":""2026-08-04"",""_concession_quality"":null,""_date_placeholder"":null,""_extra"":null,""_inferred_id"":null,""_rent_range_raw"":""$1,184"",""amenities"":null,""area"":730,""area_absence"":null,""area_absence_evidence"":null,""availability_date_provenance"":""explicit_future"",""availability_status"":""AVAILABLE"",""available_date"":""2026-08-04"",""available_units"":null,""baths"":null,""beds"":null,""building"":null,""concession_source"":null,""concession_text"":null,""concession_text_clean"":null,""concession_value"":null,""date_captured"":""2026-08-01 10:45:19"",""deposit"":null,""extraction_tier"":""TIER_1_API"",""floor"":null,""floor_plan_id"":null,""floor_plan_name"":null,""is_floor_plan_level"":false,""lease_term"":null,""move_in_date"":null,""offer_banner"":null,""offer_conditions"":null,""offer_target"":null,""offer_type"":null,""offer_value"":null,""rent_high"":1184.0,""rent_low"":1184.0,""source_ids"":{},""unit_id"":""3103"",""unit_name"":null}",controlled_single_change_replay_unwrap_response_units,true,availability_date,2026-08-04,2026-08-04,2026-08-04,explicit_future,,explicit_future_preserved_after_response_unwrap,"{""availability_date"":""2026-08-04"",""availability_status"":""AVAILABLE"",""available_units"":"""",""bathrooms"":"""",""bed_label"":"""",""bedrooms"":"""",""building"":"""",""concession"":"""",""deposit"":"""",""extraction_tier"":""TIER_1_API"",""floor"":"""",""floor_plan_name"":"""",""rent_range"":""$1,184"",""source_api_url"":""https://api.ws.realpage.com/v2/property/8420144/units?available=true&honordisplayorder=true"",""sqft"":""730"",""unit_number"":""3103""}","{""_available_date_raw"":""2026-08-04"",""_concession_quality"":null,""_date_placeholder"":null,""_extra"":null,""_inferred_id"":null,""_rent_range_raw"":""$1,184"",""amenities"":null,""area"":730,""area_absence"":null,""area_absence_evidence"":null,""availability_date_provenance"":""explicit_future"",""availability_status"":""AVAILABLE"",""available_date"":""2026-08-04"",""available_units"":null,""baths"":null,""beds"":null,""building"":null,""concession_source"":null,""concession_text"":null,""concession_text_clean"":null,""concession_value"":null,""date_captured"":""2026-08-01 10:45:19"",""deposit"":null,""extraction_tier"":""TIER_1_API"",""floor"":null,""floor_plan_id"":null,""floor_plan_name"":null,""is_floor_plan_level"":false,""lease_term"":null,""move_in_date"":null,""offer_banner"":null,""offer_conditions"":null,""offer_target"":null,""offer_type"":null,""offer_value"":null,""rent_high"":1184.0,""rent_low"":1184.0,""source_ids"":{},""unit_id"":""3103"",""unit_name"":null}","{""floorplanId"":10427508,""id"":14373197,""internalAvailableDate"":""2026-08-04 00:00 -0500"",""leaseStatus"":""AVAILABLE_READY"",""name"":""3103"",""rent"":1184,""unitNumber"":""3103"",""vacantDate"":""2026-08-11 00:00 -0000""}"
local_current_live_no_rp_oracle_audit_not_canary,2026-08-01T10:45:19Z,2026-08-01,2026-07-31,separate_no_rp_oracle_573_rows_78_properties,REALPAGE_OLL,263081,Culebra Commons,realpage_public_widget_units_api,true,https://api.ws.realpage.com/v2/property/8420144/units?available=true&honordisplayorder=true,3210,,2026-08-04 00:00 -0500,2026-08-04,explicit_future,true,internalAvailableDate,_api_parser.realpage_units_to_adapter_shape,exact_current_parser,true,true,,availability_date,2026-08-04,2026-08-04,explicit_future,true,false,2026-08-04,2026-08-04,explicit_future,,true,true,false,EXPLICIT_FUTURE_PRESERVED_END_TO_END,none,HIGH,"Primary trace replays the exact public /units envelope. When that envelope is unsupported, the diagnostic trace changes only response.units -> response list to isolate the next loss.","{""availability_date"":""2026-08-04"",""availability_status"":""AVAILABLE"",""available_units"":"""",""bathrooms"":"""",""bed_label"":"""",""bedrooms"":"""",""building"":"""",""concession"":"""",""deposit"":"""",""extraction_tier"":""TIER_1_API"",""floor"":"""",""floor_plan_name"":"""",""rent_range"":""$1,799"",""source_api_url"":""https://api.ws.realpage.com/v2/property/8420144/units?available=true&honordisplayorder=true"",""sqft"":""1345"",""unit_number"":""3210""}","{""_available_date_raw"":""2026-08-04"",""_concession_quality"":null,""_date_placeholder"":null,""_extra"":null,""_inferred_id"":null,""_rent_range_raw"":""$1,799"",""amenities"":null,""area"":1345,""area_absence"":null,""area_absence_evidence"":null,""availability_date_provenance"":""explicit_future"",""availability_status"":""AVAILABLE"",""available_date"":""2026-08-04"",""available_units"":null,""baths"":null,""beds"":null,""building"":null,""concession_source"":null,""concession_text"":null,""concession_text_clean"":null,""concession_value"":null,""date_captured"":""2026-08-01 10:45:19"",""deposit"":null,""extraction_tier"":""TIER_1_API"",""floor"":null,""floor_plan_id"":null,""floor_plan_name"":null,""is_floor_plan_level"":false,""lease_term"":null,""move_in_date"":null,""offer_banner"":null,""offer_conditions"":null,""offer_target"":null,""offer_type"":null,""offer_value"":null,""rent_high"":1799.0,""rent_low"":1799.0,""source_ids"":{},""unit_id"":""3210"",""unit_name"":null}",controlled_single_change_replay_unwrap_response_units,true,availability_date,2026-08-04,2026-08-04,2026-08-04,explicit_future,,explicit_future_preserved_after_response_unwrap,"{""availability_date"":""2026-08-04"",""availability_status"":""AVAILABLE"",""available_units"":"""",""bathrooms"":"""",""bed_label"":"""",""bedrooms"":"""",""building"":"""",""concession"":"""",""deposit"":"""",""extraction_tier"":""TIER_1_API"",""floor"":"""",""floor_plan_name"":"""",""rent_range"":""$1,799"",""source_api_url"":""https://api.ws.realpage.com/v2/property/8420144/units?available=true&honordisplayorder=true"",""sqft"":""1345"",""unit_number"":""3210""}","{""_available_date_raw"":""2026-08-04"",""_concession_quality"":null,""_date_placeholder"":null,""_extra"":null,""_inferred_id"":null,""_rent_range_raw"":""$1,799"",""amenities"":null,""area"":1345,""area_absence"":null,""area_absence_evidence"":null,""availability_date_provenance"":""explicit_future"",""availability_status"":""AVAILABLE"",""available_date"":""2026-08-04"",""available_units"":null,""baths"":null,""beds"":null,""building"":null,""concession_source"":null,""concession_text"":null,""concession_text_clean"":null,""concession_value"":null,""date_captured"":""2026-08-01 10:45:19"",""deposit"":null,""extraction_tier"":""TIER_1_API"",""floor"":null,""floor_plan_id"":null,""floor_plan_name"":null,""is_floor_plan_level"":false,""lease_term"":null,""move_in_date"":null,""offer_banner"":null,""offer_conditions"":null,""offer_target"":null,""offer_type"":null,""offer_value"":null,""rent_high"":1799.0,""rent_low"":1799.0,""source_ids"":{},""unit_id"":""3210"",""unit_name"":null}","{""floorplanId"":10427515,""id"":14373336,""internalAvailableDate"":""2026-08-04 00:00 -0500"",""leaseStatus"":""AVAILABLE_READY"",""name"":""3210"",""rent"":1799,""unitNumber"":""3210"",""vacantDate"":""2026-08-11 00:00 -0000""}"
local_current_live_no_rp_oracle_audit_not_canary,2026-08-01T10:45:19Z,2026-08-01,2026-07-31,separate_no_rp_oracle_573_rows_78_properties,REALPAGE_OLL,263081,Culebra Commons,realpage_public_widget_units_api,true,https://api.ws.realpage.com/v2/property/8420144/units?available=true&honordisplayorder=true,7209,,2026-08-04 00:00 -0500,2026-08-04,explicit_future,true,internalAvailableDate,_api_parser.realpage_units_to_adapter_shape,exact_current_parser,true,true,,availability_date,2026-08-04,2026-08-04,explicit_future,true,false,2026-08-04,2026-08-04,explicit_future,,true,true,false,EXPLICIT_FUTURE_PRESERVED_END_TO_END,none,HIGH,"Primary trace replays the exact public /units envelope. When that envelope is unsupported, the diagnostic trace changes only response.units -> response list to isolate the next loss.","{""availability_date"":""2026-08-04"",""availability_status"":""AVAILABLE"",""available_units"":"""",""bathrooms"":"""",""bed_label"":"""",""bedrooms"":"""",""building"":"""",""concession"":"""",""deposit"":"""",""extraction_tier"":""TIER_1_API"",""floor"":"""",""floor_plan_name"":"""",""rent_range"":""$1,109"",""source_api_url"":""https://api.ws.realpage.com/v2/property/8420144/units?available=true&honordisplayorder=true"",""sqft"":""610"",""unit_number"":""7209""}","{""_available_date_raw"":""2026-08-04"",""_concession_quality"":null,""_date_placeholder"":null,""_extra"":null,""_inferred_id"":null,""_rent_range_raw"":""$1,109"",""amenities"":null,""area"":610,""area_absence"":null,""area_absence_evidence"":null,""availability_date_provenance"":""explicit_future"",""availability_status"":""AVAILABLE"",""available_date"":""2026-08-04"",""available_units"":null,""baths"":null,""beds"":null,""building"":null,""concession_source"":null,""concession_text"":null,""concession_text_clean"":null,""concession_value"":null,""date_captured"":""2026-08-01 10:45:19"",""deposit"":null,""extraction_tier"":""TIER_1_API"",""floor"":null,""floor_plan_id"":null,""floor_plan_name"":null,""is_floor_plan_level"":false,""lease_term"":null,""move_in_date"":null,""offer_banner"":null,""offer_conditions"":null,""offer_target"":null,""offer_type"":null,""offer_value"":null,""rent_high"":1109.0,""rent_low"":1109.0,""source_ids"":{},""unit_id"":""7209"",""unit_name"":null}",controlled_single_change_replay_unwrap_response_units,true,availability_date,2026-08-04,2026-08-04,2026-08-04,explicit_future,,explicit_future_preserved_after_response_unwrap,"{""availability_date"":""2026-08-04"",""availability_status"":""AVAILABLE"",""available_units"":"""",""bathrooms"":"""",""bed_label"":"""",""bedrooms"":"""",""building"":"""",""concession"":"""",""deposit"":"""",""extraction_tier"":""TIER_1_API"",""floor"":"""",""floor_plan_name"":"""",""rent_range"":""$1,109"",""source_api_url"":""https://api.ws.realpage.com/v2/property/8420144/units?available=true&honordisplayorder=true"",""sqft"":""610"",""unit_number"":""7209""}","{""_available_date_raw"":""2026-08-04"",""_concession_quality"":null,""_date_placeholder"":null,""_extra"":null,""_inferred_id"":null,""_rent_range_raw"":""$1,109"",""amenities"":null,""area"":610,""area_absence"":null,""area_absence_evidence"":null,""availability_date_provenance"":""explicit_future"",""availability_status"":""AVAILABLE"",""available_date"":""2026-08-04"",""available_units"":null,""baths"":null,""beds"":null,""building"":null,""concession_source"":null,""concession_text"":null,""concession_text_clean"":null,""concession_value"":null,""date_captured"":""2026-08-01 10:45:19"",""deposit"":null,""extraction_tier"":""TIER_1_API"",""floor"":null,""floor_plan_id"":null,""floor_plan_name"":null,""is_floor_plan_level"":false,""lease_term"":null,""move_in_date"":null,""offer_banner"":null,""offer_conditions"":null,""offer_target"":null,""offer_type"":null,""offer_value"":null,""rent_high"":1109.0,""rent_low"":1109.0,""source_ids"":{},""unit_id"":""7209"",""unit_name"":null}","{""floorplanId"":10427506,""id"":14373113,""internalAvailableDate"":""2026-08-04 00:00 -0500"",""leaseStatus"":""AVAILABLE_READY"",""name"":""7209"",""rent"":1109,""unitNumber"":""7209"",""vacantDate"":""2026-08-11 00:00 -0000""}"
local_current_live_no_rp_oracle_audit_not_canary,2026-08-01T10:45:19Z,2026-08-01,2026-07-31,separate_no_rp_oracle_573_rows_78_properties,REALPAGE_OLL,263081,Culebra Commons,realpage_public_widget_units_api,true,https://api.ws.realpage.com/v2/property/8420144/units?available=true&honordisplayorder=true,3301,,2026-08-07 00:00 -0500,2026-08-07,explicit_future,true,internalAvailableDate,_api_parser.realpage_units_to_adapter_shape,exact_current_parser,true,true,,availability_date,2026-08-07,2026-08-07,explicit_future,true,false,2026-08-07,2026-08-07,explicit_future,,true,true,false,EXPLICIT_FUTURE_PRESERVED_END_TO_END,none,HIGH,"Primary trace replays the exact public /units envelope. When that envelope is unsupported, the diagnostic trace changes only response.units -> response list to isolate the next loss.","{""availability_date"":""2026-08-07"",""availability_status"":""AVAILABLE"",""available_units"":"""",""bathrooms"":"""",""bed_label"":"""",""bedrooms"":"""",""building"":"""",""concession"":"""",""deposit"":"""",""extraction_tier"":""TIER_1_API"",""floor"":"""",""floor_plan_name"":"""",""rent_range"":""$1,849"",""source_api_url"":""https://api.ws.realpage.com/v2/property/8420144/units?available=true&honordisplayorder=true"",""sqft"":""1345"",""unit_number"":""3301""}","{""_available_date_raw"":""2026-08-07"",""_concession_quality"":null,""_date_placeholder"":null,""_extra"":null,""_inferred_id"":null,""_rent_range_raw"":""$1,849"",""amenities"":null,""area"":1345,""area_absence"":null,""area_absence_evidence"":null,""availability_date_provenance"":""explicit_future"",""availability_status"":""AVAILABLE"",""available_date"":""2026-08-07"",""available_units"":null,""baths"":null,""beds"":null,""building"":null,""concession_source"":null,""concession_text"":null,""concession_text_clean"":null,""concession_value"":null,""date_captured"":""2026-08-01 10:45:19"",""deposit"":null,""extraction_tier"":""TIER_1_API"",""floor"":null,""floor_plan_id"":null,""floor_plan_name"":null,""is_floor_plan_level"":false,""lease_term"":null,""move_in_date"":null,""offer_banner"":null,""offer_conditions"":null,""offer_target"":null,""offer_type"":null,""offer_value"":null,""rent_high"":1849.0,""rent_low"":1849.0,""source_ids"":{},""unit_id"":""3301"",""unit_name"":null}",controlled_single_change_replay_unwrap_response_units,true,availability_date,2026-08-07,2026-08-07,2026-08-07,explicit_future,,explicit_future_preserved_after_response_unwrap,"{""availability_date"":""2026-08-07"",""availability_status"":""AVAILABLE"",""available_units"":"""",""bathrooms"":"""",""bed_label"":"""",""bedrooms"":"""",""building"":"""",""concession"":"""",""deposit"":"""",""extraction_tier"":""TIER_1_API"",""floor"":"""",""floor_plan_name"":"""",""rent_range"":""$1,849"",""source_api_url"":""https://api.ws.realpage.com/v2/property/8420144/units?available=true&honordisplayorder=true"",""sqft"":""1345"",""unit_number"":""3301""}","{""_available_date_raw"":""2026-08-07"",""_concession_quality"":null,""_date_placeholder"":null,""_extra"":null,""_inferred_id"":null,""_rent_range_raw"":""$1,849"",""amenities"":null,""area"":1345,""area_absence"":null,""area_absence_evidence"":null,""availability_date_provenance"":""explicit_future"",""availability_status"":""AVAILABLE"",""available_date"":""2026-08-07"",""available_units"":null,""baths"":null,""beds"":null,""building"":null,""concession_source"":null,""concession_text"":null,""concession_text_clean"":null,""concession_value"":null,""date_captured"":""2026-08-01 10:45:19"",""deposit"":null,""extraction_tier"":""TIER_1_API"",""floor"":null,""floor_plan_id"":null,""floor_plan_name"":null,""is_floor_plan_level"":false,""lease_term"":null,""move_in_date"":null,""offer_banner"":null,""offer_conditions"":null,""offer_target"":null,""offer_type"":null,""offer_value"":null,""rent_high"":1849.0,""rent_low"":1849.0,""source_ids"":{},""unit_id"":""3301"",""unit_name"":null}","{""floorplanId"":10427515,""id"":14373338,""internalAvailableDate"":""2026-08-07 00:00 -0500"",""leaseStatus"":""AVAILABLE_READY"",""name"":""3301"",""rent"":1849,""unitNumber"":""3301"",""vacantDate"":""2026-08-14 00:00 -0000""}"
local_current_live_no_rp_oracle_audit_not_canary,2026-08-01T10:45:19Z,2026-08-01,2026-07-31,separate_no_rp_oracle_573_rows_78_properties,REALPAGE_OLL,263081,Culebra Commons,realpage_public_widget_units_api,true,https://api.ws.realpage.com/v2/property/8420144/units?available=true&honordisplayorder=true,2108,,2026-08-08 00:00 -0500,2026-08-08,explicit_future,true,internalAvailableDate,_api_parser.realpage_units_to_adapter_shape,exact_current_parser,true,true,,availability_date,2026-08-08,2026-08-08,explicit_future,true,false,2026-08-08,2026-08-08,explicit_future,,true,true,false,EXPLICIT_FUTURE_PRESERVED_END_TO_END,none,HIGH,"Primary trace replays the exact public /units envelope. When that envelope is unsupported, the diagnostic trace changes only response.units -> response list to isolate the next loss.","{""availability_date"":""2026-08-08"",""availability_status"":""AVAILABLE"",""available_units"":"""",""bathrooms"":"""",""bed_label"":"""",""bedrooms"":"""",""building"":"""",""concession"":"""",""deposit"":"""",""extraction_tier"":""TIER_1_API"",""floor"":"""",""floor_plan_name"":"""",""rent_range"":""$1,199"",""source_api_url"":""https://api.ws.realpage.com/v2/property/8420144/units?available=true&honordisplayorder=true"",""sqft"":""730"",""unit_number"":""2108""}","{""_available_date_raw"":""2026-08-08"",""_concession_quality"":null,""_date_placeholder"":null,""_extra"":null,""_inferred_id"":null,""_rent_range_raw"":""$1,199"",""amenities"":null,""area"":730,""area_absence"":null,""area_absence_evidence"":null,""availability_date_provenance"":""explicit_future"",""availability_status"":""AVAILABLE"",""available_date"":""2026-08-08"",""available_units"":null,""baths"":null,""beds"":null,""building"":null,""concession_source"":null,""concession_text"":null,""concession_text_clean"":null,""concession_value"":null,""date_captured"":""2026-08-01 10:45:19"",""deposit"":null,""extraction_tier"":""TIER_1_API"",""floor"":null,""floor_plan_id"":null,""floor_plan_name"":null,""is_floor_plan_level"":false,""lease_term"":null,""move_in_date"":null,""offer_banner"":null,""offer_conditions"":null,""offer_target"":null,""offer_type"":null,""offer_value"":null,""rent_high"":1199.0,""rent_low"":1199.0,""source_ids"":{},""unit_id"":""2108"",""unit_name"":null}",controlled_single_change_replay_unwrap_response_units,true,availability_date,2026-08-08,2026-08-08,2026-08-08,explicit_future,,explicit_future_preserved_after_response_unwrap,"{""availability_date"":""2026-08-08"",""availability_status"":""AVAILABLE"",""available_units"":"""",""bathrooms"":"""",""bed_label"":"""",""bedrooms"":"""",""building"":"""",""concession"":"""",""deposit"":"""",""extraction_tier"":""TIER_1_API"",""floor"":"""",""floor_plan_name"":"""",""rent_range"":""$1,199"",""source_api_url"":""https://api.ws.realpage.com/v2/property/8420144/units?available=true&honordisplayorder=true"",""sqft"":""730"",""unit_number"":""2108""}","{""_available_date_raw"":""2026-08-08"",""_concession_quality"":null,""_date_placeholder"":null,""_extra"":null,""_inferred_id"":null,""_rent_range_raw"":""$1,199"",""amenities"":null,""area"":730,""area_absence"":null,""area_absence_evidence"":null,""availability_date_provenance"":""explicit_future"",""availability_status"":""AVAILABLE"",""available_date"":""2026-08-08"",""available_units"":null,""baths"":null,""beds"":null,""building"":null,""concession_source"":null,""concession_text"":null,""concession_text_clean"":null,""concession_value"":null,""date_captured"":""2026-08-01 10:45:19"",""deposit"":null,""extraction_tier"":""TIER_1_API"",""floor"":null,""floor_plan_id"":null,""floor_plan_name"":null,""is_floor_plan_level"":false,""lease_term"":null,""move_in_date"":null,""offer_banner"":null,""offer_conditions"":null,""offer_target"":null,""offer_type"":null,""offer_value"":null,""rent_high"":1199.0,""rent_low"":1199.0,""source_ids"":{},""unit_id"":""2108"",""unit_name"":null}","{""floorplanId"":10427508,""id"":14373189,""internalAvailableDate"":""2026-08-08 00:00 -0500"",""leaseStatus"":""AVAILABLE_READY"",""name"":""2108"",""rent"":1199,""unitNumber"":""2108"",""vacantDate"":""2026-08-15 00:00 -0000""}"
local_current_live_no_rp_oracle_audit_not_canary,2026-08-01T10:45:19Z,2026-08-01,2026-07-31,separate_no_rp_oracle_573_rows_78_properties,ONESITE_API,25395,Beach Colony,realpage_public_widget_units_api,true,https://api.ws.realpage.com/v2/property/51634/units?available=true&honordisplayorder=true,41,,2025-12-31 00:00 -0600,2025-12-31,historical_embedded,false,internalAvailableDate,_api_parser.realpage_units_to_adapter_shape,exact_current_parser,true,true,,availability_date,2025-12-31,2025-12-31,historical_embedded,true,false,2025-12-31,2025-12-31,historical_embedded,,false,false,false,HISTORICAL_SOURCE_DATE_PRESERVED,none,HIGH,"Primary trace replays the exact public /units envelope. When that envelope is unsupported, the diagnostic trace changes only response.units -> response list to isolate the next loss.","{""availability_date"":""2025-12-31"",""availability_status"":""AVAILABLE"",""available_units"":"""",""bathrooms"":"""",""bed_label"":"""",""bedrooms"":"""",""building"":"""",""concession"":"""",""deposit"":"""",""extraction_tier"":""TIER_1_API"",""floor"":"""",""floor_plan_name"":"""",""rent_range"":""$4,763"",""source_api_url"":""https://api.ws.realpage.com/v2/property/51634/units?available=true&honordisplayorder=true"",""sqft"":""967"",""unit_number"":""41""}","{""_available_date_raw"":""2025-12-31"",""_concession_quality"":null,""_date_placeholder"":null,""_extra"":null,""_inferred_id"":null,""_rent_range_raw"":""$4,763"",""amenities"":null,""area"":967,""area_absence"":null,""area_absence_evidence"":null,""availability_date_provenance"":""historical_embedded"",""availability_status"":""AVAILABLE"",""available_date"":""2025-12-31"",""available_units"":null,""baths"":null,""beds"":null,""building"":null,""concession_source"":null,""concession_text"":null,""concession_text_clean"":null,""concession_value"":null,""date_captured"":""2026-08-01 10:45:19"",""deposit"":null,""extraction_tier"":""TIER_1_API"",""floor"":null,""floor_plan_id"":null,""floor_plan_name"":null,""is_floor_plan_level"":false,""lease_term"":null,""move_in_date"":null,""offer_banner"":null,""offer_conditions"":null,""offer_target"":null,""offer_type"":null,""offer_value"":null,""rent_high"":4763.0,""rent_low"":4763.0,""source_ids"":{},""unit_id"":""41"",""unit_name"":null}",controlled_single_change_replay_unwrap_response_units,true,availability_date,2025-12-31,2025-12-31,2025-12-31,historical_embedded,,,"{""availability_date"":""2025-12-31"",""availability_status"":""AVAILABLE"",""available_units"":"""",""bathrooms"":"""",""bed_label"":"""",""bedrooms"":"""",""building"":"""",""concession"":"""",""deposit"":"""",""extraction_tier"":""TIER_1_API"",""floor"":"""",""floor_plan_name"":"""",""rent_range"":""$4,763"",""source_api_url"":""https://api.ws.realpage.com/v2/property/51634/units?available=true&honordisplayorder=true"",""sqft"":""967"",""unit_number"":""41""}","{""_available_date_raw"":""2025-12-31"",""_concession_quality"":null,""_date_placeholder"":null,""_extra"":null,""_inferred_id"":null,""_rent_range_raw"":""$4,763"",""amenities"":null,""area"":967,""area_absence"":null,""area_absence_evidence"":null,""availability_date_provenance"":""historical_embedded"",""availability_status"":""AVAILABLE"",""available_date"":""2025-12-31"",""available_units"":null,""baths"":null,""beds"":null,""building"":null,""concession_source"":null,""concession_text"":null,""concession_text_clean"":null,""concession_value"":null,""date_captured"":""2026-08-01 10:45:19"",""deposit"":null,""extraction_tier"":""TIER_1_API"",""floor"":null,""floor_plan_id"":null,""floor_plan_name"":null,""is_floor_plan_level"":false,""lease_term"":null,""move_in_date"":null,""offer_banner"":null,""offer_conditions"":null,""offer_target"":null,""offer_type"":null,""offer_value"":null,""rent_high"":4763.0,""rent_low"":4763.0,""source_ids"":{},""unit_id"":""41"",""unit_name"":null}","{""floorplanId"":9235301,""id"":1438428,""internalAvailableDate"":""2025-12-31 00:00 -0600"",""leaseStatus"":""AVAILABLE_READY"",""name"":""41"",""rent"":4763,""unitNumber"":""41"",""vacantDate"":""2026-08-01 00:00 -0000""}"
local_current_live_no_rp_oracle_audit_not_canary,2026-08-01T10:45:19Z,2026-08-01,2026-07-31,separate_no_rp_oracle_573_rows_78_properties,ONESITE_API,25395,Beach Colony,realpage_public_widget_units_api,true,https://api.ws.realpage.com/v2/property/51634/units?available=true&honordisplayorder=true,50,,2026-08-24 00:00 -0500,2026-08-24,explicit_future,true,internalAvailableDate,_api_parser.realpage_units_to_adapter_shape,exact_current_parser,true,true,,availability_date,2026-08-24,2026-08-24,explicit_future,true,false,2026-08-24,2026-08-24,explicit_future,,true,true,false,EXPLICIT_FUTURE_PRESERVED_END_TO_END,none,HIGH,"Primary trace replays the exact public /units envelope. When that envelope is unsupported, the diagnostic trace changes only response.units -> response list to isolate the next loss.","{""availability_date"":""2026-08-24"",""availability_status"":""AVAILABLE"",""available_units"":"""",""bathrooms"":"""",""bed_label"":"""",""bedrooms"":"""",""building"":"""",""concession"":"""",""deposit"":"""",""extraction_tier"":""TIER_1_API"",""floor"":"""",""floor_plan_name"":"""",""rent_range"":""$3,962"",""source_api_url"":""https://api.ws.realpage.com/v2/property/51634/units?available=true&honordisplayorder=true"",""sqft"":""730"",""unit_number"":""50""}","{""_available_date_raw"":""2026-08-24"",""_concession_quality"":null,""_date_placeholder"":null,""_extra"":null,""_inferred_id"":null,""_rent_range_raw"":""$3,962"",""amenities"":null,""area"":730,""area_absence"":null,""area_absence_evidence"":null,""availability_date_provenance"":""explicit_future"",""availability_status"":""AVAILABLE"",""available_date"":""2026-08-24"",""available_units"":null,""baths"":null,""beds"":null,""building"":null,""concession_source"":null,""concession_text"":null,""concession_text_clean"":null,""concession_value"":null,""date_captured"":""2026-08-01 10:45:19"",""deposit"":null,""extraction_tier"":""TIER_1_API"",""floor"":null,""floor_plan_id"":null,""floor_plan_name"":null,""is_floor_plan_level"":false,""lease_term"":null,""move_in_date"":null,""offer_banner"":null,""offer_conditions"":null,""offer_target"":null,""offer_type"":null,""offer_value"":null,""rent_high"":3962.0,""rent_low"":3962.0,""source_ids"":{},""unit_id"":""50"",""unit_name"":null}",controlled_single_change_replay_unwrap_response_units,true,availability_date,2026-08-24,2026-08-24,2026-08-24,explicit_future,,explicit_future_preserved_after_response_unwrap,"{""availability_date"":""2026-08-24"",""availability_status"":""AVAILABLE"",""available_units"":"""",""bathrooms"":"""",""bed_label"":"""",""bedrooms"":"""",""building"":"""",""concession"":"""",""deposit"":"""",""extraction_tier"":""TIER_1_API"",""floor"":"""",""floor_plan_name"":"""",""rent_range"":""$3,962"",""source_api_url"":""https://api.ws.realpage.com/v2/property/51634/units?available=true&honordisplayorder=true"",""sqft"":""730"",""unit_number"":""50""}","{""_available_date_raw"":""2026-08-24"",""_concession_quality"":null,""_date_placeholder"":null,""_extra"":null,""_inferred_id"":null,""_rent_range_raw"":""$3,962"",""amenities"":null,""area"":730,""area_absence"":null,""area_absence_evidence"":null,""availability_date_provenance"":""explicit_future"",""availability_status"":""AVAILABLE"",""available_date"":""2026-08-24"",""available_units"":null,""baths"":null,""beds"":null,""building"":null,""concession_source"":null,""concession_text"":null,""concession_text_clean"":null,""concession_value"":null,""date_captured"":""2026-08-01 10:45:19"",""deposit"":null,""extraction_tier"":""TIER_1_API"",""floor"":null,""floor_plan_id"":null,""floor_plan_name"":null,""is_floor_plan_level"":false,""lease_term"":null,""move_in_date"":null,""offer_banner"":null,""offer_conditions"":null,""offer_target"":null,""offer_type"":null,""offer_value"":null,""rent_high"":3962.0,""rent_low"":3962.0,""source_ids"":{},""unit_id"":""50"",""unit_name"":null}","{""floorplanId"":9235302,""id"":1438437,""internalAvailableDate"":""2026-08-24 00:00 -0500"",""leaseStatus"":""AVAILABLE_READY"",""name"":""50"",""rent"":3962,""unitNumber"":""50"",""vacantDate"":""2026-08-31 00:00 -0000""}"
local_current_live_no_rp_oracle_audit_not_canary,2026-08-01T10:45:19Z,2026-08-01,2026-07-31,separate_no_rp_oracle_573_rows_78_properties,ONESITE_API,15079,The Left Bank at River Oaks,realpage_public_widget_units_api,true,https://api.ws.realpage.com/v2/property/8171945/units?available=true&honordisplayorder=true,1054,,2025-09-01 00:00 -0500,2025-09-01,historical_embedded,false,internalAvailableDate,_api_parser.realpage_units_to_adapter_shape,exact_current_parser,true,true,,availability_date,2025-09-01,2025-09-01,historical_embedded,true,false,2025-09-01,2025-09-01,historical_embedded,,false,false,false,HISTORICAL_SOURCE_DATE_PRESERVED,none,HIGH,"Primary trace replays the exact public /units envelope. When that envelope is unsupported, the diagnostic trace changes only response.units -> response list to isolate the next loss.","{""availability_date"":""2025-09-01"",""availability_status"":""AVAILABLE"",""available_units"":"""",""bathrooms"":"""",""bed_label"":"""",""bedrooms"":"""",""building"":"""",""concession"":"""",""deposit"":"""",""extraction_tier"":""TIER_1_API"",""floor"":"""",""floor_plan_name"":"""",""rent_range"":""$2,495"",""source_api_url"":""https://api.ws.realpage.com/v2/property/8171945/units?available=true&honordisplayorder=true"",""sqft"":""1232"",""unit_number"":""1054""}","{""_available_date_raw"":""2025-09-01"",""_concession_quality"":null,""_date_placeholder"":null,""_extra"":null,""_inferred_id"":null,""_rent_range_raw"":""$2,495"",""amenities"":null,""area"":1232,""area_absence"":null,""area_absence_evidence"":null,""availability_date_provenance"":""historical_embedded"",""availability_status"":""AVAILABLE"",""available_date"":""2025-09-01"",""available_units"":null,""baths"":null,""beds"":null,""building"":null,""concession_source"":null,""concession_text"":null,""concession_text_clean"":null,""concession_value"":null,""date_captured"":""2026-08-01 10:45:19"",""deposit"":null,""extraction_tier"":""TIER_1_API"",""floor"":null,""floor_plan_id"":null,""floor_plan_name"":null,""is_floor_plan_level"":false,""lease_term"":null,""move_in_date"":null,""offer_banner"":null,""offer_conditions"":null,""offer_target"":null,""offer_type"":null,""offer_value"":null,""rent_high"":2495.0,""rent_low"":2495.0,""source_ids"":{},""unit_id"":""1054"",""unit_name"":null}",controlled_single_change_replay_unwrap_response_units,true,availability_date,2025-09-01,2025-09-01,2025-09-01,historical_embedded,,,"{""availability_date"":""2025-09-01"",""availability_status"":""AVAILABLE"",""available_units"":"""",""bathrooms"":"""",""bed_label"":"""",""bedrooms"":"""",""building"":"""",""concession"":"""",""deposit"":"""",""extraction_tier"":""TIER_1_API"",""floor"":"""",""floor_plan_name"":"""",""rent_range"":""$2,495"",""source_api_url"":""https://api.ws.realpage.com/v2/property/8171945/units?available=true&honordisplayorder=true"",""sqft"":""1232"",""unit_number"":""1054""}","{""_available_date_raw"":""2025-09-01"",""_concession_quality"":null,""_date_placeholder"":null,""_extra"":null,""_inferred_id"":null,""_rent_range_raw"":""$2,495"",""amenities"":null,""area"":1232,""area_absence"":null,""area_absence_evidence"":null,""availability_date_provenance"":""historical_embedded"",""availability_status"":""AVAILABLE"",""available_date"":""2025-09-01"",""available_units"":null,""baths"":null,""beds"":null,""building"":null,""concession_source"":null,""concession_text"":null,""concession_text_clean"":null,""concession_value"":null,""date_captured"":""2026-08-01 10:45:19"",""deposit"":null,""extraction_tier"":""TIER_1_API"",""floor"":null,""floor_plan_id"":null,""floor_plan_name"":null,""is_floor_plan_level"":false,""lease_term"":null,""move_in_date"":null,""offer_banner"":null,""offer_conditions"":null,""offer_target"":null,""offer_type"":null,""offer_value"":null,""rent_high"":2495.0,""rent_low"":2495.0,""source_ids"":{},""unit_id"":""1054"",""unit_name"":null}","{""floorplanId"":9475346,""id"":13391886,""internalAvailableDate"":""2025-09-01 00:00 -0500"",""leaseStatus"":""AVAILABLE_READY"",""name"":""1054"",""rent"":2495,""unitNumber"":""1054"",""vacantDate"":""2025-09-26 00:00 -0000""}"
local_current_live_no_rp_oracle_audit_not_canary,2026-08-01T10:45:19Z,2026-08-01,2026-07-31,separate_no_rp_oracle_573_rows_78_properties,ONESITE_API,15079,The Left Bank at River Oaks,realpage_public_widget_units_api,true,https://api.ws.realpage.com/v2/property/8171945/units?available=true&honordisplayorder=true,3062,,2025-10-24 00:00 -0500,2025-10-24,historical_embedded,false,internalAvailableDate,_api_parser.realpage_units_to_adapter_shape,exact_current_parser,true,true,,availability_date,2025-10-24,2025-10-24,historical_embedded,true,false,2025-10-24,2025-10-24,historical_embedded,,false,false,false,HISTORICAL_SOURCE_DATE_PRESERVED,none,HIGH,"Primary trace replays the exact public /units envelope. When that envelope is unsupported, the diagnostic trace changes only response.units -> response list to isolate the next loss.","{""availability_date"":""2025-10-24"",""availability_status"":""AVAILABLE"",""available_units"":"""",""bathrooms"":"""",""bed_label"":"""",""bedrooms"":"""",""building"":"""",""concession"":"""",""deposit"":"""",""extraction_tier"":""TIER_1_API"",""floor"":"""",""floor_plan_name"":"""",""rent_range"":""$2,495"",""source_api_url"":""https://api.ws.realpage.com/v2/property/8171945/units?available=true&honordisplayorder=true"",""sqft"":""1232"",""unit_number"":""3062""}","{""_available_date_raw"":""2025-10-24"",""_concession_quality"":null,""_date_placeholder"":null,""_extra"":null,""_inferred_id"":null,""_rent_range_raw"":""$2,495"",""amenities"":null,""area"":1232,""area_absence"":null,""area_absence_evidence"":null,""availability_date_provenance"":""historical_embedded"",""availability_status"":""AVAILABLE"",""available_date"":""2025-10-24"",""available_units"":null,""baths"":null,""beds"":null,""building"":null,""concession_source"":null,""concession_text"":null,""concession_text_clean"":null,""concession_value"":null,""date_captured"":""2026-08-01 10:45:19"",""deposit"":null,""extraction_tier"":""TIER_1_API"",""floor"":null,""floor_plan_id"":null,""floor_plan_name"":null,""is_floor_plan_level"":false,""lease_term"":null,""move_in_date"":null,""offer_banner"":null,""offer_conditions"":null,""offer_target"":null,""offer_type"":null,""offer_value"":null,""rent_high"":2495.0,""rent_low"":2495.0,""source_ids"":{},""unit_id"":""3062"",""unit_name"":null}",controlled_single_change_replay_unwrap_response_units,true,availability_date,2025-10-24,2025-10-24,2025-10-24,historical_embedded,,,"{""availability_date"":""2025-10-24"",""availability_status"":""AVAILABLE"",""available_units"":"""",""bathrooms"":"""",""bed_label"":"""",""bedrooms"":"""",""building"":"""",""concession"":"""",""deposit"":"""",""extraction_tier"":""TIER_1_API"",""floor"":"""",""floor_plan_name"":"""",""rent_range"":""$2,495"",""source_api_url"":""https://api.ws.realpage.com/v2/property/8171945/units?available=true&honordisplayorder=true"",""sqft"":""1232"",""unit_number"":""3062""}","{""_available_date_raw"":""2025-10-24"",""_concession_quality"":null,""_date_placeholder"":null,""_extra"":null,""_inferred_id"":null,""_rent_range_raw"":""$2,495"",""amenities"":null,""area"":1232,""area_absence"":null,""area_absence_evidence"":null,""availability_date_provenance"":""historical_embedded"",""availability_status"":""AVAILABLE"",""available_date"":""2025-10-24"",""available_units"":null,""baths"":null,""beds"":null,""building"":null,""concession_source"":null,""concession_text"":null,""concession_text_clean"":null,""concession_value"":null,""date_captured"":""2026-08-01 10:45:19"",""deposit"":null,""extraction_tier"":""TIER_1_API"",""floor"":null,""floor_plan_id"":null,""floor_plan_name"":null,""is_floor_plan_level"":false,""lease_term"":null,""move_in_date"":null,""offer_banner"":null,""offer_conditions"":null,""offer_target"":null,""offer_type"":null,""offer_value"":null,""rent_high"":2495.0,""rent_low"":2495.0,""source_ids"":{},""unit_id"":""3062"",""unit_name"":null}","{""floorplanId"":9475346,""id"":13392043,""internalAvailableDate"":""2025-10-24 00:00 -0500"",""leaseStatus"":""AVAILABLE_READY"",""name"":""3062"",""rent"":2495,""unitNumber"":""3062"",""vacantDate"":""2025-12-01 00:00 -0000""}"
local_current_live_no_rp_oracle_audit_not_canary,2026-08-01T10:45:19Z,2026-08-01,2026-07-31,separate_no_rp_oracle_573_rows_78_properties,ONESITE_API,15079,The Left Bank at River Oaks,realpage_public_widget_units_api,true,https://api.ws.realpage.com/v2/property/8171945/units?available=true&honordisplayorder=true,3068,,2025-12-01 00:00 -0600,2025-12-01,historical_embedded,false,internalAvailableDate,_api_parser.realpage_units_to_adapter_shape,exact_current_parser,true,true,,availability_date,2025-12-01,2025-12-01,historical_embedded,true,false,2025-12-01,2025-12-01,historical_embedded,,false,false,false,HISTORICAL_SOURCE_DATE_PRESERVED,none,HIGH,"Primary trace replays the exact public /units envelope. When that envelope is unsupported, the diagnostic trace changes only response.units -> response list to isolate the next loss.","{""availability_date"":""2025-12-01"",""availability_status"":""AVAILABLE"",""available_units"":"""",""bathrooms"":"""",""bed_label"":"""",""bedrooms"":"""",""building"":"""",""concession"":"""",""deposit"":"""",""extraction_tier"":""TIER_1_API"",""floor"":"""",""floor_plan_name"":"""",""rent_range"":""$2,495"",""source_api_url"":""https://api.ws.realpage.com/v2/property/8171945/units?available=true&honordisplayorder=true"",""sqft"":""1232"",""unit_number"":""3068""}","{""_available_date_raw"":""2025-12-01"",""_concession_quality"":null,""_date_placeholder"":null,""_extra"":null,""_inferred_id"":null,""_rent_range_raw"":""$2,495"",""amenities"":null,""area"":1232,""area_absence"":null,""area_absence_evidence"":null,""availability_date_provenance"":""historical_embedded"",""availability_status"":""AVAILABLE"",""available_date"":""2025-12-01"",""available_units"":null,""baths"":null,""beds"":null,""building"":null,""concession_source"":null,""concession_text"":null,""concession_text_clean"":null,""concession_value"":null,""date_captured"":""2026-08-01 10:45:19"",""deposit"":null,""extraction_tier"":""TIER_1_API"",""floor"":null,""floor_plan_id"":null,""floor_plan_name"":null,""is_floor_plan_level"":false,""lease_term"":null,""move_in_date"":null,""offer_banner"":null,""offer_conditions"":null,""offer_target"":null,""offer_type"":null,""offer_value"":null,""rent_high"":2495.0,""rent_low"":2495.0,""source_ids"":{},""unit_id"":""3068"",""unit_name"":null}",controlled_single_change_replay_unwrap_response_units,true,availability_date,2025-12-01,2025-12-01,2025-12-01,historical_embedded,,,"{""availability_date"":""2025-12-01"",""availability_status"":""AVAILABLE"",""available_units"":"""",""bathrooms"":"""",""bed_label"":"""",""bedrooms"":"""",""building"":"""",""concession"":"""",""deposit"":"""",""extraction_tier"":""TIER_1_API"",""floor"":"""",""floor_plan_name"":"""",""rent_range"":""$2,495"",""source_api_url"":""https://api.ws.realpage.com/v2/property/8171945/units?available=true&honordisplayorder=true"",""sqft"":""1232"",""unit_number"":""3068""}","{""_available_date_raw"":""2025-12-01"",""_concession_quality"":null,""_date_placeholder"":null,""_extra"":null,""_inferred_id"":null,""_rent_range_raw"":""$2,495"",""amenities"":null,""area"":1232,""area_absence"":null,""area_absence_evidence"":null,""availability_date_provenance"":""historical_embedded"",""availability_status"":""AVAILABLE"",""available_date"":""2025-12-01"",""available_units"":null,""baths"":null,""beds"":null,""building"":null,""concession_source"":null,""concession_text"":null,""concession_text_clean"":null,""concession_value"":null,""date_captured"":""2026-08-01 10:45:19"",""deposit"":null,""extraction_tier"":""TIER_1_API"",""floor"":null,""floor_plan_id"":null,""floor_plan_name"":null,""is_floor_plan_level"":false,""lease_term"":null,""move_in_date"":null,""offer_banner"":null,""offer_conditions"":null,""offer_target"":null,""offer_type"":null,""offer_value"":null,""rent_high"":2495.0,""rent_low"":2495.0,""source_ids"":{},""unit_id"":""3068"",""unit_name"":null}","{""floorplanId"":9475346,""id"":13392049,""internalAvailableDate"":""2025-12-01 00:00 -0600"",""leaseStatus"":""AVAILABLE_READY"",""name"":""3068"",""rent"":2495,""unitNumber"":""3068"",""vacantDate"":""2026-02-19 00:00 -0000""}"
local_current_live_no_rp_oracle_audit_not_canary,2026-08-01T10:45:19Z,2026-08-01,2026-07-31,separate_no_rp_oracle_573_rows_78_properties,ONESITE_API,15079,The Left Bank at River Oaks,realpage_public_widget_units_api,true,https://api.ws.realpage.com/v2/property/8171945/units?available=true&honordisplayorder=true,1055,,2026-05-01 00:00 -0500,2026-05-01,historical_embedded,false,internalAvailableDate,_api_parser.realpage_units_to_adapter_shape,exact_current_parser,true,true,,availability_date,2026-05-01,2026-05-01,historical_embedded,true,false,2026-05-01,2026-05-01,historical_embedded,,false,false,false,HISTORICAL_SOURCE_DATE_PRESERVED,none,HIGH,"Primary trace replays the exact public /units envelope. When that envelope is unsupported, the diagnostic trace changes only response.units -> response list to isolate the next loss.","{""availability_date"":""2026-05-01"",""availability_status"":""AVAILABLE"",""available_units"":"""",""bathrooms"":"""",""bed_label"":"""",""bedrooms"":"""",""building"":"""",""concession"":"""",""deposit"":"""",""extraction_tier"":""TIER_1_API"",""floor"":"""",""floor_plan_name"":"""",""rent_range"":""$1,650"",""source_api_url"":""https://api.ws.realpage.com/v2/property/8171945/units?available=true&honordisplayorder=true"",""sqft"":""736"",""unit_number"":""1055""}","{""_available_date_raw"":""2026-05-01"",""_concession_quality"":null,""_date_placeholder"":null,""_extra"":null,""_inferred_id"":null,""_rent_range_raw"":""$1,650"",""amenities"":null,""area"":736,""area_absence"":null,""area_absence_evidence"":null,""availability_date_provenance"":""historical_embedded"",""availability_status"":""AVAILABLE"",""available_date"":""2026-05-01"",""available_units"":null,""baths"":null,""beds"":null,""building"":null,""concession_source"":null,""concession_text"":null,""concession_text_clean"":null,""concession_value"":null,""date_captured"":""2026-08-01 10:45:19"",""deposit"":null,""extraction_tier"":""TIER_1_API"",""floor"":null,""floor_plan_id"":null,""floor_plan_name"":null,""is_floor_plan_level"":false,""lease_term"":null,""move_in_date"":null,""offer_banner"":null,""offer_conditions"":null,""offer_target"":null,""offer_type"":null,""offer_value"":null,""rent_high"":1650.0,""rent_low"":1650.0,""source_ids"":{},""unit_id"":""1055"",""unit_name"":null}",controlled_single_change_replay_unwrap_response_units,true,availability_date,2026-05-01,2026-05-01,2026-05-01,historical_embedded,,,"{""availability_date"":""2026-05-01"",""availability_status"":""AVAILABLE"",""available_units"":"""",""bathrooms"":"""",""bed_label"":"""",""bedrooms"":"""",""building"":"""",""concession"":"""",""deposit"":"""",""extraction_tier"":""TIER_1_API"",""floor"":"""",""floor_plan_name"":"""",""rent_range"":""$1,650"",""source_api_url"":""https://api.ws.realpage.com/v2/property/8171945/units?available=true&honordisplayorder=true"",""sqft"":""736"",""unit_number"":""1055""}","{""_available_date_raw"":""2026-05-01"",""_concession_quality"":null,""_date_placeholder"":null,""_extra"":null,""_inferred_id"":null,""_rent_range_raw"":""$1,650"",""amenities"":null,""area"":736,""area_absence"":null,""area_absence_evidence"":null,""availability_date_provenance"":""historical_embedded"",""availability_status"":""AVAILABLE"",""available_date"":""2026-05-01"",""available_units"":null,""baths"":null,""beds"":null,""building"":null,""concession_source"":null,""concession_text"":null,""concession_text_clean"":null,""concession_value"":null,""date_captured"":""2026-08-01 10:45:19"",""deposit"":null,""extraction_tier"":""TIER_1_API"",""floor"":null,""floor_plan_id"":null,""floor_plan_name"":null,""is_floor_plan_level"":false,""lease_term"":null,""move_in_date"":null,""offer_banner"":null,""offer_conditions"":null,""offer_target"":null,""offer_type"":null,""offer_value"":null,""rent_high"":1650.0,""rent_low"":1650.0,""source_ids"":{},""unit_id"":""1055"",""unit_name"":null}","{""floorplanId"":9475322,""id"":13391887,""internalAvailableDate"":""2026-05-01 00:00 -0500"",""leaseStatus"":""AVAILABLE_READY"",""name"":""1055"",""rent"":1650,""unitNumber"":""1055"",""vacantDate"":""2026-06-10 00:00 -0000""}"
local_current_live_no_rp_oracle_audit_not_canary,2026-08-01T10:45:19Z,2026-08-01,2026-07-31,separate_no_rp_oracle_573_rows_78_properties,ONESITE_API,15079,The Left Bank at River Oaks,realpage_public_widget_units_api,true,https://api.ws.realpage.com/v2/property/8171945/units?available=true&honordisplayorder=true,2070,,2026-05-01 00:00 -0500,2026-05-01,historical_embedded,false,internalAvailableDate,_api_parser.realpage_units_to_adapter_shape,exact_current_parser,true,true,,availability_date,2026-05-01,2026-05-01,historical_embedded,true,false,2026-05-01,2026-05-01,historical_embedded,,false,false,false,HISTORICAL_SOURCE_DATE_PRESERVED,none,HIGH,"Primary trace replays the exact public /units envelope. When that envelope is unsupported, the diagnostic trace changes only response.units -> response list to isolate the next loss.","{""availability_date"":""2026-05-01"",""availability_status"":""AVAILABLE"",""available_units"":"""",""bathrooms"":"""",""bed_label"":"""",""bedrooms"":"""",""building"":"""",""concession"":"""",""deposit"":"""",""extraction_tier"":""TIER_1_API"",""floor"":"""",""floor_plan_name"":"""",""rent_range"":""$1,650"",""source_api_url"":""https://api.ws.realpage.com/v2/property/8171945/units?available=true&honordisplayorder=true"",""sqft"":""736"",""unit_number"":""2070""}","{""_available_date_raw"":""2026-05-01"",""_concession_quality"":null,""_date_placeholder"":null,""_extra"":null,""_inferred_id"":null,""_rent_range_raw"":""$1,650"",""amenities"":null,""area"":736,""area_absence"":null,""area_absence_evidence"":null,""availability_date_provenance"":""historical_embedded"",""availability_status"":""AVAILABLE"",""available_date"":""2026-05-01"",""available_units"":null,""baths"":null,""beds"":null,""building"":null,""concession_source"":null,""concession_text"":null,""concession_text_clean"":null,""concession_value"":null,""date_captured"":""2026-08-01 10:45:19"",""deposit"":null,""extraction_tier"":""TIER_1_API"",""floor"":null,""floor_plan_id"":null,""floor_plan_name"":null,""is_floor_plan_level"":false,""lease_term"":null,""move_in_date"":null,""offer_banner"":null,""offer_conditions"":null,""offer_target"":null,""offer_type"":null,""offer_value"":null,""rent_high"":1650.0,""rent_low"":1650.0,""source_ids"":{},""unit_id"":""2070"",""unit_name"":null}",controlled_single_change_replay_unwrap_response_units,true,availability_date,2026-05-01,2026-05-01,2026-05-01,historical_embedded,,,"{""availability_date"":""2026-05-01"",""availability_status"":""AVAILABLE"",""available_units"":"""",""bathrooms"":"""",""bed_label"":"""",""bedrooms"":"""",""building"":"""",""concession"":"""",""deposit"":"""",""extraction_tier"":""TIER_1_API"",""floor"":"""",""floor_plan_name"":"""",""rent_range"":""$1,650"",""source_api_url"":""https://api.ws.realpage.com/v2/property/8171945/units?available=true&honordisplayorder=true"",""sqft"":""736"",""unit_number"":""2070""}","{""_available_date_raw"":""2026-05-01"",""_concession_quality"":null,""_date_placeholder"":null,""_extra"":null,""_inferred_id"":null,""_rent_range_raw"":""$1,650"",""amenities"":null,""area"":736,""area_absence"":null,""area_absence_evidence"":null,""availability_date_provenance"":""historical_embedded"",""availability_status"":""AVAILABLE"",""available_date"":""2026-05-01"",""available_units"":null,""baths"":null,""beds"":null,""building"":null,""concession_source"":null,""concession_text"":null,""concession_text_clean"":null,""concession_value"":null,""date_captured"":""2026-08-01 10:45:19"",""deposit"":null,""extraction_tier"":""TIER_1_API"",""floor"":null,""floor_plan_id"":null,""floor_plan_name"":null,""is_floor_plan_level"":false,""lease_term"":null,""move_in_date"":null,""offer_banner"":null,""offer_conditions"":null,""offer_target"":null,""offer_type"":null,""offer_value"":null,""rent_high"":1650.0,""rent_low"":1650.0,""source_ids"":{},""unit_id"":""2070"",""unit_name"":null}","{""floorplanId"":9475322,""id"":13391973,""internalAvailableDate"":""2026-05-01 00:00 -0500"",""leaseStatus"":""AVAILABLE_READY"",""name"":""2070"",""rent"":1650,""unitNumber"":""2070"",""vacantDate"":""2026-06-10 00:00 -0000""}"
local_current_live_no_rp_oracle_audit_not_canary,2026-08-01T10:45:19Z,2026-08-01,2026-07-31,separate_no_rp_oracle_573_rows_78_properties,ONESITE_API,15079,The Left Bank at River Oaks,realpage_public_widget_units_api,true,https://api.ws.realpage.com/v2/property/8171945/units?available=true&honordisplayorder=true,2072,,2026-06-10 00:00 -0500,2026-06-10,historical_embedded,false,internalAvailableDate,_api_parser.realpage_units_to_adapter_shape,exact_current_parser,true,true,,availability_date,2026-06-10,2026-06-10,historical_embedded,true,false,2026-06-10,2026-06-10,historical_embedded,,false,false,false,HISTORICAL_SOURCE_DATE_PRESERVED,none,HIGH,"Primary trace replays the exact public /units envelope. When that envelope is unsupported, the diagnostic trace changes only response.units -> response list to isolate the next loss.","{""availability_date"":""2026-06-10"",""availability_status"":""AVAILABLE"",""available_units"":"""",""bathrooms"":"""",""bed_label"":"""",""bedrooms"":"""",""building"":"""",""concession"":"""",""deposit"":"""",""extraction_tier"":""TIER_1_API"",""floor"":"""",""floor_plan_name"":"""",""rent_range"":""$2,595"",""source_api_url"":""https://api.ws.realpage.com/v2/property/8171945/units?available=true&honordisplayorder=true"",""sqft"":""1308"",""unit_number"":""2072""}","{""_available_date_raw"":""2026-06-10"",""_concession_quality"":null,""_date_placeholder"":null,""_extra"":null,""_inferred_id"":null,""_rent_range_raw"":""$2,595"",""amenities"":null,""area"":1308,""area_absence"":null,""area_absence_evidence"":null,""availability_date_provenance"":""historical_embedded"",""availability_status"":""AVAILABLE"",""available_date"":""2026-06-10"",""available_units"":null,""baths"":null,""beds"":null,""building"":null,""concession_source"":null,""concession_text"":null,""concession_text_clean"":null,""concession_value"":null,""date_captured"":""2026-08-01 10:45:19"",""deposit"":null,""extraction_tier"":""TIER_1_API"",""floor"":null,""floor_plan_id"":null,""floor_plan_name"":null,""is_floor_plan_level"":false,""lease_term"":null,""move_in_date"":null,""offer_banner"":null,""offer_conditions"":null,""offer_target"":null,""offer_type"":null,""offer_value"":null,""rent_high"":2595.0,""rent_low"":2595.0,""source_ids"":{},""unit_id"":""2072"",""unit_name"":null}",controlled_single_change_replay_unwrap_response_units,true,availability_date,2026-06-10,2026-06-10,2026-06-10,historical_embedded,,,"{""availability_date"":""2026-06-10"",""availability_status"":""AVAILABLE"",""available_units"":"""",""bathrooms"":"""",""bed_label"":"""",""bedrooms"":"""",""building"":"""",""concession"":"""",""deposit"":"""",""extraction_tier"":""TIER_1_API"",""floor"":"""",""floor_plan_name"":"""",""rent_range"":""$2,595"",""source_api_url"":""https://api.ws.realpage.com/v2/property/8171945/units?available=true&honordisplayorder=true"",""sqft"":""1308"",""unit_number"":""2072""}","{""_available_date_raw"":""2026-06-10"",""_concession_quality"":null,""_date_placeholder"":null,""_extra"":null,""_inferred_id"":null,""_rent_range_raw"":""$2,595"",""amenities"":null,""area"":1308,""area_absence"":null,""area_absence_evidence"":null,""availability_date_provenance"":""historical_embedded"",""availability_status"":""AVAILABLE"",""available_date"":""2026-06-10"",""available_units"":null,""baths"":null,""beds"":null,""building"":null,""concession_source"":null,""concession_text"":null,""concession_text_clean"":null,""concession_value"":null,""date_captured"":""2026-08-01 10:45:19"",""deposit"":null,""extraction_tier"":""TIER_1_API"",""floor"":null,""floor_plan_id"":null,""floor_plan_name"":null,""is_floor_plan_level"":false,""lease_term"":null,""move_in_date"":null,""offer_banner"":null,""offer_conditions"":null,""offer_target"":null,""offer_type"":null,""offer_value"":null,""rent_high"":2595.0,""rent_low"":2595.0,""source_ids"":{},""unit_id"":""2072"",""unit_name"":null}","{""floorplanId"":9475346,""id"":13391975,""internalAvailableDate"":""2026-06-10 00:00 -0500"",""leaseStatus"":""AVAILABLE_READY"",""name"":""2072"",""rent"":2595,""unitNumber"":""2072"",""vacantDate"":""2026-06-19 00:00 -0000""}"
local_current_live_no_rp_oracle_audit_not_canary,2026-08-01T10:45:19Z,2026-08-01,2026-07-31,separate_no_rp_oracle_573_rows_78_properties,ONESITE_API,15079,The Left Bank at River Oaks,realpage_public_widget_units_api,true,https://api.ws.realpage.com/v2/property/8171945/units?available=true&honordisplayorder=true,1075,,2026-07-01 00:00 -0500,2026-07-01,historical_embedded,false,internalAvailableDate,_api_parser.realpage_units_to_adapter_shape,exact_current_parser,true,true,,availability_date,2026-07-01,2026-07-01,historical_embedded,true,false,2026-07-01,2026-07-01,historical_embedded,,false,false,false,HISTORICAL_SOURCE_DATE_PRESERVED,none,HIGH,"Primary trace replays the exact public /units envelope. When that envelope is unsupported, the diagnostic trace changes only response.units -> response list to isolate the next loss.","{""availability_date"":""2026-07-01"",""availability_status"":""AVAILABLE"",""available_units"":"""",""bathrooms"":"""",""bed_label"":"""",""bedrooms"":"""",""building"":"""",""concession"":"""",""deposit"":"""",""extraction_tier"":""TIER_1_API"",""floor"":"""",""floor_plan_name"":"""",""rent_range"":""$1,650"",""source_api_url"":""https://api.ws.realpage.com/v2/property/8171945/units?available=true&honordisplayorder=true"",""sqft"":""736"",""unit_number"":""1075""}","{""_available_date_raw"":""2026-07-01"",""_concession_quality"":null,""_date_placeholder"":null,""_extra"":null,""_inferred_id"":null,""_rent_range_raw"":""$1,650"",""amenities"":null,""area"":736,""area_absence"":null,""area_absence_evidence"":null,""availability_date_provenance"":""historical_embedded"",""availability_status"":""AVAILABLE"",""available_date"":""2026-07-01"",""available_units"":null,""baths"":null,""beds"":null,""building"":null,""concession_source"":null,""concession_text"":null,""concession_text_clean"":null,""concession_value"":null,""date_captured"":""2026-08-01 10:45:19"",""deposit"":null,""extraction_tier"":""TIER_1_API"",""floor"":null,""floor_plan_id"":null,""floor_plan_name"":null,""is_floor_plan_level"":false,""lease_term"":null,""move_in_date"":null,""offer_banner"":null,""offer_conditions"":null,""offer_target"":null,""offer_type"":null,""offer_value"":null,""rent_high"":1650.0,""rent_low"":1650.0,""source_ids"":{},""unit_id"":""1075"",""unit_name"":null}",controlled_single_change_replay_unwrap_response_units,true,availability_date,2026-07-01,2026-07-01,2026-07-01,historical_embedded,,,"{""availability_date"":""2026-07-01"",""availability_status"":""AVAILABLE"",""available_units"":"""",""bathrooms"":"""",""bed_label"":"""",""bedrooms"":"""",""building"":"""",""concession"":"""",""deposit"":"""",""extraction_tier"":""TIER_1_API"",""floor"":"""",""floor_plan_name"":"""",""rent_range"":""$1,650"",""source_api_url"":""https://api.ws.realpage.com/v2/property/8171945/units?available=true&honordisplayorder=true"",""sqft"":""736"",""unit_number"":""1075""}","{""_available_date_raw"":""2026-07-01"",""_concession_quality"":null,""_date_placeholder"":null,""_extra"":null,""_inferred_id"":null,""_rent_range_raw"":""$1,650"",""amenities"":null,""area"":736,""area_absence"":null,""area_absence_evidence"":null,""availability_date_provenance"":""historical_embedded"",""availability_status"":""AVAILABLE"",""available_date"":""2026-07-01"",""available_units"":null,""baths"":null,""beds"":null,""building"":null,""concession_source"":null,""concession_text"":null,""concession_text_clean"":null,""concession_value"":null,""date_captured"":""2026-08-01 10:45:19"",""deposit"":null,""extraction_tier"":""TIER_1_API"",""floor"":null,""floor_plan_id"":null,""floor_plan_name"":null,""is_floor_plan_level"":false,""lease_term"":null,""move_in_date"":null,""offer_banner"":null,""offer_conditions"":null,""offer_target"":null,""offer_type"":null,""offer_value"":null,""rent_high"":1650.0,""rent_low"":1650.0,""source_ids"":{},""unit_id"":""1075"",""unit_name"":null}","{""floorplanId"":9475322,""id"":13391907,""internalAvailableDate"":""2026-07-01 00:00 -0500"",""leaseStatus"":""AVAILABLE_READY"",""name"":""1075"",""rent"":1650,""unitNumber"":""1075"",""vacantDate"":""2026-07-10 00:00 -0000""}"
local_current_live_no_rp_oracle_audit_not_canary,2026-08-01T10:45:19Z,2026-08-01,2026-07-31,separate_no_rp_oracle_573_rows_78_properties,ONESITE_API,15079,The Left Bank at River Oaks,realpage_public_widget_units_api,true,https://api.ws.realpage.com/v2/property/8171945/units?available=true&honordisplayorder=true,4009,,2026-07-02 00:00 -0500,2026-07-02,historical_embedded,false,internalAvailableDate,_api_parser.realpage_units_to_adapter_shape,exact_current_parser,true,true,,availability_date,2026-07-02,2026-07-02,historical_embedded,true,false,2026-07-02,2026-07-02,historical_embedded,,false,false,false,HISTORICAL_SOURCE_DATE_PRESERVED,none,HIGH,"Primary trace replays the exact public /units envelope. When that envelope is unsupported, the diagnostic trace changes only response.units -> response list to isolate the next loss.","{""availability_date"":""2026-07-02"",""availability_status"":""AVAILABLE"",""available_units"":"""",""bathrooms"":"""",""bed_label"":"""",""bedrooms"":"""",""building"":"""",""concession"":"""",""deposit"":"""",""extraction_tier"":""TIER_1_API"",""floor"":"""",""floor_plan_name"":"""",""rent_range"":""$2,595"",""source_api_url"":""https://api.ws.realpage.com/v2/property/8171945/units?available=true&honordisplayorder=true"",""sqft"":""1232"",""unit_number"":""4009""}","{""_available_date_raw"":""2026-07-02"",""_concession_quality"":null,""_date_placeholder"":null,""_extra"":null,""_inferred_id"":null,""_rent_range_raw"":""$2,595"",""amenities"":null,""area"":1232,""area_absence"":null,""area_absence_evidence"":null,""availability_date_provenance"":""historical_embedded"",""availability_status"":""AVAILABLE"",""available_date"":""2026-07-02"",""available_units"":null,""baths"":null,""beds"":null,""building"":null,""concession_source"":null,""concession_text"":null,""concession_text_clean"":null,""concession_value"":null,""date_captured"":""2026-08-01 10:45:19"",""deposit"":null,""extraction_tier"":""TIER_1_API"",""floor"":null,""floor_plan_id"":null,""floor_plan_name"":null,""is_floor_plan_level"":false,""lease_term"":null,""move_in_date"":null,""offer_banner"":null,""offer_conditions"":null,""offer_target"":null,""offer_type"":null,""offer_value"":null,""rent_high"":2595.0,""rent_low"":2595.0,""source_ids"":{},""unit_id"":""4009"",""unit_name"":null}",controlled_single_change_replay_unwrap_response_units,true,availability_date,2026-07-02,2026-07-02,2026-07-02,historical_embedded,,,"{""availability_date"":""2026-07-02"",""availability_status"":""AVAILABLE"",""available_units"":"""",""bathrooms"":"""",""bed_label"":"""",""bedrooms"":"""",""building"":"""",""concession"":"""",""deposit"":"""",""extraction_tier"":""TIER_1_API"",""floor"":"""",""floor_plan_name"":"""",""rent_range"":""$2,595"",""source_api_url"":""https://api.ws.realpage.com/v2/property/8171945/units?available=true&honordisplayorder=true"",""sqft"":""1232"",""unit_number"":""4009""}","{""_available_date_raw"":""2026-07-02"",""_concession_quality"":null,""_date_placeholder"":null,""_extra"":null,""_inferred_id"":null,""_rent_range_raw"":""$2,595"",""amenities"":null,""area"":1232,""area_absence"":null,""area_absence_evidence"":null,""availability_date_provenance"":""historical_embedded"",""availability_status"":""AVAILABLE"",""available_date"":""2026-07-02"",""available_units"":null,""baths"":null,""beds"":null,""building"":null,""concession_source"":null,""concession_text"":null,""concession_text_clean"":null,""concession_value"":null,""date_captured"":""2026-08-01 10:45:19"",""deposit"":null,""extraction_tier"":""TIER_1_API"",""floor"":null,""floor_plan_id"":null,""floor_plan_name"":null,""is_floor_plan_level"":false,""lease_term"":null,""move_in_date"":null,""offer_banner"":null,""offer_conditions"":null,""offer_target"":null,""offer_type"":null,""offer_value"":null,""rent_high"":2595.0,""rent_low"":2595.0,""source_ids"":{},""unit_id"":""4009"",""unit_name"":null}","{""floorplanId"":9475346,""id"":13392068,""internalAvailableDate"":""2026-07-02 00:00 -0500"",""leaseStatus"":""AVAILABLE_READY"",""name"":""4009"",""rent"":2595,""unitNumber"":""4009"",""vacantDate"":""2026-07-11 00:00 -0000""}"
local_current_live_no_rp_oracle_audit_not_canary,2026-08-01T10:45:19Z,2026-08-01,2026-07-31,separate_no_rp_oracle_573_rows_78_properties,ONESITE_API,15079,The Left Bank at River Oaks,realpage_public_widget_units_api,true,https://api.ws.realpage.com/v2/property/8171945/units?available=true&honordisplayorder=true,3059,,2026-07-11 00:00 -0500,2026-07-11,historical_embedded,false,internalAvailableDate,_api_parser.realpage_units_to_adapter_shape,exact_current_parser,true,true,,availability_date,2026-07-11,2026-07-11,historical_embedded,true,false,2026-07-11,2026-07-11,historical_embedded,,false,false,false,HISTORICAL_SOURCE_DATE_PRESERVED,none,HIGH,"Primary trace replays the exact public /units envelope. When that envelope is unsupported, the diagnostic trace changes only response.units -> response list to isolate the next loss.","{""availability_date"":""2026-07-11"",""availability_status"":""AVAILABLE"",""available_units"":"""",""bathrooms"":"""",""bed_label"":"""",""bedrooms"":"""",""building"":"""",""concession"":"""",""deposit"":"""",""extraction_tier"":""TIER_1_API"",""floor"":"""",""floor_plan_name"":"""",""rent_range"":""$2,050"",""source_api_url"":""https://api.ws.realpage.com/v2/property/8171945/units?available=true&honordisplayorder=true"",""sqft"":""962"",""unit_number"":""3059""}","{""_available_date_raw"":""2026-07-11"",""_concession_quality"":null,""_date_placeholder"":null,""_extra"":null,""_inferred_id"":null,""_rent_range_raw"":""$2,050"",""amenities"":null,""area"":962,""area_absence"":null,""area_absence_evidence"":null,""availability_date_provenance"":""historical_embedded"",""availability_status"":""AVAILABLE"",""available_date"":""2026-07-11"",""available_units"":null,""baths"":null,""beds"":null,""building"":null,""concession_source"":null,""concession_text"":null,""concession_text_clean"":null,""concession_value"":null,""date_captured"":""2026-08-01 10:45:19"",""deposit"":null,""extraction_tier"":""TIER_1_API"",""floor"":null,""floor_plan_id"":null,""floor_plan_name"":null,""is_floor_plan_level"":false,""lease_term"":null,""move_in_date"":null,""offer_banner"":null,""offer_conditions"":null,""offer_target"":null,""offer_type"":null,""offer_value"":null,""rent_high"":2050.0,""rent_low"":2050.0,""source_ids"":{},""unit_id"":""3059"",""unit_name"":null}",controlled_single_change_replay_unwrap_response_units,true,availability_date,2026-07-11,2026-07-11,2026-07-11,historical_embedded,,,"{""availability_date"":""2026-07-11"",""availability_status"":""AVAILABLE"",""available_units"":"""",""bathrooms"":"""",""bed_label"":"""",""bedrooms"":"""",""building"":"""",""concession"":"""",""deposit"":"""",""extraction_tier"":""TIER_1_API"",""floor"":"""",""floor_plan_name"":"""",""rent_range"":""$2,050"",""source_api_url"":""https://api.ws.realpage.com/v2/property/8171945/units?available=true&honordisplayorder=true"",""sqft"":""962"",""unit_number"":""3059""}","{""_available_date_raw"":""2026-07-11"",""_concession_quality"":null,""_date_placeholder"":null,""_extra"":null,""_inferred_id"":null,""_rent_range_raw"":""$2,050"",""amenities"":null,""area"":962,""area_absence"":null,""area_absence_evidence"":null,""availability_date_provenance"":""historical_embedded"",""availability_status"":""AVAILABLE"",""available_date"":""2026-07-11"",""available_units"":null,""baths"":null,""beds"":null,""building"":null,""concession_source"":null,""concession_text"":null,""concession_text_clean"":null,""concession_value"":null,""date_captured"":""2026-08-01 10:45:19"",""deposit"":null,""extraction_tier"":""TIER_1_API"",""floor"":null,""floor_plan_id"":null,""floor_plan_name"":null,""is_floor_plan_level"":false,""lease_term"":null,""move_in_date"":null,""offer_banner"":null,""offer_conditions"":null,""offer_target"":null,""offer_type"":null,""offer_value"":null,""rent_high"":2050.0,""rent_low"":2050.0,""source_ids"":{},""unit_id"":""3059"",""unit_name"":null}","{""floorplanId"":9475334,""id"":13392040,""internalAvailableDate"":""2026-07-11 00:00 -0500"",""leaseStatus"":""AVAILABLE_READY"",""name"":""3059"",""rent"":2050,""unitNumber"":""3059"",""vacantDate"":""2026-07-22 00:00 -0000""}"
local_current_live_no_rp_oracle_audit_not_canary,2026-08-01T10:45:19Z,2026-08-01,2026-07-31,separate_no_rp_oracle_573_rows_78_properties,ONESITE_API,15079,The Left Bank at River Oaks,realpage_public_widget_units_api,true,https://api.ws.realpage.com/v2/property/8171945/units?available=true&honordisplayorder=true,1063,,2026-07-18 00:00 -0500,2026-07-18,historical_embedded,false,internalAvailableDate,_api_parser.realpage_units_to_adapter_shape,exact_current_parser,true,true,,availability_date,2026-07-18,2026-07-18,historical_embedded,true,false,2026-07-18,2026-07-18,historical_embedded,,false,false,false,HISTORICAL_SOURCE_DATE_PRESERVED,none,HIGH,"Primary trace replays the exact public /units envelope. When that envelope is unsupported, the diagnostic trace changes only response.units -> response list to isolate the next loss.","{""availability_date"":""2026-07-18"",""availability_status"":""AVAILABLE"",""available_units"":"""",""bathrooms"":"""",""bed_label"":"""",""bedrooms"":"""",""building"":"""",""concession"":"""",""deposit"":"""",""extraction_tier"":""TIER_1_API"",""floor"":"""",""floor_plan_name"":"""",""rent_range"":""$1,795"",""source_api_url"":""https://api.ws.realpage.com/v2/property/8171945/units?available=true&honordisplayorder=true"",""sqft"":""823"",""unit_number"":""1063""}","{""_available_date_raw"":""2026-07-18"",""_concession_quality"":null,""_date_placeholder"":null,""_extra"":null,""_inferred_id"":null,""_rent_range_raw"":""$1,795"",""amenities"":null,""area"":823,""area_absence"":null,""area_absence_evidence"":null,""availability_date_provenance"":""historical_embedded"",""availability_status"":""AVAILABLE"",""available_date"":""2026-07-18"",""available_units"":null,""baths"":null,""beds"":null,""building"":null,""concession_source"":null,""concession_text"":null,""concession_text_clean"":null,""concession_value"":null,""date_captured"":""2026-08-01 10:45:19"",""deposit"":null,""extraction_tier"":""TIER_1_API"",""floor"":null,""floor_plan_id"":null,""floor_plan_name"":null,""is_floor_plan_level"":false,""lease_term"":null,""move_in_date"":null,""offer_banner"":null,""offer_conditions"":null,""offer_target"":null,""offer_type"":null,""offer_value"":null,""rent_high"":1795.0,""rent_low"":1795.0,""source_ids"":{},""unit_id"":""1063"",""unit_name"":null}",controlled_single_change_replay_unwrap_response_units,true,availability_date,2026-07-18,2026-07-18,2026-07-18,historical_embedded,,,"{""availability_date"":""2026-07-18"",""availability_status"":""AVAILABLE"",""available_units"":"""",""bathrooms"":"""",""bed_label"":"""",""bedrooms"":"""",""building"":"""",""concession"":"""",""deposit"":"""",""extraction_tier"":""TIER_1_API"",""floor"":"""",""floor_plan_name"":"""",""rent_range"":""$1,795"",""source_api_url"":""https://api.ws.realpage.com/v2/property/8171945/units?available=true&honordisplayorder=true"",""sqft"":""823"",""unit_number"":""1063""}","{""_available_date_raw"":""2026-07-18"",""_concession_quality"":null,""_date_placeholder"":null,""_extra"":null,""_inferred_id"":null,""_rent_range_raw"":""$1,795"",""amenities"":null,""area"":823,""area_absence"":null,""area_absence_evidence"":null,""availability_date_provenance"":""historical_embedded"",""availability_status"":""AVAILABLE"",""available_date"":""2026-07-18"",""available_units"":null,""baths"":null,""beds"":null,""building"":null,""concession_source"":null,""concession_text"":null,""concession_text_clean"":null,""concession_value"":null,""date_captured"":""2026-08-01 10:45:19"",""deposit"":null,""extraction_tier"":""TIER_1_API"",""floor"":null,""floor_plan_id"":null,""floor_plan_name"":null,""is_floor_plan_level"":false,""lease_term"":null,""move_in_date"":null,""offer_banner"":null,""offer_conditions"":null,""offer_target"":null,""offer_type"":null,""offer_value"":null,""rent_high"":1795.0,""rent_low"":1795.0,""source_ids"":{},""unit_id"":""1063"",""unit_name"":null}","{""floorplanId"":9475326,""id"":13391895,""internalAvailableDate"":""2026-07-18 00:00 -0500"",""leaseStatus"":""AVAILABLE_READY"",""name"":""1063"",""rent"":1795,""unitNumber"":""1063"",""vacantDate"":""2026-07-29 00:00 -0000""}"
local_current_live_no_rp_oracle_audit_not_canary,2026-08-01T10:45:19Z,2026-08-01,2026-07-31,separate_no_rp_oracle_573_rows_78_properties,ONESITE_API,15079,The Left Bank at River Oaks,realpage_public_widget_units_api,true,https://api.ws.realpage.com/v2/property/8171945/units?available=true&honordisplayorder=true,1069,,2026-08-01 00:00 -0500,2026-08-01,explicit_capture_date,false,internalAvailableDate,_api_parser.realpage_units_to_adapter_shape,exact_current_parser,true,true,,availability_date,2026-08-01,2026-08-01,explicit_capture_date,true,false,2026-08-01,2026-08-01,explicit_capture_date,,false,false,false,EXPLICIT_CAPTURE_DATE_PRESERVED,none,HIGH,"Primary trace replays the exact public /units envelope. When that envelope is unsupported, the diagnostic trace changes only response.units -> response list to isolate the next loss.","{""availability_date"":""2026-08-01"",""availability_status"":""AVAILABLE"",""available_units"":"""",""bathrooms"":"""",""bed_label"":"""",""bedrooms"":"""",""building"":"""",""concession"":"""",""deposit"":"""",""extraction_tier"":""TIER_1_API"",""floor"":"""",""floor_plan_name"":"""",""rent_range"":""$2,350"",""source_api_url"":""https://api.ws.realpage.com/v2/property/8171945/units?available=true&honordisplayorder=true"",""sqft"":""1150"",""unit_number"":""1069""}","{""_available_date_raw"":""2026-08-01"",""_concession_quality"":null,""_date_placeholder"":null,""_extra"":null,""_inferred_id"":null,""_rent_range_raw"":""$2,350"",""amenities"":null,""area"":1150,""area_absence"":null,""area_absence_evidence"":null,""availability_date_provenance"":""explicit_capture_date"",""availability_status"":""AVAILABLE"",""available_date"":""2026-08-01"",""available_units"":null,""baths"":null,""beds"":null,""building"":null,""concession_source"":null,""concession_text"":null,""concession_text_clean"":null,""concession_value"":null,""date_captured"":""2026-08-01 10:45:19"",""deposit"":null,""extraction_tier"":""TIER_1_API"",""floor"":null,""floor_plan_id"":null,""floor_plan_name"":null,""is_floor_plan_level"":false,""lease_term"":null,""move_in_date"":null,""offer_banner"":null,""offer_conditions"":null,""offer_target"":null,""offer_type"":null,""offer_value"":null,""rent_high"":2350.0,""rent_low"":2350.0,""source_ids"":{},""unit_id"":""1069"",""unit_name"":null}",controlled_single_change_replay_unwrap_response_units,true,availability_date,2026-08-01,2026-08-01,2026-08-01,explicit_capture_date,,,"{""availability_date"":""2026-08-01"",""availability_status"":""AVAILABLE"",""available_units"":"""",""bathrooms"":"""",""bed_label"":"""",""bedrooms"":"""",""building"":"""",""concession"":"""",""deposit"":"""",""extraction_tier"":""TIER_1_API"",""floor"":"""",""floor_plan_name"":"""",""rent_range"":""$2,350"",""source_api_url"":""https://api.ws.realpage.com/v2/property/8171945/units?available=true&honordisplayorder=true"",""sqft"":""1150"",""unit_number"":""1069""}","{""_available_date_raw"":""2026-08-01"",""_concession_quality"":null,""_date_placeholder"":null,""_extra"":null,""_inferred_id"":null,""_rent_range_raw"":""$2,350"",""amenities"":null,""area"":1150,""area_absence"":null,""area_absence_evidence"":null,""availability_date_provenance"":""explicit_capture_date"",""availability_status"":""AVAILABLE"",""available_date"":""2026-08-01"",""available_units"":null,""baths"":null,""beds"":null,""building"":null,""concession_source"":null,""concession_text"":null,""concession_text_clean"":null,""concession_value"":null,""date_captured"":""2026-08-01 10:45:19"",""deposit"":null,""extraction_tier"":""TIER_1_API"",""floor"":null,""floor_plan_id"":null,""floor_plan_name"":null,""is_floor_plan_level"":false,""lease_term"":null,""move_in_date"":null,""offer_banner"":null,""offer_conditions"":null,""offer_target"":null,""offer_type"":null,""offer_value"":null,""rent_high"":2350.0,""rent_low"":2350.0,""source_ids"":{},""unit_id"":""1069"",""unit_name"":null}","{""floorplanId"":9475338,""id"":13391901,""internalAvailableDate"":""2026-08-01 00:00 -0500"",""leaseStatus"":""AVAILABLE_READY"",""name"":""1069"",""rent"":2350,""unitNumber"":""1069"",""vacantDate"":""2026-08-12 00:00 -0000""}"
local_current_live_no_rp_oracle_audit_not_canary,2026-08-01T10:45:19Z,2026-08-01,2026-07-31,separate_no_rp_oracle_573_rows_78_properties,ONESITE_API,15079,The Left Bank at River Oaks,realpage_public_widget_units_api,true,https://api.ws.realpage.com/v2/property/8171945/units?available=true&honordisplayorder=true,1078,,2026-08-01 00:00 -0500,2026-08-01,explicit_capture_date,false,internalAvailableDate,_api_parser.realpage_units_to_adapter_shape,exact_current_parser,true,true,,availability_date,2026-08-01,2026-08-01,explicit_capture_date,true,false,2026-08-01,2026-08-01,explicit_capture_date,,false,false,false,EXPLICIT_CAPTURE_DATE_PRESERVED,none,HIGH,"Primary trace replays the exact public /units envelope. When that envelope is unsupported, the diagnostic trace changes only response.units -> response list to isolate the next loss.","{""availability_date"":""2026-08-01"",""availability_status"":""AVAILABLE"",""available_units"":"""",""bathrooms"":"""",""bed_label"":"""",""bedrooms"":"""",""building"":"""",""concession"":"""",""deposit"":"""",""extraction_tier"":""TIER_1_API"",""floor"":"""",""floor_plan_name"":"""",""rent_range"":""$1,595"",""source_api_url"":""https://api.ws.realpage.com/v2/property/8171945/units?available=true&honordisplayorder=true"",""sqft"":""664"",""unit_number"":""1078""}","{""_available_date_raw"":""2026-08-01"",""_concession_quality"":null,""_date_placeholder"":null,""_extra"":null,""_inferred_id"":null,""_rent_range_raw"":""$1,595"",""amenities"":null,""area"":664,""area_absence"":null,""area_absence_evidence"":null,""availability_date_provenance"":""explicit_capture_date"",""availability_status"":""AVAILABLE"",""available_date"":""2026-08-01"",""available_units"":null,""baths"":null,""beds"":null,""building"":null,""concession_source"":null,""concession_text"":null,""concession_text_clean"":null,""concession_value"":null,""date_captured"":""2026-08-01 10:45:19"",""deposit"":null,""extraction_tier"":""TIER_1_API"",""floor"":null,""floor_plan_id"":null,""floor_plan_name"":null,""is_floor_plan_level"":false,""lease_term"":null,""move_in_date"":null,""offer_banner"":null,""offer_conditions"":null,""offer_target"":null,""offer_type"":null,""offer_value"":null,""rent_high"":1595.0,""rent_low"":1595.0,""source_ids"":{},""unit_id"":""1078"",""unit_name"":null}",controlled_single_change_replay_unwrap_response_units,true,availability_date,2026-08-01,2026-08-01,2026-08-01,explicit_capture_date,,,"{""availability_date"":""2026-08-01"",""availability_status"":""AVAILABLE"",""available_units"":"""",""bathrooms"":"""",""bed_label"":"""",""bedrooms"":"""",""building"":"""",""concession"":"""",""deposit"":"""",""extraction_tier"":""TIER_1_API"",""floor"":"""",""floor_plan_name"":"""",""rent_range"":""$1,595"",""source_api_url"":""https://api.ws.realpage.com/v2/property/8171945/units?available=true&honordisplayorder=true"",""sqft"":""664"",""unit_number"":""1078""}","{""_available_date_raw"":""2026-08-01"",""_concession_quality"":null,""_date_placeholder"":null,""_extra"":null,""_inferred_id"":null,""_rent_range_raw"":""$1,595"",""amenities"":null,""area"":664,""area_absence"":null,""area_absence_evidence"":null,""availability_date_provenance"":""explicit_capture_date"",""availability_status"":""AVAILABLE"",""available_date"":""2026-08-01"",""available_units"":null,""baths"":null,""beds"":null,""building"":null,""concession_source"":null,""concession_text"":null,""concession_text_clean"":null,""concession_value"":null,""date_captured"":""2026-08-01 10:45:19"",""deposit"":null,""extraction_tier"":""TIER_1_API"",""floor"":null,""floor_plan_id"":null,""floor_plan_name"":null,""is_floor_plan_level"":false,""lease_term"":null,""move_in_date"":null,""offer_banner"":null,""offer_conditions"":null,""offer_target"":null,""offer_type"":null,""offer_value"":null,""rent_high"":1595.0,""rent_low"":1595.0,""source_ids"":{},""unit_id"":""1078"",""unit_name"":null}","{""floorplanId"":9475322,""id"":13391910,""internalAvailableDate"":""2026-08-01 00:00 -0500"",""leaseStatus"":""AVAILABLE_READY"",""name"":""1078"",""rent"":1595,""unitNumber"":""1078"",""vacantDate"":""2026-08-12 00:00 -0000""}"
local_current_live_no_rp_oracle_audit_not_canary,2026-08-01T10:45:19Z,2026-08-01,2026-07-31,separate_no_rp_oracle_573_rows_78_properties,ONESITE_API,15079,The Left Bank at River Oaks,realpage_public_widget_units_api,true,https://api.ws.realpage.com/v2/property/8171945/units?available=true&honordisplayorder=true,2044,,2026-08-01 00:00 -0500,2026-08-01,explicit_capture_date,false,internalAvailableDate,_api_parser.realpage_units_to_adapter_shape,exact_current_parser,true,true,,availability_date,2026-08-01,2026-08-01,explicit_capture_date,true,false,2026-08-01,2026-08-01,explicit_capture_date,,false,false,false,EXPLICIT_CAPTURE_DATE_PRESERVED,none,HIGH,"Primary trace replays the exact public /units envelope. When that envelope is unsupported, the diagnostic trace changes only response.units -> response list to isolate the next loss.","{""availability_date"":""2026-08-01"",""availability_status"":""AVAILABLE"",""available_units"":"""",""bathrooms"":"""",""bed_label"":"""",""bedrooms"":"""",""building"":"""",""concession"":"""",""deposit"":"""",""extraction_tier"":""TIER_1_API"",""floor"":"""",""floor_plan_name"":"""",""rent_range"":""$1,895"",""source_api_url"":""https://api.ws.realpage.com/v2/property/8171945/units?available=true&honordisplayorder=true"",""sqft"":""881"",""unit_number"":""2044""}","{""_available_date_raw"":""2026-08-01"",""_concession_quality"":null,""_date_placeholder"":null,""_extra"":null,""_inferred_id"":null,""_rent_range_raw"":""$1,895"",""amenities"":null,""area"":881,""area_absence"":null,""area_absence_evidence"":null,""availability_date_provenance"":""explicit_capture_date"",""availability_status"":""AVAILABLE"",""available_date"":""2026-08-01"",""available_units"":null,""baths"":null,""beds"":null,""building"":null,""concession_source"":null,""concession_text"":null,""concession_text_clean"":null,""concession_value"":null,""date_captured"":""2026-08-01 10:45:19"",""deposit"":null,""extraction_tier"":""TIER_1_API"",""floor"":null,""floor_plan_id"":null,""floor_plan_name"":null,""is_floor_plan_level"":false,""lease_term"":null,""move_in_date"":null,""offer_banner"":null,""offer_conditions"":null,""offer_target"":null,""offer_type"":null,""offer_value"":null,""rent_high"":1895.0,""rent_low"":1895.0,""source_ids"":{},""unit_id"":""2044"",""unit_name"":null}",controlled_single_change_replay_unwrap_response_units,true,availability_date,2026-08-01,2026-08-01,2026-08-01,explicit_capture_date,,,"{""availability_date"":""2026-08-01"",""availability_status"":""AVAILABLE"",""available_units"":"""",""bathrooms"":"""",""bed_label"":"""",""bedrooms"":"""",""building"":"""",""concession"":"""",""deposit"":"""",""extraction_tier"":""TIER_1_API"",""floor"":"""",""floor_plan_name"":"""",""rent_range"":""$1,895"",""source_api_url"":""https://api.ws.realpage.com/v2/property/8171945/units?available=true&honordisplayorder=true"",""sqft"":""881"",""unit_number"":""2044""}","{""_available_date_raw"":""2026-08-01"",""_concession_quality"":null,""_date_placeholder"":null,""_extra"":null,""_inferred_id"":null,""_rent_range_raw"":""$1,895"",""amenities"":null,""area"":881,""area_absence"":null,""area_absence_evidence"":null,""availability_date_provenance"":""explicit_capture_date"",""availability_status"":""AVAILABLE"",""available_date"":""2026-08-01"",""available_units"":null,""baths"":null,""beds"":null,""building"":null,""concession_source"":null,""concession_text"":null,""concession_text_clean"":null,""concession_value"":null,""date_captured"":""2026-08-01 10:45:19"",""deposit"":null,""extraction_tier"":""TIER_1_API"",""floor"":null,""floor_plan_id"":null,""floor_plan_name"":null,""is_floor_plan_level"":false,""lease_term"":null,""move_in_date"":null,""offer_banner"":null,""offer_conditions"":null,""offer_target"":null,""offer_type"":null,""offer_value"":null,""rent_high"":1895.0,""rent_low"":1895.0,""source_ids"":{},""unit_id"":""2044"",""unit_name"":null}","{""floorplanId"":9475328,""id"":13391948,""internalAvailableDate"":""2026-08-01 00:00 -0500"",""leaseStatus"":""AVAILABLE_READY"",""name"":""2044"",""rent"":1895,""unitNumber"":""2044"",""vacantDate"":""2026-08-12 00:00 -0000""}"
local_current_live_no_rp_oracle_audit_not_canary,2026-08-01T10:45:19Z,2026-08-01,2026-07-31,separate_no_rp_oracle_573_rows_78_properties,ONESITE_API,15079,The Left Bank at River Oaks,realpage_public_widget_units_api,true,https://api.ws.realpage.com/v2/property/8171945/units?available=true&honordisplayorder=true,2071,,2026-08-01 00:00 -0500,2026-08-01,explicit_capture_date,false,internalAvailableDate,_api_parser.realpage_units_to_adapter_shape,exact_current_parser,true,true,,availability_date,2026-08-01,2026-08-01,explicit_capture_date,true,false,2026-08-01,2026-08-01,explicit_capture_date,,false,false,false,EXPLICIT_CAPTURE_DATE_PRESERVED,none,HIGH,"Primary trace replays the exact public /units envelope. When that envelope is unsupported, the diagnostic trace changes only response.units -> response list to isolate the next loss.","{""availability_date"":""2026-08-01"",""availability_status"":""AVAILABLE"",""available_units"":"""",""bathrooms"":"""",""bed_label"":"""",""bedrooms"":"""",""building"":"""",""concession"":"""",""deposit"":"""",""extraction_tier"":""TIER_1_API"",""floor"":"""",""floor_plan_name"":"""",""rent_range"":""$1,995"",""source_api_url"":""https://api.ws.realpage.com/v2/property/8171945/units?available=true&honordisplayorder=true"",""sqft"":""1024"",""unit_number"":""2071""}","{""_available_date_raw"":""2026-08-01"",""_concession_quality"":null,""_date_placeholder"":null,""_extra"":null,""_inferred_id"":null,""_rent_range_raw"":""$1,995"",""amenities"":null,""area"":1024,""area_absence"":null,""area_absence_evidence"":null,""availability_date_provenance"":""explicit_capture_date"",""availability_status"":""AVAILABLE"",""available_date"":""2026-08-01"",""available_units"":null,""baths"":null,""beds"":null,""building"":null,""concession_source"":null,""concession_text"":null,""concession_text_clean"":null,""concession_value"":null,""date_captured"":""2026-08-01 10:45:19"",""deposit"":null,""extraction_tier"":""TIER_1_API"",""floor"":null,""floor_plan_id"":null,""floor_plan_name"":null,""is_floor_plan_level"":false,""lease_term"":null,""move_in_date"":null,""offer_banner"":null,""offer_conditions"":null,""offer_target"":null,""offer_type"":null,""offer_value"":null,""rent_high"":1995.0,""rent_low"":1995.0,""source_ids"":{},""unit_id"":""2071"",""unit_name"":null}",controlled_single_change_replay_unwrap_response_units,true,availability_date,2026-08-01,2026-08-01,2026-08-01,explicit_capture_date,,,"{""availability_date"":""2026-08-01"",""availability_status"":""AVAILABLE"",""available_units"":"""",""bathrooms"":"""",""bed_label"":"""",""bedrooms"":"""",""building"":"""",""concession"":"""",""deposit"":"""",""extraction_tier"":""TIER_1_API"",""floor"":"""",""floor_plan_name"":"""",""rent_range"":""$1,995"",""source_api_url"":""https://api.ws.realpage.com/v2/property/8171945/units?available=true&honordisplayorder=true"",""sqft"":""1024"",""unit_number"":""2071""}","{""_available_date_raw"":""2026-08-01"",""_concession_quality"":null,""_date_placeholder"":null,""_extra"":null,""_inferred_id"":null,""_rent_range_raw"":""$1,995"",""amenities"":null,""area"":1024,""area_absence"":null,""area_absence_evidence"":null,""availability_date_provenance"":""explicit_capture_date"",""availability_status"":""AVAILABLE"",""available_date"":""2026-08-01"",""available_units"":null,""baths"":null,""beds"":null,""building"":null,""concession_source"":null,""concession_text"":null,""concession_text_clean"":null,""concession_value"":null,""date_captured"":""2026-08-01 10:45:19"",""deposit"":null,""extraction_tier"":""TIER_1_API"",""floor"":null,""floor_plan_id"":null,""floor_plan_name"":null,""is_floor_plan_level"":false,""lease_term"":null,""move_in_date"":null,""offer_banner"":null,""offer_conditions"":null,""offer_target"":null,""offer_type"":null,""offer_value"":null,""rent_high"":1995.0,""rent_low"":1995.0,""source_ids"":{},""unit_id"":""2071"",""unit_name"":null}","{""floorplanId"":9475334,""id"":13391974,""internalAvailableDate"":""2026-08-01 00:00 -0500"",""leaseStatus"":""AVAILABLE_READY"",""name"":""2071"",""rent"":1995,""unitNumber"":""2071"",""vacantDate"":""2026-08-12 00:00 -0000""}"
local_current_live_no_rp_oracle_audit_not_canary,2026-08-01T10:45:19Z,2026-08-01,2026-07-31,separate_no_rp_oracle_573_rows_78_properties,ONESITE_API,15079,The Left Bank at River Oaks,realpage_public_widget_units_api,true,https://api.ws.realpage.com/v2/property/8171945/units?available=true&honordisplayorder=true,3048,,2026-08-01 00:00 -0500,2026-08-01,explicit_capture_date,false,internalAvailableDate,_api_parser.realpage_units_to_adapter_shape,exact_current_parser,true,true,,availability_date,2026-08-01,2026-08-01,explicit_capture_date,true,false,2026-08-01,2026-08-01,explicit_capture_date,,false,false,false,EXPLICIT_CAPTURE_DATE_PRESERVED,none,HIGH,"Primary trace replays the exact public /units envelope. When that envelope is unsupported, the diagnostic trace changes only response.units -> response list to isolate the next loss.","{""availability_date"":""2026-08-01"",""availability_status"":""AVAILABLE"",""available_units"":"""",""bathrooms"":"""",""bed_label"":"""",""bedrooms"":"""",""building"":"""",""concession"":"""",""deposit"":"""",""extraction_tier"":""TIER_1_API"",""floor"":"""",""floor_plan_name"":"""",""rent_range"":""$1,750"",""source_api_url"":""https://api.ws.realpage.com/v2/property/8171945/units?available=true&honordisplayorder=true"",""sqft"":""752"",""unit_number"":""3048""}","{""_available_date_raw"":""2026-08-01"",""_concession_quality"":null,""_date_placeholder"":null,""_extra"":null,""_inferred_id"":null,""_rent_range_raw"":""$1,750"",""amenities"":null,""area"":752,""area_absence"":null,""area_absence_evidence"":null,""availability_date_provenance"":""explicit_capture_date"",""availability_status"":""AVAILABLE"",""available_date"":""2026-08-01"",""available_units"":null,""baths"":null,""beds"":null,""building"":null,""concession_source"":null,""concession_text"":null,""concession_text_clean"":null,""concession_value"":null,""date_captured"":""2026-08-01 10:45:19"",""deposit"":null,""extraction_tier"":""TIER_1_API"",""floor"":null,""floor_plan_id"":null,""floor_plan_name"":null,""is_floor_plan_level"":false,""lease_term"":null,""move_in_date"":null,""offer_banner"":null,""offer_conditions"":null,""offer_target"":null,""offer_type"":null,""offer_value"":null,""rent_high"":1750.0,""rent_low"":1750.0,""source_ids"":{},""unit_id"":""3048"",""unit_name"":null}",controlled_single_change_replay_unwrap_response_units,true,availability_date,2026-08-01,2026-08-01,2026-08-01,explicit_capture_date,,,"{""availability_date"":""2026-08-01"",""availability_status"":""AVAILABLE"",""available_units"":"""",""bathrooms"":"""",""bed_label"":"""",""bedrooms"":"""",""building"":"""",""concession"":"""",""deposit"":"""",""extraction_tier"":""TIER_1_API"",""floor"":"""",""floor_plan_name"":"""",""rent_range"":""$1,750"",""source_api_url"":""https://api.ws.realpage.com/v2/property/8171945/units?available=true&honordisplayorder=true"",""sqft"":""752"",""unit_number"":""3048""}","{""_available_date_raw"":""2026-08-01"",""_concession_quality"":null,""_date_placeholder"":null,""_extra"":null,""_inferred_id"":null,""_rent_range_raw"":""$1,750"",""amenities"":null,""area"":752,""area_absence"":null,""area_absence_evidence"":null,""availability_date_provenance"":""explicit_capture_date"",""availability_status"":""AVAILABLE"",""available_date"":""2026-08-01"",""available_units"":null,""baths"":null,""beds"":null,""building"":null,""concession_source"":null,""concession_text"":null,""concession_text_clean"":null,""concession_value"":null,""date_captured"":""2026-08-01 10:45:19"",""deposit"":null,""extraction_tier"":""TIER_1_API"",""floor"":null,""floor_plan_id"":null,""floor_plan_name"":null,""is_floor_plan_level"":false,""lease_term"":null,""move_in_date"":null,""offer_banner"":null,""offer_conditions"":null,""offer_target"":null,""offer_type"":null,""offer_value"":null,""rent_high"":1750.0,""rent_low"":1750.0,""source_ids"":{},""unit_id"":""3048"",""unit_name"":null}","{""floorplanId"":9475326,""id"":13392029,""internalAvailableDate"":""2026-08-01 00:00 -0500"",""leaseStatus"":""AVAILABLE_READY"",""name"":""3048"",""rent"":1750,""unitNumber"":""3048"",""vacantDate"":""2026-08-12 00:00 -0000""}"
local_current_live_no_rp_oracle_audit_not_canary,2026-08-01T10:45:19Z,2026-08-01,2026-07-31,separate_no_rp_oracle_573_rows_78_properties,ONESITE_API,7886,Azure Place,realpage_public_widget_units_api,true,https://api.ws.realpage.com/v2/property/9178700/units?available=true&honordisplayorder=true,3878-2,,2025-11-18 00:00 -0600,2025-11-18,historical_embedded,false,internalAvailableDate,_api_parser.realpage_units_to_adapter_shape,exact_current_parser,true,true,,availability_date,2025-11-18,2025-11-18,historical_embedded,true,false,2025-11-18,2025-11-18,historical_embedded,,false,false,false,HISTORICAL_SOURCE_DATE_PRESERVED,none,HIGH,"Primary trace replays the exact public /units envelope. When that envelope is unsupported, the diagnostic trace changes only response.units -> response list to isolate the next loss.","{""availability_date"":""2025-11-18"",""availability_status"":""AVAILABLE"",""available_units"":"""",""bathrooms"":"""",""bed_label"":"""",""bedrooms"":"""",""building"":"""",""concession"":"""",""deposit"":"""",""extraction_tier"":""TIER_1_API"",""floor"":"""",""floor_plan_name"":"""",""rent_range"":""$865"",""source_api_url"":""https://api.ws.realpage.com/v2/property/9178700/units?available=true&honordisplayorder=true"",""sqft"":""670"",""unit_number"":""3878-2""}","{""_available_date_raw"":""2025-11-18"",""_concession_quality"":null,""_date_placeholder"":null,""_extra"":null,""_inferred_id"":null,""_rent_range_raw"":""$865"",""amenities"":null,""area"":670,""area_absence"":null,""area_absence_evidence"":null,""availability_date_provenance"":""historical_embedded"",""availability_status"":""AVAILABLE"",""available_date"":""2025-11-18"",""available_units"":null,""baths"":null,""beds"":null,""building"":null,""concession_source"":null,""concession_text"":null,""concession_text_clean"":null,""concession_value"":null,""date_captured"":""2026-08-01 10:45:19"",""deposit"":null,""extraction_tier"":""TIER_1_API"",""floor"":null,""floor_plan_id"":null,""floor_plan_name"":null,""is_floor_plan_level"":false,""lease_term"":null,""move_in_date"":null,""offer_banner"":null,""offer_conditions"":null,""offer_target"":null,""offer_type"":null,""offer_value"":null,""rent_high"":865.0,""rent_low"":865.0,""source_ids"":{},""unit_id"":""3878-2"",""unit_name"":null}",controlled_single_change_replay_unwrap_response_units,true,availability_date,2025-11-18,2025-11-18,2025-11-18,historical_embedded,,,"{""availability_date"":""2025-11-18"",""availability_status"":""AVAILABLE"",""available_units"":"""",""bathrooms"":"""",""bed_label"":"""",""bedrooms"":"""",""building"":"""",""concession"":"""",""deposit"":"""",""extraction_tier"":""TIER_1_API"",""floor"":"""",""floor_plan_name"":"""",""rent_range"":""$865"",""source_api_url"":""https://api.ws.realpage.com/v2/property/9178700/units?available=true&honordisplayorder=true"",""sqft"":""670"",""unit_number"":""3878-2""}","{""_available_date_raw"":""2025-11-18"",""_concession_quality"":null,""_date_placeholder"":null,""_extra"":null,""_inferred_id"":null,""_rent_range_raw"":""$865"",""amenities"":null,""area"":670,""area_absence"":null,""area_absence_evidence"":null,""availability_date_provenance"":""historical_embedded"",""availability_status"":""AVAILABLE"",""available_date"":""2025-11-18"",""available_units"":null,""baths"":null,""beds"":null,""building"":null,""concession_source"":null,""concession_text"":null,""concession_text_clean"":null,""concession_value"":null,""date_captured"":""2026-08-01 10:45:19"",""deposit"":null,""extraction_tier"":""TIER_1_API"",""floor"":null,""floor_plan_id"":null,""floor_plan_name"":null,""is_floor_plan_level"":false,""lease_term"":null,""move_in_date"":null,""offer_banner"":null,""offer_conditions"":null,""offer_target"":null,""offer_type"":null,""offer_value"":null,""rent_high"":865.0,""rent_low"":865.0,""source_ids"":{},""unit_id"":""3878-2"",""unit_name"":null}","{""floorplanId"":11326732,""id"":17635376,""internalAvailableDate"":""2025-11-18 00:00 -0600"",""leaseStatus"":""AVAILABLE_READY"",""name"":""3878-2"",""rent"":865,""unitNumber"":""3878-2"",""vacantDate"":""2026-03-12 00:00 -0000""}"
local_current_live_no_rp_oracle_audit_not_canary,2026-08-01T10:45:19Z,2026-08-01,2026-07-31,separate_no_rp_oracle_573_rows_78_properties,ONESITE_API,7886,Azure Place,realpage_public_widget_units_api,true,https://api.ws.realpage.com/v2/property/9178700/units?available=true&honordisplayorder=true,2958-5,,2026-03-04 00:00 -0600,2026-03-04,historical_embedded,false,internalAvailableDate,_api_parser.realpage_units_to_adapter_shape,exact_current_parser,true,true,,availability_date,2026-03-04,2026-03-04,historical_embedded,true,false,2026-03-04,2026-03-04,historical_embedded,,false,false,false,HISTORICAL_SOURCE_DATE_PRESERVED,none,HIGH,"Primary trace replays the exact public /units envelope. When that envelope is unsupported, the diagnostic trace changes only response.units -> response list to isolate the next loss.","{""availability_date"":""2026-03-04"",""availability_status"":""AVAILABLE"",""available_units"":"""",""bathrooms"":"""",""bed_label"":"""",""bedrooms"":"""",""building"":"""",""concession"":"""",""deposit"":"""",""extraction_tier"":""TIER_1_API"",""floor"":"""",""floor_plan_name"":"""",""rent_range"":""$905"",""source_api_url"":""https://api.ws.realpage.com/v2/property/9178700/units?available=true&honordisplayorder=true"",""sqft"":""710"",""unit_number"":""2958-5""}","{""_available_date_raw"":""2026-03-04"",""_concession_quality"":null,""_date_placeholder"":null,""_extra"":null,""_inferred_id"":null,""_rent_range_raw"":""$905"",""amenities"":null,""area"":710,""area_absence"":null,""area_absence_evidence"":null,""availability_date_provenance"":""historical_embedded"",""availability_status"":""AVAILABLE"",""available_date"":""2026-03-04"",""available_units"":null,""baths"":null,""beds"":null,""building"":null,""concession_source"":null,""concession_text"":null,""concession_text_clean"":null,""concession_value"":null,""date_captured"":""2026-08-01 10:45:19"",""deposit"":null,""extraction_tier"":""TIER_1_API"",""floor"":null,""floor_plan_id"":null,""floor_plan_name"":null,""is_floor_plan_level"":false,""lease_term"":null,""move_in_date"":null,""offer_banner"":null,""offer_conditions"":null,""offer_target"":null,""offer_type"":null,""offer_value"":null,""rent_high"":905.0,""rent_low"":905.0,""source_ids"":{},""unit_id"":""2958-5"",""unit_name"":null}",controlled_single_change_replay_unwrap_response_units,true,availability_date,2026-03-04,2026-03-04,2026-03-04,historical_embedded,,,"{""availability_date"":""2026-03-04"",""availability_status"":""AVAILABLE"",""available_units"":"""",""bathrooms"":"""",""bed_label"":"""",""bedrooms"":"""",""building"":"""",""concession"":"""",""deposit"":"""",""extraction_tier"":""TIER_1_API"",""floor"":"""",""floor_plan_name"":"""",""rent_range"":""$905"",""source_api_url"":""https://api.ws.realpage.com/v2/property/9178700/units?available=true&honordisplayorder=true"",""sqft"":""710"",""unit_number"":""2958-5""}","{""_available_date_raw"":""2026-03-04"",""_concession_quality"":null,""_date_placeholder"":null,""_extra"":null,""_inferred_id"":null,""_rent_range_raw"":""$905"",""amenities"":null,""area"":710,""area_absence"":null,""area_absence_evidence"":null,""availability_date_provenance"":""historical_embedded"",""availability_status"":""AVAILABLE"",""available_date"":""2026-03-04"",""available_units"":null,""baths"":null,""beds"":null,""building"":null,""concession_source"":null,""concession_text"":null,""concession_text_clean"":null,""concession_value"":null,""date_captured"":""2026-08-01 10:45:19"",""deposit"":null,""extraction_tier"":""TIER_1_API"",""floor"":null,""floor_plan_id"":null,""floor_plan_name"":null,""is_floor_plan_level"":false,""lease_term"":null,""move_in_date"":null,""offer_banner"":null,""offer_conditions"":null,""offer_target"":null,""offer_type"":null,""offer_value"":null,""rent_high"":905.0,""rent_low"":905.0,""source_ids"":{},""unit_id"":""2958-5"",""unit_name"":null}","{""floorplanId"":11326733,""id"":17635348,""internalAvailableDate"":""2026-03-04 00:00 -0600"",""leaseStatus"":""AVAILABLE_READY"",""name"":""2958-5"",""rent"":905,""unitNumber"":""2958-5"",""vacantDate"":""2026-06-16 00:00 -0000""}"
local_current_live_no_rp_oracle_audit_not_canary,2026-08-01T10:45:19Z,2026-08-01,2026-07-31,separate_no_rp_oracle_573_rows_78_properties,ONESITE_API,7886,Azure Place,realpage_public_widget_units_api,true,https://api.ws.realpage.com/v2/property/9178700/units?available=true&honordisplayorder=true,2954-1,,2026-07-18 00:00 -0500,2026-07-18,historical_embedded,false,internalAvailableDate,_api_parser.realpage_units_to_adapter_shape,exact_current_parser,true,true,,availability_date,2026-07-18,2026-07-18,historical_embedded,true,false,2026-07-18,2026-07-18,historical_embedded,,false,false,false,HISTORICAL_SOURCE_DATE_PRESERVED,none,HIGH,"Primary trace replays the exact public /units envelope. When that envelope is unsupported, the diagnostic trace changes only response.units -> response list to isolate the next loss.","{""availability_date"":""2026-07-18"",""availability_status"":""AVAILABLE"",""available_units"":"""",""bathrooms"":"""",""bed_label"":"""",""bedrooms"":"""",""building"":"""",""concession"":"""",""deposit"":"""",""extraction_tier"":""TIER_1_API"",""floor"":"""",""floor_plan_name"":"""",""rent_range"":""$885"",""source_api_url"":""https://api.ws.realpage.com/v2/property/9178700/units?available=true&honordisplayorder=true"",""sqft"":""670"",""unit_number"":""2954-1""}","{""_available_date_raw"":""2026-07-18"",""_concession_quality"":null,""_date_placeholder"":null,""_extra"":null,""_inferred_id"":null,""_rent_range_raw"":""$885"",""amenities"":null,""area"":670,""area_absence"":null,""area_absence_evidence"":null,""availability_date_provenance"":""historical_embedded"",""availability_status"":""AVAILABLE"",""available_date"":""2026-07-18"",""available_units"":null,""baths"":null,""beds"":null,""building"":null,""concession_source"":null,""concession_text"":null,""concession_text_clean"":null,""concession_value"":null,""date_captured"":""2026-08-01 10:45:19"",""deposit"":null,""extraction_tier"":""TIER_1_API"",""floor"":null,""floor_plan_id"":null,""floor_plan_name"":null,""is_floor_plan_level"":false,""lease_term"":null,""move_in_date"":null,""offer_banner"":null,""offer_conditions"":null,""offer_target"":null,""offer_type"":null,""offer_value"":null,""rent_high"":885.0,""rent_low"":885.0,""source_ids"":{},""unit_id"":""2954-1"",""unit_name"":null}",controlled_single_change_replay_unwrap_response_units,true,availability_date,2026-07-18,2026-07-18,2026-07-18,historical_embedded,,,"{""availability_date"":""2026-07-18"",""availability_status"":""AVAILABLE"",""available_units"":"""",""bathrooms"":"""",""bed_label"":"""",""bedrooms"":"""",""building"":"""",""concession"":"""",""deposit"":"""",""extraction_tier"":""TIER_1_API"",""floor"":"""",""floor_plan_name"":"""",""rent_range"":""$885"",""source_api_url"":""https://api.ws.realpage.com/v2/property/9178700/units?available=true&honordisplayorder=true"",""sqft"":""670"",""unit_number"":""2954-1""}","{""_available_date_raw"":""2026-07-18"",""_concession_quality"":null,""_date_placeholder"":null,""_extra"":null,""_inferred_id"":null,""_rent_range_raw"":""$885"",""amenities"":null,""area"":670,""area_absence"":null,""area_absence_evidence"":null,""availability_date_provenance"":""historical_embedded"",""availability_status"":""AVAILABLE"",""available_date"":""2026-07-18"",""available_units"":null,""baths"":null,""beds"":null,""building"":null,""concession_source"":null,""concession_text"":null,""concession_text_clean"":null,""concession_value"":null,""date_captured"":""2026-08-01 10:45:19"",""deposit"":null,""extraction_tier"":""TIER_1_API"",""floor"":null,""floor_plan_id"":null,""floor_plan_name"":null,""is_floor_plan_level"":false,""lease_term"":null,""move_in_date"":null,""offer_banner"":null,""offer_conditions"":null,""offer_target"":null,""offer_type"":null,""offer_value"":null,""rent_high"":885.0,""rent_low"":885.0,""source_ids"":{},""unit_id"":""2954-1"",""unit_name"":null}","{""floorplanId"":11326732,""id"":17635367,""internalAvailableDate"":""2026-07-18 00:00 -0500"",""leaseStatus"":""AVAILABLE_READY"",""name"":""2954-1"",""rent"":885,""unitNumber"":""2954-1"",""vacantDate"":""2026-07-22 00:00 -0000""}"
local_current_live_no_rp_oracle_audit_not_canary,2026-08-01T10:45:19Z,2026-08-01,2026-07-31,separate_no_rp_oracle_573_rows_78_properties,ONESITE_API,7886,Azure Place,realpage_public_widget_units_api,true,https://api.ws.realpage.com/v2/property/9178700/units?available=true&honordisplayorder=true,2958-3,,2025-09-16 00:00 -0500,2025-09-16,historical_embedded,false,internalAvailableDate,_api_parser.realpage_units_to_adapter_shape,exact_current_parser,true,true,,availability_date,2025-09-16,2025-09-16,historical_embedded,true,false,2025-09-16,2025-09-16,historical_embedded,,false,false,false,HISTORICAL_SOURCE_DATE_PRESERVED,none,HIGH,"Primary trace replays the exact public /units envelope. When that envelope is unsupported, the diagnostic trace changes only response.units -> response list to isolate the next loss.","{""availability_date"":""2025-09-16"",""availability_status"":""AVAILABLE"",""available_units"":"""",""bathrooms"":"""",""bed_label"":"""",""bedrooms"":"""",""building"":"""",""concession"":"""",""deposit"":"""",""extraction_tier"":""TIER_1_API"",""floor"":"""",""floor_plan_name"":"""",""rent_range"":""$905"",""source_api_url"":""https://api.ws.realpage.com/v2/property/9178700/units?available=true&honordisplayorder=true"",""sqft"":""710"",""unit_number"":""2958-3""}","{""_available_date_raw"":""2025-09-16"",""_concession_quality"":null,""_date_placeholder"":null,""_extra"":null,""_inferred_id"":null,""_rent_range_raw"":""$905"",""amenities"":null,""area"":710,""area_absence"":null,""area_absence_evidence"":null,""availability_date_provenance"":""historical_embedded"",""availability_status"":""AVAILABLE"",""available_date"":""2025-09-16"",""available_units"":null,""baths"":null,""beds"":null,""building"":null,""concession_source"":null,""concession_text"":null,""concession_text_clean"":null,""concession_value"":null,""date_captured"":""2026-08-01 10:45:19"",""deposit"":null,""extraction_tier"":""TIER_1_API"",""floor"":null,""floor_plan_id"":null,""floor_plan_name"":null,""is_floor_plan_level"":false,""lease_term"":null,""move_in_date"":null,""offer_banner"":null,""offer_conditions"":null,""offer_target"":null,""offer_type"":null,""offer_value"":null,""rent_high"":905.0,""rent_low"":905.0,""source_ids"":{},""unit_id"":""2958-3"",""unit_name"":null}",controlled_single_change_replay_unwrap_response_units,true,availability_date,2025-09-16,2025-09-16,2025-09-16,historical_embedded,,,"{""availability_date"":""2025-09-16"",""availability_status"":""AVAILABLE"",""available_units"":"""",""bathrooms"":"""",""bed_label"":"""",""bedrooms"":"""",""building"":"""",""concession"":"""",""deposit"":"""",""extraction_tier"":""TIER_1_API"",""floor"":"""",""floor_plan_name"":"""",""rent_range"":""$905"",""source_api_url"":""https://api.ws.realpage.com/v2/property/9178700/units?available=true&honordisplayorder=true"",""sqft"":""710"",""unit_number"":""2958-3""}","{""_available_date_raw"":""2025-09-16"",""_concession_quality"":null,""_date_placeholder"":null,""_extra"":null,""_inferred_id"":null,""_rent_range_raw"":""$905"",""amenities"":null,""area"":710,""area_absence"":null,""area_absence_evidence"":null,""availability_date_provenance"":""historical_embedded"",""availability_status"":""AVAILABLE"",""available_date"":""2025-09-16"",""available_units"":null,""baths"":null,""beds"":null,""building"":null,""concession_source"":null,""concession_text"":null,""concession_text_clean"":null,""concession_value"":null,""date_captured"":""2026-08-01 10:45:19"",""deposit"":null,""extraction_tier"":""TIER_1_API"",""floor"":null,""floor_plan_id"":null,""floor_plan_name"":null,""is_floor_plan_level"":false,""lease_term"":null,""move_in_date"":null,""offer_banner"":null,""offer_conditions"":null,""offer_target"":null,""offer_type"":null,""offer_value"":null,""rent_high"":905.0,""rent_low"":905.0,""source_ids"":{},""unit_id"":""2958-3"",""unit_name"":null}","{""floorplanId"":11326733,""id"":17635346,""internalAvailableDate"":""2025-09-16 00:00 -0500"",""leaseStatus"":""AVAILABLE_READY"",""name"":""2958-3"",""rent"":905,""unitNumber"":""2958-3"",""vacantDate"":""2026-07-24 00:00 -0000""}"
local_current_live_no_rp_oracle_audit_not_canary,2026-08-01T10:45:19Z,2026-08-01,2026-07-31,separate_no_rp_oracle_573_rows_78_properties,ONESITE_API,7886,Azure Place,realpage_public_widget_units_api,true,https://api.ws.realpage.com/v2/property/9178700/units?available=true&honordisplayorder=true,2958-9,,2026-02-13 00:00 -0600,2026-02-13,historical_embedded,false,internalAvailableDate,_api_parser.realpage_units_to_adapter_shape,exact_current_parser,true,true,,availability_date,2026-02-13,2026-02-13,historical_embedded,true,false,2026-02-13,2026-02-13,historical_embedded,,false,false,false,HISTORICAL_SOURCE_DATE_PRESERVED,none,HIGH,"Primary trace replays the exact public /units envelope. When that envelope is unsupported, the diagnostic trace changes only response.units -> response list to isolate the next loss.","{""availability_date"":""2026-02-13"",""availability_status"":""AVAILABLE"",""available_units"":"""",""bathrooms"":"""",""bed_label"":"""",""bedrooms"":"""",""building"":"""",""concession"":"""",""deposit"":"""",""extraction_tier"":""TIER_1_API"",""floor"":"""",""floor_plan_name"":"""",""rent_range"":""$905"",""source_api_url"":""https://api.ws.realpage.com/v2/property/9178700/units?available=true&honordisplayorder=true"",""sqft"":""710"",""unit_number"":""2958-9""}","{""_available_date_raw"":""2026-02-13"",""_concession_quality"":null,""_date_placeholder"":null,""_extra"":null,""_inferred_id"":null,""_rent_range_raw"":""$905"",""amenities"":null,""area"":710,""area_absence"":null,""area_absence_evidence"":null,""availability_date_provenance"":""historical_embedded"",""availability_status"":""AVAILABLE"",""available_date"":""2026-02-13"",""available_units"":null,""baths"":null,""beds"":null,""building"":null,""concession_source"":null,""concession_text"":null,""concession_text_clean"":null,""concession_value"":null,""date_captured"":""2026-08-01 10:45:19"",""deposit"":null,""extraction_tier"":""TIER_1_API"",""floor"":null,""floor_plan_id"":null,""floor_plan_name"":null,""is_floor_plan_level"":false,""lease_term"":null,""move_in_date"":null,""offer_banner"":null,""offer_conditions"":null,""offer_target"":null,""offer_type"":null,""offer_value"":null,""rent_high"":905.0,""rent_low"":905.0,""source_ids"":{},""unit_id"":""2958-9"",""unit_name"":null}",controlled_single_change_replay_unwrap_response_units,true,availability_date,2026-02-13,2026-02-13,2026-02-13,historical_embedded,,,"{""availability_date"":""2026-02-13"",""availability_status"":""AVAILABLE"",""available_units"":"""",""bathrooms"":"""",""bed_label"":"""",""bedrooms"":"""",""building"":"""",""concession"":"""",""deposit"":"""",""extraction_tier"":""TIER_1_API"",""floor"":"""",""floor_plan_name"":"""",""rent_range"":""$905"",""source_api_url"":""https://api.ws.realpage.com/v2/property/9178700/units?available=true&honordisplayorder=true"",""sqft"":""710"",""unit_number"":""2958-9""}","{""_available_date_raw"":""2026-02-13"",""_concession_quality"":null,""_date_placeholder"":null,""_extra"":null,""_inferred_id"":null,""_rent_range_raw"":""$905"",""amenities"":null,""area"":710,""area_absence"":null,""area_absence_evidence"":null,""availability_date_provenance"":""historical_embedded"",""availability_status"":""AVAILABLE"",""available_date"":""2026-02-13"",""available_units"":null,""baths"":null,""beds"":null,""building"":null,""concession_source"":null,""concession_text"":null,""concession_text_clean"":null,""concession_value"":null,""date_captured"":""2026-08-01 10:45:19"",""deposit"":null,""extraction_tier"":""TIER_1_API"",""floor"":null,""floor_plan_id"":null,""floor_plan_name"":null,""is_floor_plan_level"":false,""lease_term"":null,""move_in_date"":null,""offer_banner"":null,""offer_conditions"":null,""offer_target"":null,""offer_type"":null,""offer_value"":null,""rent_high"":905.0,""rent_low"":905.0,""source_ids"":{},""unit_id"":""2958-9"",""unit_name"":null}","{""floorplanId"":11326733,""id"":17635352,""internalAvailableDate"":""2026-02-13 00:00 -0600"",""leaseStatus"":""AVAILABLE_READY"",""name"":""2958-9"",""rent"":905,""unitNumber"":""2958-9"",""vacantDate"":""2026-07-24 00:00 -0000""}"
local_current_live_no_rp_oracle_audit_not_canary,2026-08-01T10:45:19Z,2026-08-01,2026-07-31,separate_no_rp_oracle_573_rows_78_properties,ONESITE_API,7886,Azure Place,realpage_public_widget_units_api,true,https://api.ws.realpage.com/v2/property/9178700/units?available=true&honordisplayorder=true,2943-3,,2025-09-25 00:00 -0500,2025-09-25,historical_embedded,false,internalAvailableDate,_api_parser.realpage_units_to_adapter_shape,exact_current_parser,true,true,,availability_date,2025-09-25,2025-09-25,historical_embedded,true,false,2025-09-25,2025-09-25,historical_embedded,,false,false,false,HISTORICAL_SOURCE_DATE_PRESERVED,none,HIGH,"Primary trace replays the exact public /units envelope. When that envelope is unsupported, the diagnostic trace changes only response.units -> response list to isolate the next loss.","{""availability_date"":""2025-09-25"",""availability_status"":""AVAILABLE"",""available_units"":"""",""bathrooms"":"""",""bed_label"":"""",""bedrooms"":"""",""building"":"""",""concession"":"""",""deposit"":"""",""extraction_tier"":""TIER_1_API"",""floor"":"""",""floor_plan_name"":"""",""rent_range"":""$1,015"",""source_api_url"":""https://api.ws.realpage.com/v2/property/9178700/units?available=true&honordisplayorder=true"",""sqft"":""1020"",""unit_number"":""2943-3""}","{""_available_date_raw"":""2025-09-25"",""_concession_quality"":null,""_date_placeholder"":null,""_extra"":null,""_inferred_id"":null,""_rent_range_raw"":""$1,015"",""amenities"":null,""area"":1020,""area_absence"":null,""area_absence_evidence"":null,""availability_date_provenance"":""historical_embedded"",""availability_status"":""AVAILABLE"",""available_date"":""2025-09-25"",""available_units"":null,""baths"":null,""beds"":null,""building"":null,""concession_source"":null,""concession_text"":null,""concession_text_clean"":null,""concession_value"":null,""date_captured"":""2026-08-01 10:45:19"",""deposit"":null,""extraction_tier"":""TIER_1_API"",""floor"":null,""floor_plan_id"":null,""floor_plan_name"":null,""is_floor_plan_level"":false,""lease_term"":null,""move_in_date"":null,""offer_banner"":null,""offer_conditions"":null,""offer_target"":null,""offer_type"":null,""offer_value"":null,""rent_high"":1015.0,""rent_low"":1015.0,""source_ids"":{},""unit_id"":""2943-3"",""unit_name"":null}",controlled_single_change_replay_unwrap_response_units,true,availability_date,2025-09-25,2025-09-25,2025-09-25,historical_embedded,,,"{""availability_date"":""2025-09-25"",""availability_status"":""AVAILABLE"",""available_units"":"""",""bathrooms"":"""",""bed_label"":"""",""bedrooms"":"""",""building"":"""",""concession"":"""",""deposit"":"""",""extraction_tier"":""TIER_1_API"",""floor"":"""",""floor_plan_name"":"""",""rent_range"":""$1,015"",""source_api_url"":""https://api.ws.realpage.com/v2/property/9178700/units?available=true&honordisplayorder=true"",""sqft"":""1020"",""unit_number"":""2943-3""}","{""_available_date_raw"":""2025-09-25"",""_concession_quality"":null,""_date_placeholder"":null,""_extra"":null,""_inferred_id"":null,""_rent_range_raw"":""$1,015"",""amenities"":null,""area"":1020,""area_absence"":null,""area_absence_evidence"":null,""availability_date_provenance"":""historical_embedded"",""availability_status"":""AVAILABLE"",""available_date"":""2025-09-25"",""available_units"":null,""baths"":null,""beds"":null,""building"":null,""concession_source"":null,""concession_text"":null,""concession_text_clean"":null,""concession_value"":null,""date_captured"":""2026-08-01 10:45:19"",""deposit"":null,""extraction_tier"":""TIER_1_API"",""floor"":null,""floor_plan_id"":null,""floor_plan_name"":null,""is_floor_plan_level"":false,""lease_term"":null,""move_in_date"":null,""offer_banner"":null,""offer_conditions"":null,""offer_target"":null,""offer_type"":null,""offer_value"":null,""rent_high"":1015.0,""rent_low"":1015.0,""source_ids"":{},""unit_id"":""2943-3"",""unit_name"":null}","{""floorplanId"":11326880,""id"":17635233,""internalAvailableDate"":""2025-09-25 00:00 -0500"",""leaseStatus"":""AVAILABLE_READY"",""name"":""2943-3"",""rent"":1015,""unitNumber"":""2943-3"",""vacantDate"":""2026-07-30 00:00 -0000""}"
local_current_live_no_rp_oracle_audit_not_canary,2026-08-01T10:45:19Z,2026-08-01,2026-07-31,separate_no_rp_oracle_573_rows_78_properties,ONESITE_API,7886,Azure Place,realpage_public_widget_units_api,true,https://api.ws.realpage.com/v2/property/9178700/units?available=true&honordisplayorder=true,3900-4,,2026-07-21 00:00 -0500,2026-07-21,historical_embedded,false,internalAvailableDate,_api_parser.realpage_units_to_adapter_shape,exact_current_parser,true,true,,availability_date,2026-07-21,2026-07-21,historical_embedded,true,false,2026-07-21,2026-07-21,historical_embedded,,false,false,false,HISTORICAL_SOURCE_DATE_PRESERVED,none,HIGH,"Primary trace replays the exact public /units envelope. When that envelope is unsupported, the diagnostic trace changes only response.units -> response list to isolate the next loss.","{""availability_date"":""2026-07-21"",""availability_status"":""AVAILABLE"",""available_units"":"""",""bathrooms"":"""",""bed_label"":"""",""bedrooms"":"""",""building"":"""",""concession"":"""",""deposit"":"""",""extraction_tier"":""TIER_1_API"",""floor"":"""",""floor_plan_name"":"""",""rent_range"":""$995"",""source_api_url"":""https://api.ws.realpage.com/v2/property/9178700/units?available=true&honordisplayorder=true"",""sqft"":""1020"",""unit_number"":""3900-4""}","{""_available_date_raw"":""2026-07-21"",""_concession_quality"":null,""_date_placeholder"":null,""_extra"":null,""_inferred_id"":null,""_rent_range_raw"":""$995"",""amenities"":null,""area"":1020,""area_absence"":null,""area_absence_evidence"":null,""availability_date_provenance"":""historical_embedded"",""availability_status"":""AVAILABLE"",""available_date"":""2026-07-21"",""available_units"":null,""baths"":null,""beds"":null,""building"":null,""concession_source"":null,""concession_text"":null,""concession_text_clean"":null,""concession_value"":null,""date_captured"":""2026-08-01 10:45:19"",""deposit"":null,""extraction_tier"":""TIER_1_API"",""floor"":null,""floor_plan_id"":null,""floor_plan_name"":null,""is_floor_plan_level"":false,""lease_term"":null,""move_in_date"":null,""offer_banner"":null,""offer_conditions"":null,""offer_target"":null,""offer_type"":null,""offer_value"":null,""rent_high"":995.0,""rent_low"":995.0,""source_ids"":{},""unit_id"":""3900-4"",""unit_name"":null}",controlled_single_change_replay_unwrap_response_units,true,availability_date,2026-07-21,2026-07-21,2026-07-21,historical_embedded,,,"{""availability_date"":""2026-07-21"",""availability_status"":""AVAILABLE"",""available_units"":"""",""bathrooms"":"""",""bed_label"":"""",""bedrooms"":"""",""building"":"""",""concession"":"""",""deposit"":"""",""extraction_tier"":""TIER_1_API"",""floor"":"""",""floor_plan_name"":"""",""rent_range"":""$995"",""source_api_url"":""https://api.ws.realpage.com/v2/property/9178700/units?available=true&honordisplayorder=true"",""sqft"":""1020"",""unit_number"":""3900-4""}","{""_available_date_raw"":""2026-07-21"",""_concession_quality"":null,""_date_placeholder"":null,""_extra"":null,""_inferred_id"":null,""_rent_range_raw"":""$995"",""amenities"":null,""area"":1020,""area_absence"":null,""area_absence_evidence"":null,""availability_date_provenance"":""historical_embedded"",""availability_status"":""AVAILABLE"",""available_date"":""2026-07-21"",""available_units"":null,""baths"":null,""beds"":null,""building"":null,""concession_source"":null,""concession_text"":null,""concession_text_clean"":null,""concession_value"":null,""date_captured"":""2026-08-01 10:45:19"",""deposit"":null,""extraction_tier"":""TIER_1_API"",""floor"":null,""floor_plan_id"":null,""floor_plan_name"":null,""is_floor_plan_level"":false,""lease_term"":null,""move_in_date"":null,""offer_banner"":null,""offer_conditions"":null,""offer_target"":null,""offer_type"":null,""offer_value"":null,""rent_high"":995.0,""rent_low"":995.0,""source_ids"":{},""unit_id"":""3900-4"",""unit_name"":null}","{""floorplanId"":11326880,""id"":17635278,""internalAvailableDate"":""2026-07-21 00:00 -0500"",""leaseStatus"":""AVAILABLE_READY"",""name"":""3900-4"",""rent"":995,""unitNumber"":""3900-4"",""vacantDate"":""2026-07-30 00:00 -0000""}"
local_current_live_no_rp_oracle_audit_not_canary,2026-08-01T10:45:19Z,2026-08-01,2026-07-31,separate_no_rp_oracle_573_rows_78_properties,ONESITE_API,7886,Azure Place,realpage_public_widget_units_api,true,https://api.ws.realpage.com/v2/property/9178700/units?available=true&honordisplayorder=true,2845-4,,2025-10-20 00:00 -0500,2025-10-20,historical_embedded,false,internalAvailableDate,_api_parser.realpage_units_to_adapter_shape,exact_current_parser,true,true,,availability_date,2025-10-20,2025-10-20,historical_embedded,true,false,2025-10-20,2025-10-20,historical_embedded,,false,false,false,HISTORICAL_SOURCE_DATE_PRESERVED,none,HIGH,"Primary trace replays the exact public /units envelope. When that envelope is unsupported, the diagnostic trace changes only response.units -> response list to isolate the next loss.","{""availability_date"":""2025-10-20"",""availability_status"":""AVAILABLE"",""available_units"":"""",""bathrooms"":"""",""bed_label"":"""",""bedrooms"":"""",""building"":"""",""concession"":"""",""deposit"":"""",""extraction_tier"":""TIER_1_API"",""floor"":"""",""floor_plan_name"":"""",""rent_range"":""$1,155"",""source_api_url"":""https://api.ws.realpage.com/v2/property/9178700/units?available=true&honordisplayorder=true"",""sqft"":""1190"",""unit_number"":""2845-4""}","{""_available_date_raw"":""2025-10-20"",""_concession_quality"":null,""_date_placeholder"":null,""_extra"":null,""_inferred_id"":null,""_rent_range_raw"":""$1,155"",""amenities"":null,""area"":1190,""area_absence"":null,""area_absence_evidence"":null,""availability_date_provenance"":""historical_embedded"",""availability_status"":""AVAILABLE"",""available_date"":""2025-10-20"",""available_units"":null,""baths"":null,""beds"":null,""building"":null,""concession_source"":null,""concession_text"":null,""concession_text_clean"":null,""concession_value"":null,""date_captured"":""2026-08-01 10:45:19"",""deposit"":null,""extraction_tier"":""TIER_1_API"",""floor"":null,""floor_plan_id"":null,""floor_plan_name"":null,""is_floor_plan_level"":false,""lease_term"":null,""move_in_date"":null,""offer_banner"":null,""offer_conditions"":null,""offer_target"":null,""offer_type"":null,""offer_value"":null,""rent_high"":1155.0,""rent_low"":1155.0,""source_ids"":{},""unit_id"":""2845-4"",""unit_name"":null}",controlled_single_change_replay_unwrap_response_units,true,availability_date,2025-10-20,2025-10-20,2025-10-20,historical_embedded,,,"{""availability_date"":""2025-10-20"",""availability_status"":""AVAILABLE"",""available_units"":"""",""bathrooms"":"""",""bed_label"":"""",""bedrooms"":"""",""building"":"""",""concession"":"""",""deposit"":"""",""extraction_tier"":""TIER_1_API"",""floor"":"""",""floor_plan_name"":"""",""rent_range"":""$1,155"",""source_api_url"":""https://api.ws.realpage.com/v2/property/9178700/units?available=true&honordisplayorder=true"",""sqft"":""1190"",""unit_number"":""2845-4""}","{""_available_date_raw"":""2025-10-20"",""_concession_quality"":null,""_date_placeholder"":null,""_extra"":null,""_inferred_id"":null,""_rent_range_raw"":""$1,155"",""amenities"":null,""area"":1190,""area_absence"":null,""area_absence_evidence"":null,""availability_date_provenance"":""historical_embedded"",""availability_status"":""AVAILABLE"",""available_date"":""2025-10-20"",""available_units"":null,""baths"":null,""beds"":null,""building"":null,""concession_source"":null,""concession_text"":null,""concession_text_clean"":null,""concession_value"":null,""date_captured"":""2026-08-01 10:45:19"",""deposit"":null,""extraction_tier"":""TIER_1_API"",""floor"":null,""floor_plan_id"":null,""floor_plan_name"":null,""is_floor_plan_level"":false,""lease_term"":null,""move_in_date"":null,""offer_banner"":null,""offer_conditions"":null,""offer_target"":null,""offer_type"":null,""offer_value"":null,""rent_high"":1155.0,""rent_low"":1155.0,""source_ids"":{},""unit_id"":""2845-4"",""unit_name"":null}","{""floorplanId"":11326884,""id"":17635596,""internalAvailableDate"":""2025-10-20 00:00 -0500"",""leaseStatus"":""AVAILABLE_READY"",""name"":""2845-4"",""rent"":1155,""unitNumber"":""2845-4"",""vacantDate"":""2026-07-30 00:00 -0000""}"
local_current_live_no_rp_oracle_audit_not_canary,2026-08-01T10:45:19Z,2026-08-01,2026-07-31,separate_no_rp_oracle_573_rows_78_properties,ONESITE_API,7886,Azure Place,realpage_public_widget_units_api,true,https://api.ws.realpage.com/v2/property/9178700/units?available=true&honordisplayorder=true,3921-4,,2025-09-05 00:00 -0500,2025-09-05,historical_embedded,false,internalAvailableDate,_api_parser.realpage_units_to_adapter_shape,exact_current_parser,true,true,,availability_date,2025-09-05,2025-09-05,historical_embedded,true,false,2025-09-05,2025-09-05,historical_embedded,,false,false,false,HISTORICAL_SOURCE_DATE_PRESERVED,none,HIGH,"Primary trace replays the exact public /units envelope. When that envelope is unsupported, the diagnostic trace changes only response.units -> response list to isolate the next loss.","{""availability_date"":""2025-09-05"",""availability_status"":""AVAILABLE"",""available_units"":"""",""bathrooms"":"""",""bed_label"":"""",""bedrooms"":"""",""building"":"""",""concession"":"""",""deposit"":"""",""extraction_tier"":""TIER_1_API"",""floor"":"""",""floor_plan_name"":"""",""rent_range"":""$1,250"",""source_api_url"":""https://api.ws.realpage.com/v2/property/9178700/units?available=true&honordisplayorder=true"",""sqft"":""1220"",""unit_number"":""3921-4""}","{""_available_date_raw"":""2025-09-05"",""_concession_quality"":null,""_date_placeholder"":null,""_extra"":null,""_inferred_id"":null,""_rent_range_raw"":""$1,250"",""amenities"":null,""area"":1220,""area_absence"":null,""area_absence_evidence"":null,""availability_date_provenance"":""historical_embedded"",""availability_status"":""AVAILABLE"",""available_date"":""2025-09-05"",""available_units"":null,""baths"":null,""beds"":null,""building"":null,""concession_source"":null,""concession_text"":null,""concession_text_clean"":null,""concession_value"":null,""date_captured"":""2026-08-01 10:45:19"",""deposit"":null,""extraction_tier"":""TIER_1_API"",""floor"":null,""floor_plan_id"":null,""floor_plan_name"":null,""is_floor_plan_level"":false,""lease_term"":null,""move_in_date"":null,""offer_banner"":null,""offer_conditions"":null,""offer_target"":null,""offer_type"":null,""offer_value"":null,""rent_high"":1250.0,""rent_low"":1250.0,""source_ids"":{},""unit_id"":""3921-4"",""unit_name"":null}",controlled_single_change_replay_unwrap_response_units,true,availability_date,2025-09-05,2025-09-05,2025-09-05,historical_embedded,,,"{""availability_date"":""2025-09-05"",""availability_status"":""AVAILABLE"",""available_units"":"""",""bathrooms"":"""",""bed_label"":"""",""bedrooms"":"""",""building"":"""",""concession"":"""",""deposit"":"""",""extraction_tier"":""TIER_1_API"",""floor"":"""",""floor_plan_name"":"""",""rent_range"":""$1,250"",""source_api_url"":""https://api.ws.realpage.com/v2/property/9178700/units?available=true&honordisplayorder=true"",""sqft"":""1220"",""unit_number"":""3921-4""}","{""_available_date_raw"":""2025-09-05"",""_concession_quality"":null,""_date_placeholder"":null,""_extra"":null,""_inferred_id"":null,""_rent_range_raw"":""$1,250"",""amenities"":null,""area"":1220,""area_absence"":null,""area_absence_evidence"":null,""availability_date_provenance"":""historical_embedded"",""availability_status"":""AVAILABLE"",""available_date"":""2025-09-05"",""available_units"":null,""baths"":null,""beds"":null,""building"":null,""concession_source"":null,""concession_text"":null,""concession_text_clean"":null,""concession_value"":null,""date_captured"":""2026-08-01 10:45:19"",""deposit"":null,""extraction_tier"":""TIER_1_API"",""floor"":null,""floor_plan_id"":null,""floor_plan_name"":null,""is_floor_plan_level"":false,""lease_term"":null,""move_in_date"":null,""offer_banner"":null,""offer_conditions"":null,""offer_target"":null,""offer_type"":null,""offer_value"":null,""rent_high"":1250.0,""rent_low"":1250.0,""source_ids"":{},""unit_id"":""3921-4"",""unit_name"":null}","{""floorplanId"":11326894,""id"":17635238,""internalAvailableDate"":""2025-09-05 00:00 -0500"",""leaseStatus"":""AVAILABLE_READY"",""name"":""3921-4"",""rent"":1250,""unitNumber"":""3921-4"",""vacantDate"":""2026-07-30 00:00 -0000""}"
local_current_live_no_rp_oracle_audit_not_canary,2026-08-01T10:45:19Z,2026-08-01,2026-07-31,separate_no_rp_oracle_573_rows_78_properties,ONESITE_API,7886,Azure Place,realpage_public_widget_units_api,true,https://api.ws.realpage.com/v2/property/9178700/units?available=true&honordisplayorder=true,3917-2,,2026-02-12 00:00 -0600,2026-02-12,historical_embedded,false,internalAvailableDate,_api_parser.realpage_units_to_adapter_shape,exact_current_parser,true,true,,availability_date,2026-02-12,2026-02-12,historical_embedded,true,false,2026-02-12,2026-02-12,historical_embedded,,false,false,false,HISTORICAL_SOURCE_DATE_PRESERVED,none,HIGH,"Primary trace replays the exact public /units envelope. When that envelope is unsupported, the diagnostic trace changes only response.units -> response list to isolate the next loss.","{""availability_date"":""2026-02-12"",""availability_status"":""AVAILABLE"",""available_units"":"""",""bathrooms"":"""",""bed_label"":"""",""bedrooms"":"""",""building"":"""",""concession"":"""",""deposit"":"""",""extraction_tier"":""TIER_1_API"",""floor"":"""",""floor_plan_name"":"""",""rent_range"":""$1,155"",""source_api_url"":""https://api.ws.realpage.com/v2/property/9178700/units?available=true&honordisplayorder=true"",""sqft"":""1190"",""unit_number"":""3917-2""}","{""_available_date_raw"":""2026-02-12"",""_concession_quality"":null,""_date_placeholder"":null,""_extra"":null,""_inferred_id"":null,""_rent_range_raw"":""$1,155"",""amenities"":null,""area"":1190,""area_absence"":null,""area_absence_evidence"":null,""availability_date_provenance"":""historical_embedded"",""availability_status"":""AVAILABLE"",""available_date"":""2026-02-12"",""available_units"":null,""baths"":null,""beds"":null,""building"":null,""concession_source"":null,""concession_text"":null,""concession_text_clean"":null,""concession_value"":null,""date_captured"":""2026-08-01 10:45:19"",""deposit"":null,""extraction_tier"":""TIER_1_API"",""floor"":null,""floor_plan_id"":null,""floor_plan_name"":null,""is_floor_plan_level"":false,""lease_term"":null,""move_in_date"":null,""offer_banner"":null,""offer_conditions"":null,""offer_target"":null,""offer_type"":null,""offer_value"":null,""rent_high"":1155.0,""rent_low"":1155.0,""source_ids"":{},""unit_id"":""3917-2"",""unit_name"":null}",controlled_single_change_replay_unwrap_response_units,true,availability_date,2026-02-12,2026-02-12,2026-02-12,historical_embedded,,,"{""availability_date"":""2026-02-12"",""availability_status"":""AVAILABLE"",""available_units"":"""",""bathrooms"":"""",""bed_label"":"""",""bedrooms"":"""",""building"":"""",""concession"":"""",""deposit"":"""",""extraction_tier"":""TIER_1_API"",""floor"":"""",""floor_plan_name"":"""",""rent_range"":""$1,155"",""source_api_url"":""https://api.ws.realpage.com/v2/property/9178700/units?available=true&honordisplayorder=true"",""sqft"":""1190"",""unit_number"":""3917-2""}","{""_available_date_raw"":""2026-02-12"",""_concession_quality"":null,""_date_placeholder"":null,""_extra"":null,""_inferred_id"":null,""_rent_range_raw"":""$1,155"",""amenities"":null,""area"":1190,""area_absence"":null,""area_absence_evidence"":null,""availability_date_provenance"":""historical_embedded"",""availability_status"":""AVAILABLE"",""available_date"":""2026-02-12"",""available_units"":null,""baths"":null,""beds"":null,""building"":null,""concession_source"":null,""concession_text"":null,""concession_text_clean"":null,""concession_value"":null,""date_captured"":""2026-08-01 10:45:19"",""deposit"":null,""extraction_tier"":""TIER_1_API"",""floor"":null,""floor_plan_id"":null,""floor_plan_name"":null,""is_floor_plan_level"":false,""lease_term"":null,""move_in_date"":null,""offer_banner"":null,""offer_conditions"":null,""offer_target"":null,""offer_type"":null,""offer_value"":null,""rent_high"":1155.0,""rent_low"":1155.0,""source_ids"":{},""unit_id"":""3917-2"",""unit_name"":null}","{""floorplanId"":11326884,""id"":17635248,""internalAvailableDate"":""2026-02-12 00:00 -0600"",""leaseStatus"":""AVAILABLE_READY"",""name"":""3917-2"",""rent"":1155,""unitNumber"":""3917-2"",""vacantDate"":""2026-07-30 00:00 -0000""}"
local_current_live_no_rp_oracle_audit_not_canary,2026-08-01T10:45:19Z,2026-08-01,2026-07-31,separate_no_rp_oracle_573_rows_78_properties,ONESITE_API,7886,Azure Place,realpage_public_widget_units_api,true,https://api.ws.realpage.com/v2/property/9178700/units?available=true&honordisplayorder=true,2888-2,,2026-06-14 00:00 -0500,2026-06-14,historical_embedded,false,internalAvailableDate,_api_parser.realpage_units_to_adapter_shape,exact_current_parser,true,true,,availability_date,2026-06-14,2026-06-14,historical_embedded,true,false,2026-06-14,2026-06-14,historical_embedded,,false,false,false,HISTORICAL_SOURCE_DATE_PRESERVED,none,HIGH,"Primary trace replays the exact public /units envelope. When that envelope is unsupported, the diagnostic trace changes only response.units -> response list to isolate the next loss.","{""availability_date"":""2026-06-14"",""availability_status"":""AVAILABLE"",""available_units"":"""",""bathrooms"":"""",""bed_label"":"""",""bedrooms"":"""",""building"":"""",""concession"":"""",""deposit"":"""",""extraction_tier"":""TIER_1_API"",""floor"":"""",""floor_plan_name"":"""",""rent_range"":""$1,155"",""source_api_url"":""https://api.ws.realpage.com/v2/property/9178700/units?available=true&honordisplayorder=true"",""sqft"":""1190"",""unit_number"":""2888-2""}","{""_available_date_raw"":""2026-06-14"",""_concession_quality"":null,""_date_placeholder"":null,""_extra"":null,""_inferred_id"":null,""_rent_range_raw"":""$1,155"",""amenities"":null,""area"":1190,""area_absence"":null,""area_absence_evidence"":null,""availability_date_provenance"":""historical_embedded"",""availability_status"":""AVAILABLE"",""available_date"":""2026-06-14"",""available_units"":null,""baths"":null,""beds"":null,""building"":null,""concession_source"":null,""concession_text"":null,""concession_text_clean"":null,""concession_value"":null,""date_captured"":""2026-08-01 10:45:19"",""deposit"":null,""extraction_tier"":""TIER_1_API"",""floor"":null,""floor_plan_id"":null,""floor_plan_name"":null,""is_floor_plan_level"":false,""lease_term"":null,""move_in_date"":null,""offer_banner"":null,""offer_conditions"":null,""offer_target"":null,""offer_type"":null,""offer_value"":null,""rent_high"":1155.0,""rent_low"":1155.0,""source_ids"":{},""unit_id"":""2888-2"",""unit_name"":null}",controlled_single_change_replay_unwrap_response_units,true,availability_date,2026-06-14,2026-06-14,2026-06-14,historical_embedded,,,"{""availability_date"":""2026-06-14"",""availability_status"":""AVAILABLE"",""available_units"":"""",""bathrooms"":"""",""bed_label"":"""",""bedrooms"":"""",""building"":"""",""concession"":"""",""deposit"":"""",""extraction_tier"":""TIER_1_API"",""floor"":"""",""floor_plan_name"":"""",""rent_range"":""$1,155"",""source_api_url"":""https://api.ws.realpage.com/v2/property/9178700/units?available=true&honordisplayorder=true"",""sqft"":""1190"",""unit_number"":""2888-2""}","{""_available_date_raw"":""2026-06-14"",""_concession_quality"":null,""_date_placeholder"":null,""_extra"":null,""_inferred_id"":null,""_rent_range_raw"":""$1,155"",""amenities"":null,""area"":1190,""area_absence"":null,""area_absence_evidence"":null,""availability_date_provenance"":""historical_embedded"",""availability_status"":""AVAILABLE"",""available_date"":""2026-06-14"",""available_units"":null,""baths"":null,""beds"":null,""building"":null,""concession_source"":null,""concession_text"":null,""concession_text_clean"":null,""concession_value"":null,""date_captured"":""2026-08-01 10:45:19"",""deposit"":null,""extraction_tier"":""TIER_1_API"",""floor"":null,""floor_plan_id"":null,""floor_plan_name"":null,""is_floor_plan_level"":false,""lease_term"":null,""move_in_date"":null,""offer_banner"":null,""offer_conditions"":null,""offer_target"":null,""offer_type"":null,""offer_value"":null,""rent_high"":1155.0,""rent_low"":1155.0,""source_ids"":{},""unit_id"":""2888-2"",""unit_name"":null}","{""floorplanId"":11326884,""id"":17635704,""internalAvailableDate"":""2026-06-14 00:00 -0500"",""leaseStatus"":""AVAILABLE_READY"",""name"":""2888-2"",""rent"":1155,""unitNumber"":""2888-2"",""vacantDate"":""2026-07-30 00:00 -0000""}"
local_current_live_no_rp_oracle_audit_not_canary,2026-08-01T10:45:19Z,2026-08-01,2026-07-31,separate_no_rp_oracle_573_rows_78_properties,ONESITE_API,7886,Azure Place,realpage_public_widget_units_api,true,https://api.ws.realpage.com/v2/property/9178700/units?available=true&honordisplayorder=true,3895-2,,2026-02-14 00:00 -0600,2026-02-14,historical_embedded,false,internalAvailableDate,_api_parser.realpage_units_to_adapter_shape,exact_current_parser,true,true,,availability_date,2026-02-14,2026-02-14,historical_embedded,true,false,2026-02-14,2026-02-14,historical_embedded,,false,false,false,HISTORICAL_SOURCE_DATE_PRESERVED,none,HIGH,"Primary trace replays the exact public /units envelope. When that envelope is unsupported, the diagnostic trace changes only response.units -> response list to isolate the next loss.","{""availability_date"":""2026-02-14"",""availability_status"":""AVAILABLE"",""available_units"":"""",""bathrooms"":"""",""bed_label"":"""",""bedrooms"":"""",""building"":"""",""concession"":"""",""deposit"":"""",""extraction_tier"":""TIER_1_API"",""floor"":"""",""floor_plan_name"":"""",""rent_range"":""$1,400"",""source_api_url"":""https://api.ws.realpage.com/v2/property/9178700/units?available=true&honordisplayorder=true"",""sqft"":""1470"",""unit_number"":""3895-2""}","{""_available_date_raw"":""2026-02-14"",""_concession_quality"":null,""_date_placeholder"":null,""_extra"":null,""_inferred_id"":null,""_rent_range_raw"":""$1,400"",""amenities"":null,""area"":1470,""area_absence"":null,""area_absence_evidence"":null,""availability_date_provenance"":""historical_embedded"",""availability_status"":""AVAILABLE"",""available_date"":""2026-02-14"",""available_units"":null,""baths"":null,""beds"":null,""building"":null,""concession_source"":null,""concession_text"":null,""concession_text_clean"":null,""concession_value"":null,""date_captured"":""2026-08-01 10:45:19"",""deposit"":null,""extraction_tier"":""TIER_1_API"",""floor"":null,""floor_plan_id"":null,""floor_plan_name"":null,""is_floor_plan_level"":false,""lease_term"":null,""move_in_date"":null,""offer_banner"":null,""offer_conditions"":null,""offer_target"":null,""offer_type"":null,""offer_value"":null,""rent_high"":1400.0,""rent_low"":1400.0,""source_ids"":{},""unit_id"":""3895-2"",""unit_name"":null}",controlled_single_change_replay_unwrap_response_units,true,availability_date,2026-02-14,2026-02-14,2026-02-14,historical_embedded,,,"{""availability_date"":""2026-02-14"",""availability_status"":""AVAILABLE"",""available_units"":"""",""bathrooms"":"""",""bed_label"":"""",""bedrooms"":"""",""building"":"""",""concession"":"""",""deposit"":"""",""extraction_tier"":""TIER_1_API"",""floor"":"""",""floor_plan_name"":"""",""rent_range"":""$1,400"",""source_api_url"":""https://api.ws.realpage.com/v2/property/9178700/units?available=true&honordisplayorder=true"",""sqft"":""1470"",""unit_number"":""3895-2""}","{""_available_date_raw"":""2026-02-14"",""_concession_quality"":null,""_date_placeholder"":null,""_extra"":null,""_inferred_id"":null,""_rent_range_raw"":""$1,400"",""amenities"":null,""area"":1470,""area_absence"":null,""area_absence_evidence"":null,""availability_date_provenance"":""historical_embedded"",""availability_status"":""AVAILABLE"",""available_date"":""2026-02-14"",""available_units"":null,""baths"":null,""beds"":null,""building"":null,""concession_source"":null,""concession_text"":null,""concession_text_clean"":null,""concession_value"":null,""date_captured"":""2026-08-01 10:45:19"",""deposit"":null,""extraction_tier"":""TIER_1_API"",""floor"":null,""floor_plan_id"":null,""floor_plan_name"":null,""is_floor_plan_level"":false,""lease_term"":null,""move_in_date"":null,""offer_banner"":null,""offer_conditions"":null,""offer_target"":null,""offer_type"":null,""offer_value"":null,""rent_high"":1400.0,""rent_low"":1400.0,""source_ids"":{},""unit_id"":""3895-2"",""unit_name"":null}","{""floorplanId"":11326896,""id"":17635178,""internalAvailableDate"":""2026-02-14 00:00 -0600"",""leaseStatus"":""AVAILABLE_READY"",""name"":""3895-2"",""rent"":1400,""unitNumber"":""3895-2"",""vacantDate"":""2026-08-01 00:00 -0000""}"
local_current_live_no_rp_oracle_audit_not_canary,2026-08-01T10:45:19Z,2026-08-01,2026-07-31,separate_no_rp_oracle_573_rows_78_properties,ONESITE_API,7886,Azure Place,realpage_public_widget_units_api,true,https://api.ws.realpage.com/v2/property/9178700/units?available=true&honordisplayorder=true,2911-2,,2026-02-16 00:00 -0600,2026-02-16,historical_embedded,false,internalAvailableDate,_api_parser.realpage_units_to_adapter_shape,exact_current_parser,true,true,,availability_date,2026-02-16,2026-02-16,historical_embedded,true,false,2026-02-16,2026-02-16,historical_embedded,,false,false,false,HISTORICAL_SOURCE_DATE_PRESERVED,none,HIGH,"Primary trace replays the exact public /units envelope. When that envelope is unsupported, the diagnostic trace changes only response.units -> response list to isolate the next loss.","{""availability_date"":""2026-02-16"",""availability_status"":""AVAILABLE"",""available_units"":"""",""bathrooms"":"""",""bed_label"":"""",""bedrooms"":"""",""building"":"""",""concession"":"""",""deposit"":"""",""extraction_tier"":""TIER_1_API"",""floor"":"""",""floor_plan_name"":"""",""rent_range"":""$925"",""source_api_url"":""https://api.ws.realpage.com/v2/property/9178700/units?available=true&honordisplayorder=true"",""sqft"":""800"",""unit_number"":""2911-2""}","{""_available_date_raw"":""2026-02-16"",""_concession_quality"":null,""_date_placeholder"":null,""_extra"":null,""_inferred_id"":null,""_rent_range_raw"":""$925"",""amenities"":null,""area"":800,""area_absence"":null,""area_absence_evidence"":null,""availability_date_provenance"":""historical_embedded"",""availability_status"":""AVAILABLE"",""available_date"":""2026-02-16"",""available_units"":null,""baths"":null,""beds"":null,""building"":null,""concession_source"":null,""concession_text"":null,""concession_text_clean"":null,""concession_value"":null,""date_captured"":""2026-08-01 10:45:19"",""deposit"":null,""extraction_tier"":""TIER_1_API"",""floor"":null,""floor_plan_id"":null,""floor_plan_name"":null,""is_floor_plan_level"":false,""lease_term"":null,""move_in_date"":null,""offer_banner"":null,""offer_conditions"":null,""offer_target"":null,""offer_type"":null,""offer_value"":null,""rent_high"":925.0,""rent_low"":925.0,""source_ids"":{},""unit_id"":""2911-2"",""unit_name"":null}",controlled_single_change_replay_unwrap_response_units,true,availability_date,2026-02-16,2026-02-16,2026-02-16,historical_embedded,,,"{""availability_date"":""2026-02-16"",""availability_status"":""AVAILABLE"",""available_units"":"""",""bathrooms"":"""",""bed_label"":"""",""bedrooms"":"""",""building"":"""",""concession"":"""",""deposit"":"""",""extraction_tier"":""TIER_1_API"",""floor"":"""",""floor_plan_name"":"""",""rent_range"":""$925"",""source_api_url"":""https://api.ws.realpage.com/v2/property/9178700/units?available=true&honordisplayorder=true"",""sqft"":""800"",""unit_number"":""2911-2""}","{""_available_date_raw"":""2026-02-16"",""_concession_quality"":null,""_date_placeholder"":null,""_extra"":null,""_inferred_id"":null,""_rent_range_raw"":""$925"",""amenities"":null,""area"":800,""area_absence"":null,""area_absence_evidence"":null,""availability_date_provenance"":""historical_embedded"",""availability_status"":""AVAILABLE"",""available_date"":""2026-02-16"",""available_units"":null,""baths"":null,""beds"":null,""building"":null,""concession_source"":null,""concession_text"":null,""concession_text_clean"":null,""concession_value"":null,""date_captured"":""2026-08-01 10:45:19"",""deposit"":null,""extraction_tier"":""TIER_1_API"",""floor"":null,""floor_plan_id"":null,""floor_plan_name"":null,""is_floor_plan_level"":false,""lease_term"":null,""move_in_date"":null,""offer_banner"":null,""offer_conditions"":null,""offer_target"":null,""offer_type"":null,""offer_value"":null,""rent_high"":925.0,""rent_low"":925.0,""source_ids"":{},""unit_id"":""2911-2"",""unit_name"":null}","{""floorplanId"":11326824,""id"":17635208,""internalAvailableDate"":""2026-02-16 00:00 -0600"",""leaseStatus"":""AVAILABLE_READY"",""name"":""2911-2"",""rent"":925,""unitNumber"":""2911-2"",""vacantDate"":""2026-08-01 00:00 -0000""}"
local_current_live_no_rp_oracle_audit_not_canary,2026-08-01T10:45:19Z,2026-08-01,2026-07-31,separate_no_rp_oracle_573_rows_78_properties,ONESITE_API,7886,Azure Place,realpage_public_widget_units_api,true,https://api.ws.realpage.com/v2/property/9178700/units?available=true&honordisplayorder=true,2911-4,,2026-05-08 00:00 -0500,2026-05-08,historical_embedded,false,internalAvailableDate,_api_parser.realpage_units_to_adapter_shape,exact_current_parser,true,true,,availability_date,2026-05-08,2026-05-08,historical_embedded,true,false,2026-05-08,2026-05-08,historical_embedded,,false,false,false,HISTORICAL_SOURCE_DATE_PRESERVED,none,HIGH,"Primary trace replays the exact public /units envelope. When that envelope is unsupported, the diagnostic trace changes only response.units -> response list to isolate the next loss.","{""availability_date"":""2026-05-08"",""availability_status"":""AVAILABLE"",""available_units"":"""",""bathrooms"":"""",""bed_label"":"""",""bedrooms"":"""",""building"":"""",""concession"":"""",""deposit"":"""",""extraction_tier"":""TIER_1_API"",""floor"":"""",""floor_plan_name"":"""",""rent_range"":""$925"",""source_api_url"":""https://api.ws.realpage.com/v2/property/9178700/units?available=true&honordisplayorder=true"",""sqft"":""800"",""unit_number"":""2911-4""}","{""_available_date_raw"":""2026-05-08"",""_concession_quality"":null,""_date_placeholder"":null,""_extra"":null,""_inferred_id"":null,""_rent_range_raw"":""$925"",""amenities"":null,""area"":800,""area_absence"":null,""area_absence_evidence"":null,""availability_date_provenance"":""historical_embedded"",""availability_status"":""AVAILABLE"",""available_date"":""2026-05-08"",""available_units"":null,""baths"":null,""beds"":null,""building"":null,""concession_source"":null,""concession_text"":null,""concession_text_clean"":null,""concession_value"":null,""date_captured"":""2026-08-01 10:45:19"",""deposit"":null,""extraction_tier"":""TIER_1_API"",""floor"":null,""floor_plan_id"":null,""floor_plan_name"":null,""is_floor_plan_level"":false,""lease_term"":null,""move_in_date"":null,""offer_banner"":null,""offer_conditions"":null,""offer_target"":null,""offer_type"":null,""offer_value"":null,""rent_high"":925.0,""rent_low"":925.0,""source_ids"":{},""unit_id"":""2911-4"",""unit_name"":null}",controlled_single_change_replay_unwrap_response_units,true,availability_date,2026-05-08,2026-05-08,2026-05-08,historical_embedded,,,"{""availability_date"":""2026-05-08"",""availability_status"":""AVAILABLE"",""available_units"":"""",""bathrooms"":"""",""bed_label"":"""",""bedrooms"":"""",""building"":"""",""concession"":"""",""deposit"":"""",""extraction_tier"":""TIER_1_API"",""floor"":"""",""floor_plan_name"":"""",""rent_range"":""$925"",""source_api_url"":""https://api.ws.realpage.com/v2/property/9178700/units?available=true&honordisplayorder=true"",""sqft"":""800"",""unit_number"":""2911-4""}","{""_available_date_raw"":""2026-05-08"",""_concession_quality"":null,""_date_placeholder"":null,""_extra"":null,""_inferred_id"":null,""_rent_range_raw"":""$925"",""amenities"":null,""area"":800,""area_absence"":null,""area_absence_evidence"":null,""availability_date_provenance"":""historical_embedded"",""availability_status"":""AVAILABLE"",""available_date"":""2026-05-08"",""available_units"":null,""baths"":null,""beds"":null,""building"":null,""concession_source"":null,""concession_text"":null,""concession_text_clean"":null,""concession_value"":null,""date_captured"":""2026-08-01 10:45:19"",""deposit"":null,""extraction_tier"":""TIER_1_API"",""floor"":null,""floor_plan_id"":null,""floor_plan_name"":null,""is_floor_plan_level"":false,""lease_term"":null,""move_in_date"":null,""offer_banner"":null,""offer_conditions"":null,""offer_target"":null,""offer_type"":null,""offer_value"":null,""rent_high"":925.0,""rent_low"":925.0,""source_ids"":{},""unit_id"":""2911-4"",""unit_name"":null}","{""floorplanId"":11326824,""id"":17635210,""internalAvailableDate"":""2026-05-08 00:00 -0500"",""leaseStatus"":""AVAILABLE_READY"",""name"":""2911-4"",""rent"":925,""unitNumber"":""2911-4"",""vacantDate"":""2026-08-01 00:00 -0000""}"
local_current_live_no_rp_oracle_audit_not_canary,2026-08-01T10:45:19Z,2026-08-01,2026-07-31,separate_no_rp_oracle_573_rows_78_properties,ONESITE_API,7886,Azure Place,realpage_public_widget_units_api,true,https://api.ws.realpage.com/v2/property/9178700/units?available=true&honordisplayorder=true,3925-1,,2026-06-01 00:00 -0500,2026-06-01,historical_embedded,false,internalAvailableDate,_api_parser.realpage_units_to_adapter_shape,exact_current_parser,true,true,,availability_date,2026-06-01,2026-06-01,historical_embedded,true,false,2026-06-01,2026-06-01,historical_embedded,,false,false,false,HISTORICAL_SOURCE_DATE_PRESERVED,none,HIGH,"Primary trace replays the exact public /units envelope. When that envelope is unsupported, the diagnostic trace changes only response.units -> response list to isolate the next loss.","{""availability_date"":""2026-06-01"",""availability_status"":""AVAILABLE"",""available_units"":"""",""bathrooms"":"""",""bed_label"":"""",""bedrooms"":"""",""building"":"""",""concession"":"""",""deposit"":"""",""extraction_tier"":""TIER_1_API"",""floor"":"""",""floor_plan_name"":"""",""rent_range"":""$1,270"",""source_api_url"":""https://api.ws.realpage.com/v2/property/9178700/units?available=true&honordisplayorder=true"",""sqft"":""1220"",""unit_number"":""3925-1""}","{""_available_date_raw"":""2026-06-01"",""_concession_quality"":null,""_date_placeholder"":null,""_extra"":null,""_inferred_id"":null,""_rent_range_raw"":""$1,270"",""amenities"":null,""area"":1220,""area_absence"":null,""area_absence_evidence"":null,""availability_date_provenance"":""historical_embedded"",""availability_status"":""AVAILABLE"",""available_date"":""2026-06-01"",""available_units"":null,""baths"":null,""beds"":null,""building"":null,""concession_source"":null,""concession_text"":null,""concession_text_clean"":null,""concession_value"":null,""date_captured"":""2026-08-01 10:45:19"",""deposit"":null,""extraction_tier"":""TIER_1_API"",""floor"":null,""floor_plan_id"":null,""floor_plan_name"":null,""is_floor_plan_level"":false,""lease_term"":null,""move_in_date"":null,""offer_banner"":null,""offer_conditions"":null,""offer_target"":null,""offer_type"":null,""offer_value"":null,""rent_high"":1270.0,""rent_low"":1270.0,""source_ids"":{},""unit_id"":""3925-1"",""unit_name"":null}",controlled_single_change_replay_unwrap_response_units,true,availability_date,2026-06-01,2026-06-01,2026-06-01,historical_embedded,,,"{""availability_date"":""2026-06-01"",""availability_status"":""AVAILABLE"",""available_units"":"""",""bathrooms"":"""",""bed_label"":"""",""bedrooms"":"""",""building"":"""",""concession"":"""",""deposit"":"""",""extraction_tier"":""TIER_1_API"",""floor"":"""",""floor_plan_name"":"""",""rent_range"":""$1,270"",""source_api_url"":""https://api.ws.realpage.com/v2/property/9178700/units?available=true&honordisplayorder=true"",""sqft"":""1220"",""unit_number"":""3925-1""}","{""_available_date_raw"":""2026-06-01"",""_concession_quality"":null,""_date_placeholder"":null,""_extra"":null,""_inferred_id"":null,""_rent_range_raw"":""$1,270"",""amenities"":null,""area"":1220,""area_absence"":null,""area_absence_evidence"":null,""availability_date_provenance"":""historical_embedded"",""availability_status"":""AVAILABLE"",""available_date"":""2026-06-01"",""available_units"":null,""baths"":null,""beds"":null,""building"":null,""concession_source"":null,""concession_text"":null,""concession_text_clean"":null,""concession_value"":null,""date_captured"":""2026-08-01 10:45:19"",""deposit"":null,""extraction_tier"":""TIER_1_API"",""floor"":null,""floor_plan_id"":null,""floor_plan_name"":null,""is_floor_plan_level"":false,""lease_term"":null,""move_in_date"":null,""offer_banner"":null,""offer_conditions"":null,""offer_target"":null,""offer_type"":null,""offer_value"":null,""rent_high"":1270.0,""rent_low"":1270.0,""source_ids"":{},""unit_id"":""3925-1"",""unit_name"":null}","{""floorplanId"":11326894,""id"":17635239,""internalAvailableDate"":""2026-06-01 00:00 -0500"",""leaseStatus"":""AVAILABLE_READY"",""name"":""3925-1"",""rent"":1270,""unitNumber"":""3925-1"",""vacantDate"":""2026-08-01 00:00 -0000""}"
local_current_live_no_rp_oracle_audit_not_canary,2026-08-01T10:45:19Z,2026-08-01,2026-07-31,separate_no_rp_oracle_573_rows_78_properties,ONESITE_API,7886,Azure Place,realpage_public_widget_units_api,true,https://api.ws.realpage.com/v2/property/9178700/units?available=true&honordisplayorder=true,3911-1,,2026-06-16 00:00 -0500,2026-06-16,historical_embedded,false,internalAvailableDate,_api_parser.realpage_units_to_adapter_shape,exact_current_parser,true,true,,availability_date,2026-06-16,2026-06-16,historical_embedded,true,false,2026-06-16,2026-06-16,historical_embedded,,false,false,false,HISTORICAL_SOURCE_DATE_PRESERVED,none,HIGH,"Primary trace replays the exact public /units envelope. When that envelope is unsupported, the diagnostic trace changes only response.units -> response list to isolate the next loss.","{""availability_date"":""2026-06-16"",""availability_status"":""AVAILABLE"",""available_units"":"""",""bathrooms"":"""",""bed_label"":"""",""bedrooms"":"""",""building"":"""",""concession"":"""",""deposit"":"""",""extraction_tier"":""TIER_1_API"",""floor"":"""",""floor_plan_name"":"""",""rent_range"":""$995"",""source_api_url"":""https://api.ws.realpage.com/v2/property/9178700/units?available=true&honordisplayorder=true"",""sqft"":""960"",""unit_number"":""3911-1""}","{""_available_date_raw"":""2026-06-16"",""_concession_quality"":null,""_date_placeholder"":null,""_extra"":null,""_inferred_id"":null,""_rent_range_raw"":""$995"",""amenities"":null,""area"":960,""area_absence"":null,""area_absence_evidence"":null,""availability_date_provenance"":""historical_embedded"",""availability_status"":""AVAILABLE"",""available_date"":""2026-06-16"",""available_units"":null,""baths"":null,""beds"":null,""building"":null,""concession_source"":null,""concession_text"":null,""concession_text_clean"":null,""concession_value"":null,""date_captured"":""2026-08-01 10:45:19"",""deposit"":null,""extraction_tier"":""TIER_1_API"",""floor"":null,""floor_plan_id"":null,""floor_plan_name"":null,""is_floor_plan_level"":false,""lease_term"":null,""move_in_date"":null,""offer_banner"":null,""offer_conditions"":null,""offer_target"":null,""offer_type"":null,""offer_value"":null,""rent_high"":995.0,""rent_low"":995.0,""source_ids"":{},""unit_id"":""3911-1"",""unit_name"":null}",controlled_single_change_replay_unwrap_response_units,true,availability_date,2026-06-16,2026-06-16,2026-06-16,historical_embedded,,,"{""availability_date"":""2026-06-16"",""availability_status"":""AVAILABLE"",""available_units"":"""",""bathrooms"":"""",""bed_label"":"""",""bedrooms"":"""",""building"":"""",""concession"":"""",""deposit"":"""",""extraction_tier"":""TIER_1_API"",""floor"":"""",""floor_plan_name"":"""",""rent_range"":""$995"",""source_api_url"":""https://api.ws.realpage.com/v2/property/9178700/units?available=true&honordisplayorder=true"",""sqft"":""960"",""unit_number"":""3911-1""}","{""_available_date_raw"":""2026-06-16"",""_concession_quality"":null,""_date_placeholder"":null,""_extra"":null,""_inferred_id"":null,""_rent_range_raw"":""$995"",""amenities"":null,""area"":960,""area_absence"":null,""area_absence_evidence"":null,""availability_date_provenance"":""historical_embedded"",""availability_status"":""AVAILABLE"",""available_date"":""2026-06-16"",""available_units"":null,""baths"":null,""beds"":null,""building"":null,""concession_source"":null,""concession_text"":null,""concession_text_clean"":null,""concession_value"":null,""date_captured"":""2026-08-01 10:45:19"",""deposit"":null,""extraction_tier"":""TIER_1_API"",""floor"":null,""floor_plan_id"":null,""floor_plan_name"":null,""is_floor_plan_level"":false,""lease_term"":null,""move_in_date"":null,""offer_banner"":null,""offer_conditions"":null,""offer_target"":null,""offer_type"":null,""offer_value"":null,""rent_high"":995.0,""rent_low"":995.0,""source_ids"":{},""unit_id"":""3911-1"",""unit_name"":null}","{""floorplanId"":11326879,""id"":17635255,""internalAvailableDate"":""2026-06-16 00:00 -0500"",""leaseStatus"":""AVAILABLE_READY"",""name"":""3911-1"",""rent"":995,""unitNumber"":""3911-1"",""vacantDate"":""2026-08-01 00:00 -0000""}"
local_current_live_no_rp_oracle_audit_not_canary,2026-08-01T10:45:19Z,2026-08-01,2026-07-31,separate_no_rp_oracle_573_rows_78_properties,ONESITE_API,7886,Azure Place,realpage_public_widget_units_api,true,https://api.ws.realpage.com/v2/property/9178700/units?available=true&honordisplayorder=true,3911-4,,1980-01-01 00:00 -0600,,unparsed_availability_text,false,internalAvailableDate,_api_parser.realpage_units_to_adapter_shape,exact_current_parser,true,true,,availability_date,1980-01-01,,unparsed_availability_text,true,false,2026-08-01,1980-01-01,sentinel_clamped,,false,false,false,UNPARSED_NATIVE_AVAILABILITY,unparsed_source_text,MEDIUM,"Primary trace replays the exact public /units envelope. When that envelope is unsupported, the diagnostic trace changes only response.units -> response list to isolate the next loss.","{""availability_date"":""1980-01-01"",""availability_status"":""AVAILABLE"",""available_units"":"""",""bathrooms"":"""",""bed_label"":"""",""bedrooms"":"""",""building"":"""",""concession"":"""",""deposit"":"""",""extraction_tier"":""TIER_1_API"",""floor"":"""",""floor_plan_name"":"""",""rent_range"":""$975"",""source_api_url"":""https://api.ws.realpage.com/v2/property/9178700/units?available=true&honordisplayorder=true"",""sqft"":""960"",""unit_number"":""3911-4""}","{""_available_date_raw"":""1980-01-01"",""_concession_quality"":null,""_date_placeholder"":null,""_extra"":null,""_inferred_id"":null,""_rent_range_raw"":""$975"",""amenities"":null,""area"":960,""area_absence"":null,""area_absence_evidence"":null,""availability_date_provenance"":""sentinel_clamped"",""availability_status"":""AVAILABLE"",""available_date"":""2026-08-01"",""available_units"":null,""baths"":null,""beds"":null,""building"":null,""concession_source"":null,""concession_text"":null,""concession_text_clean"":null,""concession_value"":null,""date_captured"":""2026-08-01 10:45:19"",""deposit"":null,""extraction_tier"":""TIER_1_API"",""floor"":null,""floor_plan_id"":null,""floor_plan_name"":null,""is_floor_plan_level"":false,""lease_term"":null,""move_in_date"":null,""offer_banner"":null,""offer_conditions"":null,""offer_target"":null,""offer_type"":null,""offer_value"":null,""rent_high"":975.0,""rent_low"":975.0,""source_ids"":{},""unit_id"":""3911-4"",""unit_name"":null}",controlled_single_change_replay_unwrap_response_units,true,availability_date,1980-01-01,,2026-08-01,sentinel_clamped,,,"{""availability_date"":""1980-01-01"",""availability_status"":""AVAILABLE"",""available_units"":"""",""bathrooms"":"""",""bed_label"":"""",""bedrooms"":"""",""building"":"""",""concession"":"""",""deposit"":"""",""extraction_tier"":""TIER_1_API"",""floor"":"""",""floor_plan_name"":"""",""rent_range"":""$975"",""source_api_url"":""https://api.ws.realpage.com/v2/property/9178700/units?available=true&honordisplayorder=true"",""sqft"":""960"",""unit_number"":""3911-4""}","{""_available_date_raw"":""1980-01-01"",""_concession_quality"":null,""_date_placeholder"":null,""_extra"":null,""_inferred_id"":null,""_rent_range_raw"":""$975"",""amenities"":null,""area"":960,""area_absence"":null,""area_absence_evidence"":null,""availability_date_provenance"":""sentinel_clamped"",""availability_status"":""AVAILABLE"",""available_date"":""2026-08-01"",""available_units"":null,""baths"":null,""beds"":null,""building"":null,""concession_source"":null,""concession_text"":null,""concession_text_clean"":null,""concession_value"":null,""date_captured"":""2026-08-01 10:45:19"",""deposit"":null,""extraction_tier"":""TIER_1_API"",""floor"":null,""floor_plan_id"":null,""floor_plan_name"":null,""is_floor_plan_level"":false,""lease_term"":null,""move_in_date"":null,""offer_banner"":null,""offer_conditions"":null,""offer_target"":null,""offer_type"":null,""offer_value"":null,""rent_high"":975.0,""rent_low"":975.0,""source_ids"":{},""unit_id"":""3911-4"",""unit_name"":null}","{""floorplanId"":11326879,""id"":17635258,""internalAvailableDate"":""1980-01-01 00:00 -0600"",""leaseStatus"":""AVAILABLE_READY"",""name"":""3911-4"",""rent"":975,""unitNumber"":""3911-4"",""vacantDate"":""2026-08-01 00:00 -0000""}"
local_current_live_no_rp_oracle_audit_not_canary,2026-08-01T10:45:19Z,2026-08-01,2026-07-31,separate_no_rp_oracle_573_rows_78_properties,ONESITE_API,7886,Azure Place,realpage_public_widget_units_api,true,https://api.ws.realpage.com/v2/property/9178700/units?available=true&honordisplayorder=true,3904-1,,2026-06-02 00:00 -0500,2026-06-02,historical_embedded,false,internalAvailableDate,_api_parser.realpage_units_to_adapter_shape,exact_current_parser,true,true,,availability_date,2026-06-02,2026-06-02,historical_embedded,true,false,2026-06-02,2026-06-02,historical_embedded,,false,false,false,HISTORICAL_SOURCE_DATE_PRESERVED,none,HIGH,"Primary trace replays the exact public /units envelope. When that envelope is unsupported, the diagnostic trace changes only response.units -> response list to isolate the next loss.","{""availability_date"":""2026-06-02"",""availability_status"":""AVAILABLE"",""available_units"":"""",""bathrooms"":"""",""bed_label"":"""",""bedrooms"":"""",""building"":"""",""concession"":"""",""deposit"":"""",""extraction_tier"":""TIER_1_API"",""floor"":"""",""floor_plan_name"":"""",""rent_range"":""$1,270"",""source_api_url"":""https://api.ws.realpage.com/v2/property/9178700/units?available=true&honordisplayorder=true"",""sqft"":""1220"",""unit_number"":""3904-1""}","{""_available_date_raw"":""2026-06-02"",""_concession_quality"":null,""_date_placeholder"":null,""_extra"":null,""_inferred_id"":null,""_rent_range_raw"":""$1,270"",""amenities"":null,""area"":1220,""area_absence"":null,""area_absence_evidence"":null,""availability_date_provenance"":""historical_embedded"",""availability_status"":""AVAILABLE"",""available_date"":""2026-06-02"",""available_units"":null,""baths"":null,""beds"":null,""building"":null,""concession_source"":null,""concession_text"":null,""concession_text_clean"":null,""concession_value"":null,""date_captured"":""2026-08-01 10:45:19"",""deposit"":null,""extraction_tier"":""TIER_1_API"",""floor"":null,""floor_plan_id"":null,""floor_plan_name"":null,""is_floor_plan_level"":false,""lease_term"":null,""move_in_date"":null,""offer_banner"":null,""offer_conditions"":null,""offer_target"":null,""offer_type"":null,""offer_value"":null,""rent_high"":1270.0,""rent_low"":1270.0,""source_ids"":{},""unit_id"":""3904-1"",""unit_name"":null}",controlled_single_change_replay_unwrap_response_units,true,availability_date,2026-06-02,2026-06-02,2026-06-02,historical_embedded,,,"{""availability_date"":""2026-06-02"",""availability_status"":""AVAILABLE"",""available_units"":"""",""bathrooms"":"""",""bed_label"":"""",""bedrooms"":"""",""building"":"""",""concession"":"""",""deposit"":"""",""extraction_tier"":""TIER_1_API"",""floor"":"""",""floor_plan_name"":"""",""rent_range"":""$1,270"",""source_api_url"":""https://api.ws.realpage.com/v2/property/9178700/units?available=true&honordisplayorder=true"",""sqft"":""1220"",""unit_number"":""3904-1""}","{""_available_date_raw"":""2026-06-02"",""_concession_quality"":null,""_date_placeholder"":null,""_extra"":null,""_inferred_id"":null,""_rent_range_raw"":""$1,270"",""amenities"":null,""area"":1220,""area_absence"":null,""area_absence_evidence"":null,""availability_date_provenance"":""historical_embedded"",""availability_status"":""AVAILABLE"",""available_date"":""2026-06-02"",""available_units"":null,""baths"":null,""beds"":null,""building"":null,""concession_source"":null,""concession_text"":null,""concession_text_clean"":null,""concession_value"":null,""date_captured"":""2026-08-01 10:45:19"",""deposit"":null,""extraction_tier"":""TIER_1_API"",""floor"":null,""floor_plan_id"":null,""floor_plan_name"":null,""is_floor_plan_level"":false,""lease_term"":null,""move_in_date"":null,""offer_banner"":null,""offer_conditions"":null,""offer_target"":null,""offer_type"":null,""offer_value"":null,""rent_high"":1270.0,""rent_low"":1270.0,""source_ids"":{},""unit_id"":""3904-1"",""unit_name"":null}","{""floorplanId"":11326894,""id"":17635259,""internalAvailableDate"":""2026-06-02 00:00 -0500"",""leaseStatus"":""AVAILABLE_READY"",""name"":""3904-1"",""rent"":1270,""unitNumber"":""3904-1"",""vacantDate"":""2026-08-01 00:00 -0000""}"
local_current_live_no_rp_oracle_audit_not_canary,2026-08-01T10:45:19Z,2026-08-01,2026-07-31,separate_no_rp_oracle_573_rows_78_properties,ONESITE_API,7886,Azure Place,realpage_public_widget_units_api,true,https://api.ws.realpage.com/v2/property/9178700/units?available=true&honordisplayorder=true,3904-4,,2026-01-01 00:00 -0600,2026-01-01,historical_embedded,false,internalAvailableDate,_api_parser.realpage_units_to_adapter_shape,exact_current_parser,true,true,,availability_date,2026-01-01,2026-01-01,historical_embedded,true,false,2026-01-01,2026-01-01,historical_embedded,,false,false,false,HISTORICAL_SOURCE_DATE_PRESERVED,none,HIGH,"Primary trace replays the exact public /units envelope. When that envelope is unsupported, the diagnostic trace changes only response.units -> response list to isolate the next loss.","{""availability_date"":""2026-01-01"",""availability_status"":""AVAILABLE"",""available_units"":"""",""bathrooms"":"""",""bed_label"":"""",""bedrooms"":"""",""building"":"""",""concession"":"""",""deposit"":"""",""extraction_tier"":""TIER_1_API"",""floor"":"""",""floor_plan_name"":"""",""rent_range"":""$1,250"",""source_api_url"":""https://api.ws.realpage.com/v2/property/9178700/units?available=true&honordisplayorder=true"",""sqft"":""1220"",""unit_number"":""3904-4""}","{""_available_date_raw"":""2026-01-01"",""_concession_quality"":null,""_date_placeholder"":null,""_extra"":null,""_inferred_id"":null,""_rent_range_raw"":""$1,250"",""amenities"":null,""area"":1220,""area_absence"":null,""area_absence_evidence"":null,""availability_date_provenance"":""historical_embedded"",""availability_status"":""AVAILABLE"",""available_date"":""2026-01-01"",""available_units"":null,""baths"":null,""beds"":null,""building"":null,""concession_source"":null,""concession_text"":null,""concession_text_clean"":null,""concession_value"":null,""date_captured"":""2026-08-01 10:45:19"",""deposit"":null,""extraction_tier"":""TIER_1_API"",""floor"":null,""floor_plan_id"":null,""floor_plan_name"":null,""is_floor_plan_level"":false,""lease_term"":null,""move_in_date"":null,""offer_banner"":null,""offer_conditions"":null,""offer_target"":null,""offer_type"":null,""offer_value"":null,""rent_high"":1250.0,""rent_low"":1250.0,""source_ids"":{},""unit_id"":""3904-4"",""unit_name"":null}",controlled_single_change_replay_unwrap_response_units,true,availability_date,2026-01-01,2026-01-01,2026-01-01,historical_embedded,,,"{""availability_date"":""2026-01-01"",""availability_status"":""AVAILABLE"",""available_units"":"""",""bathrooms"":"""",""bed_label"":"""",""bedrooms"":"""",""building"":"""",""concession"":"""",""deposit"":"""",""extraction_tier"":""TIER_1_API"",""floor"":"""",""floor_plan_name"":"""",""rent_range"":""$1,250"",""source_api_url"":""https://api.ws.realpage.com/v2/property/9178700/units?available=true&honordisplayorder=true"",""sqft"":""1220"",""unit_number"":""3904-4""}","{""_available_date_raw"":""2026-01-01"",""_concession_quality"":null,""_date_placeholder"":null,""_extra"":null,""_inferred_id"":null,""_rent_range_raw"":""$1,250"",""amenities"":null,""area"":1220,""area_absence"":null,""area_absence_evidence"":null,""availability_date_provenance"":""historical_embedded"",""availability_status"":""AVAILABLE"",""available_date"":""2026-01-01"",""available_units"":null,""baths"":null,""beds"":null,""building"":null,""concession_source"":null,""concession_text"":null,""concession_text_clean"":null,""concession_value"":null,""date_captured"":""2026-08-01 10:45:19"",""deposit"":null,""extraction_tier"":""TIER_1_API"",""floor"":null,""floor_plan_id"":null,""floor_plan_name"":null,""is_floor_plan_level"":false,""lease_term"":null,""move_in_date"":null,""offer_banner"":null,""offer_conditions"":null,""offer_target"":null,""offer_type"":null,""offer_value"":null,""rent_high"":1250.0,""rent_low"":1250.0,""source_ids"":{},""unit_id"":""3904-4"",""unit_name"":null}","{""floorplanId"":11326894,""id"":17635262,""internalAvailableDate"":""2026-01-01 00:00 -0600"",""leaseStatus"":""AVAILABLE_READY"",""name"":""3904-4"",""rent"":1250,""unitNumber"":""3904-4"",""vacantDate"":""2026-08-01 00:00 -0000""}"
local_current_live_no_rp_oracle_audit_not_canary,2026-08-01T10:45:19Z,2026-08-01,2026-07-31,separate_no_rp_oracle_573_rows_78_properties,ONESITE_API,7886,Azure Place,realpage_public_widget_units_api,true,https://api.ws.realpage.com/v2/property/9178700/units?available=true&honordisplayorder=true,3910-3,,2025-03-23 00:00 -0500,2025-03-23,historical_embedded,false,internalAvailableDate,_api_parser.realpage_units_to_adapter_shape,exact_current_parser,true,true,,availability_date,2025-03-23,2025-03-23,historical_embedded,true,false,2025-03-23,2025-03-23,historical_embedded,,false,false,false,HISTORICAL_SOURCE_DATE_PRESERVED,none,HIGH,"Primary trace replays the exact public /units envelope. When that envelope is unsupported, the diagnostic trace changes only response.units -> response list to isolate the next loss.","{""availability_date"":""2025-03-23"",""availability_status"":""AVAILABLE"",""available_units"":"""",""bathrooms"":"""",""bed_label"":"""",""bedrooms"":"""",""building"":"""",""concession"":"""",""deposit"":"""",""extraction_tier"":""TIER_1_API"",""floor"":"""",""floor_plan_name"":"""",""rent_range"":""$1,270"",""source_api_url"":""https://api.ws.realpage.com/v2/property/9178700/units?available=true&honordisplayorder=true"",""sqft"":""1220"",""unit_number"":""3910-3""}","{""_available_date_raw"":""2025-03-23"",""_concession_quality"":null,""_date_placeholder"":null,""_extra"":null,""_inferred_id"":null,""_rent_range_raw"":""$1,270"",""amenities"":null,""area"":1220,""area_absence"":null,""area_absence_evidence"":null,""availability_date_provenance"":""historical_embedded"",""availability_status"":""AVAILABLE"",""available_date"":""2025-03-23"",""available_units"":null,""baths"":null,""beds"":null,""building"":null,""concession_source"":null,""concession_text"":null,""concession_text_clean"":null,""concession_value"":null,""date_captured"":""2026-08-01 10:45:19"",""deposit"":null,""extraction_tier"":""TIER_1_API"",""floor"":null,""floor_plan_id"":null,""floor_plan_name"":null,""is_floor_plan_level"":false,""lease_term"":null,""move_in_date"":null,""offer_banner"":null,""offer_conditions"":null,""offer_target"":null,""offer_type"":null,""offer_value"":null,""rent_high"":1270.0,""rent_low"":1270.0,""source_ids"":{},""unit_id"":""3910-3"",""unit_name"":null}",controlled_single_change_replay_unwrap_response_units,true,availability_date,2025-03-23,2025-03-23,2025-03-23,historical_embedded,,,"{""availability_date"":""2025-03-23"",""availability_status"":""AVAILABLE"",""available_units"":"""",""bathrooms"":"""",""bed_label"":"""",""bedrooms"":"""",""building"":"""",""concession"":"""",""deposit"":"""",""extraction_tier"":""TIER_1_API"",""floor"":"""",""floor_plan_name"":"""",""rent_range"":""$1,270"",""source_api_url"":""https://api.ws.realpage.com/v2/property/9178700/units?available=true&honordisplayorder=true"",""sqft"":""1220"",""unit_number"":""3910-3""}","{""_available_date_raw"":""2025-03-23"",""_concession_quality"":null,""_date_placeholder"":null,""_extra"":null,""_inferred_id"":null,""_rent_range_raw"":""$1,270"",""amenities"":null,""area"":1220,""area_absence"":null,""area_absence_evidence"":null,""availability_date_provenance"":""historical_embedded"",""availability_status"":""AVAILABLE"",""available_date"":""2025-03-23"",""available_units"":null,""baths"":null,""beds"":null,""building"":null,""concession_source"":null,""concession_text"":null,""concession_text_clean"":null,""concession_value"":null,""date_captured"":""2026-08-01 10:45:19"",""deposit"":null,""extraction_tier"":""TIER_1_API"",""floor"":null,""floor_plan_id"":null,""floor_plan_name"":null,""is_floor_plan_level"":false,""lease_term"":null,""move_in_date"":null,""offer_banner"":null,""offer_conditions"":null,""offer_target"":null,""offer_type"":null,""offer_value"":null,""rent_high"":1270.0,""rent_low"":1270.0,""source_ids"":{},""unit_id"":""3910-3"",""unit_name"":null}","{""floorplanId"":11326894,""id"":17635265,""internalAvailableDate"":""2025-03-23 00:00 -0500"",""leaseStatus"":""AVAILABLE_READY"",""name"":""3910-3"",""rent"":1270,""unitNumber"":""3910-3"",""vacantDate"":""2026-08-01 00:00 -0000""}"
local_current_live_no_rp_oracle_audit_not_canary,2026-08-01T10:45:19Z,2026-08-01,2026-07-31,separate_no_rp_oracle_573_rows_78_properties,ONESITE_API,7886,Azure Place,realpage_public_widget_units_api,true,https://api.ws.realpage.com/v2/property/9178700/units?available=true&honordisplayorder=true,3881-3,,2026-05-02 00:00 -0500,2026-05-02,historical_embedded,false,internalAvailableDate,_api_parser.realpage_units_to_adapter_shape,exact_current_parser,true,true,,availability_date,2026-05-02,2026-05-02,historical_embedded,true,false,2026-05-02,2026-05-02,historical_embedded,,false,false,false,HISTORICAL_SOURCE_DATE_PRESERVED,none,HIGH,"Primary trace replays the exact public /units envelope. When that envelope is unsupported, the diagnostic trace changes only response.units -> response list to isolate the next loss.","{""availability_date"":""2026-05-02"",""availability_status"":""AVAILABLE"",""available_units"":"""",""bathrooms"":"""",""bed_label"":"""",""bedrooms"":"""",""building"":"""",""concession"":"""",""deposit"":"""",""extraction_tier"":""TIER_1_API"",""floor"":"""",""floor_plan_name"":"""",""rent_range"":""$995"",""source_api_url"":""https://api.ws.realpage.com/v2/property/9178700/units?available=true&honordisplayorder=true"",""sqft"":""960"",""unit_number"":""3881-3""}","{""_available_date_raw"":""2026-05-02"",""_concession_quality"":null,""_date_placeholder"":null,""_extra"":null,""_inferred_id"":null,""_rent_range_raw"":""$995"",""amenities"":null,""area"":960,""area_absence"":null,""area_absence_evidence"":null,""availability_date_provenance"":""historical_embedded"",""availability_status"":""AVAILABLE"",""available_date"":""2026-05-02"",""available_units"":null,""baths"":null,""beds"":null,""building"":null,""concession_source"":null,""concession_text"":null,""concession_text_clean"":null,""concession_value"":null,""date_captured"":""2026-08-01 10:45:19"",""deposit"":null,""extraction_tier"":""TIER_1_API"",""floor"":null,""floor_plan_id"":null,""floor_plan_name"":null,""is_floor_plan_level"":false,""lease_term"":null,""move_in_date"":null,""offer_banner"":null,""offer_conditions"":null,""offer_target"":null,""offer_type"":null,""offer_value"":null,""rent_high"":995.0,""rent_low"":995.0,""source_ids"":{},""unit_id"":""3881-3"",""unit_name"":null}",controlled_single_change_replay_unwrap_response_units,true,availability_date,2026-05-02,2026-05-02,2026-05-02,historical_embedded,,,"{""availability_date"":""2026-05-02"",""availability_status"":""AVAILABLE"",""available_units"":"""",""bathrooms"":"""",""bed_label"":"""",""bedrooms"":"""",""building"":"""",""concession"":"""",""deposit"":"""",""extraction_tier"":""TIER_1_API"",""floor"":"""",""floor_plan_name"":"""",""rent_range"":""$995"",""source_api_url"":""https://api.ws.realpage.com/v2/property/9178700/units?available=true&honordisplayorder=true"",""sqft"":""960"",""unit_number"":""3881-3""}","{""_available_date_raw"":""2026-05-02"",""_concession_quality"":null,""_date_placeholder"":null,""_extra"":null,""_inferred_id"":null,""_rent_range_raw"":""$995"",""amenities"":null,""area"":960,""area_absence"":null,""area_absence_evidence"":null,""availability_date_provenance"":""historical_embedded"",""availability_status"":""AVAILABLE"",""available_date"":""2026-05-02"",""available_units"":null,""baths"":null,""beds"":null,""building"":null,""concession_source"":null,""concession_text"":null,""concession_text_clean"":null,""concession_value"":null,""date_captured"":""2026-08-01 10:45:19"",""deposit"":null,""extraction_tier"":""TIER_1_API"",""floor"":null,""floor_plan_id"":null,""floor_plan_name"":null,""is_floor_plan_level"":false,""lease_term"":null,""move_in_date"":null,""offer_banner"":null,""offer_conditions"":null,""offer_target"":null,""offer_type"":null,""offer_value"":null,""rent_high"":995.0,""rent_low"":995.0,""source_ids"":{},""unit_id"":""3881-3"",""unit_name"":null}","{""floorplanId"":11326879,""id"":17635269,""internalAvailableDate"":""2026-05-02 00:00 -0500"",""leaseStatus"":""AVAILABLE_READY"",""name"":""3881-3"",""rent"":995,""unitNumber"":""3881-3"",""vacantDate"":""2026-08-01 00:00 -0000""}"
local_current_live_no_rp_oracle_audit_not_canary,2026-08-01T10:45:19Z,2026-08-01,2026-07-31,separate_no_rp_oracle_573_rows_78_properties,ONESITE_API,7886,Azure Place,realpage_public_widget_units_api,true,https://api.ws.realpage.com/v2/property/9178700/units?available=true&honordisplayorder=true,3905-2,,1980-01-01 00:00 -0600,,unparsed_availability_text,false,internalAvailableDate,_api_parser.realpage_units_to_adapter_shape,exact_current_parser,true,true,,availability_date,1980-01-01,,unparsed_availability_text,true,false,2026-08-01,1980-01-01,sentinel_clamped,,false,false,false,UNPARSED_NATIVE_AVAILABILITY,unparsed_source_text,MEDIUM,"Primary trace replays the exact public /units envelope. When that envelope is unsupported, the diagnostic trace changes only response.units -> response list to isolate the next loss.","{""availability_date"":""1980-01-01"",""availability_status"":""AVAILABLE"",""available_units"":"""",""bathrooms"":"""",""bed_label"":"""",""bedrooms"":"""",""building"":"""",""concession"":"""",""deposit"":"""",""extraction_tier"":""TIER_1_API"",""floor"":"""",""floor_plan_name"":"""",""rent_range"":""$975"",""source_api_url"":""https://api.ws.realpage.com/v2/property/9178700/units?available=true&honordisplayorder=true"",""sqft"":""940"",""unit_number"":""3905-2""}","{""_available_date_raw"":""1980-01-01"",""_concession_quality"":null,""_date_placeholder"":null,""_extra"":null,""_inferred_id"":null,""_rent_range_raw"":""$975"",""amenities"":null,""area"":940,""area_absence"":null,""area_absence_evidence"":null,""availability_date_provenance"":""sentinel_clamped"",""availability_status"":""AVAILABLE"",""available_date"":""2026-08-01"",""available_units"":null,""baths"":null,""beds"":null,""building"":null,""concession_source"":null,""concession_text"":null,""concession_text_clean"":null,""concession_value"":null,""date_captured"":""2026-08-01 10:45:19"",""deposit"":null,""extraction_tier"":""TIER_1_API"",""floor"":null,""floor_plan_id"":null,""floor_plan_name"":null,""is_floor_plan_level"":false,""lease_term"":null,""move_in_date"":null,""offer_banner"":null,""offer_conditions"":null,""offer_target"":null,""offer_type"":null,""offer_value"":null,""rent_high"":975.0,""rent_low"":975.0,""source_ids"":{},""unit_id"":""3905-2"",""unit_name"":null}",controlled_single_change_replay_unwrap_response_units,true,availability_date,1980-01-01,,2026-08-01,sentinel_clamped,,,"{""availability_date"":""1980-01-01"",""availability_status"":""AVAILABLE"",""available_units"":"""",""bathrooms"":"""",""bed_label"":"""",""bedrooms"":"""",""building"":"""",""concession"":"""",""deposit"":"""",""extraction_tier"":""TIER_1_API"",""floor"":"""",""floor_plan_name"":"""",""rent_range"":""$975"",""source_api_url"":""https://api.ws.realpage.com/v2/property/9178700/units?available=true&honordisplayorder=true"",""sqft"":""940"",""unit_number"":""3905-2""}","{""_available_date_raw"":""1980-01-01"",""_concession_quality"":null,""_date_placeholder"":null,""_extra"":null,""_inferred_id"":null,""_rent_range_raw"":""$975"",""amenities"":null,""area"":940,""area_absence"":null,""area_absence_evidence"":null,""availability_date_provenance"":""sentinel_clamped"",""availability_status"":""AVAILABLE"",""available_date"":""2026-08-01"",""available_units"":null,""baths"":null,""beds"":null,""building"":null,""concession_source"":null,""concession_text"":null,""concession_text_clean"":null,""concession_value"":null,""date_captured"":""2026-08-01 10:45:19"",""deposit"":null,""extraction_tier"":""TIER_1_API"",""floor"":null,""floor_plan_id"":null,""floor_plan_name"":null,""is_floor_plan_level"":false,""lease_term"":null,""move_in_date"":null,""offer_banner"":null,""offer_conditions"":null,""offer_target"":null,""offer_type"":null,""offer_value"":null,""rent_high"":975.0,""rent_low"":975.0,""source_ids"":{},""unit_id"":""3905-2"",""unit_name"":null}","{""floorplanId"":11326873,""id"":17635280,""internalAvailableDate"":""1980-01-01 00:00 -0600"",""leaseStatus"":""AVAILABLE_READY"",""name"":""3905-2"",""rent"":975,""unitNumber"":""3905-2"",""vacantDate"":""2026-08-01 00:00 -0000""}"
local_current_live_no_rp_oracle_audit_not_canary,2026-08-01T10:45:19Z,2026-08-01,2026-07-31,separate_no_rp_oracle_573_rows_78_properties,ONESITE_API,7886,Azure Place,realpage_public_widget_units_api,true,https://api.ws.realpage.com/v2/property/9178700/units?available=true&honordisplayorder=true,3882-6,,2026-02-08 00:00 -0600,2026-02-08,historical_embedded,false,internalAvailableDate,_api_parser.realpage_units_to_adapter_shape,exact_current_parser,true,true,,availability_date,2026-02-08,2026-02-08,historical_embedded,true,false,2026-02-08,2026-02-08,historical_embedded,,false,false,false,HISTORICAL_SOURCE_DATE_PRESERVED,none,HIGH,"Primary trace replays the exact public /units envelope. When that envelope is unsupported, the diagnostic trace changes only response.units -> response list to isolate the next loss.","{""availability_date"":""2026-02-08"",""availability_status"":""AVAILABLE"",""available_units"":"""",""bathrooms"":"""",""bed_label"":"""",""bedrooms"":"""",""building"":"""",""concession"":"""",""deposit"":"""",""extraction_tier"":""TIER_1_API"",""floor"":"""",""floor_plan_name"":"""",""rent_range"":""$885"",""source_api_url"":""https://api.ws.realpage.com/v2/property/9178700/units?available=true&honordisplayorder=true"",""sqft"":""710"",""unit_number"":""3882-6""}","{""_available_date_raw"":""2026-02-08"",""_concession_quality"":null,""_date_placeholder"":null,""_extra"":null,""_inferred_id"":null,""_rent_range_raw"":""$885"",""amenities"":null,""area"":710,""area_absence"":null,""area_absence_evidence"":null,""availability_date_provenance"":""historical_embedded"",""availability_status"":""AVAILABLE"",""available_date"":""2026-02-08"",""available_units"":null,""baths"":null,""beds"":null,""building"":null,""concession_source"":null,""concession_text"":null,""concession_text_clean"":null,""concession_value"":null,""date_captured"":""2026-08-01 10:45:19"",""deposit"":null,""extraction_tier"":""TIER_1_API"",""floor"":null,""floor_plan_id"":null,""floor_plan_name"":null,""is_floor_plan_level"":false,""lease_term"":null,""move_in_date"":null,""offer_banner"":null,""offer_conditions"":null,""offer_target"":null,""offer_type"":null,""offer_value"":null,""rent_high"":885.0,""rent_low"":885.0,""source_ids"":{},""unit_id"":""3882-6"",""unit_name"":null}",controlled_single_change_replay_unwrap_response_units,true,availability_date,2026-02-08,2026-02-08,2026-02-08,historical_embedded,,,"{""availability_date"":""2026-02-08"",""availability_status"":""AVAILABLE"",""available_units"":"""",""bathrooms"":"""",""bed_label"":"""",""bedrooms"":"""",""building"":"""",""concession"":"""",""deposit"":"""",""extraction_tier"":""TIER_1_API"",""floor"":"""",""floor_plan_name"":"""",""rent_range"":""$885"",""source_api_url"":""https://api.ws.realpage.com/v2/property/9178700/units?available=true&honordisplayorder=true"",""sqft"":""710"",""unit_number"":""3882-6""}","{""_available_date_raw"":""2026-02-08"",""_concession_quality"":null,""_date_placeholder"":null,""_extra"":null,""_inferred_id"":null,""_rent_range_raw"":""$885"",""amenities"":null,""area"":710,""area_absence"":null,""area_absence_evidence"":null,""availability_date_provenance"":""historical_embedded"",""availability_status"":""AVAILABLE"",""available_date"":""2026-02-08"",""available_units"":null,""baths"":null,""beds"":null,""building"":null,""concession_source"":null,""concession_text"":null,""concession_text_clean"":null,""concession_value"":null,""date_captured"":""2026-08-01 10:45:19"",""deposit"":null,""extraction_tier"":""TIER_1_API"",""floor"":null,""floor_plan_id"":null,""floor_plan_name"":null,""is_floor_plan_level"":false,""lease_term"":null,""move_in_date"":null,""offer_banner"":null,""offer_conditions"":null,""offer_target"":null,""offer_type"":null,""offer_value"":null,""rent_high"":885.0,""rent_low"":885.0,""source_ids"":{},""unit_id"":""3882-6"",""unit_name"":null}","{""floorplanId"":11326733,""id"":17635317,""internalAvailableDate"":""2026-02-08 00:00 -0600"",""leaseStatus"":""AVAILABLE_READY"",""name"":""3882-6"",""rent"":885,""unitNumber"":""3882-6"",""vacantDate"":""2026-08-01 00:00 -0000""}"
local_current_live_no_rp_oracle_audit_not_canary,2026-08-01T10:45:19Z,2026-08-01,2026-07-31,separate_no_rp_oracle_573_rows_78_properties,ONESITE_API,7886,Azure Place,realpage_public_widget_units_api,true,https://api.ws.realpage.com/v2/property/9178700/units?available=true&honordisplayorder=true,3882-7,,2026-04-28 00:00 -0500,2026-04-28,historical_embedded,false,internalAvailableDate,_api_parser.realpage_units_to_adapter_shape,exact_current_parser,true,true,,availability_date,2026-04-28,2026-04-28,historical_embedded,true,false,2026-04-28,2026-04-28,historical_embedded,,false,false,false,HISTORICAL_SOURCE_DATE_PRESERVED,none,HIGH,"Primary trace replays the exact public /units envelope. When that envelope is unsupported, the diagnostic trace changes only response.units -> response list to isolate the next loss.","{""availability_date"":""2026-04-28"",""availability_status"":""AVAILABLE"",""available_units"":"""",""bathrooms"":"""",""bed_label"":"""",""bedrooms"":"""",""building"":"""",""concession"":"""",""deposit"":"""",""extraction_tier"":""TIER_1_API"",""floor"":"""",""floor_plan_name"":"""",""rent_range"":""$905"",""source_api_url"":""https://api.ws.realpage.com/v2/property/9178700/units?available=true&honordisplayorder=true"",""sqft"":""710"",""unit_number"":""3882-7""}","{""_available_date_raw"":""2026-04-28"",""_concession_quality"":null,""_date_placeholder"":null,""_extra"":null,""_inferred_id"":null,""_rent_range_raw"":""$905"",""amenities"":null,""area"":710,""area_absence"":null,""area_absence_evidence"":null,""availability_date_provenance"":""historical_embedded"",""availability_status"":""AVAILABLE"",""available_date"":""2026-04-28"",""available_units"":null,""baths"":null,""beds"":null,""building"":null,""concession_source"":null,""concession_text"":null,""concession_text_clean"":null,""concession_value"":null,""date_captured"":""2026-08-01 10:45:19"",""deposit"":null,""extraction_tier"":""TIER_1_API"",""floor"":null,""floor_plan_id"":null,""floor_plan_name"":null,""is_floor_plan_level"":false,""lease_term"":null,""move_in_date"":null,""offer_banner"":null,""offer_conditions"":null,""offer_target"":null,""offer_type"":null,""offer_value"":null,""rent_high"":905.0,""rent_low"":905.0,""source_ids"":{},""unit_id"":""3882-7"",""unit_name"":null}",controlled_single_change_replay_unwrap_response_units,true,availability_date,2026-04-28,2026-04-28,2026-04-28,historical_embedded,,,"{""availability_date"":""2026-04-28"",""availability_status"":""AVAILABLE"",""available_units"":"""",""bathrooms"":"""",""bed_label"":"""",""bedrooms"":"""",""building"":"""",""concession"":"""",""deposit"":"""",""extraction_tier"":""TIER_1_API"",""floor"":"""",""floor_plan_name"":"""",""rent_range"":""$905"",""source_api_url"":""https://api.ws.realpage.com/v2/property/9178700/units?available=true&honordisplayorder=true"",""sqft"":""710"",""unit_number"":""3882-7""}","{""_available_date_raw"":""2026-04-28"",""_concession_quality"":null,""_date_placeholder"":null,""_extra"":null,""_inferred_id"":null,""_rent_range_raw"":""$905"",""amenities"":null,""area"":710,""area_absence"":null,""area_absence_evidence"":null,""availability_date_provenance"":""historical_embedded"",""availability_status"":""AVAILABLE"",""available_date"":""2026-04-28"",""available_units"":null,""baths"":null,""beds"":null,""building"":null,""concession_source"":null,""concession_text"":null,""concession_text_clean"":null,""concession_value"":null,""date_captured"":""2026-08-01 10:45:19"",""deposit"":null,""extraction_tier"":""TIER_1_API"",""floor"":null,""floor_plan_id"":null,""floor_plan_name"":null,""is_floor_plan_level"":false,""lease_term"":null,""move_in_date"":null,""offer_banner"":null,""offer_conditions"":null,""offer_target"":null,""offer_type"":null,""offer_value"":null,""rent_high"":905.0,""rent_low"":905.0,""source_ids"":{},""unit_id"":""3882-7"",""unit_name"":null}","{""floorplanId"":11326733,""id"":17635318,""internalAvailableDate"":""2026-04-28 00:00 -0500"",""leaseStatus"":""AVAILABLE_READY"",""name"":""3882-7"",""rent"":905,""unitNumber"":""3882-7"",""vacantDate"":""2026-08-01 00:00 -0000""}"
local_current_live_no_rp_oracle_audit_not_canary,2026-08-01T10:45:19Z,2026-08-01,2026-07-31,separate_no_rp_oracle_573_rows_78_properties,ONESITE_API,7886,Azure Place,realpage_public_widget_units_api,true,https://api.ws.realpage.com/v2/property/9178700/units?available=true&honordisplayorder=true,3882-8,,2026-01-08 00:00 -0600,2026-01-08,historical_embedded,false,internalAvailableDate,_api_parser.realpage_units_to_adapter_shape,exact_current_parser,true,true,,availability_date,2026-01-08,2026-01-08,historical_embedded,true,false,2026-01-08,2026-01-08,historical_embedded,,false,false,false,HISTORICAL_SOURCE_DATE_PRESERVED,none,HIGH,"Primary trace replays the exact public /units envelope. When that envelope is unsupported, the diagnostic trace changes only response.units -> response list to isolate the next loss.","{""availability_date"":""2026-01-08"",""availability_status"":""AVAILABLE"",""available_units"":"""",""bathrooms"":"""",""bed_label"":"""",""bedrooms"":"""",""building"":"""",""concession"":"""",""deposit"":"""",""extraction_tier"":""TIER_1_API"",""floor"":"""",""floor_plan_name"":"""",""rent_range"":""$885"",""source_api_url"":""https://api.ws.realpage.com/v2/property/9178700/units?available=true&honordisplayorder=true"",""sqft"":""710"",""unit_number"":""3882-8""}","{""_available_date_raw"":""2026-01-08"",""_concession_quality"":null,""_date_placeholder"":null,""_extra"":null,""_inferred_id"":null,""_rent_range_raw"":""$885"",""amenities"":null,""area"":710,""area_absence"":null,""area_absence_evidence"":null,""availability_date_provenance"":""historical_embedded"",""availability_status"":""AVAILABLE"",""available_date"":""2026-01-08"",""available_units"":null,""baths"":null,""beds"":null,""building"":null,""concession_source"":null,""concession_text"":null,""concession_text_clean"":null,""concession_value"":null,""date_captured"":""2026-08-01 10:45:19"",""deposit"":null,""extraction_tier"":""TIER_1_API"",""floor"":null,""floor_plan_id"":null,""floor_plan_name"":null,""is_floor_plan_level"":false,""lease_term"":null,""move_in_date"":null,""offer_banner"":null,""offer_conditions"":null,""offer_target"":null,""offer_type"":null,""offer_value"":null,""rent_high"":885.0,""rent_low"":885.0,""source_ids"":{},""unit_id"":""3882-8"",""unit_name"":null}",controlled_single_change_replay_unwrap_response_units,true,availability_date,2026-01-08,2026-01-08,2026-01-08,historical_embedded,,,"{""availability_date"":""2026-01-08"",""availability_status"":""AVAILABLE"",""available_units"":"""",""bathrooms"":"""",""bed_label"":"""",""bedrooms"":"""",""building"":"""",""concession"":"""",""deposit"":"""",""extraction_tier"":""TIER_1_API"",""floor"":"""",""floor_plan_name"":"""",""rent_range"":""$885"",""source_api_url"":""https://api.ws.realpage.com/v2/property/9178700/units?available=true&honordisplayorder=true"",""sqft"":""710"",""unit_number"":""3882-8""}","{""_available_date_raw"":""2026-01-08"",""_concession_quality"":null,""_date_placeholder"":null,""_extra"":null,""_inferred_id"":null,""_rent_range_raw"":""$885"",""amenities"":null,""area"":710,""area_absence"":null,""area_absence_evidence"":null,""availability_date_provenance"":""historical_embedded"",""availability_status"":""AVAILABLE"",""available_date"":""2026-01-08"",""available_units"":null,""baths"":null,""beds"":null,""building"":null,""concession_source"":null,""concession_text"":null,""concession_text_clean"":null,""concession_value"":null,""date_captured"":""2026-08-01 10:45:19"",""deposit"":null,""extraction_tier"":""TIER_1_API"",""floor"":null,""floor_plan_id"":null,""floor_plan_name"":null,""is_floor_plan_level"":false,""lease_term"":null,""move_in_date"":null,""offer_banner"":null,""offer_conditions"":null,""offer_target"":null,""offer_type"":null,""offer_value"":null,""rent_high"":885.0,""rent_low"":885.0,""source_ids"":{},""unit_id"":""3882-8"",""unit_name"":null}","{""floorplanId"":11326733,""id"":17635319,""internalAvailableDate"":""2026-01-08 00:00 -0600"",""leaseStatus"":""AVAILABLE_READY"",""name"":""3882-8"",""rent"":885,""unitNumber"":""3882-8"",""vacantDate"":""2026-08-01 00:00 -0000""}"
local_current_live_no_rp_oracle_audit_not_canary,2026-08-01T10:45:19Z,2026-08-01,2026-07-31,separate_no_rp_oracle_573_rows_78_properties,ONESITE_API,7886,Azure Place,realpage_public_widget_units_api,true,https://api.ws.realpage.com/v2/property/9178700/units?available=true&honordisplayorder=true,3884-2,,2026-06-02 00:00 -0500,2026-06-02,historical_embedded,false,internalAvailableDate,_api_parser.realpage_units_to_adapter_shape,exact_current_parser,true,true,,availability_date,2026-06-02,2026-06-02,historical_embedded,true,false,2026-06-02,2026-06-02,historical_embedded,,false,false,false,HISTORICAL_SOURCE_DATE_PRESERVED,none,HIGH,"Primary trace replays the exact public /units envelope. When that envelope is unsupported, the diagnostic trace changes only response.units -> response list to isolate the next loss.","{""availability_date"":""2026-06-02"",""availability_status"":""AVAILABLE"",""available_units"":"""",""bathrooms"":"""",""bed_label"":"""",""bedrooms"":"""",""building"":"""",""concession"":"""",""deposit"":"""",""extraction_tier"":""TIER_1_API"",""floor"":"""",""floor_plan_name"":"""",""rent_range"":""$885"",""source_api_url"":""https://api.ws.realpage.com/v2/property/9178700/units?available=true&honordisplayorder=true"",""sqft"":""710"",""unit_number"":""3884-2""}","{""_available_date_raw"":""2026-06-02"",""_concession_quality"":null,""_date_placeholder"":null,""_extra"":null,""_inferred_id"":null,""_rent_range_raw"":""$885"",""amenities"":null,""area"":710,""area_absence"":null,""area_absence_evidence"":null,""availability_date_provenance"":""historical_embedded"",""availability_status"":""AVAILABLE"",""available_date"":""2026-06-02"",""available_units"":null,""baths"":null,""beds"":null,""building"":null,""concession_source"":null,""concession_text"":null,""concession_text_clean"":null,""concession_value"":null,""date_captured"":""2026-08-01 10:45:19"",""deposit"":null,""extraction_tier"":""TIER_1_API"",""floor"":null,""floor_plan_id"":null,""floor_plan_name"":null,""is_floor_plan_level"":false,""lease_term"":null,""move_in_date"":null,""offer_banner"":null,""offer_conditions"":null,""offer_target"":null,""offer_type"":null,""offer_value"":null,""rent_high"":885.0,""rent_low"":885.0,""source_ids"":{},""unit_id"":""3884-2"",""unit_name"":null}",controlled_single_change_replay_unwrap_response_units,true,availability_date,2026-06-02,2026-06-02,2026-06-02,historical_embedded,,,"{""availability_date"":""2026-06-02"",""availability_status"":""AVAILABLE"",""available_units"":"""",""bathrooms"":"""",""bed_label"":"""",""bedrooms"":"""",""building"":"""",""concession"":"""",""deposit"":"""",""extraction_tier"":""TIER_1_API"",""floor"":"""",""floor_plan_name"":"""",""rent_range"":""$885"",""source_api_url"":""https://api.ws.realpage.com/v2/property/9178700/units?available=true&honordisplayorder=true"",""sqft"":""710"",""unit_number"":""3884-2""}","{""_available_date_raw"":""2026-06-02"",""_concession_quality"":null,""_date_placeholder"":null,""_extra"":null,""_inferred_id"":null,""_rent_range_raw"":""$885"",""amenities"":null,""area"":710,""area_absence"":null,""area_absence_evidence"":null,""availability_date_provenance"":""historical_embedded"",""availability_status"":""AVAILABLE"",""available_date"":""2026-06-02"",""available_units"":null,""baths"":null,""beds"":null,""building"":null,""concession_source"":null,""concession_text"":null,""concession_text_clean"":null,""concession_value"":null,""date_captured"":""2026-08-01 10:45:19"",""deposit"":null,""extraction_tier"":""TIER_1_API"",""floor"":null,""floor_plan_id"":null,""floor_plan_name"":null,""is_floor_plan_level"":false,""lease_term"":null,""move_in_date"":null,""offer_banner"":null,""offer_conditions"":null,""offer_target"":null,""offer_type"":null,""offer_value"":null,""rent_high"":885.0,""rent_low"":885.0,""source_ids"":{},""unit_id"":""3884-2"",""unit_name"":null}","{""floorplanId"":11326733,""id"":17635323,""internalAvailableDate"":""2026-06-02 00:00 -0500"",""leaseStatus"":""AVAILABLE_READY"",""name"":""3884-2"",""rent"":885,""unitNumber"":""3884-2"",""vacantDate"":""2026-08-01 00:00 -0000""}"
local_current_live_no_rp_oracle_audit_not_canary,2026-08-01T10:45:19Z,2026-08-01,2026-07-31,separate_no_rp_oracle_573_rows_78_properties,ONESITE_API,7886,Azure Place,realpage_public_widget_units_api,true,https://api.ws.realpage.com/v2/property/9178700/units?available=true&honordisplayorder=true,3884-6,,2026-05-12 00:00 -0500,2026-05-12,historical_embedded,false,internalAvailableDate,_api_parser.realpage_units_to_adapter_shape,exact_current_parser,true,true,,availability_date,2026-05-12,2026-05-12,historical_embedded,true,false,2026-05-12,2026-05-12,historical_embedded,,false,false,false,HISTORICAL_SOURCE_DATE_PRESERVED,none,HIGH,"Primary trace replays the exact public /units envelope. When that envelope is unsupported, the diagnostic trace changes only response.units -> response list to isolate the next loss.","{""availability_date"":""2026-05-12"",""availability_status"":""AVAILABLE"",""available_units"":"""",""bathrooms"":"""",""bed_label"":"""",""bedrooms"":"""",""building"":"""",""concession"":"""",""deposit"":"""",""extraction_tier"":""TIER_1_API"",""floor"":"""",""floor_plan_name"":"""",""rent_range"":""$885"",""source_api_url"":""https://api.ws.realpage.com/v2/property/9178700/units?available=true&honordisplayorder=true"",""sqft"":""710"",""unit_number"":""3884-6""}","{""_available_date_raw"":""2026-05-12"",""_concession_quality"":null,""_date_placeholder"":null,""_extra"":null,""_inferred_id"":null,""_rent_range_raw"":""$885"",""amenities"":null,""area"":710,""area_absence"":null,""area_absence_evidence"":null,""availability_date_provenance"":""historical_embedded"",""availability_status"":""AVAILABLE"",""available_date"":""2026-05-12"",""available_units"":null,""baths"":null,""beds"":null,""building"":null,""concession_source"":null,""concession_text"":null,""concession_text_clean"":null,""concession_value"":null,""date_captured"":""2026-08-01 10:45:19"",""deposit"":null,""extraction_tier"":""TIER_1_API"",""floor"":null,""floor_plan_id"":null,""floor_plan_name"":null,""is_floor_plan_level"":false,""lease_term"":null,""move_in_date"":null,""offer_banner"":null,""offer_conditions"":null,""offer_target"":null,""offer_type"":null,""offer_value"":null,""rent_high"":885.0,""rent_low"":885.0,""source_ids"":{},""unit_id"":""3884-6"",""unit_name"":null}",controlled_single_change_replay_unwrap_response_units,true,availability_date,2026-05-12,2026-05-12,2026-05-12,historical_embedded,,,"{""availability_date"":""2026-05-12"",""availability_status"":""AVAILABLE"",""available_units"":"""",""bathrooms"":"""",""bed_label"":"""",""bedrooms"":"""",""building"":"""",""concession"":"""",""deposit"":"""",""extraction_tier"":""TIER_1_API"",""floor"":"""",""floor_plan_name"":"""",""rent_range"":""$885"",""source_api_url"":""https://api.ws.realpage.com/v2/property/9178700/units?available=true&honordisplayorder=true"",""sqft"":""710"",""unit_number"":""3884-6""}","{""_available_date_raw"":""2026-05-12"",""_concession_quality"":null,""_date_placeholder"":null,""_extra"":null,""_inferred_id"":null,""_rent_range_raw"":""$885"",""amenities"":null,""area"":710,""area_absence"":null,""area_absence_evidence"":null,""availability_date_provenance"":""historical_embedded"",""availability_status"":""AVAILABLE"",""available_date"":""2026-05-12"",""available_units"":null,""baths"":null,""beds"":null,""building"":null,""concession_source"":null,""concession_text"":null,""concession_text_clean"":null,""concession_value"":null,""date_captured"":""2026-08-01 10:45:19"",""deposit"":null,""extraction_tier"":""TIER_1_API"",""floor"":null,""floor_plan_id"":null,""floor_plan_name"":null,""is_floor_plan_level"":false,""lease_term"":null,""move_in_date"":null,""offer_banner"":null,""offer_conditions"":null,""offer_target"":null,""offer_type"":null,""offer_value"":null,""rent_high"":885.0,""rent_low"":885.0,""source_ids"":{},""unit_id"":""3884-6"",""unit_name"":null}","{""floorplanId"":11326733,""id"":17635327,""internalAvailableDate"":""2026-05-12 00:00 -0500"",""leaseStatus"":""AVAILABLE_READY"",""name"":""3884-6"",""rent"":885,""unitNumber"":""3884-6"",""vacantDate"":""2026-08-01 00:00 -0000""}"
local_current_live_no_rp_oracle_audit_not_canary,2026-08-01T10:45:19Z,2026-08-01,2026-07-31,separate_no_rp_oracle_573_rows_78_properties,ONESITE_API,7886,Azure Place,realpage_public_widget_units_api,true,https://api.ws.realpage.com/v2/property/9178700/units?available=true&honordisplayorder=true,3864-1,,2025-08-20 00:00 -0500,2025-08-20,historical_embedded,false,internalAvailableDate,_api_parser.realpage_units_to_adapter_shape,exact_current_parser,true,true,,availability_date,2025-08-20,2025-08-20,historical_embedded,true,false,2025-08-20,2025-08-20,historical_embedded,,false,false,false,HISTORICAL_SOURCE_DATE_PRESERVED,none,HIGH,"Primary trace replays the exact public /units envelope. When that envelope is unsupported, the diagnostic trace changes only response.units -> response list to isolate the next loss.","{""availability_date"":""2025-08-20"",""availability_status"":""AVAILABLE"",""available_units"":"""",""bathrooms"":"""",""bed_label"":"""",""bedrooms"":"""",""building"":"""",""concession"":"""",""deposit"":"""",""extraction_tier"":""TIER_1_API"",""floor"":"""",""floor_plan_name"":"""",""rent_range"":""$915"",""source_api_url"":""https://api.ws.realpage.com/v2/property/9178700/units?available=true&honordisplayorder=true"",""sqft"":""740"",""unit_number"":""3864-1""}","{""_available_date_raw"":""2025-08-20"",""_concession_quality"":null,""_date_placeholder"":null,""_extra"":null,""_inferred_id"":null,""_rent_range_raw"":""$915"",""amenities"":null,""area"":740,""area_absence"":null,""area_absence_evidence"":null,""availability_date_provenance"":""historical_embedded"",""availability_status"":""AVAILABLE"",""available_date"":""2025-08-20"",""available_units"":null,""baths"":null,""beds"":null,""building"":null,""concession_source"":null,""concession_text"":null,""concession_text_clean"":null,""concession_value"":null,""date_captured"":""2026-08-01 10:45:19"",""deposit"":null,""extraction_tier"":""TIER_1_API"",""floor"":null,""floor_plan_id"":null,""floor_plan_name"":null,""is_floor_plan_level"":false,""lease_term"":null,""move_in_date"":null,""offer_banner"":null,""offer_conditions"":null,""offer_target"":null,""offer_type"":null,""offer_value"":null,""rent_high"":915.0,""rent_low"":915.0,""source_ids"":{},""unit_id"":""3864-1"",""unit_name"":null}",controlled_single_change_replay_unwrap_response_units,true,availability_date,2025-08-20,2025-08-20,2025-08-20,historical_embedded,,,"{""availability_date"":""2025-08-20"",""availability_status"":""AVAILABLE"",""available_units"":"""",""bathrooms"":"""",""bed_label"":"""",""bedrooms"":"""",""building"":"""",""concession"":"""",""deposit"":"""",""extraction_tier"":""TIER_1_API"",""floor"":"""",""floor_plan_name"":"""",""rent_range"":""$915"",""source_api_url"":""https://api.ws.realpage.com/v2/property/9178700/units?available=true&honordisplayorder=true"",""sqft"":""740"",""unit_number"":""3864-1""}","{""_available_date_raw"":""2025-08-20"",""_concession_quality"":null,""_date_placeholder"":null,""_extra"":null,""_inferred_id"":null,""_rent_range_raw"":""$915"",""amenities"":null,""area"":740,""area_absence"":null,""area_absence_evidence"":null,""availability_date_provenance"":""historical_embedded"",""availability_status"":""AVAILABLE"",""available_date"":""2025-08-20"",""available_units"":null,""baths"":null,""beds"":null,""building"":null,""concession_source"":null,""concession_text"":null,""concession_text_clean"":null,""concession_value"":null,""date_captured"":""2026-08-01 10:45:19"",""deposit"":null,""extraction_tier"":""TIER_1_API"",""floor"":null,""floor_plan_id"":null,""floor_plan_name"":null,""is_floor_plan_level"":false,""lease_term"":null,""move_in_date"":null,""offer_banner"":null,""offer_conditions"":null,""offer_target"":null,""offer_type"":null,""offer_value"":null,""rent_high"":915.0,""rent_low"":915.0,""source_ids"":{},""unit_id"":""3864-1"",""unit_name"":null}","{""floorplanId"":11326823,""id"":17635331,""internalAvailableDate"":""2025-08-20 00:00 -0500"",""leaseStatus"":""AVAILABLE_READY"",""name"":""3864-1"",""rent"":915,""unitNumber"":""3864-1"",""vacantDate"":""2026-08-01 00:00 -0000""}"
local_current_live_no_rp_oracle_audit_not_canary,2026-08-01T10:45:19Z,2026-08-01,2026-07-31,separate_no_rp_oracle_573_rows_78_properties,ONESITE_API,7886,Azure Place,realpage_public_widget_units_api,true,https://api.ws.realpage.com/v2/property/9178700/units?available=true&honordisplayorder=true,2958-10,,2025-07-22 00:00 -0500,2025-07-22,historical_embedded,false,internalAvailableDate,_api_parser.realpage_units_to_adapter_shape,exact_current_parser,true,true,,availability_date,2025-07-22,2025-07-22,historical_embedded,true,false,2025-07-22,2025-07-22,historical_embedded,,false,false,false,HISTORICAL_SOURCE_DATE_PRESERVED,none,HIGH,"Primary trace replays the exact public /units envelope. When that envelope is unsupported, the diagnostic trace changes only response.units -> response list to isolate the next loss.","{""availability_date"":""2025-07-22"",""availability_status"":""AVAILABLE"",""available_units"":"""",""bathrooms"":"""",""bed_label"":"""",""bedrooms"":"""",""building"":"""",""concession"":"""",""deposit"":"""",""extraction_tier"":""TIER_1_API"",""floor"":"""",""floor_plan_name"":"""",""rent_range"":""$885"",""source_api_url"":""https://api.ws.realpage.com/v2/property/9178700/units?available=true&honordisplayorder=true"",""sqft"":""710"",""unit_number"":""2958-10""}","{""_available_date_raw"":""2025-07-22"",""_concession_quality"":null,""_date_placeholder"":null,""_extra"":null,""_inferred_id"":null,""_rent_range_raw"":""$885"",""amenities"":null,""area"":710,""area_absence"":null,""area_absence_evidence"":null,""availability_date_provenance"":""historical_embedded"",""availability_status"":""AVAILABLE"",""available_date"":""2025-07-22"",""available_units"":null,""baths"":null,""beds"":null,""building"":null,""concession_source"":null,""concession_text"":null,""concession_text_clean"":null,""concession_value"":null,""date_captured"":""2026-08-01 10:45:19"",""deposit"":null,""extraction_tier"":""TIER_1_API"",""floor"":null,""floor_plan_id"":null,""floor_plan_name"":null,""is_floor_plan_level"":false,""lease_term"":null,""move_in_date"":null,""offer_banner"":null,""offer_conditions"":null,""offer_target"":null,""offer_type"":null,""offer_value"":null,""rent_high"":885.0,""rent_low"":885.0,""source_ids"":{},""unit_id"":""2958-10"",""unit_name"":null}",controlled_single_change_replay_unwrap_response_units,true,availability_date,2025-07-22,2025-07-22,2025-07-22,historical_embedded,,,"{""availability_date"":""2025-07-22"",""availability_status"":""AVAILABLE"",""available_units"":"""",""bathrooms"":"""",""bed_label"":"""",""bedrooms"":"""",""building"":"""",""concession"":"""",""deposit"":"""",""extraction_tier"":""TIER_1_API"",""floor"":"""",""floor_plan_name"":"""",""rent_range"":""$885"",""source_api_url"":""https://api.ws.realpage.com/v2/property/9178700/units?available=true&honordisplayorder=true"",""sqft"":""710"",""unit_number"":""2958-10""}","{""_available_date_raw"":""2025-07-22"",""_concession_quality"":null,""_date_placeholder"":null,""_extra"":null,""_inferred_id"":null,""_rent_range_raw"":""$885"",""amenities"":null,""area"":710,""area_absence"":null,""area_absence_evidence"":null,""availability_date_provenance"":""historical_embedded"",""availability_status"":""AVAILABLE"",""available_date"":""2025-07-22"",""available_units"":null,""baths"":null,""beds"":null,""building"":null,""concession_source"":null,""concession_text"":null,""concession_text_clean"":null,""concession_value"":null,""date_captured"":""2026-08-01 10:45:19"",""deposit"":null,""extraction_tier"":""TIER_1_API"",""floor"":null,""floor_plan_id"":null,""floor_plan_name"":null,""is_floor_plan_level"":false,""lease_term"":null,""move_in_date"":null,""offer_banner"":null,""offer_conditions"":null,""offer_target"":null,""offer_type"":null,""offer_value"":null,""rent_high"":885.0,""rent_low"":885.0,""source_ids"":{},""unit_id"":""2958-10"",""unit_name"":null}","{""floorplanId"":11326733,""id"":17635344,""internalAvailableDate"":""2025-07-22 00:00 -0500"",""leaseStatus"":""AVAILABLE_READY"",""name"":""2958-10"",""rent"":885,""unitNumber"":""2958-10"",""vacantDate"":""2026-08-01 00:00 -0000""}"
local_current_live_no_rp_oracle_audit_not_canary,2026-08-01T10:45:19Z,2026-08-01,2026-07-31,separate_no_rp_oracle_573_rows_78_properties,ONESITE_API,7886,Azure Place,realpage_public_widget_units_api,true,https://api.ws.realpage.com/v2/property/9178700/units?available=true&honordisplayorder=true,2958-6,,2025-09-30 00:00 -0500,2025-09-30,historical_embedded,false,internalAvailableDate,_api_parser.realpage_units_to_adapter_shape,exact_current_parser,true,true,,availability_date,2025-09-30,2025-09-30,historical_embedded,true,false,2025-09-30,2025-09-30,historical_embedded,,false,false,false,HISTORICAL_SOURCE_DATE_PRESERVED,none,HIGH,"Primary trace replays the exact public /units envelope. When that envelope is unsupported, the diagnostic trace changes only response.units -> response list to isolate the next loss.","{""availability_date"":""2025-09-30"",""availability_status"":""AVAILABLE"",""available_units"":"""",""bathrooms"":"""",""bed_label"":"""",""bedrooms"":"""",""building"":"""",""concession"":"""",""deposit"":"""",""extraction_tier"":""TIER_1_API"",""floor"":"""",""floor_plan_name"":"""",""rent_range"":""$885"",""source_api_url"":""https://api.ws.realpage.com/v2/property/9178700/units?available=true&honordisplayorder=true"",""sqft"":""710"",""unit_number"":""2958-6""}","{""_available_date_raw"":""2025-09-30"",""_concession_quality"":null,""_date_placeholder"":null,""_extra"":null,""_inferred_id"":null,""_rent_range_raw"":""$885"",""amenities"":null,""area"":710,""area_absence"":null,""area_absence_evidence"":null,""availability_date_provenance"":""historical_embedded"",""availability_status"":""AVAILABLE"",""available_date"":""2025-09-30"",""available_units"":null,""baths"":null,""beds"":null,""building"":null,""concession_source"":null,""concession_text"":null,""concession_text_clean"":null,""concession_value"":null,""date_captured"":""2026-08-01 10:45:19"",""deposit"":null,""extraction_tier"":""TIER_1_API"",""floor"":null,""floor_plan_id"":null,""floor_plan_name"":null,""is_floor_plan_level"":false,""lease_term"":null,""move_in_date"":null,""offer_banner"":null,""offer_conditions"":null,""offer_target"":null,""offer_type"":null,""offer_value"":null,""rent_high"":885.0,""rent_low"":885.0,""source_ids"":{},""unit_id"":""2958-6"",""unit_name"":null}",controlled_single_change_replay_unwrap_response_units,true,availability_date,2025-09-30,2025-09-30,2025-09-30,historical_embedded,,,"{""availability_date"":""2025-09-30"",""availability_status"":""AVAILABLE"",""available_units"":"""",""bathrooms"":"""",""bed_label"":"""",""bedrooms"":"""",""building"":"""",""concession"":"""",""deposit"":"""",""extraction_tier"":""TIER_1_API"",""floor"":"""",""floor_plan_name"":"""",""rent_range"":""$885"",""source_api_url"":""https://api.ws.realpage.com/v2/property/9178700/units?available=true&honordisplayorder=true"",""sqft"":""710"",""unit_number"":""2958-6""}","{""_available_date_raw"":""2025-09-30"",""_concession_quality"":null,""_date_placeholder"":null,""_extra"":null,""_inferred_id"":null,""_rent_range_raw"":""$885"",""amenities"":null,""area"":710,""area_absence"":null,""area_absence_evidence"":null,""availability_date_provenance"":""historical_embedded"",""availability_status"":""AVAILABLE"",""available_date"":""2025-09-30"",""available_units"":null,""baths"":null,""beds"":null,""building"":null,""concession_source"":null,""concession_text"":null,""concession_text_clean"":null,""concession_value"":null,""date_captured"":""2026-08-01 10:45:19"",""deposit"":null,""extraction_tier"":""TIER_1_API"",""floor"":null,""floor_plan_id"":null,""floor_plan_name"":null,""is_floor_plan_level"":false,""lease_term"":null,""move_in_date"":null,""offer_banner"":null,""offer_conditions"":null,""offer_target"":null,""offer_type"":null,""offer_value"":null,""rent_high"":885.0,""rent_low"":885.0,""source_ids"":{},""unit_id"":""2958-6"",""unit_name"":null}","{""floorplanId"":11326733,""id"":17635349,""internalAvailableDate"":""2025-09-30 00:00 -0500"",""leaseStatus"":""AVAILABLE_READY"",""name"":""2958-6"",""rent"":885,""unitNumber"":""2958-6"",""vacantDate"":""2026-08-01 00:00 -0000""}"
local_current_live_no_rp_oracle_audit_not_canary,2026-08-01T10:45:19Z,2026-08-01,2026-07-31,separate_no_rp_oracle_573_rows_78_properties,ONESITE_API,7886,Azure Place,realpage_public_widget_units_api,true,https://api.ws.realpage.com/v2/property/9178700/units?available=true&honordisplayorder=true,2962-1,,2025-07-23 00:00 -0500,2025-07-23,historical_embedded,false,internalAvailableDate,_api_parser.realpage_units_to_adapter_shape,exact_current_parser,true,true,,availability_date,2025-07-23,2025-07-23,historical_embedded,true,false,2025-07-23,2025-07-23,historical_embedded,,false,false,false,HISTORICAL_SOURCE_DATE_PRESERVED,none,HIGH,"Primary trace replays the exact public /units envelope. When that envelope is unsupported, the diagnostic trace changes only response.units -> response list to isolate the next loss.","{""availability_date"":""2025-07-23"",""availability_status"":""AVAILABLE"",""available_units"":"""",""bathrooms"":"""",""bed_label"":"""",""bedrooms"":"""",""building"":"""",""concession"":"""",""deposit"":"""",""extraction_tier"":""TIER_1_API"",""floor"":"""",""floor_plan_name"":"""",""rent_range"":""$905"",""source_api_url"":""https://api.ws.realpage.com/v2/property/9178700/units?available=true&honordisplayorder=true"",""sqft"":""710"",""unit_number"":""2962-1""}","{""_available_date_raw"":""2025-07-23"",""_concession_quality"":null,""_date_placeholder"":null,""_extra"":null,""_inferred_id"":null,""_rent_range_raw"":""$905"",""amenities"":null,""area"":710,""area_absence"":null,""area_absence_evidence"":null,""availability_date_provenance"":""historical_embedded"",""availability_status"":""AVAILABLE"",""available_date"":""2025-07-23"",""available_units"":null,""baths"":null,""beds"":null,""building"":null,""concession_source"":null,""concession_text"":null,""concession_text_clean"":null,""concession_value"":null,""date_captured"":""2026-08-01 10:45:19"",""deposit"":null,""extraction_tier"":""TIER_1_API"",""floor"":null,""floor_plan_id"":null,""floor_plan_name"":null,""is_floor_plan_level"":false,""lease_term"":null,""move_in_date"":null,""offer_banner"":null,""offer_conditions"":null,""offer_target"":null,""offer_type"":null,""offer_value"":null,""rent_high"":905.0,""rent_low"":905.0,""source_ids"":{},""unit_id"":""2962-1"",""unit_name"":null}",controlled_single_change_replay_unwrap_response_units,true,availability_date,2025-07-23,2025-07-23,2025-07-23,historical_embedded,,,"{""availability_date"":""2025-07-23"",""availability_status"":""AVAILABLE"",""available_units"":"""",""bathrooms"":"""",""bed_label"":"""",""bedrooms"":"""",""building"":"""",""concession"":"""",""deposit"":"""",""extraction_tier"":""TIER_1_API"",""floor"":"""",""floor_plan_name"":"""",""rent_range"":""$905"",""source_api_url"":""https://api.ws.realpage.com/v2/property/9178700/units?available=true&honordisplayorder=true"",""sqft"":""710"",""unit_number"":""2962-1""}","{""_available_date_raw"":""2025-07-23"",""_concession_quality"":null,""_date_placeholder"":null,""_extra"":null,""_inferred_id"":null,""_rent_range_raw"":""$905"",""amenities"":null,""area"":710,""area_absence"":null,""area_absence_evidence"":null,""availability_date_provenance"":""historical_embedded"",""availability_status"":""AVAILABLE"",""available_date"":""2025-07-23"",""available_units"":null,""baths"":null,""beds"":null,""building"":null,""concession_source"":null,""concession_text"":null,""concession_text_clean"":null,""concession_value"":null,""date_captured"":""2026-08-01 10:45:19"",""deposit"":null,""extraction_tier"":""TIER_1_API"",""floor"":null,""floor_plan_id"":null,""floor_plan_name"":null,""is_floor_plan_level"":false,""lease_term"":null,""move_in_date"":null,""offer_banner"":null,""offer_conditions"":null,""offer_target"":null,""offer_type"":null,""offer_value"":null,""rent_high"":905.0,""rent_low"":905.0,""source_ids"":{},""unit_id"":""2962-1"",""unit_name"":null}","{""floorplanId"":11326733,""id"":17635353,""internalAvailableDate"":""2025-07-23 00:00 -0500"",""leaseStatus"":""AVAILABLE_READY"",""name"":""2962-1"",""rent"":905,""unitNumber"":""2962-1"",""vacantDate"":""2026-08-01 00:00 -0000""}"
local_current_live_no_rp_oracle_audit_not_canary,2026-08-01T10:45:19Z,2026-08-01,2026-07-31,separate_no_rp_oracle_573_rows_78_properties,ONESITE_API,7886,Azure Place,realpage_public_widget_units_api,true,https://api.ws.realpage.com/v2/property/9178700/units?available=true&honordisplayorder=true,2962-10,,2025-11-05 00:00 -0600,2025-11-05,historical_embedded,false,internalAvailableDate,_api_parser.realpage_units_to_adapter_shape,exact_current_parser,true,true,,availability_date,2025-11-05,2025-11-05,historical_embedded,true,false,2025-11-05,2025-11-05,historical_embedded,,false,false,false,HISTORICAL_SOURCE_DATE_PRESERVED,none,HIGH,"Primary trace replays the exact public /units envelope. When that envelope is unsupported, the diagnostic trace changes only response.units -> response list to isolate the next loss.","{""availability_date"":""2025-11-05"",""availability_status"":""AVAILABLE"",""available_units"":"""",""bathrooms"":"""",""bed_label"":"""",""bedrooms"":"""",""building"":"""",""concession"":"""",""deposit"":"""",""extraction_tier"":""TIER_1_API"",""floor"":"""",""floor_plan_name"":"""",""rent_range"":""$885"",""source_api_url"":""https://api.ws.realpage.com/v2/property/9178700/units?available=true&honordisplayorder=true"",""sqft"":""710"",""unit_number"":""2962-10""}","{""_available_date_raw"":""2025-11-05"",""_concession_quality"":null,""_date_placeholder"":null,""_extra"":null,""_inferred_id"":null,""_rent_range_raw"":""$885"",""amenities"":null,""area"":710,""area_absence"":null,""area_absence_evidence"":null,""availability_date_provenance"":""historical_embedded"",""availability_status"":""AVAILABLE"",""available_date"":""2025-11-05"",""available_units"":null,""baths"":null,""beds"":null,""building"":null,""concession_source"":null,""concession_text"":null,""concession_text_clean"":null,""concession_value"":null,""date_captured"":""2026-08-01 10:45:19"",""deposit"":null,""extraction_tier"":""TIER_1_API"",""floor"":null,""floor_plan_id"":null,""floor_plan_name"":null,""is_floor_plan_level"":false,""lease_term"":null,""move_in_date"":null,""offer_banner"":null,""offer_conditions"":null,""offer_target"":null,""offer_type"":null,""offer_value"":null,""rent_high"":885.0,""rent_low"":885.0,""source_ids"":{},""unit_id"":""2962-10"",""unit_name"":null}",controlled_single_change_replay_unwrap_response_units,true,availability_date,2025-11-05,2025-11-05,2025-11-05,historical_embedded,,,"{""availability_date"":""2025-11-05"",""availability_status"":""AVAILABLE"",""available_units"":"""",""bathrooms"":"""",""bed_label"":"""",""bedrooms"":"""",""building"":"""",""concession"":"""",""deposit"":"""",""extraction_tier"":""TIER_1_API"",""floor"":"""",""floor_plan_name"":"""",""rent_range"":""$885"",""source_api_url"":""https://api.ws.realpage.com/v2/property/9178700/units?available=true&honordisplayorder=true"",""sqft"":""710"",""unit_number"":""2962-10""}","{""_available_date_raw"":""2025-11-05"",""_concession_quality"":null,""_date_placeholder"":null,""_extra"":null,""_inferred_id"":null,""_rent_range_raw"":""$885"",""amenities"":null,""area"":710,""area_absence"":null,""area_absence_evidence"":null,""availability_date_provenance"":""historical_embedded"",""availability_status"":""AVAILABLE"",""available_date"":""2025-11-05"",""available_units"":null,""baths"":null,""beds"":null,""building"":null,""concession_source"":null,""concession_text"":null,""concession_text_clean"":null,""concession_value"":null,""date_captured"":""2026-08-01 10:45:19"",""deposit"":null,""extraction_tier"":""TIER_1_API"",""floor"":null,""floor_plan_id"":null,""floor_plan_name"":null,""is_floor_plan_level"":false,""lease_term"":null,""move_in_date"":null,""offer_banner"":null,""offer_conditions"":null,""offer_target"":null,""offer_type"":null,""offer_value"":null,""rent_high"":885.0,""rent_low"":885.0,""source_ids"":{},""unit_id"":""2962-10"",""unit_name"":null}","{""floorplanId"":11326733,""id"":17635354,""internalAvailableDate"":""2025-11-05 00:00 -0600"",""leaseStatus"":""AVAILABLE_READY"",""name"":""2962-10"",""rent"":885,""unitNumber"":""2962-10"",""vacantDate"":""2026-08-01 00:00 -0000""}"
local_current_live_no_rp_oracle_audit_not_canary,2026-08-01T10:45:19Z,2026-08-01,2026-07-31,separate_no_rp_oracle_573_rows_78_properties,ONESITE_API,7886,Azure Place,realpage_public_widget_units_api,true,https://api.ws.realpage.com/v2/property/9178700/units?available=true&honordisplayorder=true,2962-3,,2025-06-01 00:00 -0500,2025-06-01,historical_embedded,false,internalAvailableDate,_api_parser.realpage_units_to_adapter_shape,exact_current_parser,true,true,,availability_date,2025-06-01,2025-06-01,historical_embedded,true,false,2025-06-01,2025-06-01,historical_embedded,,false,false,false,HISTORICAL_SOURCE_DATE_PRESERVED,none,HIGH,"Primary trace replays the exact public /units envelope. When that envelope is unsupported, the diagnostic trace changes only response.units -> response list to isolate the next loss.","{""availability_date"":""2025-06-01"",""availability_status"":""AVAILABLE"",""available_units"":"""",""bathrooms"":"""",""bed_label"":"""",""bedrooms"":"""",""building"":"""",""concession"":"""",""deposit"":"""",""extraction_tier"":""TIER_1_API"",""floor"":"""",""floor_plan_name"":"""",""rent_range"":""$905"",""source_api_url"":""https://api.ws.realpage.com/v2/property/9178700/units?available=true&honordisplayorder=true"",""sqft"":""710"",""unit_number"":""2962-3""}","{""_available_date_raw"":""2025-06-01"",""_concession_quality"":null,""_date_placeholder"":null,""_extra"":null,""_inferred_id"":null,""_rent_range_raw"":""$905"",""amenities"":null,""area"":710,""area_absence"":null,""area_absence_evidence"":null,""availability_date_provenance"":""historical_embedded"",""availability_status"":""AVAILABLE"",""available_date"":""2025-06-01"",""available_units"":null,""baths"":null,""beds"":null,""building"":null,""concession_source"":null,""concession_text"":null,""concession_text_clean"":null,""concession_value"":null,""date_captured"":""2026-08-01 10:45:19"",""deposit"":null,""extraction_tier"":""TIER_1_API"",""floor"":null,""floor_plan_id"":null,""floor_plan_name"":null,""is_floor_plan_level"":false,""lease_term"":null,""move_in_date"":null,""offer_banner"":null,""offer_conditions"":null,""offer_target"":null,""offer_type"":null,""offer_value"":null,""rent_high"":905.0,""rent_low"":905.0,""source_ids"":{},""unit_id"":""2962-3"",""unit_name"":null}",controlled_single_change_replay_unwrap_response_units,true,availability_date,2025-06-01,2025-06-01,2025-06-01,historical_embedded,,,"{""availability_date"":""2025-06-01"",""availability_status"":""AVAILABLE"",""available_units"":"""",""bathrooms"":"""",""bed_label"":"""",""bedrooms"":"""",""building"":"""",""concession"":"""",""deposit"":"""",""extraction_tier"":""TIER_1_API"",""floor"":"""",""floor_plan_name"":"""",""rent_range"":""$905"",""source_api_url"":""https://api.ws.realpage.com/v2/property/9178700/units?available=true&honordisplayorder=true"",""sqft"":""710"",""unit_number"":""2962-3""}","{""_available_date_raw"":""2025-06-01"",""_concession_quality"":null,""_date_placeholder"":null,""_extra"":null,""_inferred_id"":null,""_rent_range_raw"":""$905"",""amenities"":null,""area"":710,""area_absence"":null,""area_absence_evidence"":null,""availability_date_provenance"":""historical_embedded"",""availability_status"":""AVAILABLE"",""available_date"":""2025-06-01"",""available_units"":null,""baths"":null,""beds"":null,""building"":null,""concession_source"":null,""concession_text"":null,""concession_text_clean"":null,""concession_value"":null,""date_captured"":""2026-08-01 10:45:19"",""deposit"":null,""extraction_tier"":""TIER_1_API"",""floor"":null,""floor_plan_id"":null,""floor_plan_name"":null,""is_floor_plan_level"":false,""lease_term"":null,""move_in_date"":null,""offer_banner"":null,""offer_conditions"":null,""offer_target"":null,""offer_type"":null,""offer_value"":null,""rent_high"":905.0,""rent_low"":905.0,""source_ids"":{},""unit_id"":""2962-3"",""unit_name"":null}","{""floorplanId"":11326733,""id"":17635356,""internalAvailableDate"":""2025-06-01 00:00 -0500"",""leaseStatus"":""AVAILABLE_READY"",""name"":""2962-3"",""rent"":905,""unitNumber"":""2962-3"",""vacantDate"":""2026-08-01 00:00 -0000""}"
local_current_live_no_rp_oracle_audit_not_canary,2026-08-01T10:45:19Z,2026-08-01,2026-07-31,separate_no_rp_oracle_573_rows_78_properties,ONESITE_API,7886,Azure Place,realpage_public_widget_units_api,true,https://api.ws.realpage.com/v2/property/9178700/units?available=true&honordisplayorder=true,2962-7,,2026-02-25 00:00 -0600,2026-02-25,historical_embedded,false,internalAvailableDate,_api_parser.realpage_units_to_adapter_shape,exact_current_parser,true,true,,availability_date,2026-02-25,2026-02-25,historical_embedded,true,false,2026-02-25,2026-02-25,historical_embedded,,false,false,false,HISTORICAL_SOURCE_DATE_PRESERVED,none,HIGH,"Primary trace replays the exact public /units envelope. When that envelope is unsupported, the diagnostic trace changes only response.units -> response list to isolate the next loss.","{""availability_date"":""2026-02-25"",""availability_status"":""AVAILABLE"",""available_units"":"""",""bathrooms"":"""",""bed_label"":"""",""bedrooms"":"""",""building"":"""",""concession"":"""",""deposit"":"""",""extraction_tier"":""TIER_1_API"",""floor"":"""",""floor_plan_name"":"""",""rent_range"":""$905"",""source_api_url"":""https://api.ws.realpage.com/v2/property/9178700/units?available=true&honordisplayorder=true"",""sqft"":""710"",""unit_number"":""2962-7""}","{""_available_date_raw"":""2026-02-25"",""_concession_quality"":null,""_date_placeholder"":null,""_extra"":null,""_inferred_id"":null,""_rent_range_raw"":""$905"",""amenities"":null,""area"":710,""area_absence"":null,""area_absence_evidence"":null,""availability_date_provenance"":""historical_embedded"",""availability_status"":""AVAILABLE"",""available_date"":""2026-02-25"",""available_units"":null,""baths"":null,""beds"":null,""building"":null,""concession_source"":null,""concession_text"":null,""concession_text_clean"":null,""concession_value"":null,""date_captured"":""2026-08-01 10:45:19"",""deposit"":null,""extraction_tier"":""TIER_1_API"",""floor"":null,""floor_plan_id"":null,""floor_plan_name"":null,""is_floor_plan_level"":false,""lease_term"":null,""move_in_date"":null,""offer_banner"":null,""offer_conditions"":null,""offer_target"":null,""offer_type"":null,""offer_value"":null,""rent_high"":905.0,""rent_low"":905.0,""source_ids"":{},""unit_id"":""2962-7"",""unit_name"":null}",controlled_single_change_replay_unwrap_response_units,true,availability_date,2026-02-25,2026-02-25,2026-02-25,historical_embedded,,,"{""availability_date"":""2026-02-25"",""availability_status"":""AVAILABLE"",""available_units"":"""",""bathrooms"":"""",""bed_label"":"""",""bedrooms"":"""",""building"":"""",""concession"":"""",""deposit"":"""",""extraction_tier"":""TIER_1_API"",""floor"":"""",""floor_plan_name"":"""",""rent_range"":""$905"",""source_api_url"":""https://api.ws.realpage.com/v2/property/9178700/units?available=true&honordisplayorder=true"",""sqft"":""710"",""unit_number"":""2962-7""}","{""_available_date_raw"":""2026-02-25"",""_concession_quality"":null,""_date_placeholder"":null,""_extra"":null,""_inferred_id"":null,""_rent_range_raw"":""$905"",""amenities"":null,""area"":710,""area_absence"":null,""area_absence_evidence"":null,""availability_date_provenance"":""historical_embedded"",""availability_status"":""AVAILABLE"",""available_date"":""2026-02-25"",""available_units"":null,""baths"":null,""beds"":null,""building"":null,""concession_source"":null,""concession_text"":null,""concession_text_clean"":null,""concession_value"":null,""date_captured"":""2026-08-01 10:45:19"",""deposit"":null,""extraction_tier"":""TIER_1_API"",""floor"":null,""floor_plan_id"":null,""floor_plan_name"":null,""is_floor_plan_level"":false,""lease_term"":null,""move_in_date"":null,""offer_banner"":null,""offer_conditions"":null,""offer_target"":null,""offer_type"":null,""offer_value"":null,""rent_high"":905.0,""rent_low"":905.0,""source_ids"":{},""unit_id"":""2962-7"",""unit_name"":null}","{""floorplanId"":11326733,""id"":17635360,""internalAvailableDate"":""2026-02-25 00:00 -0600"",""leaseStatus"":""AVAILABLE_READY"",""name"":""2962-7"",""rent"":905,""unitNumber"":""2962-7"",""vacantDate"":""2026-08-01 00:00 -0000""}"
local_current_live_no_rp_oracle_audit_not_canary,2026-08-01T10:45:19Z,2026-08-01,2026-07-31,separate_no_rp_oracle_573_rows_78_properties,ONESITE_API,7886,Azure Place,realpage_public_widget_units_api,true,https://api.ws.realpage.com/v2/property/9178700/units?available=true&honordisplayorder=true,2954-2,,2026-07-02 00:00 -0500,2026-07-02,historical_embedded,false,internalAvailableDate,_api_parser.realpage_units_to_adapter_shape,exact_current_parser,true,true,,availability_date,2026-07-02,2026-07-02,historical_embedded,true,false,2026-07-02,2026-07-02,historical_embedded,,false,false,false,HISTORICAL_SOURCE_DATE_PRESERVED,none,HIGH,"Primary trace replays the exact public /units envelope. When that envelope is unsupported, the diagnostic trace changes only response.units -> response list to isolate the next loss.","{""availability_date"":""2026-07-02"",""availability_status"":""AVAILABLE"",""available_units"":"""",""bathrooms"":"""",""bed_label"":"""",""bedrooms"":"""",""building"":"""",""concession"":"""",""deposit"":"""",""extraction_tier"":""TIER_1_API"",""floor"":"""",""floor_plan_name"":"""",""rent_range"":""$865"",""source_api_url"":""https://api.ws.realpage.com/v2/property/9178700/units?available=true&honordisplayorder=true"",""sqft"":""670"",""unit_number"":""2954-2""}","{""_available_date_raw"":""2026-07-02"",""_concession_quality"":null,""_date_placeholder"":null,""_extra"":null,""_inferred_id"":null,""_rent_range_raw"":""$865"",""amenities"":null,""area"":670,""area_absence"":null,""area_absence_evidence"":null,""availability_date_provenance"":""historical_embedded"",""availability_status"":""AVAILABLE"",""available_date"":""2026-07-02"",""available_units"":null,""baths"":null,""beds"":null,""building"":null,""concession_source"":null,""concession_text"":null,""concession_text_clean"":null,""concession_value"":null,""date_captured"":""2026-08-01 10:45:19"",""deposit"":null,""extraction_tier"":""TIER_1_API"",""floor"":null,""floor_plan_id"":null,""floor_plan_name"":null,""is_floor_plan_level"":false,""lease_term"":null,""move_in_date"":null,""offer_banner"":null,""offer_conditions"":null,""offer_target"":null,""offer_type"":null,""offer_value"":null,""rent_high"":865.0,""rent_low"":865.0,""source_ids"":{},""unit_id"":""2954-2"",""unit_name"":null}",controlled_single_change_replay_unwrap_response_units,true,availability_date,2026-07-02,2026-07-02,2026-07-02,historical_embedded,,,"{""availability_date"":""2026-07-02"",""availability_status"":""AVAILABLE"",""available_units"":"""",""bathrooms"":"""",""bed_label"":"""",""bedrooms"":"""",""building"":"""",""concession"":"""",""deposit"":"""",""extraction_tier"":""TIER_1_API"",""floor"":"""",""floor_plan_name"":"""",""rent_range"":""$865"",""source_api_url"":""https://api.ws.realpage.com/v2/property/9178700/units?available=true&honordisplayorder=true"",""sqft"":""670"",""unit_number"":""2954-2""}","{""_available_date_raw"":""2026-07-02"",""_concession_quality"":null,""_date_placeholder"":null,""_extra"":null,""_inferred_id"":null,""_rent_range_raw"":""$865"",""amenities"":null,""area"":670,""area_absence"":null,""area_absence_evidence"":null,""availability_date_provenance"":""historical_embedded"",""availability_status"":""AVAILABLE"",""available_date"":""2026-07-02"",""available_units"":null,""baths"":null,""beds"":null,""building"":null,""concession_source"":null,""concession_text"":null,""concession_text_clean"":null,""concession_value"":null,""date_captured"":""2026-08-01 10:45:19"",""deposit"":null,""extraction_tier"":""TIER_1_API"",""floor"":null,""floor_plan_id"":null,""floor_plan_name"":null,""is_floor_plan_level"":false,""lease_term"":null,""move_in_date"":null,""offer_banner"":null,""offer_conditions"":null,""offer_target"":null,""offer_type"":null,""offer_value"":null,""rent_high"":865.0,""rent_low"":865.0,""source_ids"":{},""unit_id"":""2954-2"",""unit_name"":null}","{""floorplanId"":11326732,""id"":17635368,""internalAvailableDate"":""2026-07-02 00:00 -0500"",""leaseStatus"":""AVAILABLE_READY"",""name"":""2954-2"",""rent"":865,""unitNumber"":""2954-2"",""vacantDate"":""2026-08-01 00:00 -0000""}"
local_current_live_no_rp_oracle_audit_not_canary,2026-08-01T10:45:19Z,2026-08-01,2026-07-31,separate_no_rp_oracle_573_rows_78_properties,ONESITE_API,7886,Azure Place,realpage_public_widget_units_api,true,https://api.ws.realpage.com/v2/property/9178700/units?available=true&honordisplayorder=true,3876-2,,2026-06-02 00:00 -0500,2026-06-02,historical_embedded,false,internalAvailableDate,_api_parser.realpage_units_to_adapter_shape,exact_current_parser,true,true,,availability_date,2026-06-02,2026-06-02,historical_embedded,true,false,2026-06-02,2026-06-02,historical_embedded,,false,false,false,HISTORICAL_SOURCE_DATE_PRESERVED,none,HIGH,"Primary trace replays the exact public /units envelope. When that envelope is unsupported, the diagnostic trace changes only response.units -> response list to isolate the next loss.","{""availability_date"":""2026-06-02"",""availability_status"":""AVAILABLE"",""available_units"":"""",""bathrooms"":"""",""bed_label"":"""",""bedrooms"":"""",""building"":"""",""concession"":"""",""deposit"":"""",""extraction_tier"":""TIER_1_API"",""floor"":"""",""floor_plan_name"":"""",""rent_range"":""$865"",""source_api_url"":""https://api.ws.realpage.com/v2/property/9178700/units?available=true&honordisplayorder=true"",""sqft"":""670"",""unit_number"":""3876-2""}","{""_available_date_raw"":""2026-06-02"",""_concession_quality"":null,""_date_placeholder"":null,""_extra"":null,""_inferred_id"":null,""_rent_range_raw"":""$865"",""amenities"":null,""area"":670,""area_absence"":null,""area_absence_evidence"":null,""availability_date_provenance"":""historical_embedded"",""availability_status"":""AVAILABLE"",""available_date"":""2026-06-02"",""available_units"":null,""baths"":null,""beds"":null,""building"":null,""concession_source"":null,""concession_text"":null,""concession_text_clean"":null,""concession_value"":null,""date_captured"":""2026-08-01 10:45:19"",""deposit"":null,""extraction_tier"":""TIER_1_API"",""floor"":null,""floor_plan_id"":null,""floor_plan_name"":null,""is_floor_plan_level"":false,""lease_term"":null,""move_in_date"":null,""offer_banner"":null,""offer_conditions"":null,""offer_target"":null,""offer_type"":null,""offer_value"":null,""rent_high"":865.0,""rent_low"":865.0,""source_ids"":{},""unit_id"":""3876-2"",""unit_name"":null}",controlled_single_change_replay_unwrap_response_units,true,availability_date,2026-06-02,2026-06-02,2026-06-02,historical_embedded,,,"{""availability_date"":""2026-06-02"",""availability_status"":""AVAILABLE"",""available_units"":"""",""bathrooms"":"""",""bed_label"":"""",""bedrooms"":"""",""building"":"""",""concession"":"""",""deposit"":"""",""extraction_tier"":""TIER_1_API"",""floor"":"""",""floor_plan_name"":"""",""rent_range"":""$865"",""source_api_url"":""https://api.ws.realpage.com/v2/property/9178700/units?available=true&honordisplayorder=true"",""sqft"":""670"",""unit_number"":""3876-2""}","{""_available_date_raw"":""2026-06-02"",""_concession_quality"":null,""_date_placeholder"":null,""_extra"":null,""_inferred_id"":null,""_rent_range_raw"":""$865"",""amenities"":null,""area"":670,""area_absence"":null,""area_absence_evidence"":null,""availability_date_provenance"":""historical_embedded"",""availability_status"":""AVAILABLE"",""available_date"":""2026-06-02"",""available_units"":null,""baths"":null,""beds"":null,""building"":null,""concession_source"":null,""concession_text"":null,""concession_text_clean"":null,""concession_value"":null,""date_captured"":""2026-08-01 10:45:19"",""deposit"":null,""extraction_tier"":""TIER_1_API"",""floor"":null,""floor_plan_id"":null,""floor_plan_name"":null,""is_floor_plan_level"":false,""lease_term"":null,""move_in_date"":null,""offer_banner"":null,""offer_conditions"":null,""offer_target"":null,""offer_type"":null,""offer_value"":null,""rent_high"":865.0,""rent_low"":865.0,""source_ids"":{},""unit_id"":""3876-2"",""unit_name"":null}","{""floorplanId"":11326732,""id"":17635372,""internalAvailableDate"":""2026-06-02 00:00 -0500"",""leaseStatus"":""AVAILABLE_READY"",""name"":""3876-2"",""rent"":865,""unitNumber"":""3876-2"",""vacantDate"":""2026-08-01 00:00 -0000""}"
local_current_live_no_rp_oracle_audit_not_canary,2026-08-01T10:45:19Z,2026-08-01,2026-07-31,separate_no_rp_oracle_573_rows_78_properties,ONESITE_API,7886,Azure Place,realpage_public_widget_units_api,true,https://api.ws.realpage.com/v2/property/9178700/units?available=true&honordisplayorder=true,3878-3,,2025-11-16 00:00 -0600,2025-11-16,historical_embedded,false,internalAvailableDate,_api_parser.realpage_units_to_adapter_shape,exact_current_parser,true,true,,availability_date,2025-11-16,2025-11-16,historical_embedded,true,false,2025-11-16,2025-11-16,historical_embedded,,false,false,false,HISTORICAL_SOURCE_DATE_PRESERVED,none,HIGH,"Primary trace replays the exact public /units envelope. When that envelope is unsupported, the diagnostic trace changes only response.units -> response list to isolate the next loss.","{""availability_date"":""2025-11-16"",""availability_status"":""AVAILABLE"",""available_units"":"""",""bathrooms"":"""",""bed_label"":"""",""bedrooms"":"""",""building"":"""",""concession"":"""",""deposit"":"""",""extraction_tier"":""TIER_1_API"",""floor"":"""",""floor_plan_name"":"""",""rent_range"":""$885"",""source_api_url"":""https://api.ws.realpage.com/v2/property/9178700/units?available=true&honordisplayorder=true"",""sqft"":""670"",""unit_number"":""3878-3""}","{""_available_date_raw"":""2025-11-16"",""_concession_quality"":null,""_date_placeholder"":null,""_extra"":null,""_inferred_id"":null,""_rent_range_raw"":""$885"",""amenities"":null,""area"":670,""area_absence"":null,""area_absence_evidence"":null,""availability_date_provenance"":""historical_embedded"",""availability_status"":""AVAILABLE"",""available_date"":""2025-11-16"",""available_units"":null,""baths"":null,""beds"":null,""building"":null,""concession_source"":null,""concession_text"":null,""concession_text_clean"":null,""concession_value"":null,""date_captured"":""2026-08-01 10:45:19"",""deposit"":null,""extraction_tier"":""TIER_1_API"",""floor"":null,""floor_plan_id"":null,""floor_plan_name"":null,""is_floor_plan_level"":false,""lease_term"":null,""move_in_date"":null,""offer_banner"":null,""offer_conditions"":null,""offer_target"":null,""offer_type"":null,""offer_value"":null,""rent_high"":885.0,""rent_low"":885.0,""source_ids"":{},""unit_id"":""3878-3"",""unit_name"":null}",controlled_single_change_replay_unwrap_response_units,true,availability_date,2025-11-16,2025-11-16,2025-11-16,historical_embedded,,,"{""availability_date"":""2025-11-16"",""availability_status"":""AVAILABLE"",""available_units"":"""",""bathrooms"":"""",""bed_label"":"""",""bedrooms"":"""",""building"":"""",""concession"":"""",""deposit"":"""",""extraction_tier"":""TIER_1_API"",""floor"":"""",""floor_plan_name"":"""",""rent_range"":""$885"",""source_api_url"":""https://api.ws.realpage.com/v2/property/9178700/units?available=true&honordisplayorder=true"",""sqft"":""670"",""unit_number"":""3878-3""}","{""_available_date_raw"":""2025-11-16"",""_concession_quality"":null,""_date_placeholder"":null,""_extra"":null,""_inferred_id"":null,""_rent_range_raw"":""$885"",""amenities"":null,""area"":670,""area_absence"":null,""area_absence_evidence"":null,""availability_date_provenance"":""historical_embedded"",""availability_status"":""AVAILABLE"",""available_date"":""2025-11-16"",""available_units"":null,""baths"":null,""beds"":null,""building"":null,""concession_source"":null,""concession_text"":null,""concession_text_clean"":null,""concession_value"":null,""date_captured"":""2026-08-01 10:45:19"",""deposit"":null,""extraction_tier"":""TIER_1_API"",""floor"":null,""floor_plan_id"":null,""floor_plan_name"":null,""is_floor_plan_level"":false,""lease_term"":null,""move_in_date"":null,""offer_banner"":null,""offer_conditions"":null,""offer_target"":null,""offer_type"":null,""offer_value"":null,""rent_high"":885.0,""rent_low"":885.0,""source_ids"":{},""unit_id"":""3878-3"",""unit_name"":null}","{""floorplanId"":11326732,""id"":17635377,""internalAvailableDate"":""2025-11-16 00:00 -0600"",""leaseStatus"":""AVAILABLE_READY"",""name"":""3878-3"",""rent"":885,""unitNumber"":""3878-3"",""vacantDate"":""2026-08-01 00:00 -0000""}"
local_current_live_no_rp_oracle_audit_not_canary,2026-08-01T10:45:19Z,2026-08-01,2026-07-31,separate_no_rp_oracle_573_rows_78_properties,ONESITE_API,7886,Azure Place,realpage_public_widget_units_api,true,https://api.ws.realpage.com/v2/property/9178700/units?available=true&honordisplayorder=true,2942-2,,2026-04-06 00:00 -0500,2026-04-06,historical_embedded,false,internalAvailableDate,_api_parser.realpage_units_to_adapter_shape,exact_current_parser,true,true,,availability_date,2026-04-06,2026-04-06,historical_embedded,true,false,2026-04-06,2026-04-06,historical_embedded,,false,false,false,HISTORICAL_SOURCE_DATE_PRESERVED,none,HIGH,"Primary trace replays the exact public /units envelope. When that envelope is unsupported, the diagnostic trace changes only response.units -> response list to isolate the next loss.","{""availability_date"":""2026-04-06"",""availability_status"":""AVAILABLE"",""available_units"":"""",""bathrooms"":"""",""bed_label"":"""",""bedrooms"":"""",""building"":"""",""concession"":"""",""deposit"":"""",""extraction_tier"":""TIER_1_API"",""floor"":"""",""floor_plan_name"":"""",""rent_range"":""$925"",""source_api_url"":""https://api.ws.realpage.com/v2/property/9178700/units?available=true&honordisplayorder=true"",""sqft"":""800"",""unit_number"":""2942-2""}","{""_available_date_raw"":""2026-04-06"",""_concession_quality"":null,""_date_placeholder"":null,""_extra"":null,""_inferred_id"":null,""_rent_range_raw"":""$925"",""amenities"":null,""area"":800,""area_absence"":null,""area_absence_evidence"":null,""availability_date_provenance"":""historical_embedded"",""availability_status"":""AVAILABLE"",""available_date"":""2026-04-06"",""available_units"":null,""baths"":null,""beds"":null,""building"":null,""concession_source"":null,""concession_text"":null,""concession_text_clean"":null,""concession_value"":null,""date_captured"":""2026-08-01 10:45:19"",""deposit"":null,""extraction_tier"":""TIER_1_API"",""floor"":null,""floor_plan_id"":null,""floor_plan_name"":null,""is_floor_plan_level"":false,""lease_term"":null,""move_in_date"":null,""offer_banner"":null,""offer_conditions"":null,""offer_target"":null,""offer_type"":null,""offer_value"":null,""rent_high"":925.0,""rent_low"":925.0,""source_ids"":{},""unit_id"":""2942-2"",""unit_name"":null}",controlled_single_change_replay_unwrap_response_units,true,availability_date,2026-04-06,2026-04-06,2026-04-06,historical_embedded,,,"{""availability_date"":""2026-04-06"",""availability_status"":""AVAILABLE"",""available_units"":"""",""bathrooms"":"""",""bed_label"":"""",""bedrooms"":"""",""building"":"""",""concession"":"""",""deposit"":"""",""extraction_tier"":""TIER_1_API"",""floor"":"""",""floor_plan_name"":"""",""rent_range"":""$925"",""source_api_url"":""https://api.ws.realpage.com/v2/property/9178700/units?available=true&honordisplayorder=true"",""sqft"":""800"",""unit_number"":""2942-2""}","{""_available_date_raw"":""2026-04-06"",""_concession_quality"":null,""_date_placeholder"":null,""_extra"":null,""_inferred_id"":null,""_rent_range_raw"":""$925"",""amenities"":null,""area"":800,""area_absence"":null,""area_absence_evidence"":null,""availability_date_provenance"":""historical_embedded"",""availability_status"":""AVAILABLE"",""available_date"":""2026-04-06"",""available_units"":null,""baths"":null,""beds"":null,""building"":null,""concession_source"":null,""concession_text"":null,""concession_text_clean"":null,""concession_value"":null,""date_captured"":""2026-08-01 10:45:19"",""deposit"":null,""extraction_tier"":""TIER_1_API"",""floor"":null,""floor_plan_id"":null,""floor_plan_name"":null,""is_floor_plan_level"":false,""lease_term"":null,""move_in_date"":null,""offer_banner"":null,""offer_conditions"":null,""offer_target"":null,""offer_type"":null,""offer_value"":null,""rent_high"":925.0,""rent_low"":925.0,""source_ids"":{},""unit_id"":""2942-2"",""unit_name"":null}","{""floorplanId"":11326824,""id"":17635410,""internalAvailableDate"":""2026-04-06 00:00 -0500"",""leaseStatus"":""AVAILABLE_READY"",""name"":""2942-2"",""rent"":925,""unitNumber"":""2942-2"",""vacantDate"":""2026-08-01 00:00 -0000""}"
local_current_live_no_rp_oracle_audit_not_canary,2026-08-01T10:45:19Z,2026-08-01,2026-07-31,separate_no_rp_oracle_573_rows_78_properties,ONESITE_API,7886,Azure Place,realpage_public_widget_units_api,true,https://api.ws.realpage.com/v2/property/9178700/units?available=true&honordisplayorder=true,2942-3,,2026-06-09 00:00 -0500,2026-06-09,historical_embedded,false,internalAvailableDate,_api_parser.realpage_units_to_adapter_shape,exact_current_parser,true,true,,availability_date,2026-06-09,2026-06-09,historical_embedded,true,false,2026-06-09,2026-06-09,historical_embedded,,false,false,false,HISTORICAL_SOURCE_DATE_PRESERVED,none,HIGH,"Primary trace replays the exact public /units envelope. When that envelope is unsupported, the diagnostic trace changes only response.units -> response list to isolate the next loss.","{""availability_date"":""2026-06-09"",""availability_status"":""AVAILABLE"",""available_units"":"""",""bathrooms"":"""",""bed_label"":"""",""bedrooms"":"""",""building"":"""",""concession"":"""",""deposit"":"""",""extraction_tier"":""TIER_1_API"",""floor"":"""",""floor_plan_name"":"""",""rent_range"":""$945"",""source_api_url"":""https://api.ws.realpage.com/v2/property/9178700/units?available=true&honordisplayorder=true"",""sqft"":""800"",""unit_number"":""2942-3""}","{""_available_date_raw"":""2026-06-09"",""_concession_quality"":null,""_date_placeholder"":null,""_extra"":null,""_inferred_id"":null,""_rent_range_raw"":""$945"",""amenities"":null,""area"":800,""area_absence"":null,""area_absence_evidence"":null,""availability_date_provenance"":""historical_embedded"",""availability_status"":""AVAILABLE"",""available_date"":""2026-06-09"",""available_units"":null,""baths"":null,""beds"":null,""building"":null,""concession_source"":null,""concession_text"":null,""concession_text_clean"":null,""concession_value"":null,""date_captured"":""2026-08-01 10:45:19"",""deposit"":null,""extraction_tier"":""TIER_1_API"",""floor"":null,""floor_plan_id"":null,""floor_plan_name"":null,""is_floor_plan_level"":false,""lease_term"":null,""move_in_date"":null,""offer_banner"":null,""offer_conditions"":null,""offer_target"":null,""offer_type"":null,""offer_value"":null,""rent_high"":945.0,""rent_low"":945.0,""source_ids"":{},""unit_id"":""2942-3"",""unit_name"":null}",controlled_single_change_replay_unwrap_response_units,true,availability_date,2026-06-09,2026-06-09,2026-06-09,historical_embedded,,,"{""availability_date"":""2026-06-09"",""availability_status"":""AVAILABLE"",""available_units"":"""",""bathrooms"":"""",""bed_label"":"""",""bedrooms"":"""",""building"":"""",""concession"":"""",""deposit"":"""",""extraction_tier"":""TIER_1_API"",""floor"":"""",""floor_plan_name"":"""",""rent_range"":""$945"",""source_api_url"":""https://api.ws.realpage.com/v2/property/9178700/units?available=true&honordisplayorder=true"",""sqft"":""800"",""unit_number"":""2942-3""}","{""_available_date_raw"":""2026-06-09"",""_concession_quality"":null,""_date_placeholder"":null,""_extra"":null,""_inferred_id"":null,""_rent_range_raw"":""$945"",""amenities"":null,""area"":800,""area_absence"":null,""area_absence_evidence"":null,""availability_date_provenance"":""historical_embedded"",""availability_status"":""AVAILABLE"",""available_date"":""2026-06-09"",""available_units"":null,""baths"":null,""beds"":null,""building"":null,""concession_source"":null,""concession_text"":null,""concession_text_clean"":null,""concession_value"":null,""date_captured"":""2026-08-01 10:45:19"",""deposit"":null,""extraction_tier"":""TIER_1_API"",""floor"":null,""floor_plan_id"":null,""floor_plan_name"":null,""is_floor_plan_level"":false,""lease_term"":null,""move_in_date"":null,""offer_banner"":null,""offer_conditions"":null,""offer_target"":null,""offer_type"":null,""offer_value"":null,""rent_high"":945.0,""rent_low"":945.0,""source_ids"":{},""unit_id"":""2942-3"",""unit_name"":null}","{""floorplanId"":11326824,""id"":17635411,""internalAvailableDate"":""2026-06-09 00:00 -0500"",""leaseStatus"":""AVAILABLE_READY"",""name"":""2942-3"",""rent"":945,""unitNumber"":""2942-3"",""vacantDate"":""2026-08-01 00:00 -0000""}"
local_current_live_no_rp_oracle_audit_not_canary,2026-08-01T10:45:19Z,2026-08-01,2026-07-31,separate_no_rp_oracle_573_rows_78_properties,ONESITE_API,7886,Azure Place,realpage_public_widget_units_api,true,https://api.ws.realpage.com/v2/property/9178700/units?available=true&honordisplayorder=true,2916-1,,2026-07-16 00:00 -0500,2026-07-16,historical_embedded,false,internalAvailableDate,_api_parser.realpage_units_to_adapter_shape,exact_current_parser,true,true,,availability_date,2026-07-16,2026-07-16,historical_embedded,true,false,2026-07-16,2026-07-16,historical_embedded,,false,false,false,HISTORICAL_SOURCE_DATE_PRESERVED,none,HIGH,"Primary trace replays the exact public /units envelope. When that envelope is unsupported, the diagnostic trace changes only response.units -> response list to isolate the next loss.","{""availability_date"":""2026-07-16"",""availability_status"":""AVAILABLE"",""available_units"":"""",""bathrooms"":"""",""bed_label"":"""",""bedrooms"":"""",""building"":"""",""concession"":"""",""deposit"":"""",""extraction_tier"":""TIER_1_API"",""floor"":"""",""floor_plan_name"":"""",""rent_range"":""$995"",""source_api_url"":""https://api.ws.realpage.com/v2/property/9178700/units?available=true&honordisplayorder=true"",""sqft"":""940"",""unit_number"":""2916-1""}","{""_available_date_raw"":""2026-07-16"",""_concession_quality"":null,""_date_placeholder"":null,""_extra"":null,""_inferred_id"":null,""_rent_range_raw"":""$995"",""amenities"":null,""area"":940,""area_absence"":null,""area_absence_evidence"":null,""availability_date_provenance"":""historical_embedded"",""availability_status"":""AVAILABLE"",""available_date"":""2026-07-16"",""available_units"":null,""baths"":null,""beds"":null,""building"":null,""concession_source"":null,""concession_text"":null,""concession_text_clean"":null,""concession_value"":null,""date_captured"":""2026-08-01 10:45:19"",""deposit"":null,""extraction_tier"":""TIER_1_API"",""floor"":null,""floor_plan_id"":null,""floor_plan_name"":null,""is_floor_plan_level"":false,""lease_term"":null,""move_in_date"":null,""offer_banner"":null,""offer_conditions"":null,""offer_target"":null,""offer_type"":null,""offer_value"":null,""rent_high"":995.0,""rent_low"":995.0,""source_ids"":{},""unit_id"":""2916-1"",""unit_name"":null}",controlled_single_change_replay_unwrap_response_units,true,availability_date,2026-07-16,2026-07-16,2026-07-16,historical_embedded,,,"{""availability_date"":""2026-07-16"",""availability_status"":""AVAILABLE"",""available_units"":"""",""bathrooms"":"""",""bed_label"":"""",""bedrooms"":"""",""building"":"""",""concession"":"""",""deposit"":"""",""extraction_tier"":""TIER_1_API"",""floor"":"""",""floor_plan_name"":"""",""rent_range"":""$995"",""source_api_url"":""https://api.ws.realpage.com/v2/property/9178700/units?available=true&honordisplayorder=true"",""sqft"":""940"",""unit_number"":""2916-1""}","{""_available_date_raw"":""2026-07-16"",""_concession_quality"":null,""_date_placeholder"":null,""_extra"":null,""_inferred_id"":null,""_rent_range_raw"":""$995"",""amenities"":null,""area"":940,""area_absence"":null,""area_absence_evidence"":null,""availability_date_provenance"":""historical_embedded"",""availability_status"":""AVAILABLE"",""available_date"":""2026-07-16"",""available_units"":null,""baths"":null,""beds"":null,""building"":null,""concession_source"":null,""concession_text"":null,""concession_text_clean"":null,""concession_value"":null,""date_captured"":""2026-08-01 10:45:19"",""deposit"":null,""extraction_tier"":""TIER_1_API"",""floor"":null,""floor_plan_id"":null,""floor_plan_name"":null,""is_floor_plan_level"":false,""lease_term"":null,""move_in_date"":null,""offer_banner"":null,""offer_conditions"":null,""offer_target"":null,""offer_type"":null,""offer_value"":null,""rent_high"":995.0,""rent_low"":995.0,""source_ids"":{},""unit_id"":""2916-1"",""unit_name"":null}","{""floorplanId"":11326873,""id"":17635427,""internalAvailableDate"":""2026-07-16 00:00 -0500"",""leaseStatus"":""AVAILABLE_READY"",""name"":""2916-1"",""rent"":995,""unitNumber"":""2916-1"",""vacantDate"":""2026-08-01 00:00 -0000""}"
local_current_live_no_rp_oracle_audit_not_canary,2026-08-01T10:45:19Z,2026-08-01,2026-07-31,separate_no_rp_oracle_573_rows_78_properties,ONESITE_API,7886,Azure Place,realpage_public_widget_units_api,true,https://api.ws.realpage.com/v2/property/9178700/units?available=true&honordisplayorder=true,2916-3,,2025-12-16 00:00 -0600,2025-12-16,historical_embedded,false,internalAvailableDate,_api_parser.realpage_units_to_adapter_shape,exact_current_parser,true,true,,availability_date,2025-12-16,2025-12-16,historical_embedded,true,false,2025-12-16,2025-12-16,historical_embedded,,false,false,false,HISTORICAL_SOURCE_DATE_PRESERVED,none,HIGH,"Primary trace replays the exact public /units envelope. When that envelope is unsupported, the diagnostic trace changes only response.units -> response list to isolate the next loss.","{""availability_date"":""2025-12-16"",""availability_status"":""AVAILABLE"",""available_units"":"""",""bathrooms"":"""",""bed_label"":"""",""bedrooms"":"""",""building"":"""",""concession"":"""",""deposit"":"""",""extraction_tier"":""TIER_1_API"",""floor"":"""",""floor_plan_name"":"""",""rent_range"":""$995"",""source_api_url"":""https://api.ws.realpage.com/v2/property/9178700/units?available=true&honordisplayorder=true"",""sqft"":""940"",""unit_number"":""2916-3""}","{""_available_date_raw"":""2025-12-16"",""_concession_quality"":null,""_date_placeholder"":null,""_extra"":null,""_inferred_id"":null,""_rent_range_raw"":""$995"",""amenities"":null,""area"":940,""area_absence"":null,""area_absence_evidence"":null,""availability_date_provenance"":""historical_embedded"",""availability_status"":""AVAILABLE"",""available_date"":""2025-12-16"",""available_units"":null,""baths"":null,""beds"":null,""building"":null,""concession_source"":null,""concession_text"":null,""concession_text_clean"":null,""concession_value"":null,""date_captured"":""2026-08-01 10:45:19"",""deposit"":null,""extraction_tier"":""TIER_1_API"",""floor"":null,""floor_plan_id"":null,""floor_plan_name"":null,""is_floor_plan_level"":false,""lease_term"":null,""move_in_date"":null,""offer_banner"":null,""offer_conditions"":null,""offer_target"":null,""offer_type"":null,""offer_value"":null,""rent_high"":995.0,""rent_low"":995.0,""source_ids"":{},""unit_id"":""2916-3"",""unit_name"":null}",controlled_single_change_replay_unwrap_response_units,true,availability_date,2025-12-16,2025-12-16,2025-12-16,historical_embedded,,,"{""availability_date"":""2025-12-16"",""availability_status"":""AVAILABLE"",""available_units"":"""",""bathrooms"":"""",""bed_label"":"""",""bedrooms"":"""",""building"":"""",""concession"":"""",""deposit"":"""",""extraction_tier"":""TIER_1_API"",""floor"":"""",""floor_plan_name"":"""",""rent_range"":""$995"",""source_api_url"":""https://api.ws.realpage.com/v2/property/9178700/units?available=true&honordisplayorder=true"",""sqft"":""940"",""unit_number"":""2916-3""}","{""_available_date_raw"":""2025-12-16"",""_concession_quality"":null,""_date_placeholder"":null,""_extra"":null,""_inferred_id"":null,""_rent_range_raw"":""$995"",""amenities"":null,""area"":940,""area_absence"":null,""area_absence_evidence"":null,""availability_date_provenance"":""historical_embedded"",""availability_status"":""AVAILABLE"",""available_date"":""2025-12-16"",""available_units"":null,""baths"":null,""beds"":null,""building"":null,""concession_source"":null,""concession_text"":null,""concession_text_clean"":null,""concession_value"":null,""date_captured"":""2026-08-01 10:45:19"",""deposit"":null,""extraction_tier"":""TIER_1_API"",""floor"":null,""floor_plan_id"":null,""floor_plan_name"":null,""is_floor_plan_level"":false,""lease_term"":null,""move_in_date"":null,""offer_banner"":null,""offer_conditions"":null,""offer_target"":null,""offer_type"":null,""offer_value"":null,""rent_high"":995.0,""rent_low"":995.0,""source_ids"":{},""unit_id"":""2916-3"",""unit_name"":null}","{""floorplanId"":11326873,""id"":17635429,""internalAvailableDate"":""2025-12-16 00:00 -0600"",""leaseStatus"":""AVAILABLE_READY"",""name"":""2916-3"",""rent"":995,""unitNumber"":""2916-3"",""vacantDate"":""2026-08-01 00:00 -0000""}"
local_current_live_no_rp_oracle_audit_not_canary,2026-08-01T10:45:19Z,2026-08-01,2026-07-31,separate_no_rp_oracle_573_rows_78_properties,ONESITE_API,7886,Azure Place,realpage_public_widget_units_api,true,https://api.ws.realpage.com/v2/property/9178700/units?available=true&honordisplayorder=true,3869-5,,2026-03-13 00:00 -0500,2026-03-13,historical_embedded,false,internalAvailableDate,_api_parser.realpage_units_to_adapter_shape,exact_current_parser,true,true,,availability_date,2026-03-13,2026-03-13,historical_embedded,true,false,2026-03-13,2026-03-13,historical_embedded,,false,false,false,HISTORICAL_SOURCE_DATE_PRESERVED,none,HIGH,"Primary trace replays the exact public /units envelope. When that envelope is unsupported, the diagnostic trace changes only response.units -> response list to isolate the next loss.","{""availability_date"":""2026-03-13"",""availability_status"":""AVAILABLE"",""available_units"":"""",""bathrooms"":"""",""bed_label"":"""",""bedrooms"":"""",""building"":"""",""concession"":"""",""deposit"":"""",""extraction_tier"":""TIER_1_API"",""floor"":"""",""floor_plan_name"":"""",""rent_range"":""$875"",""source_api_url"":""https://api.ws.realpage.com/v2/property/9178700/units?available=true&honordisplayorder=true"",""sqft"":""620"",""unit_number"":""3869-5""}","{""_available_date_raw"":""2026-03-13"",""_concession_quality"":null,""_date_placeholder"":null,""_extra"":null,""_inferred_id"":null,""_rent_range_raw"":""$875"",""amenities"":null,""area"":620,""area_absence"":null,""area_absence_evidence"":null,""availability_date_provenance"":""historical_embedded"",""availability_status"":""AVAILABLE"",""available_date"":""2026-03-13"",""available_units"":null,""baths"":null,""beds"":null,""building"":null,""concession_source"":null,""concession_text"":null,""concession_text_clean"":null,""concession_value"":null,""date_captured"":""2026-08-01 10:45:19"",""deposit"":null,""extraction_tier"":""TIER_1_API"",""floor"":null,""floor_plan_id"":null,""floor_plan_name"":null,""is_floor_plan_level"":false,""lease_term"":null,""move_in_date"":null,""offer_banner"":null,""offer_conditions"":null,""offer_target"":null,""offer_type"":null,""offer_value"":null,""rent_high"":875.0,""rent_low"":875.0,""source_ids"":{},""unit_id"":""3869-5"",""unit_name"":null}",controlled_single_change_replay_unwrap_response_units,true,availability_date,2026-03-13,2026-03-13,2026-03-13,historical_embedded,,,"{""availability_date"":""2026-03-13"",""availability_status"":""AVAILABLE"",""available_units"":"""",""bathrooms"":"""",""bed_label"":"""",""bedrooms"":"""",""building"":"""",""concession"":"""",""deposit"":"""",""extraction_tier"":""TIER_1_API"",""floor"":"""",""floor_plan_name"":"""",""rent_range"":""$875"",""source_api_url"":""https://api.ws.realpage.com/v2/property/9178700/units?available=true&honordisplayorder=true"",""sqft"":""620"",""unit_number"":""3869-5""}","{""_available_date_raw"":""2026-03-13"",""_concession_quality"":null,""_date_placeholder"":null,""_extra"":null,""_inferred_id"":null,""_rent_range_raw"":""$875"",""amenities"":null,""area"":620,""area_absence"":null,""area_absence_evidence"":null,""availability_date_provenance"":""historical_embedded"",""availability_status"":""AVAILABLE"",""available_date"":""2026-03-13"",""available_units"":null,""baths"":null,""beds"":null,""building"":null,""concession_source"":null,""concession_text"":null,""concession_text_clean"":null,""concession_value"":null,""date_captured"":""2026-08-01 10:45:19"",""deposit"":null,""extraction_tier"":""TIER_1_API"",""floor"":null,""floor_plan_id"":null,""floor_plan_name"":null,""is_floor_plan_level"":false,""lease_term"":null,""move_in_date"":null,""offer_banner"":null,""offer_conditions"":null,""offer_target"":null,""offer_type"":null,""offer_value"":null,""rent_high"":875.0,""rent_low"":875.0,""source_ids"":{},""unit_id"":""3869-5"",""unit_name"":null}","{""floorplanId"":11326718,""id"":17635439,""internalAvailableDate"":""2026-03-13 00:00 -0500"",""leaseStatus"":""AVAILABLE_READY"",""name"":""3869-5"",""rent"":875,""unitNumber"":""3869-5"",""vacantDate"":""2026-08-01 00:00 -0000""}"
local_current_live_no_rp_oracle_audit_not_canary,2026-08-01T10:45:19Z,2026-08-01,2026-07-31,separate_no_rp_oracle_573_rows_78_properties,ONESITE_API,7886,Azure Place,realpage_public_widget_units_api,true,https://api.ws.realpage.com/v2/property/9178700/units?available=true&honordisplayorder=true,3889-2,,2026-02-25 00:00 -0600,2026-02-25,historical_embedded,false,internalAvailableDate,_api_parser.realpage_units_to_adapter_shape,exact_current_parser,true,true,,availability_date,2026-02-25,2026-02-25,historical_embedded,true,false,2026-02-25,2026-02-25,historical_embedded,,false,false,false,HISTORICAL_SOURCE_DATE_PRESERVED,none,HIGH,"Primary trace replays the exact public /units envelope. When that envelope is unsupported, the diagnostic trace changes only response.units -> response list to isolate the next loss.","{""availability_date"":""2026-02-25"",""availability_status"":""AVAILABLE"",""available_units"":"""",""bathrooms"":"""",""bed_label"":"""",""bedrooms"":"""",""building"":"""",""concession"":"""",""deposit"":"""",""extraction_tier"":""TIER_1_API"",""floor"":"""",""floor_plan_name"":"""",""rent_range"":""$855"",""source_api_url"":""https://api.ws.realpage.com/v2/property/9178700/units?available=true&honordisplayorder=true"",""sqft"":""620"",""unit_number"":""3889-2""}","{""_available_date_raw"":""2026-02-25"",""_concession_quality"":null,""_date_placeholder"":null,""_extra"":null,""_inferred_id"":null,""_rent_range_raw"":""$855"",""amenities"":null,""area"":620,""area_absence"":null,""area_absence_evidence"":null,""availability_date_provenance"":""historical_embedded"",""availability_status"":""AVAILABLE"",""available_date"":""2026-02-25"",""available_units"":null,""baths"":null,""beds"":null,""building"":null,""concession_source"":null,""concession_text"":null,""concession_text_clean"":null,""concession_value"":null,""date_captured"":""2026-08-01 10:45:19"",""deposit"":null,""extraction_tier"":""TIER_1_API"",""floor"":null,""floor_plan_id"":null,""floor_plan_name"":null,""is_floor_plan_level"":false,""lease_term"":null,""move_in_date"":null,""offer_banner"":null,""offer_conditions"":null,""offer_target"":null,""offer_type"":null,""offer_value"":null,""rent_high"":855.0,""rent_low"":855.0,""source_ids"":{},""unit_id"":""3889-2"",""unit_name"":null}",controlled_single_change_replay_unwrap_response_units,true,availability_date,2026-02-25,2026-02-25,2026-02-25,historical_embedded,,,"{""availability_date"":""2026-02-25"",""availability_status"":""AVAILABLE"",""available_units"":"""",""bathrooms"":"""",""bed_label"":"""",""bedrooms"":"""",""building"":"""",""concession"":"""",""deposit"":"""",""extraction_tier"":""TIER_1_API"",""floor"":"""",""floor_plan_name"":"""",""rent_range"":""$855"",""source_api_url"":""https://api.ws.realpage.com/v2/property/9178700/units?available=true&honordisplayorder=true"",""sqft"":""620"",""unit_number"":""3889-2""}","{""_available_date_raw"":""2026-02-25"",""_concession_quality"":null,""_date_placeholder"":null,""_extra"":null,""_inferred_id"":null,""_rent_range_raw"":""$855"",""amenities"":null,""area"":620,""area_absence"":null,""area_absence_evidence"":null,""availability_date_provenance"":""historical_embedded"",""availability_status"":""AVAILABLE"",""available_date"":""2026-02-25"",""available_units"":null,""baths"":null,""beds"":null,""building"":null,""concession_source"":null,""concession_text"":null,""concession_text_clean"":null,""concession_value"":null,""date_captured"":""2026-08-01 10:45:19"",""deposit"":null,""extraction_tier"":""TIER_1_API"",""floor"":null,""floor_plan_id"":null,""floor_plan_name"":null,""is_floor_plan_level"":false,""lease_term"":null,""move_in_date"":null,""offer_banner"":null,""offer_conditions"":null,""offer_target"":null,""offer_type"":null,""offer_value"":null,""rent_high"":855.0,""rent_low"":855.0,""source_ids"":{},""unit_id"":""3889-2"",""unit_name"":null}","{""floorplanId"":11326718,""id"":17635460,""internalAvailableDate"":""2026-02-25 00:00 -0600"",""leaseStatus"":""AVAILABLE_READY"",""name"":""3889-2"",""rent"":855,""unitNumber"":""3889-2"",""vacantDate"":""2026-08-01 00:00 -0000""}"
local_current_live_no_rp_oracle_audit_not_canary,2026-08-01T10:45:19Z,2026-08-01,2026-07-31,separate_no_rp_oracle_573_rows_78_properties,ONESITE_API,7886,Azure Place,realpage_public_widget_units_api,true,https://api.ws.realpage.com/v2/property/9178700/units?available=true&honordisplayorder=true,3892-1,,2025-10-31 00:00 -0500,2025-10-31,historical_embedded,false,internalAvailableDate,_api_parser.realpage_units_to_adapter_shape,exact_current_parser,true,true,,availability_date,2025-10-31,2025-10-31,historical_embedded,true,false,2025-10-31,2025-10-31,historical_embedded,,false,false,false,HISTORICAL_SOURCE_DATE_PRESERVED,none,HIGH,"Primary trace replays the exact public /units envelope. When that envelope is unsupported, the diagnostic trace changes only response.units -> response list to isolate the next loss.","{""availability_date"":""2025-10-31"",""availability_status"":""AVAILABLE"",""available_units"":"""",""bathrooms"":"""",""bed_label"":"""",""bedrooms"":"""",""building"":"""",""concession"":"""",""deposit"":"""",""extraction_tier"":""TIER_1_API"",""floor"":"""",""floor_plan_name"":"""",""rent_range"":""$995"",""source_api_url"":""https://api.ws.realpage.com/v2/property/9178700/units?available=true&honordisplayorder=true"",""sqft"":""940"",""unit_number"":""3892-1""}","{""_available_date_raw"":""2025-10-31"",""_concession_quality"":null,""_date_placeholder"":null,""_extra"":null,""_inferred_id"":null,""_rent_range_raw"":""$995"",""amenities"":null,""area"":940,""area_absence"":null,""area_absence_evidence"":null,""availability_date_provenance"":""historical_embedded"",""availability_status"":""AVAILABLE"",""available_date"":""2025-10-31"",""available_units"":null,""baths"":null,""beds"":null,""building"":null,""concession_source"":null,""concession_text"":null,""concession_text_clean"":null,""concession_value"":null,""date_captured"":""2026-08-01 10:45:19"",""deposit"":null,""extraction_tier"":""TIER_1_API"",""floor"":null,""floor_plan_id"":null,""floor_plan_name"":null,""is_floor_plan_level"":false,""lease_term"":null,""move_in_date"":null,""offer_banner"":null,""offer_conditions"":null,""offer_target"":null,""offer_type"":null,""offer_value"":null,""rent_high"":995.0,""rent_low"":995.0,""source_ids"":{},""unit_id"":""3892-1"",""unit_name"":null}",controlled_single_change_replay_unwrap_response_units,true,availability_date,2025-10-31,2025-10-31,2025-10-31,historical_embedded,,,"{""availability_date"":""2025-10-31"",""availability_status"":""AVAILABLE"",""available_units"":"""",""bathrooms"":"""",""bed_label"":"""",""bedrooms"":"""",""building"":"""",""concession"":"""",""deposit"":"""",""extraction_tier"":""TIER_1_API"",""floor"":"""",""floor_plan_name"":"""",""rent_range"":""$995"",""source_api_url"":""https://api.ws.realpage.com/v2/property/9178700/units?available=true&honordisplayorder=true"",""sqft"":""940"",""unit_number"":""3892-1""}","{""_available_date_raw"":""2025-10-31"",""_concession_quality"":null,""_date_placeholder"":null,""_extra"":null,""_inferred_id"":null,""_rent_range_raw"":""$995"",""amenities"":null,""area"":940,""area_absence"":null,""area_absence_evidence"":null,""availability_date_provenance"":""historical_embedded"",""availability_status"":""AVAILABLE"",""available_date"":""2025-10-31"",""available_units"":null,""baths"":null,""beds"":null,""building"":null,""concession_source"":null,""concession_text"":null,""concession_text_clean"":null,""concession_value"":null,""date_captured"":""2026-08-01 10:45:19"",""deposit"":null,""extraction_tier"":""TIER_1_API"",""floor"":null,""floor_plan_id"":null,""floor_plan_name"":null,""is_floor_plan_level"":false,""lease_term"":null,""move_in_date"":null,""offer_banner"":null,""offer_conditions"":null,""offer_target"":null,""offer_type"":null,""offer_value"":null,""rent_high"":995.0,""rent_low"":995.0,""source_ids"":{},""unit_id"":""3892-1"",""unit_name"":null}","{""floorplanId"":11326873,""id"":17635487,""internalAvailableDate"":""2025-10-31 00:00 -0500"",""leaseStatus"":""AVAILABLE_READY"",""name"":""3892-1"",""rent"":995,""unitNumber"":""3892-1"",""vacantDate"":""2026-08-01 00:00 -0000""}"
local_current_live_no_rp_oracle_audit_not_canary,2026-08-01T10:45:19Z,2026-08-01,2026-07-31,separate_no_rp_oracle_573_rows_78_properties,ONESITE_API,7886,Azure Place,realpage_public_widget_units_api,true,https://api.ws.realpage.com/v2/property/9178700/units?available=true&honordisplayorder=true,2890-2,,2026-05-02 00:00 -0500,2026-05-02,historical_embedded,false,internalAvailableDate,_api_parser.realpage_units_to_adapter_shape,exact_current_parser,true,true,,availability_date,2026-05-02,2026-05-02,historical_embedded,true,false,2026-05-02,2026-05-02,historical_embedded,,false,false,false,HISTORICAL_SOURCE_DATE_PRESERVED,none,HIGH,"Primary trace replays the exact public /units envelope. When that envelope is unsupported, the diagnostic trace changes only response.units -> response list to isolate the next loss.","{""availability_date"":""2026-05-02"",""availability_status"":""AVAILABLE"",""available_units"":"""",""bathrooms"":"""",""bed_label"":"""",""bedrooms"":"""",""building"":"""",""concession"":"""",""deposit"":"""",""extraction_tier"":""TIER_1_API"",""floor"":"""",""floor_plan_name"":"""",""rent_range"":""$925"",""source_api_url"":""https://api.ws.realpage.com/v2/property/9178700/units?available=true&honordisplayorder=true"",""sqft"":""800"",""unit_number"":""2890-2""}","{""_available_date_raw"":""2026-05-02"",""_concession_quality"":null,""_date_placeholder"":null,""_extra"":null,""_inferred_id"":null,""_rent_range_raw"":""$925"",""amenities"":null,""area"":800,""area_absence"":null,""area_absence_evidence"":null,""availability_date_provenance"":""historical_embedded"",""availability_status"":""AVAILABLE"",""available_date"":""2026-05-02"",""available_units"":null,""baths"":null,""beds"":null,""building"":null,""concession_source"":null,""concession_text"":null,""concession_text_clean"":null,""concession_value"":null,""date_captured"":""2026-08-01 10:45:19"",""deposit"":null,""extraction_tier"":""TIER_1_API"",""floor"":null,""floor_plan_id"":null,""floor_plan_name"":null,""is_floor_plan_level"":false,""lease_term"":null,""move_in_date"":null,""offer_banner"":null,""offer_conditions"":null,""offer_target"":null,""offer_type"":null,""offer_value"":null,""rent_high"":925.0,""rent_low"":925.0,""source_ids"":{},""unit_id"":""2890-2"",""unit_name"":null}",controlled_single_change_replay_unwrap_response_units,true,availability_date,2026-05-02,2026-05-02,2026-05-02,historical_embedded,,,"{""availability_date"":""2026-05-02"",""availability_status"":""AVAILABLE"",""available_units"":"""",""bathrooms"":"""",""bed_label"":"""",""bedrooms"":"""",""building"":"""",""concession"":"""",""deposit"":"""",""extraction_tier"":""TIER_1_API"",""floor"":"""",""floor_plan_name"":"""",""rent_range"":""$925"",""source_api_url"":""https://api.ws.realpage.com/v2/property/9178700/units?available=true&honordisplayorder=true"",""sqft"":""800"",""unit_number"":""2890-2""}","{""_available_date_raw"":""2026-05-02"",""_concession_quality"":null,""_date_placeholder"":null,""_extra"":null,""_inferred_id"":null,""_rent_range_raw"":""$925"",""amenities"":null,""area"":800,""area_absence"":null,""area_absence_evidence"":null,""availability_date_provenance"":""historical_embedded"",""availability_status"":""AVAILABLE"",""available_date"":""2026-05-02"",""available_units"":null,""baths"":null,""beds"":null,""building"":null,""concession_source"":null,""concession_text"":null,""concession_text_clean"":null,""concession_value"":null,""date_captured"":""2026-08-01 10:45:19"",""deposit"":null,""extraction_tier"":""TIER_1_API"",""floor"":null,""floor_plan_id"":null,""floor_plan_name"":null,""is_floor_plan_level"":false,""lease_term"":null,""move_in_date"":null,""offer_banner"":null,""offer_conditions"":null,""offer_target"":null,""offer_type"":null,""offer_value"":null,""rent_high"":925.0,""rent_low"":925.0,""source_ids"":{},""unit_id"":""2890-2"",""unit_name"":null}","{""floorplanId"":11326824,""id"":17635492,""internalAvailableDate"":""2026-05-02 00:00 -0500"",""leaseStatus"":""AVAILABLE_READY"",""name"":""2890-2"",""rent"":925,""unitNumber"":""2890-2"",""vacantDate"":""2026-08-01 00:00 -0000""}"
local_current_live_no_rp_oracle_audit_not_canary,2026-08-01T10:45:19Z,2026-08-01,2026-07-31,separate_no_rp_oracle_573_rows_78_properties,ONESITE_API,7886,Azure Place,realpage_public_widget_units_api,true,https://api.ws.realpage.com/v2/property/9178700/units?available=true&honordisplayorder=true,2882-1,,2026-06-09 00:00 -0500,2026-06-09,historical_embedded,false,internalAvailableDate,_api_parser.realpage_units_to_adapter_shape,exact_current_parser,true,true,,availability_date,2026-06-09,2026-06-09,historical_embedded,true,false,2026-06-09,2026-06-09,historical_embedded,,false,false,false,HISTORICAL_SOURCE_DATE_PRESERVED,none,HIGH,"Primary trace replays the exact public /units envelope. When that envelope is unsupported, the diagnostic trace changes only response.units -> response list to isolate the next loss.","{""availability_date"":""2026-06-09"",""availability_status"":""AVAILABLE"",""available_units"":"""",""bathrooms"":"""",""bed_label"":"""",""bedrooms"":"""",""building"":"""",""concession"":"""",""deposit"":"""",""extraction_tier"":""TIER_1_API"",""floor"":"""",""floor_plan_name"":"""",""rent_range"":""$995"",""source_api_url"":""https://api.ws.realpage.com/v2/property/9178700/units?available=true&honordisplayorder=true"",""sqft"":""960"",""unit_number"":""2882-1""}","{""_available_date_raw"":""2026-06-09"",""_concession_quality"":null,""_date_placeholder"":null,""_extra"":null,""_inferred_id"":null,""_rent_range_raw"":""$995"",""amenities"":null,""area"":960,""area_absence"":null,""area_absence_evidence"":null,""availability_date_provenance"":""historical_embedded"",""availability_status"":""AVAILABLE"",""available_date"":""2026-06-09"",""available_units"":null,""baths"":null,""beds"":null,""building"":null,""concession_source"":null,""concession_text"":null,""concession_text_clean"":null,""concession_value"":null,""date_captured"":""2026-08-01 10:45:19"",""deposit"":null,""extraction_tier"":""TIER_1_API"",""floor"":null,""floor_plan_id"":null,""floor_plan_name"":null,""is_floor_plan_level"":false,""lease_term"":null,""move_in_date"":null,""offer_banner"":null,""offer_conditions"":null,""offer_target"":null,""offer_type"":null,""offer_value"":null,""rent_high"":995.0,""rent_low"":995.0,""source_ids"":{},""unit_id"":""2882-1"",""unit_name"":null}",controlled_single_change_replay_unwrap_response_units,true,availability_date,2026-06-09,2026-06-09,2026-06-09,historical_embedded,,,"{""availability_date"":""2026-06-09"",""availability_status"":""AVAILABLE"",""available_units"":"""",""bathrooms"":"""",""bed_label"":"""",""bedrooms"":"""",""building"":"""",""concession"":"""",""deposit"":"""",""extraction_tier"":""TIER_1_API"",""floor"":"""",""floor_plan_name"":"""",""rent_range"":""$995"",""source_api_url"":""https://api.ws.realpage.com/v2/property/9178700/units?available=true&honordisplayorder=true"",""sqft"":""960"",""unit_number"":""2882-1""}","{""_available_date_raw"":""2026-06-09"",""_concession_quality"":null,""_date_placeholder"":null,""_extra"":null,""_inferred_id"":null,""_rent_range_raw"":""$995"",""amenities"":null,""area"":960,""area_absence"":null,""area_absence_evidence"":null,""availability_date_provenance"":""historical_embedded"",""availability_status"":""AVAILABLE"",""available_date"":""2026-06-09"",""available_units"":null,""baths"":null,""beds"":null,""building"":null,""concession_source"":null,""concession_text"":null,""concession_text_clean"":null,""concession_value"":null,""date_captured"":""2026-08-01 10:45:19"",""deposit"":null,""extraction_tier"":""TIER_1_API"",""floor"":null,""floor_plan_id"":null,""floor_plan_name"":null,""is_floor_plan_level"":false,""lease_term"":null,""move_in_date"":null,""offer_banner"":null,""offer_conditions"":null,""offer_target"":null,""offer_type"":null,""offer_value"":null,""rent_high"":995.0,""rent_low"":995.0,""source_ids"":{},""unit_id"":""2882-1"",""unit_name"":null}","{""floorplanId"":11326879,""id"":17635507,""internalAvailableDate"":""2026-06-09 00:00 -0500"",""leaseStatus"":""AVAILABLE_READY"",""name"":""2882-1"",""rent"":995,""unitNumber"":""2882-1"",""vacantDate"":""2026-08-01 00:00 -0000""}"
local_current_live_no_rp_oracle_audit_not_canary,2026-08-01T10:45:19Z,2026-08-01,2026-07-31,separate_no_rp_oracle_573_rows_78_properties,ONESITE_API,7886,Azure Place,realpage_public_widget_units_api,true,https://api.ws.realpage.com/v2/property/9178700/units?available=true&honordisplayorder=true,3904-3,,1980-01-01 00:00 -0600,,unparsed_availability_text,false,internalAvailableDate,_api_parser.realpage_units_to_adapter_shape,exact_current_parser,true,true,,availability_date,1980-01-01,,unparsed_availability_text,true,false,2026-08-01,1980-01-01,sentinel_clamped,,false,false,false,UNPARSED_NATIVE_AVAILABILITY,unparsed_source_text,MEDIUM,"Primary trace replays the exact public /units envelope. When that envelope is unsupported, the diagnostic trace changes only response.units -> response list to isolate the next loss.","{""availability_date"":""1980-01-01"",""availability_status"":""AVAILABLE"",""available_units"":"""",""bathrooms"":"""",""bed_label"":"""",""bedrooms"":"""",""building"":"""",""concession"":"""",""deposit"":"""",""extraction_tier"":""TIER_1_API"",""floor"":"""",""floor_plan_name"":"""",""rent_range"":""$945"",""source_api_url"":""https://api.ws.realpage.com/v2/property/9178700/units?available=true&honordisplayorder=true"",""sqft"":""800"",""unit_number"":""3904-3""}","{""_available_date_raw"":""1980-01-01"",""_concession_quality"":null,""_date_placeholder"":null,""_extra"":null,""_inferred_id"":null,""_rent_range_raw"":""$945"",""amenities"":null,""area"":800,""area_absence"":null,""area_absence_evidence"":null,""availability_date_provenance"":""sentinel_clamped"",""availability_status"":""AVAILABLE"",""available_date"":""2026-08-01"",""available_units"":null,""baths"":null,""beds"":null,""building"":null,""concession_source"":null,""concession_text"":null,""concession_text_clean"":null,""concession_value"":null,""date_captured"":""2026-08-01 10:45:19"",""deposit"":null,""extraction_tier"":""TIER_1_API"",""floor"":null,""floor_plan_id"":null,""floor_plan_name"":null,""is_floor_plan_level"":false,""lease_term"":null,""move_in_date"":null,""offer_banner"":null,""offer_conditions"":null,""offer_target"":null,""offer_type"":null,""offer_value"":null,""rent_high"":945.0,""rent_low"":945.0,""source_ids"":{},""unit_id"":""3904-3"",""unit_name"":null}",controlled_single_change_replay_unwrap_response_units,true,availability_date,1980-01-01,,2026-08-01,sentinel_clamped,,,"{""availability_date"":""1980-01-01"",""availability_status"":""AVAILABLE"",""available_units"":"""",""bathrooms"":"""",""bed_label"":"""",""bedrooms"":"""",""building"":"""",""concession"":"""",""deposit"":"""",""extraction_tier"":""TIER_1_API"",""floor"":"""",""floor_plan_name"":"""",""rent_range"":""$945"",""source_api_url"":""https://api.ws.realpage.com/v2/property/9178700/units?available=true&honordisplayorder=true"",""sqft"":""800"",""unit_number"":""3904-3""}","{""_available_date_raw"":""1980-01-01"",""_concession_quality"":null,""_date_placeholder"":null,""_extra"":null,""_inferred_id"":null,""_rent_range_raw"":""$945"",""amenities"":null,""area"":800,""area_absence"":null,""area_absence_evidence"":null,""availability_date_provenance"":""sentinel_clamped"",""availability_status"":""AVAILABLE"",""available_date"":""2026-08-01"",""available_units"":null,""baths"":null,""beds"":null,""building"":null,""concession_source"":null,""concession_text"":null,""concession_text_clean"":null,""concession_value"":null,""date_captured"":""2026-08-01 10:45:19"",""deposit"":null,""extraction_tier"":""TIER_1_API"",""floor"":null,""floor_plan_id"":null,""floor_plan_name"":null,""is_floor_plan_level"":false,""lease_term"":null,""move_in_date"":null,""offer_banner"":null,""offer_conditions"":null,""offer_target"":null,""offer_type"":null,""offer_value"":null,""rent_high"":945.0,""rent_low"":945.0,""source_ids"":{},""unit_id"":""3904-3"",""unit_name"":null}","{""floorplanId"":11326824,""id"":17635521,""internalAvailableDate"":""1980-01-01 00:00 -0600"",""leaseStatus"":""AVAILABLE_READY"",""name"":""3904-3"",""rent"":945,""unitNumber"":""3904-3"",""vacantDate"":""2026-08-01 00:00 -0000""}"
local_current_live_no_rp_oracle_audit_not_canary,2026-08-01T10:45:19Z,2026-08-01,2026-07-31,separate_no_rp_oracle_573_rows_78_properties,ONESITE_API,7886,Azure Place,realpage_public_widget_units_api,true,https://api.ws.realpage.com/v2/property/9178700/units?available=true&honordisplayorder=true,3904-4,,2026-02-25 00:00 -0600,2026-02-25,historical_embedded,false,internalAvailableDate,_api_parser.realpage_units_to_adapter_shape,exact_current_parser,true,true,,availability_date,2026-02-25,2026-02-25,historical_embedded,true,false,2026-02-25,2026-02-25,historical_embedded,,false,false,false,HISTORICAL_SOURCE_DATE_PRESERVED,none,HIGH,"Primary trace replays the exact public /units envelope. When that envelope is unsupported, the diagnostic trace changes only response.units -> response list to isolate the next loss.","{""availability_date"":""2026-02-25"",""availability_status"":""AVAILABLE"",""available_units"":"""",""bathrooms"":"""",""bed_label"":"""",""bedrooms"":"""",""building"":"""",""concession"":"""",""deposit"":"""",""extraction_tier"":""TIER_1_API"",""floor"":"""",""floor_plan_name"":"""",""rent_range"":""$925"",""source_api_url"":""https://api.ws.realpage.com/v2/property/9178700/units?available=true&honordisplayorder=true"",""sqft"":""800"",""unit_number"":""3904-4""}","{""_available_date_raw"":""2026-02-25"",""_concession_quality"":null,""_date_placeholder"":null,""_extra"":null,""_inferred_id"":null,""_rent_range_raw"":""$925"",""amenities"":null,""area"":800,""area_absence"":null,""area_absence_evidence"":null,""availability_date_provenance"":""historical_embedded"",""availability_status"":""AVAILABLE"",""available_date"":""2026-02-25"",""available_units"":null,""baths"":null,""beds"":null,""building"":null,""concession_source"":null,""concession_text"":null,""concession_text_clean"":null,""concession_value"":null,""date_captured"":""2026-08-01 10:45:19"",""deposit"":null,""extraction_tier"":""TIER_1_API"",""floor"":null,""floor_plan_id"":null,""floor_plan_name"":null,""is_floor_plan_level"":false,""lease_term"":null,""move_in_date"":null,""offer_banner"":null,""offer_conditions"":null,""offer_target"":null,""offer_type"":null,""offer_value"":null,""rent_high"":925.0,""rent_low"":925.0,""source_ids"":{},""unit_id"":""3904-4"",""unit_name"":null}",controlled_single_change_replay_unwrap_response_units,true,availability_date,2026-02-25,2026-02-25,2026-02-25,historical_embedded,,,"{""availability_date"":""2026-02-25"",""availability_status"":""AVAILABLE"",""available_units"":"""",""bathrooms"":"""",""bed_label"":"""",""bedrooms"":"""",""building"":"""",""concession"":"""",""deposit"":"""",""extraction_tier"":""TIER_1_API"",""floor"":"""",""floor_plan_name"":"""",""rent_range"":""$925"",""source_api_url"":""https://api.ws.realpage.com/v2/property/9178700/units?available=true&honordisplayorder=true"",""sqft"":""800"",""unit_number"":""3904-4""}","{""_available_date_raw"":""2026-02-25"",""_concession_quality"":null,""_date_placeholder"":null,""_extra"":null,""_inferred_id"":null,""_rent_range_raw"":""$925"",""amenities"":null,""area"":800,""area_absence"":null,""area_absence_evidence"":null,""availability_date_provenance"":""historical_embedded"",""availability_status"":""AVAILABLE"",""available_date"":""2026-02-25"",""available_units"":null,""baths"":null,""beds"":null,""building"":null,""concession_source"":null,""concession_text"":null,""concession_text_clean"":null,""concession_value"":null,""date_captured"":""2026-08-01 10:45:19"",""deposit"":null,""extraction_tier"":""TIER_1_API"",""floor"":null,""floor_plan_id"":null,""floor_plan_name"":null,""is_floor_plan_level"":false,""lease_term"":null,""move_in_date"":null,""offer_banner"":null,""offer_conditions"":null,""offer_target"":null,""offer_type"":null,""offer_value"":null,""rent_high"":925.0,""rent_low"":925.0,""source_ids"":{},""unit_id"":""3904-4"",""unit_name"":null}","{""floorplanId"":11326824,""id"":17635522,""internalAvailableDate"":""2026-02-25 00:00 -0600"",""leaseStatus"":""AVAILABLE_READY"",""name"":""3904-4"",""rent"":925,""unitNumber"":""3904-4"",""vacantDate"":""2026-08-01 00:00 -0000""}"
local_current_live_no_rp_oracle_audit_not_canary,2026-08-01T10:45:19Z,2026-08-01,2026-07-31,separate_no_rp_oracle_573_rows_78_properties,ONESITE_API,7886,Azure Place,realpage_public_widget_units_api,true,https://api.ws.realpage.com/v2/property/9178700/units?available=true&honordisplayorder=true,2842-2,,2026-02-04 00:00 -0600,2026-02-04,historical_embedded,false,internalAvailableDate,_api_parser.realpage_units_to_adapter_shape,exact_current_parser,true,true,,availability_date,2026-02-04,2026-02-04,historical_embedded,true,false,2026-02-04,2026-02-04,historical_embedded,,false,false,false,HISTORICAL_SOURCE_DATE_PRESERVED,none,HIGH,"Primary trace replays the exact public /units envelope. When that envelope is unsupported, the diagnostic trace changes only response.units -> response list to isolate the next loss.","{""availability_date"":""2026-02-04"",""availability_status"":""AVAILABLE"",""available_units"":"""",""bathrooms"":"""",""bed_label"":"""",""bedrooms"":"""",""building"":"""",""concession"":"""",""deposit"":"""",""extraction_tier"":""TIER_1_API"",""floor"":"""",""floor_plan_name"":"""",""rent_range"":""$925"",""source_api_url"":""https://api.ws.realpage.com/v2/property/9178700/units?available=true&honordisplayorder=true"",""sqft"":""800"",""unit_number"":""2842-2""}","{""_available_date_raw"":""2026-02-04"",""_concession_quality"":null,""_date_placeholder"":null,""_extra"":null,""_inferred_id"":null,""_rent_range_raw"":""$925"",""amenities"":null,""area"":800,""area_absence"":null,""area_absence_evidence"":null,""availability_date_provenance"":""historical_embedded"",""availability_status"":""AVAILABLE"",""available_date"":""2026-02-04"",""available_units"":null,""baths"":null,""beds"":null,""building"":null,""concession_source"":null,""concession_text"":null,""concession_text_clean"":null,""concession_value"":null,""date_captured"":""2026-08-01 10:45:19"",""deposit"":null,""extraction_tier"":""TIER_1_API"",""floor"":null,""floor_plan_id"":null,""floor_plan_name"":null,""is_floor_plan_level"":false,""lease_term"":null,""move_in_date"":null,""offer_banner"":null,""offer_conditions"":null,""offer_target"":null,""offer_type"":null,""offer_value"":null,""rent_high"":925.0,""rent_low"":925.0,""source_ids"":{},""unit_id"":""2842-2"",""unit_name"":null}",controlled_single_change_replay_unwrap_response_units,true,availability_date,2026-02-04,2026-02-04,2026-02-04,historical_embedded,,,"{""availability_date"":""2026-02-04"",""availability_status"":""AVAILABLE"",""available_units"":"""",""bathrooms"":"""",""bed_label"":"""",""bedrooms"":"""",""building"":"""",""concession"":"""",""deposit"":"""",""extraction_tier"":""TIER_1_API"",""floor"":"""",""floor_plan_name"":"""",""rent_range"":""$925"",""source_api_url"":""https://api.ws.realpage.com/v2/property/9178700/units?available=true&honordisplayorder=true"",""sqft"":""800"",""unit_number"":""2842-2""}","{""_available_date_raw"":""2026-02-04"",""_concession_quality"":null,""_date_placeholder"":null,""_extra"":null,""_inferred_id"":null,""_rent_range_raw"":""$925"",""amenities"":null,""area"":800,""area_absence"":null,""area_absence_evidence"":null,""availability_date_provenance"":""historical_embedded"",""availability_status"":""AVAILABLE"",""available_date"":""2026-02-04"",""available_units"":null,""baths"":null,""beds"":null,""building"":null,""concession_source"":null,""concession_text"":null,""concession_text_clean"":null,""concession_value"":null,""date_captured"":""2026-08-01 10:45:19"",""deposit"":null,""extraction_tier"":""TIER_1_API"",""floor"":null,""floor_plan_id"":null,""floor_plan_name"":null,""is_floor_plan_level"":false,""lease_term"":null,""move_in_date"":null,""offer_banner"":null,""offer_conditions"":null,""offer_target"":null,""offer_type"":null,""offer_value"":null,""rent_high"":925.0,""rent_low"":925.0,""source_ids"":{},""unit_id"":""2842-2"",""unit_name"":null}","{""floorplanId"":11326824,""id"":17635568,""internalAvailableDate"":""2026-02-04 00:00 -0600"",""leaseStatus"":""AVAILABLE_READY"",""name"":""2842-2"",""rent"":925,""unitNumber"":""2842-2"",""vacantDate"":""2026-08-01 00:00 -0000""}"
local_current_live_no_rp_oracle_audit_not_canary,2026-08-01T10:45:19Z,2026-08-01,2026-07-31,separate_no_rp_oracle_573_rows_78_properties,ONESITE_API,7886,Azure Place,realpage_public_widget_units_api,true,https://api.ws.realpage.com/v2/property/9178700/units?available=true&honordisplayorder=true,2849-3,,2026-02-24 00:00 -0600,2026-02-24,historical_embedded,false,internalAvailableDate,_api_parser.realpage_units_to_adapter_shape,exact_current_parser,true,true,,availability_date,2026-02-24,2026-02-24,historical_embedded,true,false,2026-02-24,2026-02-24,historical_embedded,,false,false,false,HISTORICAL_SOURCE_DATE_PRESERVED,none,HIGH,"Primary trace replays the exact public /units envelope. When that envelope is unsupported, the diagnostic trace changes only response.units -> response list to isolate the next loss.","{""availability_date"":""2026-02-24"",""availability_status"":""AVAILABLE"",""available_units"":"""",""bathrooms"":"""",""bed_label"":"""",""bedrooms"":"""",""building"":"""",""concession"":"""",""deposit"":"""",""extraction_tier"":""TIER_1_API"",""floor"":"""",""floor_plan_name"":"""",""rent_range"":""$945"",""source_api_url"":""https://api.ws.realpage.com/v2/property/9178700/units?available=true&honordisplayorder=true"",""sqft"":""800"",""unit_number"":""2849-3""}","{""_available_date_raw"":""2026-02-24"",""_concession_quality"":null,""_date_placeholder"":null,""_extra"":null,""_inferred_id"":null,""_rent_range_raw"":""$945"",""amenities"":null,""area"":800,""area_absence"":null,""area_absence_evidence"":null,""availability_date_provenance"":""historical_embedded"",""availability_status"":""AVAILABLE"",""available_date"":""2026-02-24"",""available_units"":null,""baths"":null,""beds"":null,""building"":null,""concession_source"":null,""concession_text"":null,""concession_text_clean"":null,""concession_value"":null,""date_captured"":""2026-08-01 10:45:19"",""deposit"":null,""extraction_tier"":""TIER_1_API"",""floor"":null,""floor_plan_id"":null,""floor_plan_name"":null,""is_floor_plan_level"":false,""lease_term"":null,""move_in_date"":null,""offer_banner"":null,""offer_conditions"":null,""offer_target"":null,""offer_type"":null,""offer_value"":null,""rent_high"":945.0,""rent_low"":945.0,""source_ids"":{},""unit_id"":""2849-3"",""unit_name"":null}",controlled_single_change_replay_unwrap_response_units,true,availability_date,2026-02-24,2026-02-24,2026-02-24,historical_embedded,,,"{""availability_date"":""2026-02-24"",""availability_status"":""AVAILABLE"",""available_units"":"""",""bathrooms"":"""",""bed_label"":"""",""bedrooms"":"""",""building"":"""",""concession"":"""",""deposit"":"""",""extraction_tier"":""TIER_1_API"",""floor"":"""",""floor_plan_name"":"""",""rent_range"":""$945"",""source_api_url"":""https://api.ws.realpage.com/v2/property/9178700/units?available=true&honordisplayorder=true"",""sqft"":""800"",""unit_number"":""2849-3""}","{""_available_date_raw"":""2026-02-24"",""_concession_quality"":null,""_date_placeholder"":null,""_extra"":null,""_inferred_id"":null,""_rent_range_raw"":""$945"",""amenities"":null,""area"":800,""area_absence"":null,""area_absence_evidence"":null,""availability_date_provenance"":""historical_embedded"",""availability_status"":""AVAILABLE"",""available_date"":""2026-02-24"",""available_units"":null,""baths"":null,""beds"":null,""building"":null,""concession_source"":null,""concession_text"":null,""concession_text_clean"":null,""concession_value"":null,""date_captured"":""2026-08-01 10:45:19"",""deposit"":null,""extraction_tier"":""TIER_1_API"",""floor"":null,""floor_plan_id"":null,""floor_plan_name"":null,""is_floor_plan_level"":false,""lease_term"":null,""move_in_date"":null,""offer_banner"":null,""offer_conditions"":null,""offer_target"":null,""offer_type"":null,""offer_value"":null,""rent_high"":945.0,""rent_low"":945.0,""source_ids"":{},""unit_id"":""2849-3"",""unit_name"":null}","{""floorplanId"":11326824,""id"":17635611,""internalAvailableDate"":""2026-02-24 00:00 -0600"",""leaseStatus"":""AVAILABLE_READY"",""name"":""2849-3"",""rent"":945,""unitNumber"":""2849-3"",""vacantDate"":""2026-08-01 00:00 -0000""}"
local_current_live_no_rp_oracle_audit_not_canary,2026-08-01T10:45:19Z,2026-08-01,2026-07-31,separate_no_rp_oracle_573_rows_78_properties,ONESITE_API,7886,Azure Place,realpage_public_widget_units_api,true,https://api.ws.realpage.com/v2/property/9178700/units?available=true&honordisplayorder=true,2849-4,,2026-01-09 00:00 -0600,2026-01-09,historical_embedded,false,internalAvailableDate,_api_parser.realpage_units_to_adapter_shape,exact_current_parser,true,true,,availability_date,2026-01-09,2026-01-09,historical_embedded,true,false,2026-01-09,2026-01-09,historical_embedded,,false,false,false,HISTORICAL_SOURCE_DATE_PRESERVED,none,HIGH,"Primary trace replays the exact public /units envelope. When that envelope is unsupported, the diagnostic trace changes only response.units -> response list to isolate the next loss.","{""availability_date"":""2026-01-09"",""availability_status"":""AVAILABLE"",""available_units"":"""",""bathrooms"":"""",""bed_label"":"""",""bedrooms"":"""",""building"":"""",""concession"":"""",""deposit"":"""",""extraction_tier"":""TIER_1_API"",""floor"":"""",""floor_plan_name"":"""",""rent_range"":""$925"",""source_api_url"":""https://api.ws.realpage.com/v2/property/9178700/units?available=true&honordisplayorder=true"",""sqft"":""800"",""unit_number"":""2849-4""}","{""_available_date_raw"":""2026-01-09"",""_concession_quality"":null,""_date_placeholder"":null,""_extra"":null,""_inferred_id"":null,""_rent_range_raw"":""$925"",""amenities"":null,""area"":800,""area_absence"":null,""area_absence_evidence"":null,""availability_date_provenance"":""historical_embedded"",""availability_status"":""AVAILABLE"",""available_date"":""2026-01-09"",""available_units"":null,""baths"":null,""beds"":null,""building"":null,""concession_source"":null,""concession_text"":null,""concession_text_clean"":null,""concession_value"":null,""date_captured"":""2026-08-01 10:45:19"",""deposit"":null,""extraction_tier"":""TIER_1_API"",""floor"":null,""floor_plan_id"":null,""floor_plan_name"":null,""is_floor_plan_level"":false,""lease_term"":null,""move_in_date"":null,""offer_banner"":null,""offer_conditions"":null,""offer_target"":null,""offer_type"":null,""offer_value"":null,""rent_high"":925.0,""rent_low"":925.0,""source_ids"":{},""unit_id"":""2849-4"",""unit_name"":null}",controlled_single_change_replay_unwrap_response_units,true,availability_date,2026-01-09,2026-01-09,2026-01-09,historical_embedded,,,"{""availability_date"":""2026-01-09"",""availability_status"":""AVAILABLE"",""available_units"":"""",""bathrooms"":"""",""bed_label"":"""",""bedrooms"":"""",""building"":"""",""concession"":"""",""deposit"":"""",""extraction_tier"":""TIER_1_API"",""floor"":"""",""floor_plan_name"":"""",""rent_range"":""$925"",""source_api_url"":""https://api.ws.realpage.com/v2/property/9178700/units?available=true&honordisplayorder=true"",""sqft"":""800"",""unit_number"":""2849-4""}","{""_available_date_raw"":""2026-01-09"",""_concession_quality"":null,""_date_placeholder"":null,""_extra"":null,""_inferred_id"":null,""_rent_range_raw"":""$925"",""amenities"":null,""area"":800,""area_absence"":null,""area_absence_evidence"":null,""availability_date_provenance"":""historical_embedded"",""availability_status"":""AVAILABLE"",""available_date"":""2026-01-09"",""available_units"":null,""baths"":null,""beds"":null,""building"":null,""concession_source"":null,""concession_text"":null,""concession_text_clean"":null,""concession_value"":null,""date_captured"":""2026-08-01 10:45:19"",""deposit"":null,""extraction_tier"":""TIER_1_API"",""floor"":null,""floor_plan_id"":null,""floor_plan_name"":null,""is_floor_plan_level"":false,""lease_term"":null,""move_in_date"":null,""offer_banner"":null,""offer_conditions"":null,""offer_target"":null,""offer_type"":null,""offer_value"":null,""rent_high"":925.0,""rent_low"":925.0,""source_ids"":{},""unit_id"":""2849-4"",""unit_name"":null}","{""floorplanId"":11326824,""id"":17635612,""internalAvailableDate"":""2026-01-09 00:00 -0600"",""leaseStatus"":""AVAILABLE_READY"",""name"":""2849-4"",""rent"":925,""unitNumber"":""2849-4"",""vacantDate"":""2026-08-01 00:00 -0000""}"
local_current_live_no_rp_oracle_audit_not_canary,2026-08-01T10:45:19Z,2026-08-01,2026-07-31,separate_no_rp_oracle_573_rows_78_properties,ONESITE_API,7886,Azure Place,realpage_public_widget_units_api,true,https://api.ws.realpage.com/v2/property/9178700/units?available=true&honordisplayorder=true,2902-1,,2026-04-30 00:00 -0500,2026-04-30,historical_embedded,false,internalAvailableDate,_api_parser.realpage_units_to_adapter_shape,exact_current_parser,true,true,,availability_date,2026-04-30,2026-04-30,historical_embedded,true,false,2026-04-30,2026-04-30,historical_embedded,,false,false,false,HISTORICAL_SOURCE_DATE_PRESERVED,none,HIGH,"Primary trace replays the exact public /units envelope. When that envelope is unsupported, the diagnostic trace changes only response.units -> response list to isolate the next loss.","{""availability_date"":""2026-04-30"",""availability_status"":""AVAILABLE"",""available_units"":"""",""bathrooms"":"""",""bed_label"":"""",""bedrooms"":"""",""building"":"""",""concession"":"""",""deposit"":"""",""extraction_tier"":""TIER_1_API"",""floor"":"""",""floor_plan_name"":"""",""rent_range"":""$1,165"",""source_api_url"":""https://api.ws.realpage.com/v2/property/9178700/units?available=true&honordisplayorder=true"",""sqft"":""1150"",""unit_number"":""2902-1""}","{""_available_date_raw"":""2026-04-30"",""_concession_quality"":null,""_date_placeholder"":null,""_extra"":null,""_inferred_id"":null,""_rent_range_raw"":""$1,165"",""amenities"":null,""area"":1150,""area_absence"":null,""area_absence_evidence"":null,""availability_date_provenance"":""historical_embedded"",""availability_status"":""AVAILABLE"",""available_date"":""2026-04-30"",""available_units"":null,""baths"":null,""beds"":null,""building"":null,""concession_source"":null,""concession_text"":null,""concession_text_clean"":null,""concession_value"":null,""date_captured"":""2026-08-01 10:45:19"",""deposit"":null,""extraction_tier"":""TIER_1_API"",""floor"":null,""floor_plan_id"":null,""floor_plan_name"":null,""is_floor_plan_level"":false,""lease_term"":null,""move_in_date"":null,""offer_banner"":null,""offer_conditions"":null,""offer_target"":null,""offer_type"":null,""offer_value"":null,""rent_high"":1165.0,""rent_low"":1165.0,""source_ids"":{},""unit_id"":""2902-1"",""unit_name"":null}",controlled_single_change_replay_unwrap_response_units,true,availability_date,2026-04-30,2026-04-30,2026-04-30,historical_embedded,,,"{""availability_date"":""2026-04-30"",""availability_status"":""AVAILABLE"",""available_units"":"""",""bathrooms"":"""",""bed_label"":"""",""bedrooms"":"""",""building"":"""",""concession"":"""",""deposit"":"""",""extraction_tier"":""TIER_1_API"",""floor"":"""",""floor_plan_name"":"""",""rent_range"":""$1,165"",""source_api_url"":""https://api.ws.realpage.com/v2/property/9178700/units?available=true&honordisplayorder=true"",""sqft"":""1150"",""unit_number"":""2902-1""}","{""_available_date_raw"":""2026-04-30"",""_concession_quality"":null,""_date_placeholder"":null,""_extra"":null,""_inferred_id"":null,""_rent_range_raw"":""$1,165"",""amenities"":null,""area"":1150,""area_absence"":null,""area_absence_evidence"":null,""availability_date_provenance"":""historical_embedded"",""availability_status"":""AVAILABLE"",""available_date"":""2026-04-30"",""available_units"":null,""baths"":null,""beds"":null,""building"":null,""concession_source"":null,""concession_text"":null,""concession_text_clean"":null,""concession_value"":null,""date_captured"":""2026-08-01 10:45:19"",""deposit"":null,""extraction_tier"":""TIER_1_API"",""floor"":null,""floor_plan_id"":null,""floor_plan_name"":null,""is_floor_plan_level"":false,""lease_term"":null,""move_in_date"":null,""offer_banner"":null,""offer_conditions"":null,""offer_target"":null,""offer_type"":null,""offer_value"":null,""rent_high"":1165.0,""rent_low"":1165.0,""source_ids"":{},""unit_id"":""2902-1"",""unit_name"":null}","{""floorplanId"":11326881,""id"":17635619,""internalAvailableDate"":""2026-04-30 00:00 -0500"",""leaseStatus"":""AVAILABLE_READY"",""name"":""2902-1"",""rent"":1165,""unitNumber"":""2902-1"",""vacantDate"":""2026-08-01 00:00 -0000""}"
local_current_live_no_rp_oracle_audit_not_canary,2026-08-01T10:45:19Z,2026-08-01,2026-07-31,separate_no_rp_oracle_573_rows_78_properties,ONESITE_API,7886,Azure Place,realpage_public_widget_units_api,true,https://api.ws.realpage.com/v2/property/9178700/units?available=true&honordisplayorder=true,3910-4,,2026-04-01 00:00 -0500,2026-04-01,historical_embedded,false,internalAvailableDate,_api_parser.realpage_units_to_adapter_shape,exact_current_parser,true,true,,availability_date,2026-04-01,2026-04-01,historical_embedded,true,false,2026-04-01,2026-04-01,historical_embedded,,false,false,false,HISTORICAL_SOURCE_DATE_PRESERVED,none,HIGH,"Primary trace replays the exact public /units envelope. When that envelope is unsupported, the diagnostic trace changes only response.units -> response list to isolate the next loss.","{""availability_date"":""2026-04-01"",""availability_status"":""AVAILABLE"",""available_units"":"""",""bathrooms"":"""",""bed_label"":"""",""bedrooms"":"""",""building"":"""",""concession"":"""",""deposit"":"""",""extraction_tier"":""TIER_1_API"",""floor"":"""",""floor_plan_name"":"""",""rent_range"":""$1,250"",""source_api_url"":""https://api.ws.realpage.com/v2/property/9178700/units?available=true&honordisplayorder=true"",""sqft"":""1220"",""unit_number"":""3910-4""}","{""_available_date_raw"":""2026-04-01"",""_concession_quality"":null,""_date_placeholder"":null,""_extra"":null,""_inferred_id"":null,""_rent_range_raw"":""$1,250"",""amenities"":null,""area"":1220,""area_absence"":null,""area_absence_evidence"":null,""availability_date_provenance"":""historical_embedded"",""availability_status"":""AVAILABLE"",""available_date"":""2026-04-01"",""available_units"":null,""baths"":null,""beds"":null,""building"":null,""concession_source"":null,""concession_text"":null,""concession_text_clean"":null,""concession_value"":null,""date_captured"":""2026-08-01 10:45:19"",""deposit"":null,""extraction_tier"":""TIER_1_API"",""floor"":null,""floor_plan_id"":null,""floor_plan_name"":null,""is_floor_plan_level"":false,""lease_term"":null,""move_in_date"":null,""offer_banner"":null,""offer_conditions"":null,""offer_target"":null,""offer_type"":null,""offer_value"":null,""rent_high"":1250.0,""rent_low"":1250.0,""source_ids"":{},""unit_id"":""3910-4"",""unit_name"":null}",controlled_single_change_replay_unwrap_response_units,true,availability_date,2026-04-01,2026-04-01,2026-04-01,historical_embedded,,,"{""availability_date"":""2026-04-01"",""availability_status"":""AVAILABLE"",""available_units"":"""",""bathrooms"":"""",""bed_label"":"""",""bedrooms"":"""",""building"":"""",""concession"":"""",""deposit"":"""",""extraction_tier"":""TIER_1_API"",""floor"":"""",""floor_plan_name"":"""",""rent_range"":""$1,250"",""source_api_url"":""https://api.ws.realpage.com/v2/property/9178700/units?available=true&honordisplayorder=true"",""sqft"":""1220"",""unit_number"":""3910-4""}","{""_available_date_raw"":""2026-04-01"",""_concession_quality"":null,""_date_placeholder"":null,""_extra"":null,""_inferred_id"":null,""_rent_range_raw"":""$1,250"",""amenities"":null,""area"":1220,""area_absence"":null,""area_absence_evidence"":null,""availability_date_provenance"":""historical_embedded"",""availability_status"":""AVAILABLE"",""available_date"":""2026-04-01"",""available_units"":null,""baths"":null,""beds"":null,""building"":null,""concession_source"":null,""concession_text"":null,""concession_text_clean"":null,""concession_value"":null,""date_captured"":""2026-08-01 10:45:19"",""deposit"":null,""extraction_tier"":""TIER_1_API"",""floor"":null,""floor_plan_id"":null,""floor_plan_name"":null,""is_floor_plan_level"":false,""lease_term"":null,""move_in_date"":null,""offer_banner"":null,""offer_conditions"":null,""offer_target"":null,""offer_type"":null,""offer_value"":null,""rent_high"":1250.0,""rent_low"":1250.0,""source_ids"":{},""unit_id"":""3910-4"",""unit_name"":null}","{""floorplanId"":11326894,""id"":17635634,""internalAvailableDate"":""2026-04-01 00:00 -0500"",""leaseStatus"":""AVAILABLE_READY"",""name"":""3910-4"",""rent"":1250,""unitNumber"":""3910-4"",""vacantDate"":""2026-08-01 00:00 -0000""}"
local_current_live_no_rp_oracle_audit_not_canary,2026-08-01T10:45:19Z,2026-08-01,2026-07-31,separate_no_rp_oracle_573_rows_78_properties,ONESITE_API,7886,Azure Place,realpage_public_widget_units_api,true,https://api.ws.realpage.com/v2/property/9178700/units?available=true&honordisplayorder=true,2846-3,,2025-03-23 00:00 -0500,2025-03-23,historical_embedded,false,internalAvailableDate,_api_parser.realpage_units_to_adapter_shape,exact_current_parser,true,true,,availability_date,2025-03-23,2025-03-23,historical_embedded,true,false,2025-03-23,2025-03-23,historical_embedded,,false,false,false,HISTORICAL_SOURCE_DATE_PRESERVED,none,HIGH,"Primary trace replays the exact public /units envelope. When that envelope is unsupported, the diagnostic trace changes only response.units -> response list to isolate the next loss.","{""availability_date"":""2025-03-23"",""availability_status"":""AVAILABLE"",""available_units"":"""",""bathrooms"":"""",""bed_label"":"""",""bedrooms"":"""",""building"":"""",""concession"":"""",""deposit"":"""",""extraction_tier"":""TIER_1_API"",""floor"":"""",""floor_plan_name"":"""",""rent_range"":""$995"",""source_api_url"":""https://api.ws.realpage.com/v2/property/9178700/units?available=true&honordisplayorder=true"",""sqft"":""960"",""unit_number"":""2846-3""}","{""_available_date_raw"":""2025-03-23"",""_concession_quality"":null,""_date_placeholder"":null,""_extra"":null,""_inferred_id"":null,""_rent_range_raw"":""$995"",""amenities"":null,""area"":960,""area_absence"":null,""area_absence_evidence"":null,""availability_date_provenance"":""historical_embedded"",""availability_status"":""AVAILABLE"",""available_date"":""2025-03-23"",""available_units"":null,""baths"":null,""beds"":null,""building"":null,""concession_source"":null,""concession_text"":null,""concession_text_clean"":null,""concession_value"":null,""date_captured"":""2026-08-01 10:45:19"",""deposit"":null,""extraction_tier"":""TIER_1_API"",""floor"":null,""floor_plan_id"":null,""floor_plan_name"":null,""is_floor_plan_level"":false,""lease_term"":null,""move_in_date"":null,""offer_banner"":null,""offer_conditions"":null,""offer_target"":null,""offer_type"":null,""offer_value"":null,""rent_high"":995.0,""rent_low"":995.0,""source_ids"":{},""unit_id"":""2846-3"",""unit_name"":null}",controlled_single_change_replay_unwrap_response_units,true,availability_date,2025-03-23,2025-03-23,2025-03-23,historical_embedded,,,"{""availability_date"":""2025-03-23"",""availability_status"":""AVAILABLE"",""available_units"":"""",""bathrooms"":"""",""bed_label"":"""",""bedrooms"":"""",""building"":"""",""concession"":"""",""deposit"":"""",""extraction_tier"":""TIER_1_API"",""floor"":"""",""floor_plan_name"":"""",""rent_range"":""$995"",""source_api_url"":""https://api.ws.realpage.com/v2/property/9178700/units?available=true&honordisplayorder=true"",""sqft"":""960"",""unit_number"":""2846-3""}","{""_available_date_raw"":""2025-03-23"",""_concession_quality"":null,""_date_placeholder"":null,""_extra"":null,""_inferred_id"":null,""_rent_range_raw"":""$995"",""amenities"":null,""area"":960,""area_absence"":null,""area_absence_evidence"":null,""availability_date_provenance"":""historical_embedded"",""availability_status"":""AVAILABLE"",""available_date"":""2025-03-23"",""available_units"":null,""baths"":null,""beds"":null,""building"":null,""concession_source"":null,""concession_text"":null,""concession_text_clean"":null,""concession_value"":null,""date_captured"":""2026-08-01 10:45:19"",""deposit"":null,""extraction_tier"":""TIER_1_API"",""floor"":null,""floor_plan_id"":null,""floor_plan_name"":null,""is_floor_plan_level"":false,""lease_term"":null,""move_in_date"":null,""offer_banner"":null,""offer_conditions"":null,""offer_target"":null,""offer_type"":null,""offer_value"":null,""rent_high"":995.0,""rent_low"":995.0,""source_ids"":{},""unit_id"":""2846-3"",""unit_name"":null}","{""floorplanId"":11326879,""id"":17635637,""internalAvailableDate"":""2025-03-23 00:00 -0500"",""leaseStatus"":""AVAILABLE_READY"",""name"":""2846-3"",""rent"":995,""unitNumber"":""2846-3"",""vacantDate"":""2026-08-01 00:00 -0000""}"
local_current_live_no_rp_oracle_audit_not_canary,2026-08-01T10:45:19Z,2026-08-01,2026-07-31,separate_no_rp_oracle_573_rows_78_properties,ONESITE_API,7886,Azure Place,realpage_public_widget_units_api,true,https://api.ws.realpage.com/v2/property/9178700/units?available=true&honordisplayorder=true,2846-4,,1980-01-01 00:00 -0600,,unparsed_availability_text,false,internalAvailableDate,_api_parser.realpage_units_to_adapter_shape,exact_current_parser,true,true,,availability_date,1980-01-01,,unparsed_availability_text,true,false,2026-08-01,1980-01-01,sentinel_clamped,,false,false,false,UNPARSED_NATIVE_AVAILABILITY,unparsed_source_text,MEDIUM,"Primary trace replays the exact public /units envelope. When that envelope is unsupported, the diagnostic trace changes only response.units -> response list to isolate the next loss.","{""availability_date"":""1980-01-01"",""availability_status"":""AVAILABLE"",""available_units"":"""",""bathrooms"":"""",""bed_label"":"""",""bedrooms"":"""",""building"":"""",""concession"":"""",""deposit"":"""",""extraction_tier"":""TIER_1_API"",""floor"":"""",""floor_plan_name"":"""",""rent_range"":""$975"",""source_api_url"":""https://api.ws.realpage.com/v2/property/9178700/units?available=true&honordisplayorder=true"",""sqft"":""960"",""unit_number"":""2846-4""}","{""_available_date_raw"":""1980-01-01"",""_concession_quality"":null,""_date_placeholder"":null,""_extra"":null,""_inferred_id"":null,""_rent_range_raw"":""$975"",""amenities"":null,""area"":960,""area_absence"":null,""area_absence_evidence"":null,""availability_date_provenance"":""sentinel_clamped"",""availability_status"":""AVAILABLE"",""available_date"":""2026-08-01"",""available_units"":null,""baths"":null,""beds"":null,""building"":null,""concession_source"":null,""concession_text"":null,""concession_text_clean"":null,""concession_value"":null,""date_captured"":""2026-08-01 10:45:19"",""deposit"":null,""extraction_tier"":""TIER_1_API"",""floor"":null,""floor_plan_id"":null,""floor_plan_name"":null,""is_floor_plan_level"":false,""lease_term"":null,""move_in_date"":null,""offer_banner"":null,""offer_conditions"":null,""offer_target"":null,""offer_type"":null,""offer_value"":null,""rent_high"":975.0,""rent_low"":975.0,""source_ids"":{},""unit_id"":""2846-4"",""unit_name"":null}",controlled_single_change_replay_unwrap_response_units,true,availability_date,1980-01-01,,2026-08-01,sentinel_clamped,,,"{""availability_date"":""1980-01-01"",""availability_status"":""AVAILABLE"",""available_units"":"""",""bathrooms"":"""",""bed_label"":"""",""bedrooms"":"""",""building"":"""",""concession"":"""",""deposit"":"""",""extraction_tier"":""TIER_1_API"",""floor"":"""",""floor_plan_name"":"""",""rent_range"":""$975"",""source_api_url"":""https://api.ws.realpage.com/v2/property/9178700/units?available=true&honordisplayorder=true"",""sqft"":""960"",""unit_number"":""2846-4""}","{""_available_date_raw"":""1980-01-01"",""_concession_quality"":null,""_date_placeholder"":null,""_extra"":null,""_inferred_id"":null,""_rent_range_raw"":""$975"",""amenities"":null,""area"":960,""area_absence"":null,""area_absence_evidence"":null,""availability_date_provenance"":""sentinel_clamped"",""availability_status"":""AVAILABLE"",""available_date"":""2026-08-01"",""available_units"":null,""baths"":null,""beds"":null,""building"":null,""concession_source"":null,""concession_text"":null,""concession_text_clean"":null,""concession_value"":null,""date_captured"":""2026-08-01 10:45:19"",""deposit"":null,""extraction_tier"":""TIER_1_API"",""floor"":null,""floor_plan_id"":null,""floor_plan_name"":null,""is_floor_plan_level"":false,""lease_term"":null,""move_in_date"":null,""offer_banner"":null,""offer_conditions"":null,""offer_target"":null,""offer_type"":null,""offer_value"":null,""rent_high"":975.0,""rent_low"":975.0,""source_ids"":{},""unit_id"":""2846-4"",""unit_name"":null}","{""floorplanId"":11326879,""id"":17635638,""internalAvailableDate"":""1980-01-01 00:00 -0600"",""leaseStatus"":""AVAILABLE_READY"",""name"":""2846-4"",""rent"":975,""unitNumber"":""2846-4"",""vacantDate"":""2026-08-01 00:00 -0000""}"
local_current_live_no_rp_oracle_audit_not_canary,2026-08-01T10:45:19Z,2026-08-01,2026-07-31,separate_no_rp_oracle_573_rows_78_properties,ONESITE_API,7886,Azure Place,realpage_public_widget_units_api,true,https://api.ws.realpage.com/v2/property/9178700/units?available=true&honordisplayorder=true,2854-3,,1980-01-01 00:00 -0600,,unparsed_availability_text,false,internalAvailableDate,_api_parser.realpage_units_to_adapter_shape,exact_current_parser,true,true,,availability_date,1980-01-01,,unparsed_availability_text,true,false,2026-08-01,1980-01-01,sentinel_clamped,,false,false,false,UNPARSED_NATIVE_AVAILABILITY,unparsed_source_text,MEDIUM,"Primary trace replays the exact public /units envelope. When that envelope is unsupported, the diagnostic trace changes only response.units -> response list to isolate the next loss.","{""availability_date"":""1980-01-01"",""availability_status"":""AVAILABLE"",""available_units"":"""",""bathrooms"":"""",""bed_label"":"""",""bedrooms"":"""",""building"":"""",""concession"":"""",""deposit"":"""",""extraction_tier"":""TIER_1_API"",""floor"":"""",""floor_plan_name"":"""",""rent_range"":""$995"",""source_api_url"":""https://api.ws.realpage.com/v2/property/9178700/units?available=true&honordisplayorder=true"",""sqft"":""960"",""unit_number"":""2854-3""}","{""_available_date_raw"":""1980-01-01"",""_concession_quality"":null,""_date_placeholder"":null,""_extra"":null,""_inferred_id"":null,""_rent_range_raw"":""$995"",""amenities"":null,""area"":960,""area_absence"":null,""area_absence_evidence"":null,""availability_date_provenance"":""sentinel_clamped"",""availability_status"":""AVAILABLE"",""available_date"":""2026-08-01"",""available_units"":null,""baths"":null,""beds"":null,""building"":null,""concession_source"":null,""concession_text"":null,""concession_text_clean"":null,""concession_value"":null,""date_captured"":""2026-08-01 10:45:19"",""deposit"":null,""extraction_tier"":""TIER_1_API"",""floor"":null,""floor_plan_id"":null,""floor_plan_name"":null,""is_floor_plan_level"":false,""lease_term"":null,""move_in_date"":null,""offer_banner"":null,""offer_conditions"":null,""offer_target"":null,""offer_type"":null,""offer_value"":null,""rent_high"":995.0,""rent_low"":995.0,""source_ids"":{},""unit_id"":""2854-3"",""unit_name"":null}",controlled_single_change_replay_unwrap_response_units,true,availability_date,1980-01-01,,2026-08-01,sentinel_clamped,,,"{""availability_date"":""1980-01-01"",""availability_status"":""AVAILABLE"",""available_units"":"""",""bathrooms"":"""",""bed_label"":"""",""bedrooms"":"""",""building"":"""",""concession"":"""",""deposit"":"""",""extraction_tier"":""TIER_1_API"",""floor"":"""",""floor_plan_name"":"""",""rent_range"":""$995"",""source_api_url"":""https://api.ws.realpage.com/v2/property/9178700/units?available=true&honordisplayorder=true"",""sqft"":""960"",""unit_number"":""2854-3""}","{""_available_date_raw"":""1980-01-01"",""_concession_quality"":null,""_date_placeholder"":null,""_extra"":null,""_inferred_id"":null,""_rent_range_raw"":""$995"",""amenities"":null,""area"":960,""area_absence"":null,""area_absence_evidence"":null,""availability_date_provenance"":""sentinel_clamped"",""availability_status"":""AVAILABLE"",""available_date"":""2026-08-01"",""available_units"":null,""baths"":null,""beds"":null,""building"":null,""concession_source"":null,""concession_text"":null,""concession_text_clean"":null,""concession_value"":null,""date_captured"":""2026-08-01 10:45:19"",""deposit"":null,""extraction_tier"":""TIER_1_API"",""floor"":null,""floor_plan_id"":null,""floor_plan_name"":null,""is_floor_plan_level"":false,""lease_term"":null,""move_in_date"":null,""offer_banner"":null,""offer_conditions"":null,""offer_target"":null,""offer_type"":null,""offer_value"":null,""rent_high"":995.0,""rent_low"":995.0,""source_ids"":{},""unit_id"":""2854-3"",""unit_name"":null}","{""floorplanId"":11326879,""id"":17635645,""internalAvailableDate"":""1980-01-01 00:00 -0600"",""leaseStatus"":""AVAILABLE_READY"",""name"":""2854-3"",""rent"":995,""unitNumber"":""2854-3"",""vacantDate"":""2026-08-01 00:00 -0000""}"
local_current_live_no_rp_oracle_audit_not_canary,2026-08-01T10:45:19Z,2026-08-01,2026-07-31,separate_no_rp_oracle_573_rows_78_properties,ONESITE_API,7886,Azure Place,realpage_public_widget_units_api,true,https://api.ws.realpage.com/v2/property/9178700/units?available=true&honordisplayorder=true,2834-1,,2026-06-16 00:00 -0500,2026-06-16,historical_embedded,false,internalAvailableDate,_api_parser.realpage_units_to_adapter_shape,exact_current_parser,true,true,,availability_date,2026-06-16,2026-06-16,historical_embedded,true,false,2026-06-16,2026-06-16,historical_embedded,,false,false,false,HISTORICAL_SOURCE_DATE_PRESERVED,none,HIGH,"Primary trace replays the exact public /units envelope. When that envelope is unsupported, the diagnostic trace changes only response.units -> response list to isolate the next loss.","{""availability_date"":""2026-06-16"",""availability_status"":""AVAILABLE"",""available_units"":"""",""bathrooms"":"""",""bed_label"":"""",""bedrooms"":"""",""building"":"""",""concession"":"""",""deposit"":"""",""extraction_tier"":""TIER_1_API"",""floor"":"""",""floor_plan_name"":"""",""rent_range"":""$995"",""source_api_url"":""https://api.ws.realpage.com/v2/property/9178700/units?available=true&honordisplayorder=true"",""sqft"":""940"",""unit_number"":""2834-1""}","{""_available_date_raw"":""2026-06-16"",""_concession_quality"":null,""_date_placeholder"":null,""_extra"":null,""_inferred_id"":null,""_rent_range_raw"":""$995"",""amenities"":null,""area"":940,""area_absence"":null,""area_absence_evidence"":null,""availability_date_provenance"":""historical_embedded"",""availability_status"":""AVAILABLE"",""available_date"":""2026-06-16"",""available_units"":null,""baths"":null,""beds"":null,""building"":null,""concession_source"":null,""concession_text"":null,""concession_text_clean"":null,""concession_value"":null,""date_captured"":""2026-08-01 10:45:19"",""deposit"":null,""extraction_tier"":""TIER_1_API"",""floor"":null,""floor_plan_id"":null,""floor_plan_name"":null,""is_floor_plan_level"":false,""lease_term"":null,""move_in_date"":null,""offer_banner"":null,""offer_conditions"":null,""offer_target"":null,""offer_type"":null,""offer_value"":null,""rent_high"":995.0,""rent_low"":995.0,""source_ids"":{},""unit_id"":""2834-1"",""unit_name"":null}",controlled_single_change_replay_unwrap_response_units,true,availability_date,2026-06-16,2026-06-16,2026-06-16,historical_embedded,,,"{""availability_date"":""2026-06-16"",""availability_status"":""AVAILABLE"",""available_units"":"""",""bathrooms"":"""",""bed_label"":"""",""bedrooms"":"""",""building"":"""",""concession"":"""",""deposit"":"""",""extraction_tier"":""TIER_1_API"",""floor"":"""",""floor_plan_name"":"""",""rent_range"":""$995"",""source_api_url"":""https://api.ws.realpage.com/v2/property/9178700/units?available=true&honordisplayorder=true"",""sqft"":""940"",""unit_number"":""2834-1""}","{""_available_date_raw"":""2026-06-16"",""_concession_quality"":null,""_date_placeholder"":null,""_extra"":null,""_inferred_id"":null,""_rent_range_raw"":""$995"",""amenities"":null,""area"":940,""area_absence"":null,""area_absence_evidence"":null,""availability_date_provenance"":""historical_embedded"",""availability_status"":""AVAILABLE"",""available_date"":""2026-06-16"",""available_units"":null,""baths"":null,""beds"":null,""building"":null,""concession_source"":null,""concession_text"":null,""concession_text_clean"":null,""concession_value"":null,""date_captured"":""2026-08-01 10:45:19"",""deposit"":null,""extraction_tier"":""TIER_1_API"",""floor"":null,""floor_plan_id"":null,""floor_plan_name"":null,""is_floor_plan_level"":false,""lease_term"":null,""move_in_date"":null,""offer_banner"":null,""offer_conditions"":null,""offer_target"":null,""offer_type"":null,""offer_value"":null,""rent_high"":995.0,""rent_low"":995.0,""source_ids"":{},""unit_id"":""2834-1"",""unit_name"":null}","{""floorplanId"":11326873,""id"":17635647,""internalAvailableDate"":""2026-06-16 00:00 -0500"",""leaseStatus"":""AVAILABLE_READY"",""name"":""2834-1"",""rent"":995,""unitNumber"":""2834-1"",""vacantDate"":""2026-08-01 00:00 -0000""}"
local_current_live_no_rp_oracle_audit_not_canary,2026-08-01T10:45:19Z,2026-08-01,2026-07-31,separate_no_rp_oracle_573_rows_78_properties,ONESITE_API,7886,Azure Place,realpage_public_widget_units_api,true,https://api.ws.realpage.com/v2/property/9178700/units?available=true&honordisplayorder=true,3913-4,,2025-08-20 00:00 -0500,2025-08-20,historical_embedded,false,internalAvailableDate,_api_parser.realpage_units_to_adapter_shape,exact_current_parser,true,true,,availability_date,2025-08-20,2025-08-20,historical_embedded,true,false,2025-08-20,2025-08-20,historical_embedded,,false,false,false,HISTORICAL_SOURCE_DATE_PRESERVED,none,HIGH,"Primary trace replays the exact public /units envelope. When that envelope is unsupported, the diagnostic trace changes only response.units -> response list to isolate the next loss.","{""availability_date"":""2025-08-20"",""availability_status"":""AVAILABLE"",""available_units"":"""",""bathrooms"":"""",""bed_label"":"""",""bedrooms"":"""",""building"":"""",""concession"":"""",""deposit"":"""",""extraction_tier"":""TIER_1_API"",""floor"":"""",""floor_plan_name"":"""",""rent_range"":""$975"",""source_api_url"":""https://api.ws.realpage.com/v2/property/9178700/units?available=true&honordisplayorder=true"",""sqft"":""940"",""unit_number"":""3913-4""}","{""_available_date_raw"":""2025-08-20"",""_concession_quality"":null,""_date_placeholder"":null,""_extra"":null,""_inferred_id"":null,""_rent_range_raw"":""$975"",""amenities"":null,""area"":940,""area_absence"":null,""area_absence_evidence"":null,""availability_date_provenance"":""historical_embedded"",""availability_status"":""AVAILABLE"",""available_date"":""2025-08-20"",""available_units"":null,""baths"":null,""beds"":null,""building"":null,""concession_source"":null,""concession_text"":null,""concession_text_clean"":null,""concession_value"":null,""date_captured"":""2026-08-01 10:45:19"",""deposit"":null,""extraction_tier"":""TIER_1_API"",""floor"":null,""floor_plan_id"":null,""floor_plan_name"":null,""is_floor_plan_level"":false,""lease_term"":null,""move_in_date"":null,""offer_banner"":null,""offer_conditions"":null,""offer_target"":null,""offer_type"":null,""offer_value"":null,""rent_high"":975.0,""rent_low"":975.0,""source_ids"":{},""unit_id"":""3913-4"",""unit_name"":null}",controlled_single_change_replay_unwrap_response_units,true,availability_date,2025-08-20,2025-08-20,2025-08-20,historical_embedded,,,"{""availability_date"":""2025-08-20"",""availability_status"":""AVAILABLE"",""available_units"":"""",""bathrooms"":"""",""bed_label"":"""",""bedrooms"":"""",""building"":"""",""concession"":"""",""deposit"":"""",""extraction_tier"":""TIER_1_API"",""floor"":"""",""floor_plan_name"":"""",""rent_range"":""$975"",""source_api_url"":""https://api.ws.realpage.com/v2/property/9178700/units?available=true&honordisplayorder=true"",""sqft"":""940"",""unit_number"":""3913-4""}","{""_available_date_raw"":""2025-08-20"",""_concession_quality"":null,""_date_placeholder"":null,""_extra"":null,""_inferred_id"":null,""_rent_range_raw"":""$975"",""amenities"":null,""area"":940,""area_absence"":null,""area_absence_evidence"":null,""availability_date_provenance"":""historical_embedded"",""availability_status"":""AVAILABLE"",""available_date"":""2025-08-20"",""available_units"":null,""baths"":null,""beds"":null,""building"":null,""concession_source"":null,""concession_text"":null,""concession_text_clean"":null,""concession_value"":null,""date_captured"":""2026-08-01 10:45:19"",""deposit"":null,""extraction_tier"":""TIER_1_API"",""floor"":null,""floor_plan_id"":null,""floor_plan_name"":null,""is_floor_plan_level"":false,""lease_term"":null,""move_in_date"":null,""offer_banner"":null,""offer_conditions"":null,""offer_target"":null,""offer_type"":null,""offer_value"":null,""rent_high"":975.0,""rent_low"":975.0,""source_ids"":{},""unit_id"":""3913-4"",""unit_name"":null}","{""floorplanId"":11326873,""id"":17635666,""internalAvailableDate"":""2025-08-20 00:00 -0500"",""leaseStatus"":""AVAILABLE_READY"",""name"":""3913-4"",""rent"":975,""unitNumber"":""3913-4"",""vacantDate"":""2026-08-01 00:00 -0000""}"
local_current_live_no_rp_oracle_audit_not_canary,2026-08-01T10:45:19Z,2026-08-01,2026-07-31,separate_no_rp_oracle_573_rows_78_properties,ONESITE_API,7886,Azure Place,realpage_public_widget_units_api,true,https://api.ws.realpage.com/v2/property/9178700/units?available=true&honordisplayorder=true,3921-1,,2026-06-16 00:00 -0500,2026-06-16,historical_embedded,false,internalAvailableDate,_api_parser.realpage_units_to_adapter_shape,exact_current_parser,true,true,,availability_date,2026-06-16,2026-06-16,historical_embedded,true,false,2026-06-16,2026-06-16,historical_embedded,,false,false,false,HISTORICAL_SOURCE_DATE_PRESERVED,none,HIGH,"Primary trace replays the exact public /units envelope. When that envelope is unsupported, the diagnostic trace changes only response.units -> response list to isolate the next loss.","{""availability_date"":""2026-06-16"",""availability_status"":""AVAILABLE"",""available_units"":"""",""bathrooms"":"""",""bed_label"":"""",""bedrooms"":"""",""building"":"""",""concession"":"""",""deposit"":"""",""extraction_tier"":""TIER_1_API"",""floor"":"""",""floor_plan_name"":"""",""rent_range"":""$1,270"",""source_api_url"":""https://api.ws.realpage.com/v2/property/9178700/units?available=true&honordisplayorder=true"",""sqft"":""1220"",""unit_number"":""3921-1""}","{""_available_date_raw"":""2026-06-16"",""_concession_quality"":null,""_date_placeholder"":null,""_extra"":null,""_inferred_id"":null,""_rent_range_raw"":""$1,270"",""amenities"":null,""area"":1220,""area_absence"":null,""area_absence_evidence"":null,""availability_date_provenance"":""historical_embedded"",""availability_status"":""AVAILABLE"",""available_date"":""2026-06-16"",""available_units"":null,""baths"":null,""beds"":null,""building"":null,""concession_source"":null,""concession_text"":null,""concession_text_clean"":null,""concession_value"":null,""date_captured"":""2026-08-01 10:45:19"",""deposit"":null,""extraction_tier"":""TIER_1_API"",""floor"":null,""floor_plan_id"":null,""floor_plan_name"":null,""is_floor_plan_level"":false,""lease_term"":null,""move_in_date"":null,""offer_banner"":null,""offer_conditions"":null,""offer_target"":null,""offer_type"":null,""offer_value"":null,""rent_high"":1270.0,""rent_low"":1270.0,""source_ids"":{},""unit_id"":""3921-1"",""unit_name"":null}",controlled_single_change_replay_unwrap_response_units,true,availability_date,2026-06-16,2026-06-16,2026-06-16,historical_embedded,,,"{""availability_date"":""2026-06-16"",""availability_status"":""AVAILABLE"",""available_units"":"""",""bathrooms"":"""",""bed_label"":"""",""bedrooms"":"""",""building"":"""",""concession"":"""",""deposit"":"""",""extraction_tier"":""TIER_1_API"",""floor"":"""",""floor_plan_name"":"""",""rent_range"":""$1,270"",""source_api_url"":""https://api.ws.realpage.com/v2/property/9178700/units?available=true&honordisplayorder=true"",""sqft"":""1220"",""unit_number"":""3921-1""}","{""_available_date_raw"":""2026-06-16"",""_concession_quality"":null,""_date_placeholder"":null,""_extra"":null,""_inferred_id"":null,""_rent_range_raw"":""$1,270"",""amenities"":null,""area"":1220,""area_absence"":null,""area_absence_evidence"":null,""availability_date_provenance"":""historical_embedded"",""availability_status"":""AVAILABLE"",""available_date"":""2026-06-16"",""available_units"":null,""baths"":null,""beds"":null,""building"":null,""concession_source"":null,""concession_text"":null,""concession_text_clean"":null,""concession_value"":null,""date_captured"":""2026-08-01 10:45:19"",""deposit"":null,""extraction_tier"":""TIER_1_API"",""floor"":null,""floor_plan_id"":null,""floor_plan_name"":null,""is_floor_plan_level"":false,""lease_term"":null,""move_in_date"":null,""offer_banner"":null,""offer_conditions"":null,""offer_target"":null,""offer_type"":null,""offer_value"":null,""rent_high"":1270.0,""rent_low"":1270.0,""source_ids"":{},""unit_id"":""3921-1"",""unit_name"":null}","{""floorplanId"":11326894,""id"":17635671,""internalAvailableDate"":""2026-06-16 00:00 -0500"",""leaseStatus"":""AVAILABLE_READY"",""name"":""3921-1"",""rent"":1270,""unitNumber"":""3921-1"",""vacantDate"":""2026-08-01 00:00 -0000""}"
local_current_live_no_rp_oracle_audit_not_canary,2026-08-01T10:45:19Z,2026-08-01,2026-07-31,separate_no_rp_oracle_573_rows_78_properties,ONESITE_API,7886,Azure Place,realpage_public_widget_units_api,true,https://api.ws.realpage.com/v2/property/9178700/units?available=true&honordisplayorder=true,3921-3,,2026-06-06 00:00 -0500,2026-06-06,historical_embedded,false,internalAvailableDate,_api_parser.realpage_units_to_adapter_shape,exact_current_parser,true,true,,availability_date,2026-06-06,2026-06-06,historical_embedded,true,false,2026-06-06,2026-06-06,historical_embedded,,false,false,false,HISTORICAL_SOURCE_DATE_PRESERVED,none,HIGH,"Primary trace replays the exact public /units envelope. When that envelope is unsupported, the diagnostic trace changes only response.units -> response list to isolate the next loss.","{""availability_date"":""2026-06-06"",""availability_status"":""AVAILABLE"",""available_units"":"""",""bathrooms"":"""",""bed_label"":"""",""bedrooms"":"""",""building"":"""",""concession"":"""",""deposit"":"""",""extraction_tier"":""TIER_1_API"",""floor"":"""",""floor_plan_name"":"""",""rent_range"":""$1,270"",""source_api_url"":""https://api.ws.realpage.com/v2/property/9178700/units?available=true&honordisplayorder=true"",""sqft"":""1220"",""unit_number"":""3921-3""}","{""_available_date_raw"":""2026-06-06"",""_concession_quality"":null,""_date_placeholder"":null,""_extra"":null,""_inferred_id"":null,""_rent_range_raw"":""$1,270"",""amenities"":null,""area"":1220,""area_absence"":null,""area_absence_evidence"":null,""availability_date_provenance"":""historical_embedded"",""availability_status"":""AVAILABLE"",""available_date"":""2026-06-06"",""available_units"":null,""baths"":null,""beds"":null,""building"":null,""concession_source"":null,""concession_text"":null,""concession_text_clean"":null,""concession_value"":null,""date_captured"":""2026-08-01 10:45:19"",""deposit"":null,""extraction_tier"":""TIER_1_API"",""floor"":null,""floor_plan_id"":null,""floor_plan_name"":null,""is_floor_plan_level"":false,""lease_term"":null,""move_in_date"":null,""offer_banner"":null,""offer_conditions"":null,""offer_target"":null,""offer_type"":null,""offer_value"":null,""rent_high"":1270.0,""rent_low"":1270.0,""source_ids"":{},""unit_id"":""3921-3"",""unit_name"":null}",controlled_single_change_replay_unwrap_response_units,true,availability_date,2026-06-06,2026-06-06,2026-06-06,historical_embedded,,,"{""availability_date"":""2026-06-06"",""availability_status"":""AVAILABLE"",""available_units"":"""",""bathrooms"":"""",""bed_label"":"""",""bedrooms"":"""",""building"":"""",""concession"":"""",""deposit"":"""",""extraction_tier"":""TIER_1_API"",""floor"":"""",""floor_plan_name"":"""",""rent_range"":""$1,270"",""source_api_url"":""https://api.ws.realpage.com/v2/property/9178700/units?available=true&honordisplayorder=true"",""sqft"":""1220"",""unit_number"":""3921-3""}","{""_available_date_raw"":""2026-06-06"",""_concession_quality"":null,""_date_placeholder"":null,""_extra"":null,""_inferred_id"":null,""_rent_range_raw"":""$1,270"",""amenities"":null,""area"":1220,""area_absence"":null,""area_absence_evidence"":null,""availability_date_provenance"":""historical_embedded"",""availability_status"":""AVAILABLE"",""available_date"":""2026-06-06"",""available_units"":null,""baths"":null,""beds"":null,""building"":null,""concession_source"":null,""concession_text"":null,""concession_text_clean"":null,""concession_value"":null,""date_captured"":""2026-08-01 10:45:19"",""deposit"":null,""extraction_tier"":""TIER_1_API"",""floor"":null,""floor_plan_id"":null,""floor_plan_name"":null,""is_floor_plan_level"":false,""lease_term"":null,""move_in_date"":null,""offer_banner"":null,""offer_conditions"":null,""offer_target"":null,""offer_type"":null,""offer_value"":null,""rent_high"":1270.0,""rent_low"":1270.0,""source_ids"":{},""unit_id"":""3921-3"",""unit_name"":null}","{""floorplanId"":11326894,""id"":17635673,""internalAvailableDate"":""2026-06-06 00:00 -0500"",""leaseStatus"":""AVAILABLE_READY"",""name"":""3921-3"",""rent"":1270,""unitNumber"":""3921-3"",""vacantDate"":""2026-08-01 00:00 -0000""}"
local_current_live_no_rp_oracle_audit_not_canary,2026-08-01T10:45:19Z,2026-08-01,2026-07-31,separate_no_rp_oracle_573_rows_78_properties,ONESITE_API,7886,Azure Place,realpage_public_widget_units_api,true,https://api.ws.realpage.com/v2/property/9178700/units?available=true&honordisplayorder=true,2847-1,,1980-01-01 00:00 -0600,,unparsed_availability_text,false,internalAvailableDate,_api_parser.realpage_units_to_adapter_shape,exact_current_parser,true,true,,availability_date,1980-01-01,,unparsed_availability_text,true,false,2026-08-01,1980-01-01,sentinel_clamped,,false,false,false,UNPARSED_NATIVE_AVAILABILITY,unparsed_source_text,MEDIUM,"Primary trace replays the exact public /units envelope. When that envelope is unsupported, the diagnostic trace changes only response.units -> response list to isolate the next loss.","{""availability_date"":""1980-01-01"",""availability_status"":""AVAILABLE"",""available_units"":"""",""bathrooms"":"""",""bed_label"":"""",""bedrooms"":"""",""building"":"""",""concession"":"""",""deposit"":"""",""extraction_tier"":""TIER_1_API"",""floor"":"""",""floor_plan_name"":"""",""rent_range"":""$995"",""source_api_url"":""https://api.ws.realpage.com/v2/property/9178700/units?available=true&honordisplayorder=true"",""sqft"":""960"",""unit_number"":""2847-1""}","{""_available_date_raw"":""1980-01-01"",""_concession_quality"":null,""_date_placeholder"":null,""_extra"":null,""_inferred_id"":null,""_rent_range_raw"":""$995"",""amenities"":null,""area"":960,""area_absence"":null,""area_absence_evidence"":null,""availability_date_provenance"":""sentinel_clamped"",""availability_status"":""AVAILABLE"",""available_date"":""2026-08-01"",""available_units"":null,""baths"":null,""beds"":null,""building"":null,""concession_source"":null,""concession_text"":null,""concession_text_clean"":null,""concession_value"":null,""date_captured"":""2026-08-01 10:45:19"",""deposit"":null,""extraction_tier"":""TIER_1_API"",""floor"":null,""floor_plan_id"":null,""floor_plan_name"":null,""is_floor_plan_level"":false,""lease_term"":null,""move_in_date"":null,""offer_banner"":null,""offer_conditions"":null,""offer_target"":null,""offer_type"":null,""offer_value"":null,""rent_high"":995.0,""rent_low"":995.0,""source_ids"":{},""unit_id"":""2847-1"",""unit_name"":null}",controlled_single_change_replay_unwrap_response_units,true,availability_date,1980-01-01,,2026-08-01,sentinel_clamped,,,"{""availability_date"":""1980-01-01"",""availability_status"":""AVAILABLE"",""available_units"":"""",""bathrooms"":"""",""bed_label"":"""",""bedrooms"":"""",""building"":"""",""concession"":"""",""deposit"":"""",""extraction_tier"":""TIER_1_API"",""floor"":"""",""floor_plan_name"":"""",""rent_range"":""$995"",""source_api_url"":""https://api.ws.realpage.com/v2/property/9178700/units?available=true&honordisplayorder=true"",""sqft"":""960"",""unit_number"":""2847-1""}","{""_available_date_raw"":""1980-01-01"",""_concession_quality"":null,""_date_placeholder"":null,""_extra"":null,""_inferred_id"":null,""_rent_range_raw"":""$995"",""amenities"":null,""area"":960,""area_absence"":null,""area_absence_evidence"":null,""availability_date_provenance"":""sentinel_clamped"",""availability_status"":""AVAILABLE"",""available_date"":""2026-08-01"",""available_units"":null,""baths"":null,""beds"":null,""building"":null,""concession_source"":null,""concession_text"":null,""concession_text_clean"":null,""concession_value"":null,""date_captured"":""2026-08-01 10:45:19"",""deposit"":null,""extraction_tier"":""TIER_1_API"",""floor"":null,""floor_plan_id"":null,""floor_plan_name"":null,""is_floor_plan_level"":false,""lease_term"":null,""move_in_date"":null,""offer_banner"":null,""offer_conditions"":null,""offer_target"":null,""offer_type"":null,""offer_value"":null,""rent_high"":995.0,""rent_low"":995.0,""source_ids"":{},""unit_id"":""2847-1"",""unit_name"":null}","{""floorplanId"":11326879,""id"":17635675,""internalAvailableDate"":""1980-01-01 00:00 -0600"",""leaseStatus"":""AVAILABLE_READY"",""name"":""2847-1"",""rent"":995,""unitNumber"":""2847-1"",""vacantDate"":""2026-08-01 00:00 -0000""}"
local_current_live_no_rp_oracle_audit_not_canary,2026-08-01T10:45:19Z,2026-08-01,2026-07-31,separate_no_rp_oracle_573_rows_78_properties,ONESITE_API,7886,Azure Place,realpage_public_widget_units_api,true,https://api.ws.realpage.com/v2/property/9178700/units?available=true&honordisplayorder=true,2847-2,,2025-12-05 00:00 -0600,2025-12-05,historical_embedded,false,internalAvailableDate,_api_parser.realpage_units_to_adapter_shape,exact_current_parser,true,true,,availability_date,2025-12-05,2025-12-05,historical_embedded,true,false,2025-12-05,2025-12-05,historical_embedded,,false,false,false,HISTORICAL_SOURCE_DATE_PRESERVED,none,HIGH,"Primary trace replays the exact public /units envelope. When that envelope is unsupported, the diagnostic trace changes only response.units -> response list to isolate the next loss.","{""availability_date"":""2025-12-05"",""availability_status"":""AVAILABLE"",""available_units"":"""",""bathrooms"":"""",""bed_label"":"""",""bedrooms"":"""",""building"":"""",""concession"":"""",""deposit"":"""",""extraction_tier"":""TIER_1_API"",""floor"":"""",""floor_plan_name"":"""",""rent_range"":""$975"",""source_api_url"":""https://api.ws.realpage.com/v2/property/9178700/units?available=true&honordisplayorder=true"",""sqft"":""960"",""unit_number"":""2847-2""}","{""_available_date_raw"":""2025-12-05"",""_concession_quality"":null,""_date_placeholder"":null,""_extra"":null,""_inferred_id"":null,""_rent_range_raw"":""$975"",""amenities"":null,""area"":960,""area_absence"":null,""area_absence_evidence"":null,""availability_date_provenance"":""historical_embedded"",""availability_status"":""AVAILABLE"",""available_date"":""2025-12-05"",""available_units"":null,""baths"":null,""beds"":null,""building"":null,""concession_source"":null,""concession_text"":null,""concession_text_clean"":null,""concession_value"":null,""date_captured"":""2026-08-01 10:45:19"",""deposit"":null,""extraction_tier"":""TIER_1_API"",""floor"":null,""floor_plan_id"":null,""floor_plan_name"":null,""is_floor_plan_level"":false,""lease_term"":null,""move_in_date"":null,""offer_banner"":null,""offer_conditions"":null,""offer_target"":null,""offer_type"":null,""offer_value"":null,""rent_high"":975.0,""rent_low"":975.0,""source_ids"":{},""unit_id"":""2847-2"",""unit_name"":null}",controlled_single_change_replay_unwrap_response_units,true,availability_date,2025-12-05,2025-12-05,2025-12-05,historical_embedded,,,"{""availability_date"":""2025-12-05"",""availability_status"":""AVAILABLE"",""available_units"":"""",""bathrooms"":"""",""bed_label"":"""",""bedrooms"":"""",""building"":"""",""concession"":"""",""deposit"":"""",""extraction_tier"":""TIER_1_API"",""floor"":"""",""floor_plan_name"":"""",""rent_range"":""$975"",""source_api_url"":""https://api.ws.realpage.com/v2/property/9178700/units?available=true&honordisplayorder=true"",""sqft"":""960"",""unit_number"":""2847-2""}","{""_available_date_raw"":""2025-12-05"",""_concession_quality"":null,""_date_placeholder"":null,""_extra"":null,""_inferred_id"":null,""_rent_range_raw"":""$975"",""amenities"":null,""area"":960,""area_absence"":null,""area_absence_evidence"":null,""availability_date_provenance"":""historical_embedded"",""availability_status"":""AVAILABLE"",""available_date"":""2025-12-05"",""available_units"":null,""baths"":null,""beds"":null,""building"":null,""concession_source"":null,""concession_text"":null,""concession_text_clean"":null,""concession_value"":null,""date_captured"":""2026-08-01 10:45:19"",""deposit"":null,""extraction_tier"":""TIER_1_API"",""floor"":null,""floor_plan_id"":null,""floor_plan_name"":null,""is_floor_plan_level"":false,""lease_term"":null,""move_in_date"":null,""offer_banner"":null,""offer_conditions"":null,""offer_target"":null,""offer_type"":null,""offer_value"":null,""rent_high"":975.0,""rent_low"":975.0,""source_ids"":{},""unit_id"":""2847-2"",""unit_name"":null}","{""floorplanId"":11326879,""id"":17635676,""internalAvailableDate"":""2025-12-05 00:00 -0600"",""leaseStatus"":""AVAILABLE_READY"",""name"":""2847-2"",""rent"":975,""unitNumber"":""2847-2"",""vacantDate"":""2026-08-01 00:00 -0000""}"
local_current_live_no_rp_oracle_audit_not_canary,2026-08-01T10:45:19Z,2026-08-01,2026-07-31,separate_no_rp_oracle_573_rows_78_properties,ONESITE_API,7886,Azure Place,realpage_public_widget_units_api,true,https://api.ws.realpage.com/v2/property/9178700/units?available=true&honordisplayorder=true,2853-1,,2026-06-17 00:00 -0500,2026-06-17,historical_embedded,false,internalAvailableDate,_api_parser.realpage_units_to_adapter_shape,exact_current_parser,true,true,,availability_date,2026-06-17,2026-06-17,historical_embedded,true,false,2026-06-17,2026-06-17,historical_embedded,,false,false,false,HISTORICAL_SOURCE_DATE_PRESERVED,none,HIGH,"Primary trace replays the exact public /units envelope. When that envelope is unsupported, the diagnostic trace changes only response.units -> response list to isolate the next loss.","{""availability_date"":""2026-06-17"",""availability_status"":""AVAILABLE"",""available_units"":"""",""bathrooms"":"""",""bed_label"":"""",""bedrooms"":"""",""building"":"""",""concession"":"""",""deposit"":"""",""extraction_tier"":""TIER_1_API"",""floor"":"""",""floor_plan_name"":"""",""rent_range"":""$995"",""source_api_url"":""https://api.ws.realpage.com/v2/property/9178700/units?available=true&honordisplayorder=true"",""sqft"":""960"",""unit_number"":""2853-1""}","{""_available_date_raw"":""2026-06-17"",""_concession_quality"":null,""_date_placeholder"":null,""_extra"":null,""_inferred_id"":null,""_rent_range_raw"":""$995"",""amenities"":null,""area"":960,""area_absence"":null,""area_absence_evidence"":null,""availability_date_provenance"":""historical_embedded"",""availability_status"":""AVAILABLE"",""available_date"":""2026-06-17"",""available_units"":null,""baths"":null,""beds"":null,""building"":null,""concession_source"":null,""concession_text"":null,""concession_text_clean"":null,""concession_value"":null,""date_captured"":""2026-08-01 10:45:19"",""deposit"":null,""extraction_tier"":""TIER_1_API"",""floor"":null,""floor_plan_id"":null,""floor_plan_name"":null,""is_floor_plan_level"":false,""lease_term"":null,""move_in_date"":null,""offer_banner"":null,""offer_conditions"":null,""offer_target"":null,""offer_type"":null,""offer_value"":null,""rent_high"":995.0,""rent_low"":995.0,""source_ids"":{},""unit_id"":""2853-1"",""unit_name"":null}",controlled_single_change_replay_unwrap_response_units,true,availability_date,2026-06-17,2026-06-17,2026-06-17,historical_embedded,,,"{""availability_date"":""2026-06-17"",""availability_status"":""AVAILABLE"",""available_units"":"""",""bathrooms"":"""",""bed_label"":"""",""bedrooms"":"""",""building"":"""",""concession"":"""",""deposit"":"""",""extraction_tier"":""TIER_1_API"",""floor"":"""",""floor_plan_name"":"""",""rent_range"":""$995"",""source_api_url"":""https://api.ws.realpage.com/v2/property/9178700/units?available=true&honordisplayorder=true"",""sqft"":""960"",""unit_number"":""2853-1""}","{""_available_date_raw"":""2026-06-17"",""_concession_quality"":null,""_date_placeholder"":null,""_extra"":null,""_inferred_id"":null,""_rent_range_raw"":""$995"",""amenities"":null,""area"":960,""area_absence"":null,""area_absence_evidence"":null,""availability_date_provenance"":""historical_embedded"",""availability_status"":""AVAILABLE"",""available_date"":""2026-06-17"",""available_units"":null,""baths"":null,""beds"":null,""building"":null,""concession_source"":null,""concession_text"":null,""concession_text_clean"":null,""concession_value"":null,""date_captured"":""2026-08-01 10:45:19"",""deposit"":null,""extraction_tier"":""TIER_1_API"",""floor"":null,""floor_plan_id"":null,""floor_plan_name"":null,""is_floor_plan_level"":false,""lease_term"":null,""move_in_date"":null,""offer_banner"":null,""offer_conditions"":null,""offer_target"":null,""offer_type"":null,""offer_value"":null,""rent_high"":995.0,""rent_low"":995.0,""source_ids"":{},""unit_id"":""2853-1"",""unit_name"":null}","{""floorplanId"":11326879,""id"":17635679,""internalAvailableDate"":""2026-06-17 00:00 -0500"",""leaseStatus"":""AVAILABLE_READY"",""name"":""2853-1"",""rent"":995,""unitNumber"":""2853-1"",""vacantDate"":""2026-08-01 00:00 -0000""}"
local_current_live_no_rp_oracle_audit_not_canary,2026-08-01T10:45:19Z,2026-08-01,2026-07-31,separate_no_rp_oracle_573_rows_78_properties,ONESITE_API,7886,Azure Place,realpage_public_widget_units_api,true,https://api.ws.realpage.com/v2/property/9178700/units?available=true&honordisplayorder=true,2839-2,,2026-04-21 00:00 -0500,2026-04-21,historical_embedded,false,internalAvailableDate,_api_parser.realpage_units_to_adapter_shape,exact_current_parser,true,true,,availability_date,2026-04-21,2026-04-21,historical_embedded,true,false,2026-04-21,2026-04-21,historical_embedded,,false,false,false,HISTORICAL_SOURCE_DATE_PRESERVED,none,HIGH,"Primary trace replays the exact public /units envelope. When that envelope is unsupported, the diagnostic trace changes only response.units -> response list to isolate the next loss.","{""availability_date"":""2026-04-21"",""availability_status"":""AVAILABLE"",""available_units"":"""",""bathrooms"":"""",""bed_label"":"""",""bedrooms"":"""",""building"":"""",""concession"":"""",""deposit"":"""",""extraction_tier"":""TIER_1_API"",""floor"":"""",""floor_plan_name"":"""",""rent_range"":""$925"",""source_api_url"":""https://api.ws.realpage.com/v2/property/9178700/units?available=true&honordisplayorder=true"",""sqft"":""800"",""unit_number"":""2839-2""}","{""_available_date_raw"":""2026-04-21"",""_concession_quality"":null,""_date_placeholder"":null,""_extra"":null,""_inferred_id"":null,""_rent_range_raw"":""$925"",""amenities"":null,""area"":800,""area_absence"":null,""area_absence_evidence"":null,""availability_date_provenance"":""historical_embedded"",""availability_status"":""AVAILABLE"",""available_date"":""2026-04-21"",""available_units"":null,""baths"":null,""beds"":null,""building"":null,""concession_source"":null,""concession_text"":null,""concession_text_clean"":null,""concession_value"":null,""date_captured"":""2026-08-01 10:45:19"",""deposit"":null,""extraction_tier"":""TIER_1_API"",""floor"":null,""floor_plan_id"":null,""floor_plan_name"":null,""is_floor_plan_level"":false,""lease_term"":null,""move_in_date"":null,""offer_banner"":null,""offer_conditions"":null,""offer_target"":null,""offer_type"":null,""offer_value"":null,""rent_high"":925.0,""rent_low"":925.0,""source_ids"":{},""unit_id"":""2839-2"",""unit_name"":null}",controlled_single_change_replay_unwrap_response_units,true,availability_date,2026-04-21,2026-04-21,2026-04-21,historical_embedded,,,"{""availability_date"":""2026-04-21"",""availability_status"":""AVAILABLE"",""available_units"":"""",""bathrooms"":"""",""bed_label"":"""",""bedrooms"":"""",""building"":"""",""concession"":"""",""deposit"":"""",""extraction_tier"":""TIER_1_API"",""floor"":"""",""floor_plan_name"":"""",""rent_range"":""$925"",""source_api_url"":""https://api.ws.realpage.com/v2/property/9178700/units?available=true&honordisplayorder=true"",""sqft"":""800"",""unit_number"":""2839-2""}","{""_available_date_raw"":""2026-04-21"",""_concession_quality"":null,""_date_placeholder"":null,""_extra"":null,""_inferred_id"":null,""_rent_range_raw"":""$925"",""amenities"":null,""area"":800,""area_absence"":null,""area_absence_evidence"":null,""availability_date_provenance"":""historical_embedded"",""availability_status"":""AVAILABLE"",""available_date"":""2026-04-21"",""available_units"":null,""baths"":null,""beds"":null,""building"":null,""concession_source"":null,""concession_text"":null,""concession_text_clean"":null,""concession_value"":null,""date_captured"":""2026-08-01 10:45:19"",""deposit"":null,""extraction_tier"":""TIER_1_API"",""floor"":null,""floor_plan_id"":null,""floor_plan_name"":null,""is_floor_plan_level"":false,""lease_term"":null,""move_in_date"":null,""offer_banner"":null,""offer_conditions"":null,""offer_target"":null,""offer_type"":null,""offer_value"":null,""rent_high"":925.0,""rent_low"":925.0,""source_ids"":{},""unit_id"":""2839-2"",""unit_name"":null}","{""floorplanId"":11326824,""id"":17635688,""internalAvailableDate"":""2026-04-21 00:00 -0500"",""leaseStatus"":""AVAILABLE_READY"",""name"":""2839-2"",""rent"":925,""unitNumber"":""2839-2"",""vacantDate"":""2026-08-01 00:00 -0000""}"
local_current_live_no_rp_oracle_audit_not_canary,2026-08-01T10:45:19Z,2026-08-01,2026-07-31,separate_no_rp_oracle_573_rows_78_properties,ONESITE_API,7886,Azure Place,realpage_public_widget_units_api,true,https://api.ws.realpage.com/v2/property/9178700/units?available=true&honordisplayorder=true,2843-2,,1980-01-01 00:00 -0600,,unparsed_availability_text,false,internalAvailableDate,_api_parser.realpage_units_to_adapter_shape,exact_current_parser,true,true,,availability_date,1980-01-01,,unparsed_availability_text,true,false,2026-08-01,1980-01-01,sentinel_clamped,,false,false,false,UNPARSED_NATIVE_AVAILABILITY,unparsed_source_text,MEDIUM,"Primary trace replays the exact public /units envelope. When that envelope is unsupported, the diagnostic trace changes only response.units -> response list to isolate the next loss.","{""availability_date"":""1980-01-01"",""availability_status"":""AVAILABLE"",""available_units"":"""",""bathrooms"":"""",""bed_label"":"""",""bedrooms"":"""",""building"":"""",""concession"":"""",""deposit"":"""",""extraction_tier"":""TIER_1_API"",""floor"":"""",""floor_plan_name"":"""",""rent_range"":""$925"",""source_api_url"":""https://api.ws.realpage.com/v2/property/9178700/units?available=true&honordisplayorder=true"",""sqft"":""800"",""unit_number"":""2843-2""}","{""_available_date_raw"":""1980-01-01"",""_concession_quality"":null,""_date_placeholder"":null,""_extra"":null,""_inferred_id"":null,""_rent_range_raw"":""$925"",""amenities"":null,""area"":800,""area_absence"":null,""area_absence_evidence"":null,""availability_date_provenance"":""sentinel_clamped"",""availability_status"":""AVAILABLE"",""available_date"":""2026-08-01"",""available_units"":null,""baths"":null,""beds"":null,""building"":null,""concession_source"":null,""concession_text"":null,""concession_text_clean"":null,""concession_value"":null,""date_captured"":""2026-08-01 10:45:19"",""deposit"":null,""extraction_tier"":""TIER_1_API"",""floor"":null,""floor_plan_id"":null,""floor_plan_name"":null,""is_floor_plan_level"":false,""lease_term"":null,""move_in_date"":null,""offer_banner"":null,""offer_conditions"":null,""offer_target"":null,""offer_type"":null,""offer_value"":null,""rent_high"":925.0,""rent_low"":925.0,""source_ids"":{},""unit_id"":""2843-2"",""unit_name"":null}",controlled_single_change_replay_unwrap_response_units,true,availability_date,1980-01-01,,2026-08-01,sentinel_clamped,,,"{""availability_date"":""1980-01-01"",""availability_status"":""AVAILABLE"",""available_units"":"""",""bathrooms"":"""",""bed_label"":"""",""bedrooms"":"""",""building"":"""",""concession"":"""",""deposit"":"""",""extraction_tier"":""TIER_1_API"",""floor"":"""",""floor_plan_name"":"""",""rent_range"":""$925"",""source_api_url"":""https://api.ws.realpage.com/v2/property/9178700/units?available=true&honordisplayorder=true"",""sqft"":""800"",""unit_number"":""2843-2""}","{""_available_date_raw"":""1980-01-01"",""_concession_quality"":null,""_date_placeholder"":null,""_extra"":null,""_inferred_id"":null,""_rent_range_raw"":""$925"",""amenities"":null,""area"":800,""area_absence"":null,""area_absence_evidence"":null,""availability_date_provenance"":""sentinel_clamped"",""availability_status"":""AVAILABLE"",""available_date"":""2026-08-01"",""available_units"":null,""baths"":null,""beds"":null,""building"":null,""concession_source"":null,""concession_text"":null,""concession_text_clean"":null,""concession_value"":null,""date_captured"":""2026-08-01 10:45:19"",""deposit"":null,""extraction_tier"":""TIER_1_API"",""floor"":null,""floor_plan_id"":null,""floor_plan_name"":null,""is_floor_plan_level"":false,""lease_term"":null,""move_in_date"":null,""offer_banner"":null,""offer_conditions"":null,""offer_target"":null,""offer_type"":null,""offer_value"":null,""rent_high"":925.0,""rent_low"":925.0,""source_ids"":{},""unit_id"":""2843-2"",""unit_name"":null}","{""floorplanId"":11326824,""id"":17635692,""internalAvailableDate"":""1980-01-01 00:00 -0600"",""leaseStatus"":""AVAILABLE_READY"",""name"":""2843-2"",""rent"":925,""unitNumber"":""2843-2"",""vacantDate"":""2026-08-01 00:00 -0000""}"
local_current_live_no_rp_oracle_audit_not_canary,2026-08-01T10:45:19Z,2026-08-01,2026-07-31,separate_no_rp_oracle_573_rows_78_properties,ONESITE_API,7886,Azure Place,realpage_public_widget_units_api,true,https://api.ws.realpage.com/v2/property/9178700/units?available=true&honordisplayorder=true,2895-3,,2025-03-25 00:00 -0500,2025-03-25,historical_embedded,false,internalAvailableDate,_api_parser.realpage_units_to_adapter_shape,exact_current_parser,true,true,,availability_date,2025-03-25,2025-03-25,historical_embedded,true,false,2025-03-25,2025-03-25,historical_embedded,,false,false,false,HISTORICAL_SOURCE_DATE_PRESERVED,none,HIGH,"Primary trace replays the exact public /units envelope. When that envelope is unsupported, the diagnostic trace changes only response.units -> response list to isolate the next loss.","{""availability_date"":""2025-03-25"",""availability_status"":""AVAILABLE"",""available_units"":"""",""bathrooms"":"""",""bed_label"":"""",""bedrooms"":"""",""building"":"""",""concession"":"""",""deposit"":"""",""extraction_tier"":""TIER_1_API"",""floor"":"""",""floor_plan_name"":"""",""rent_range"":""$995"",""source_api_url"":""https://api.ws.realpage.com/v2/property/9178700/units?available=true&honordisplayorder=true"",""sqft"":""960"",""unit_number"":""2895-3""}","{""_available_date_raw"":""2025-03-25"",""_concession_quality"":null,""_date_placeholder"":null,""_extra"":null,""_inferred_id"":null,""_rent_range_raw"":""$995"",""amenities"":null,""area"":960,""area_absence"":null,""area_absence_evidence"":null,""availability_date_provenance"":""historical_embedded"",""availability_status"":""AVAILABLE"",""available_date"":""2025-03-25"",""available_units"":null,""baths"":null,""beds"":null,""building"":null,""concession_source"":null,""concession_text"":null,""concession_text_clean"":null,""concession_value"":null,""date_captured"":""2026-08-01 10:45:19"",""deposit"":null,""extraction_tier"":""TIER_1_API"",""floor"":null,""floor_plan_id"":null,""floor_plan_name"":null,""is_floor_plan_level"":false,""lease_term"":null,""move_in_date"":null,""offer_banner"":null,""offer_conditions"":null,""offer_target"":null,""offer_type"":null,""offer_value"":null,""rent_high"":995.0,""rent_low"":995.0,""source_ids"":{},""unit_id"":""2895-3"",""unit_name"":null}",controlled_single_change_replay_unwrap_response_units,true,availability_date,2025-03-25,2025-03-25,2025-03-25,historical_embedded,,,"{""availability_date"":""2025-03-25"",""availability_status"":""AVAILABLE"",""available_units"":"""",""bathrooms"":"""",""bed_label"":"""",""bedrooms"":"""",""building"":"""",""concession"":"""",""deposit"":"""",""extraction_tier"":""TIER_1_API"",""floor"":"""",""floor_plan_name"":"""",""rent_range"":""$995"",""source_api_url"":""https://api.ws.realpage.com/v2/property/9178700/units?available=true&honordisplayorder=true"",""sqft"":""960"",""unit_number"":""2895-3""}","{""_available_date_raw"":""2025-03-25"",""_concession_quality"":null,""_date_placeholder"":null,""_extra"":null,""_inferred_id"":null,""_rent_range_raw"":""$995"",""amenities"":null,""area"":960,""area_absence"":null,""area_absence_evidence"":null,""availability_date_provenance"":""historical_embedded"",""availability_status"":""AVAILABLE"",""available_date"":""2025-03-25"",""available_units"":null,""baths"":null,""beds"":null,""building"":null,""concession_source"":null,""concession_text"":null,""concession_text_clean"":null,""concession_value"":null,""date_captured"":""2026-08-01 10:45:19"",""deposit"":null,""extraction_tier"":""TIER_1_API"",""floor"":null,""floor_plan_id"":null,""floor_plan_name"":null,""is_floor_plan_level"":false,""lease_term"":null,""move_in_date"":null,""offer_banner"":null,""offer_conditions"":null,""offer_target"":null,""offer_type"":null,""offer_value"":null,""rent_high"":995.0,""rent_low"":995.0,""source_ids"":{},""unit_id"":""2895-3"",""unit_name"":null}","{""floorplanId"":11326879,""id"":17635725,""internalAvailableDate"":""2025-03-25 00:00 -0500"",""leaseStatus"":""AVAILABLE_READY"",""name"":""2895-3"",""rent"":995,""unitNumber"":""2895-3"",""vacantDate"":""2026-08-01 00:00 -0000""}"
local_current_live_no_rp_oracle_audit_not_canary,2026-08-01T10:45:19Z,2026-08-01,2026-07-31,separate_no_rp_oracle_573_rows_78_properties,ONESITE_API,7886,Azure Place,realpage_public_widget_units_api,true,https://api.ws.realpage.com/v2/property/9178700/units?available=true&honordisplayorder=true,3917-4,,2026-06-02 00:00 -0500,2026-06-02,historical_embedded,false,internalAvailableDate,_api_parser.realpage_units_to_adapter_shape,exact_current_parser,true,true,,availability_date,2026-06-02,2026-06-02,historical_embedded,true,false,2026-06-02,2026-06-02,historical_embedded,,false,false,false,HISTORICAL_SOURCE_DATE_PRESERVED,none,HIGH,"Primary trace replays the exact public /units envelope. When that envelope is unsupported, the diagnostic trace changes only response.units -> response list to isolate the next loss.","{""availability_date"":""2026-06-02"",""availability_status"":""AVAILABLE"",""available_units"":"""",""bathrooms"":"""",""bed_label"":"""",""bedrooms"":"""",""building"":"""",""concession"":"""",""deposit"":"""",""extraction_tier"":""TIER_1_API"",""floor"":"""",""floor_plan_name"":"""",""rent_range"":""$1,155"",""source_api_url"":""https://api.ws.realpage.com/v2/property/9178700/units?available=true&honordisplayorder=true"",""sqft"":""1190"",""unit_number"":""3917-4""}","{""_available_date_raw"":""2026-06-02"",""_concession_quality"":null,""_date_placeholder"":null,""_extra"":null,""_inferred_id"":null,""_rent_range_raw"":""$1,155"",""amenities"":null,""area"":1190,""area_absence"":null,""area_absence_evidence"":null,""availability_date_provenance"":""historical_embedded"",""availability_status"":""AVAILABLE"",""available_date"":""2026-06-02"",""available_units"":null,""baths"":null,""beds"":null,""building"":null,""concession_source"":null,""concession_text"":null,""concession_text_clean"":null,""concession_value"":null,""date_captured"":""2026-08-01 10:45:19"",""deposit"":null,""extraction_tier"":""TIER_1_API"",""floor"":null,""floor_plan_id"":null,""floor_plan_name"":null,""is_floor_plan_level"":false,""lease_term"":null,""move_in_date"":null,""offer_banner"":null,""offer_conditions"":null,""offer_target"":null,""offer_type"":null,""offer_value"":null,""rent_high"":1155.0,""rent_low"":1155.0,""source_ids"":{},""unit_id"":""3917-4"",""unit_name"":null}",controlled_single_change_replay_unwrap_response_units,true,availability_date,2026-06-02,2026-06-02,2026-06-02,historical_embedded,,,"{""availability_date"":""2026-06-02"",""availability_status"":""AVAILABLE"",""available_units"":"""",""bathrooms"":"""",""bed_label"":"""",""bedrooms"":"""",""building"":"""",""concession"":"""",""deposit"":"""",""extraction_tier"":""TIER_1_API"",""floor"":"""",""floor_plan_name"":"""",""rent_range"":""$1,155"",""source_api_url"":""https://api.ws.realpage.com/v2/property/9178700/units?available=true&honordisplayorder=true"",""sqft"":""1190"",""unit_number"":""3917-4""}","{""_available_date_raw"":""2026-06-02"",""_concession_quality"":null,""_date_placeholder"":null,""_extra"":null,""_inferred_id"":null,""_rent_range_raw"":""$1,155"",""amenities"":null,""area"":1190,""area_absence"":null,""area_absence_evidence"":null,""availability_date_provenance"":""historical_embedded"",""availability_status"":""AVAILABLE"",""available_date"":""2026-06-02"",""available_units"":null,""baths"":null,""beds"":null,""building"":null,""concession_source"":null,""concession_text"":null,""concession_text_clean"":null,""concession_value"":null,""date_captured"":""2026-08-01 10:45:19"",""deposit"":null,""extraction_tier"":""TIER_1_API"",""floor"":null,""floor_plan_id"":null,""floor_plan_name"":null,""is_floor_plan_level"":false,""lease_term"":null,""move_in_date"":null,""offer_banner"":null,""offer_conditions"":null,""offer_target"":null,""offer_type"":null,""offer_value"":null,""rent_high"":1155.0,""rent_low"":1155.0,""source_ids"":{},""unit_id"":""3917-4"",""unit_name"":null}","{""floorplanId"":11326884,""id"":17635250,""internalAvailableDate"":""2026-06-02 00:00 -0500"",""leaseStatus"":""AVAILABLE_READY"",""name"":""3917-4"",""rent"":1155,""unitNumber"":""3917-4"",""vacantDate"":""2026-08-01 00:00 -0000""}"
local_current_live_no_rp_oracle_audit_not_canary,2026-08-01T10:45:19Z,2026-08-01,2026-07-31,separate_no_rp_oracle_573_rows_78_properties,ONESITE_API,7886,Azure Place,realpage_public_widget_units_api,true,https://api.ws.realpage.com/v2/property/9178700/units?available=true&honordisplayorder=true,3904-4,,2026-05-24 00:00 -0500,2026-05-24,historical_embedded,false,internalAvailableDate,_api_parser.realpage_units_to_adapter_shape,exact_current_parser,true,true,,availability_date,2026-05-24,2026-05-24,historical_embedded,true,false,2026-05-24,2026-05-24,historical_embedded,,false,false,false,HISTORICAL_SOURCE_DATE_PRESERVED,none,HIGH,"Primary trace replays the exact public /units envelope. When that envelope is unsupported, the diagnostic trace changes only response.units -> response list to isolate the next loss.","{""availability_date"":""2026-05-24"",""availability_status"":""AVAILABLE"",""available_units"":"""",""bathrooms"":"""",""bed_label"":"""",""bedrooms"":"""",""building"":"""",""concession"":"""",""deposit"":"""",""extraction_tier"":""TIER_1_API"",""floor"":"""",""floor_plan_name"":"""",""rent_range"":""$1,250"",""source_api_url"":""https://api.ws.realpage.com/v2/property/9178700/units?available=true&honordisplayorder=true"",""sqft"":""1220"",""unit_number"":""3904-4""}","{""_available_date_raw"":""2026-05-24"",""_concession_quality"":null,""_date_placeholder"":null,""_extra"":null,""_inferred_id"":null,""_rent_range_raw"":""$1,250"",""amenities"":null,""area"":1220,""area_absence"":null,""area_absence_evidence"":null,""availability_date_provenance"":""historical_embedded"",""availability_status"":""AVAILABLE"",""available_date"":""2026-05-24"",""available_units"":null,""baths"":null,""beds"":null,""building"":null,""concession_source"":null,""concession_text"":null,""concession_text_clean"":null,""concession_value"":null,""date_captured"":""2026-08-01 10:45:19"",""deposit"":null,""extraction_tier"":""TIER_1_API"",""floor"":null,""floor_plan_id"":null,""floor_plan_name"":null,""is_floor_plan_level"":false,""lease_term"":null,""move_in_date"":null,""offer_banner"":null,""offer_conditions"":null,""offer_target"":null,""offer_type"":null,""offer_value"":null,""rent_high"":1250.0,""rent_low"":1250.0,""source_ids"":{},""unit_id"":""3904-4"",""unit_name"":null}",controlled_single_change_replay_unwrap_response_units,true,availability_date,2026-05-24,2026-05-24,2026-05-24,historical_embedded,,,"{""availability_date"":""2026-05-24"",""availability_status"":""AVAILABLE"",""available_units"":"""",""bathrooms"":"""",""bed_label"":"""",""bedrooms"":"""",""building"":"""",""concession"":"""",""deposit"":"""",""extraction_tier"":""TIER_1_API"",""floor"":"""",""floor_plan_name"":"""",""rent_range"":""$1,250"",""source_api_url"":""https://api.ws.realpage.com/v2/property/9178700/units?available=true&honordisplayorder=true"",""sqft"":""1220"",""unit_number"":""3904-4""}","{""_available_date_raw"":""2026-05-24"",""_concession_quality"":null,""_date_placeholder"":null,""_extra"":null,""_inferred_id"":null,""_rent_range_raw"":""$1,250"",""amenities"":null,""area"":1220,""area_absence"":null,""area_absence_evidence"":null,""availability_date_provenance"":""historical_embedded"",""availability_status"":""AVAILABLE"",""available_date"":""2026-05-24"",""available_units"":null,""baths"":null,""beds"":null,""building"":null,""concession_source"":null,""concession_text"":null,""concession_text_clean"":null,""concession_value"":null,""date_captured"":""2026-08-01 10:45:19"",""deposit"":null,""extraction_tier"":""TIER_1_API"",""floor"":null,""floor_plan_id"":null,""floor_plan_name"":null,""is_floor_plan_level"":false,""lease_term"":null,""move_in_date"":null,""offer_banner"":null,""offer_conditions"":null,""offer_target"":null,""offer_type"":null,""offer_value"":null,""rent_high"":1250.0,""rent_low"":1250.0,""source_ids"":{},""unit_id"":""3904-4"",""unit_name"":null}","{""floorplanId"":11326894,""id"":17635630,""internalAvailableDate"":""2026-05-24 00:00 -0500"",""leaseStatus"":""AVAILABLE_READY"",""name"":""3904-4"",""rent"":1250,""unitNumber"":""3904-4"",""vacantDate"":""2026-08-01 00:00 -0000""}"
local_current_live_no_rp_oracle_audit_not_canary,2026-08-01T10:45:19Z,2026-08-01,2026-07-31,separate_no_rp_oracle_573_rows_78_properties,ONESITE_API,7886,Azure Place,realpage_public_widget_units_api,true,https://api.ws.realpage.com/v2/property/9178700/units?available=true&honordisplayorder=true,2847-4,,2026-07-16 00:00 -0500,2026-07-16,historical_embedded,false,internalAvailableDate,_api_parser.realpage_units_to_adapter_shape,exact_current_parser,true,true,,availability_date,2026-07-16,2026-07-16,historical_embedded,true,false,2026-07-16,2026-07-16,historical_embedded,,false,false,false,HISTORICAL_SOURCE_DATE_PRESERVED,none,HIGH,"Primary trace replays the exact public /units envelope. When that envelope is unsupported, the diagnostic trace changes only response.units -> response list to isolate the next loss.","{""availability_date"":""2026-07-16"",""availability_status"":""AVAILABLE"",""available_units"":"""",""bathrooms"":"""",""bed_label"":"""",""bedrooms"":"""",""building"":"""",""concession"":"""",""deposit"":"""",""extraction_tier"":""TIER_1_API"",""floor"":"""",""floor_plan_name"":"""",""rent_range"":""$975"",""source_api_url"":""https://api.ws.realpage.com/v2/property/9178700/units?available=true&honordisplayorder=true"",""sqft"":""960"",""unit_number"":""2847-4""}","{""_available_date_raw"":""2026-07-16"",""_concession_quality"":null,""_date_placeholder"":null,""_extra"":null,""_inferred_id"":null,""_rent_range_raw"":""$975"",""amenities"":null,""area"":960,""area_absence"":null,""area_absence_evidence"":null,""availability_date_provenance"":""historical_embedded"",""availability_status"":""AVAILABLE"",""available_date"":""2026-07-16"",""available_units"":null,""baths"":null,""beds"":null,""building"":null,""concession_source"":null,""concession_text"":null,""concession_text_clean"":null,""concession_value"":null,""date_captured"":""2026-08-01 10:45:19"",""deposit"":null,""extraction_tier"":""TIER_1_API"",""floor"":null,""floor_plan_id"":null,""floor_plan_name"":null,""is_floor_plan_level"":false,""lease_term"":null,""move_in_date"":null,""offer_banner"":null,""offer_conditions"":null,""offer_target"":null,""offer_type"":null,""offer_value"":null,""rent_high"":975.0,""rent_low"":975.0,""source_ids"":{},""unit_id"":""2847-4"",""unit_name"":null}",controlled_single_change_replay_unwrap_response_units,true,availability_date,2026-07-16,2026-07-16,2026-07-16,historical_embedded,,,"{""availability_date"":""2026-07-16"",""availability_status"":""AVAILABLE"",""available_units"":"""",""bathrooms"":"""",""bed_label"":"""",""bedrooms"":"""",""building"":"""",""concession"":"""",""deposit"":"""",""extraction_tier"":""TIER_1_API"",""floor"":"""",""floor_plan_name"":"""",""rent_range"":""$975"",""source_api_url"":""https://api.ws.realpage.com/v2/property/9178700/units?available=true&honordisplayorder=true"",""sqft"":""960"",""unit_number"":""2847-4""}","{""_available_date_raw"":""2026-07-16"",""_concession_quality"":null,""_date_placeholder"":null,""_extra"":null,""_inferred_id"":null,""_rent_range_raw"":""$975"",""amenities"":null,""area"":960,""area_absence"":null,""area_absence_evidence"":null,""availability_date_provenance"":""historical_embedded"",""availability_status"":""AVAILABLE"",""available_date"":""2026-07-16"",""available_units"":null,""baths"":null,""beds"":null,""building"":null,""concession_source"":null,""concession_text"":null,""concession_text_clean"":null,""concession_value"":null,""date_captured"":""2026-08-01 10:45:19"",""deposit"":null,""extraction_tier"":""TIER_1_API"",""floor"":null,""floor_plan_id"":null,""floor_plan_name"":null,""is_floor_plan_level"":false,""lease_term"":null,""move_in_date"":null,""offer_banner"":null,""offer_conditions"":null,""offer_target"":null,""offer_type"":null,""offer_value"":null,""rent_high"":975.0,""rent_low"":975.0,""source_ids"":{},""unit_id"":""2847-4"",""unit_name"":null}","{""floorplanId"":11326879,""id"":17635678,""internalAvailableDate"":""2026-07-16 00:00 -0500"",""leaseStatus"":""AVAILABLE_READY"",""name"":""2847-4"",""rent"":975,""unitNumber"":""2847-4"",""vacantDate"":""2026-08-07 00:00 -0000""}"
local_current_live_no_rp_oracle_audit_not_canary,2026-08-01T10:45:19Z,2026-08-01,2026-07-31,separate_no_rp_oracle_573_rows_78_properties,ONESITE_API,7886,Azure Place,realpage_public_widget_units_api,true,https://api.ws.realpage.com/v2/property/9178700/units?available=true&honordisplayorder=true,3891-2,,2026-08-02 00:00 -0500,2026-08-02,explicit_future,true,internalAvailableDate,_api_parser.realpage_units_to_adapter_shape,exact_current_parser,true,true,,availability_date,2026-08-02,2026-08-02,explicit_future,true,false,2026-08-02,2026-08-02,explicit_future,,true,true,false,EXPLICIT_FUTURE_PRESERVED_END_TO_END,none,HIGH,"Primary trace replays the exact public /units envelope. When that envelope is unsupported, the diagnostic trace changes only response.units -> response list to isolate the next loss.","{""availability_date"":""2026-08-02"",""availability_status"":""AVAILABLE"",""available_units"":"""",""bathrooms"":"""",""bed_label"":"""",""bedrooms"":"""",""building"":"""",""concession"":"""",""deposit"":"""",""extraction_tier"":""TIER_1_API"",""floor"":"""",""floor_plan_name"":"""",""rent_range"":""$975"",""source_api_url"":""https://api.ws.realpage.com/v2/property/9178700/units?available=true&honordisplayorder=true"",""sqft"":""940"",""unit_number"":""3891-2""}","{""_available_date_raw"":""2026-08-02"",""_concession_quality"":null,""_date_placeholder"":null,""_extra"":null,""_inferred_id"":null,""_rent_range_raw"":""$975"",""amenities"":null,""area"":940,""area_absence"":null,""area_absence_evidence"":null,""availability_date_provenance"":""explicit_future"",""availability_status"":""AVAILABLE"",""available_date"":""2026-08-02"",""available_units"":null,""baths"":null,""beds"":null,""building"":null,""concession_source"":null,""concession_text"":null,""concession_text_clean"":null,""concession_value"":null,""date_captured"":""2026-08-01 10:45:19"",""deposit"":null,""extraction_tier"":""TIER_1_API"",""floor"":null,""floor_plan_id"":null,""floor_plan_name"":null,""is_floor_plan_level"":false,""lease_term"":null,""move_in_date"":null,""offer_banner"":null,""offer_conditions"":null,""offer_target"":null,""offer_type"":null,""offer_value"":null,""rent_high"":975.0,""rent_low"":975.0,""source_ids"":{},""unit_id"":""3891-2"",""unit_name"":null}",controlled_single_change_replay_unwrap_response_units,true,availability_date,2026-08-02,2026-08-02,2026-08-02,explicit_future,,explicit_future_preserved_after_response_unwrap,"{""availability_date"":""2026-08-02"",""availability_status"":""AVAILABLE"",""available_units"":"""",""bathrooms"":"""",""bed_label"":"""",""bedrooms"":"""",""building"":"""",""concession"":"""",""deposit"":"""",""extraction_tier"":""TIER_1_API"",""floor"":"""",""floor_plan_name"":"""",""rent_range"":""$975"",""source_api_url"":""https://api.ws.realpage.com/v2/property/9178700/units?available=true&honordisplayorder=true"",""sqft"":""940"",""unit_number"":""3891-2""}","{""_available_date_raw"":""2026-08-02"",""_concession_quality"":null,""_date_placeholder"":null,""_extra"":null,""_inferred_id"":null,""_rent_range_raw"":""$975"",""amenities"":null,""area"":940,""area_absence"":null,""area_absence_evidence"":null,""availability_date_provenance"":""explicit_future"",""availability_status"":""AVAILABLE"",""available_date"":""2026-08-02"",""available_units"":null,""baths"":null,""beds"":null,""building"":null,""concession_source"":null,""concession_text"":null,""concession_text_clean"":null,""concession_value"":null,""date_captured"":""2026-08-01 10:45:19"",""deposit"":null,""extraction_tier"":""TIER_1_API"",""floor"":null,""floor_plan_id"":null,""floor_plan_name"":null,""is_floor_plan_level"":false,""lease_term"":null,""move_in_date"":null,""offer_banner"":null,""offer_conditions"":null,""offer_target"":null,""offer_type"":null,""offer_value"":null,""rent_high"":975.0,""rent_low"":975.0,""source_ids"":{},""unit_id"":""3891-2"",""unit_name"":null}","{""floorplanId"":11326873,""id"":17635300,""internalAvailableDate"":""2026-08-02 00:00 -0500"",""leaseStatus"":""AVAILABLE_READY"",""name"":""3891-2"",""rent"":975,""unitNumber"":""3891-2"",""vacantDate"":""2026-08-12 00:00 -0000""}"
local_current_live_no_rp_oracle_audit_not_canary,2026-08-01T10:45:19Z,2026-08-01,2026-07-31,separate_no_rp_oracle_573_rows_78_properties,ONESITE_API,7886,Azure Place,realpage_public_widget_units_api,true,https://api.ws.realpage.com/v2/property/9178700/units?available=true&honordisplayorder=true,3895-3,,2026-08-03 00:00 -0500,2026-08-03,explicit_future,true,internalAvailableDate,_api_parser.realpage_units_to_adapter_shape,exact_current_parser,true,true,,availability_date,2026-08-03,2026-08-03,explicit_future,true,false,2026-08-03,2026-08-03,explicit_future,,true,true,false,EXPLICIT_FUTURE_PRESERVED_END_TO_END,none,HIGH,"Primary trace replays the exact public /units envelope. When that envelope is unsupported, the diagnostic trace changes only response.units -> response list to isolate the next loss.","{""availability_date"":""2026-08-03"",""availability_status"":""AVAILABLE"",""available_units"":"""",""bathrooms"":"""",""bed_label"":"""",""bedrooms"":"""",""building"":"""",""concession"":"""",""deposit"":"""",""extraction_tier"":""TIER_1_API"",""floor"":"""",""floor_plan_name"":"""",""rent_range"":""$995"",""source_api_url"":""https://api.ws.realpage.com/v2/property/9178700/units?available=true&honordisplayorder=true"",""sqft"":""940"",""unit_number"":""3895-3""}","{""_available_date_raw"":""2026-08-03"",""_concession_quality"":null,""_date_placeholder"":null,""_extra"":null,""_inferred_id"":null,""_rent_range_raw"":""$995"",""amenities"":null,""area"":940,""area_absence"":null,""area_absence_evidence"":null,""availability_date_provenance"":""explicit_future"",""availability_status"":""AVAILABLE"",""available_date"":""2026-08-03"",""available_units"":null,""baths"":null,""beds"":null,""building"":null,""concession_source"":null,""concession_text"":null,""concession_text_clean"":null,""concession_value"":null,""date_captured"":""2026-08-01 10:45:19"",""deposit"":null,""extraction_tier"":""TIER_1_API"",""floor"":null,""floor_plan_id"":null,""floor_plan_name"":null,""is_floor_plan_level"":false,""lease_term"":null,""move_in_date"":null,""offer_banner"":null,""offer_conditions"":null,""offer_target"":null,""offer_type"":null,""offer_value"":null,""rent_high"":995.0,""rent_low"":995.0,""source_ids"":{},""unit_id"":""3895-3"",""unit_name"":null}",controlled_single_change_replay_unwrap_response_units,true,availability_date,2026-08-03,2026-08-03,2026-08-03,explicit_future,,explicit_future_preserved_after_response_unwrap,"{""availability_date"":""2026-08-03"",""availability_status"":""AVAILABLE"",""available_units"":"""",""bathrooms"":"""",""bed_label"":"""",""bedrooms"":"""",""building"":"""",""concession"":"""",""deposit"":"""",""extraction_tier"":""TIER_1_API"",""floor"":"""",""floor_plan_name"":"""",""rent_range"":""$995"",""source_api_url"":""https://api.ws.realpage.com/v2/property/9178700/units?available=true&honordisplayorder=true"",""sqft"":""940"",""unit_number"":""3895-3""}","{""_available_date_raw"":""2026-08-03"",""_concession_quality"":null,""_date_placeholder"":null,""_extra"":null,""_inferred_id"":null,""_rent_range_raw"":""$995"",""amenities"":null,""area"":940,""area_absence"":null,""area_absence_evidence"":null,""availability_date_provenance"":""explicit_future"",""availability_status"":""AVAILABLE"",""available_date"":""2026-08-03"",""available_units"":null,""baths"":null,""beds"":null,""building"":null,""concession_source"":null,""concession_text"":null,""concession_text_clean"":null,""concession_value"":null,""date_captured"":""2026-08-01 10:45:19"",""deposit"":null,""extraction_tier"":""TIER_1_API"",""floor"":null,""floor_plan_id"":null,""floor_plan_name"":null,""is_floor_plan_level"":false,""lease_term"":null,""move_in_date"":null,""offer_banner"":null,""offer_conditions"":null,""offer_target"":null,""offer_type"":null,""offer_value"":null,""rent_high"":995.0,""rent_low"":995.0,""source_ids"":{},""unit_id"":""3895-3"",""unit_name"":null}","{""floorplanId"":11326873,""id"":17635309,""internalAvailableDate"":""2026-08-03 00:00 -0500"",""leaseStatus"":""AVAILABLE_READY"",""name"":""3895-3"",""rent"":995,""unitNumber"":""3895-3"",""vacantDate"":""2026-08-12 00:00 -0000""}"
local_current_live_no_rp_oracle_audit_not_canary,2026-08-01T10:45:19Z,2026-08-01,2026-07-31,separate_no_rp_oracle_573_rows_78_properties,ONESITE_API,7886,Azure Place,realpage_public_widget_units_api,true,https://api.ws.realpage.com/v2/property/9178700/units?available=true&honordisplayorder=true,3899-1,,2026-08-01 00:00 -0500,2026-08-01,explicit_capture_date,false,internalAvailableDate,_api_parser.realpage_units_to_adapter_shape,exact_current_parser,true,true,,availability_date,2026-08-01,2026-08-01,explicit_capture_date,true,false,2026-08-01,2026-08-01,explicit_capture_date,,false,false,false,EXPLICIT_CAPTURE_DATE_PRESERVED,none,HIGH,"Primary trace replays the exact public /units envelope. When that envelope is unsupported, the diagnostic trace changes only response.units -> response list to isolate the next loss.","{""availability_date"":""2026-08-01"",""availability_status"":""AVAILABLE"",""available_units"":"""",""bathrooms"":"""",""bed_label"":"""",""bedrooms"":"""",""building"":"""",""concession"":"""",""deposit"":"""",""extraction_tier"":""TIER_1_API"",""floor"":"""",""floor_plan_name"":"""",""rent_range"":""$995"",""source_api_url"":""https://api.ws.realpage.com/v2/property/9178700/units?available=true&honordisplayorder=true"",""sqft"":""940"",""unit_number"":""3899-1""}","{""_available_date_raw"":""2026-08-01"",""_concession_quality"":null,""_date_placeholder"":null,""_extra"":null,""_inferred_id"":null,""_rent_range_raw"":""$995"",""amenities"":null,""area"":940,""area_absence"":null,""area_absence_evidence"":null,""availability_date_provenance"":""explicit_capture_date"",""availability_status"":""AVAILABLE"",""available_date"":""2026-08-01"",""available_units"":null,""baths"":null,""beds"":null,""building"":null,""concession_source"":null,""concession_text"":null,""concession_text_clean"":null,""concession_value"":null,""date_captured"":""2026-08-01 10:45:19"",""deposit"":null,""extraction_tier"":""TIER_1_API"",""floor"":null,""floor_plan_id"":null,""floor_plan_name"":null,""is_floor_plan_level"":false,""lease_term"":null,""move_in_date"":null,""offer_banner"":null,""offer_conditions"":null,""offer_target"":null,""offer_type"":null,""offer_value"":null,""rent_high"":995.0,""rent_low"":995.0,""source_ids"":{},""unit_id"":""3899-1"",""unit_name"":null}",controlled_single_change_replay_unwrap_response_units,true,availability_date,2026-08-01,2026-08-01,2026-08-01,explicit_capture_date,,,"{""availability_date"":""2026-08-01"",""availability_status"":""AVAILABLE"",""available_units"":"""",""bathrooms"":"""",""bed_label"":"""",""bedrooms"":"""",""building"":"""",""concession"":"""",""deposit"":"""",""extraction_tier"":""TIER_1_API"",""floor"":"""",""floor_plan_name"":"""",""rent_range"":""$995"",""source_api_url"":""https://api.ws.realpage.com/v2/property/9178700/units?available=true&honordisplayorder=true"",""sqft"":""940"",""unit_number"":""3899-1""}","{""_available_date_raw"":""2026-08-01"",""_concession_quality"":null,""_date_placeholder"":null,""_extra"":null,""_inferred_id"":null,""_rent_range_raw"":""$995"",""amenities"":null,""area"":940,""area_absence"":null,""area_absence_evidence"":null,""availability_date_provenance"":""explicit_capture_date"",""availability_status"":""AVAILABLE"",""available_date"":""2026-08-01"",""available_units"":null,""baths"":null,""beds"":null,""building"":null,""concession_source"":null,""concession_text"":null,""concession_text_clean"":null,""concession_value"":null,""date_captured"":""2026-08-01 10:45:19"",""deposit"":null,""extraction_tier"":""TIER_1_API"",""floor"":null,""floor_plan_id"":null,""floor_plan_name"":null,""is_floor_plan_level"":false,""lease_term"":null,""move_in_date"":null,""offer_banner"":null,""offer_conditions"":null,""offer_target"":null,""offer_type"":null,""offer_value"":null,""rent_high"":995.0,""rent_low"":995.0,""source_ids"":{},""unit_id"":""3899-1"",""unit_name"":null}","{""floorplanId"":11326873,""id"":17635655,""internalAvailableDate"":""2026-08-01 00:00 -0500"",""leaseStatus"":""AVAILABLE_READY"",""name"":""3899-1"",""rent"":995,""unitNumber"":""3899-1"",""vacantDate"":""2026-08-12 00:00 -0000""}"
local_current_live_no_rp_oracle_audit_not_canary,2026-08-01T10:45:19Z,2026-08-01,2026-07-31,separate_no_rp_oracle_573_rows_78_properties,ONESITE_API,7886,Azure Place,realpage_public_widget_units_api,true,https://api.ws.realpage.com/v2/property/9178700/units?available=true&honordisplayorder=true,3887-2,,2026-08-04 00:00 -0500,2026-08-04,explicit_future,true,internalAvailableDate,_api_parser.realpage_units_to_adapter_shape,exact_current_parser,true,true,,availability_date,2026-08-04,2026-08-04,explicit_future,true,false,2026-08-04,2026-08-04,explicit_future,,true,true,false,EXPLICIT_FUTURE_PRESERVED_END_TO_END,none,HIGH,"Primary trace replays the exact public /units envelope. When that envelope is unsupported, the diagnostic trace changes only response.units -> response list to isolate the next loss.","{""availability_date"":""2026-08-04"",""availability_status"":""AVAILABLE"",""available_units"":"""",""bathrooms"":"""",""bed_label"":"""",""bedrooms"":"""",""building"":"""",""concession"":"""",""deposit"":"""",""extraction_tier"":""TIER_1_API"",""floor"":"""",""floor_plan_name"":"""",""rent_range"":""$975"",""source_api_url"":""https://api.ws.realpage.com/v2/property/9178700/units?available=true&honordisplayorder=true"",""sqft"":""960"",""unit_number"":""3887-2""}","{""_available_date_raw"":""2026-08-04"",""_concession_quality"":null,""_date_placeholder"":null,""_extra"":null,""_inferred_id"":null,""_rent_range_raw"":""$975"",""amenities"":null,""area"":960,""area_absence"":null,""area_absence_evidence"":null,""availability_date_provenance"":""explicit_future"",""availability_status"":""AVAILABLE"",""available_date"":""2026-08-04"",""available_units"":null,""baths"":null,""beds"":null,""building"":null,""concession_source"":null,""concession_text"":null,""concession_text_clean"":null,""concession_value"":null,""date_captured"":""2026-08-01 10:45:19"",""deposit"":null,""extraction_tier"":""TIER_1_API"",""floor"":null,""floor_plan_id"":null,""floor_plan_name"":null,""is_floor_plan_level"":false,""lease_term"":null,""move_in_date"":null,""offer_banner"":null,""offer_conditions"":null,""offer_target"":null,""offer_type"":null,""offer_value"":null,""rent_high"":975.0,""rent_low"":975.0,""source_ids"":{},""unit_id"":""3887-2"",""unit_name"":null}",controlled_single_change_replay_unwrap_response_units,true,availability_date,2026-08-04,2026-08-04,2026-08-04,explicit_future,,explicit_future_preserved_after_response_unwrap,"{""availability_date"":""2026-08-04"",""availability_status"":""AVAILABLE"",""available_units"":"""",""bathrooms"":"""",""bed_label"":"""",""bedrooms"":"""",""building"":"""",""concession"":"""",""deposit"":"""",""extraction_tier"":""TIER_1_API"",""floor"":"""",""floor_plan_name"":"""",""rent_range"":""$975"",""source_api_url"":""https://api.ws.realpage.com/v2/property/9178700/units?available=true&honordisplayorder=true"",""sqft"":""960"",""unit_number"":""3887-2""}","{""_available_date_raw"":""2026-08-04"",""_concession_quality"":null,""_date_placeholder"":null,""_extra"":null,""_inferred_id"":null,""_rent_range_raw"":""$975"",""amenities"":null,""area"":960,""area_absence"":null,""area_absence_evidence"":null,""availability_date_provenance"":""explicit_future"",""availability_status"":""AVAILABLE"",""available_date"":""2026-08-04"",""available_units"":null,""baths"":null,""beds"":null,""building"":null,""concession_source"":null,""concession_text"":null,""concession_text_clean"":null,""concession_value"":null,""date_captured"":""2026-08-01 10:45:19"",""deposit"":null,""extraction_tier"":""TIER_1_API"",""floor"":null,""floor_plan_id"":null,""floor_plan_name"":null,""is_floor_plan_level"":false,""lease_term"":null,""move_in_date"":null,""offer_banner"":null,""offer_conditions"":null,""offer_target"":null,""offer_type"":null,""offer_value"":null,""rent_high"":975.0,""rent_low"":975.0,""source_ids"":{},""unit_id"":""3887-2"",""unit_name"":null}","{""floorplanId"":11326879,""id"":17635272,""internalAvailableDate"":""2026-08-04 00:00 -0500"",""leaseStatus"":""AVAILABLE_READY"",""name"":""3887-2"",""rent"":975,""unitNumber"":""3887-2"",""vacantDate"":""2026-08-13 00:00 -0000""}"
local_current_live_no_rp_oracle_audit_not_canary,2026-08-01T10:45:19Z,2026-08-01,2026-07-31,separate_no_rp_oracle_573_rows_78_properties,ONESITE_API,7886,Azure Place,realpage_public_widget_units_api,true,https://api.ws.realpage.com/v2/property/9178700/units?available=true&honordisplayorder=true,3901-4,,2026-08-04 00:00 -0500,2026-08-04,explicit_future,true,internalAvailableDate,_api_parser.realpage_units_to_adapter_shape,exact_current_parser,true,true,,availability_date,2026-08-04,2026-08-04,explicit_future,true,false,2026-08-04,2026-08-04,explicit_future,,true,true,false,EXPLICIT_FUTURE_PRESERVED_END_TO_END,none,HIGH,"Primary trace replays the exact public /units envelope. When that envelope is unsupported, the diagnostic trace changes only response.units -> response list to isolate the next loss.","{""availability_date"":""2026-08-04"",""availability_status"":""AVAILABLE"",""available_units"":"""",""bathrooms"":"""",""bed_label"":"""",""bedrooms"":"""",""building"":"""",""concession"":"""",""deposit"":"""",""extraction_tier"":""TIER_1_API"",""floor"":"""",""floor_plan_name"":"""",""rent_range"":""$1,145"",""source_api_url"":""https://api.ws.realpage.com/v2/property/9178700/units?available=true&honordisplayorder=true"",""sqft"":""1150"",""unit_number"":""3901-4""}","{""_available_date_raw"":""2026-08-04"",""_concession_quality"":null,""_date_placeholder"":null,""_extra"":null,""_inferred_id"":null,""_rent_range_raw"":""$1,145"",""amenities"":null,""area"":1150,""area_absence"":null,""area_absence_evidence"":null,""availability_date_provenance"":""explicit_future"",""availability_status"":""AVAILABLE"",""available_date"":""2026-08-04"",""available_units"":null,""baths"":null,""beds"":null,""building"":null,""concession_source"":null,""concession_text"":null,""concession_text_clean"":null,""concession_value"":null,""date_captured"":""2026-08-01 10:45:19"",""deposit"":null,""extraction_tier"":""TIER_1_API"",""floor"":null,""floor_plan_id"":null,""floor_plan_name"":null,""is_floor_plan_level"":false,""lease_term"":null,""move_in_date"":null,""offer_banner"":null,""offer_conditions"":null,""offer_target"":null,""offer_type"":null,""offer_value"":null,""rent_high"":1145.0,""rent_low"":1145.0,""source_ids"":{},""unit_id"":""3901-4"",""unit_name"":null}",controlled_single_change_replay_unwrap_response_units,true,availability_date,2026-08-04,2026-08-04,2026-08-04,explicit_future,,explicit_future_preserved_after_response_unwrap,"{""availability_date"":""2026-08-04"",""availability_status"":""AVAILABLE"",""available_units"":"""",""bathrooms"":"""",""bed_label"":"""",""bedrooms"":"""",""building"":"""",""concession"":"""",""deposit"":"""",""extraction_tier"":""TIER_1_API"",""floor"":"""",""floor_plan_name"":"""",""rent_range"":""$1,145"",""source_api_url"":""https://api.ws.realpage.com/v2/property/9178700/units?available=true&honordisplayorder=true"",""sqft"":""1150"",""unit_number"":""3901-4""}","{""_available_date_raw"":""2026-08-04"",""_concession_quality"":null,""_date_placeholder"":null,""_extra"":null,""_inferred_id"":null,""_rent_range_raw"":""$1,145"",""amenities"":null,""area"":1150,""area_absence"":null,""area_absence_evidence"":null,""availability_date_provenance"":""explicit_future"",""availability_status"":""AVAILABLE"",""available_date"":""2026-08-04"",""available_units"":null,""baths"":null,""beds"":null,""building"":null,""concession_source"":null,""concession_text"":null,""concession_text_clean"":null,""concession_value"":null,""date_captured"":""2026-08-01 10:45:19"",""deposit"":null,""extraction_tier"":""TIER_1_API"",""floor"":null,""floor_plan_id"":null,""floor_plan_name"":null,""is_floor_plan_level"":false,""lease_term"":null,""move_in_date"":null,""offer_banner"":null,""offer_conditions"":null,""offer_target"":null,""offer_type"":null,""offer_value"":null,""rent_high"":1145.0,""rent_low"":1145.0,""source_ids"":{},""unit_id"":""3901-4"",""unit_name"":null}","{""floorplanId"":11326881,""id"":17635290,""internalAvailableDate"":""2026-08-04 00:00 -0500"",""leaseStatus"":""AVAILABLE_READY"",""name"":""3901-4"",""rent"":1145,""unitNumber"":""3901-4"",""vacantDate"":""2026-08-13 00:00 -0000""}"
local_current_live_no_rp_oracle_audit_not_canary,2026-08-01T10:45:19Z,2026-08-01,2026-07-31,separate_no_rp_oracle_573_rows_78_properties,ONESITE_API,7886,Azure Place,realpage_public_widget_units_api,true,https://api.ws.realpage.com/v2/property/9178700/units?available=true&honordisplayorder=true,2930-1,,2026-08-04 00:00 -0500,2026-08-04,explicit_future,true,internalAvailableDate,_api_parser.realpage_units_to_adapter_shape,exact_current_parser,true,true,,availability_date,2026-08-04,2026-08-04,explicit_future,true,false,2026-08-04,2026-08-04,explicit_future,,true,true,false,EXPLICIT_FUTURE_PRESERVED_END_TO_END,none,HIGH,"Primary trace replays the exact public /units envelope. When that envelope is unsupported, the diagnostic trace changes only response.units -> response list to isolate the next loss.","{""availability_date"":""2026-08-04"",""availability_status"":""AVAILABLE"",""available_units"":"""",""bathrooms"":"""",""bed_label"":"""",""bedrooms"":"""",""building"":"""",""concession"":"""",""deposit"":"""",""extraction_tier"":""TIER_1_API"",""floor"":"""",""floor_plan_name"":"""",""rent_range"":""$945"",""source_api_url"":""https://api.ws.realpage.com/v2/property/9178700/units?available=true&honordisplayorder=true"",""sqft"":""800"",""unit_number"":""2930-1""}","{""_available_date_raw"":""2026-08-04"",""_concession_quality"":null,""_date_placeholder"":null,""_extra"":null,""_inferred_id"":null,""_rent_range_raw"":""$945"",""amenities"":null,""area"":800,""area_absence"":null,""area_absence_evidence"":null,""availability_date_provenance"":""explicit_future"",""availability_status"":""AVAILABLE"",""available_date"":""2026-08-04"",""available_units"":null,""baths"":null,""beds"":null,""building"":null,""concession_source"":null,""concession_text"":null,""concession_text_clean"":null,""concession_value"":null,""date_captured"":""2026-08-01 10:45:19"",""deposit"":null,""extraction_tier"":""TIER_1_API"",""floor"":null,""floor_plan_id"":null,""floor_plan_name"":null,""is_floor_plan_level"":false,""lease_term"":null,""move_in_date"":null,""offer_banner"":null,""offer_conditions"":null,""offer_target"":null,""offer_type"":null,""offer_value"":null,""rent_high"":945.0,""rent_low"":945.0,""source_ids"":{},""unit_id"":""2930-1"",""unit_name"":null}",controlled_single_change_replay_unwrap_response_units,true,availability_date,2026-08-04,2026-08-04,2026-08-04,explicit_future,,explicit_future_preserved_after_response_unwrap,"{""availability_date"":""2026-08-04"",""availability_status"":""AVAILABLE"",""available_units"":"""",""bathrooms"":"""",""bed_label"":"""",""bedrooms"":"""",""building"":"""",""concession"":"""",""deposit"":"""",""extraction_tier"":""TIER_1_API"",""floor"":"""",""floor_plan_name"":"""",""rent_range"":""$945"",""source_api_url"":""https://api.ws.realpage.com/v2/property/9178700/units?available=true&honordisplayorder=true"",""sqft"":""800"",""unit_number"":""2930-1""}","{""_available_date_raw"":""2026-08-04"",""_concession_quality"":null,""_date_placeholder"":null,""_extra"":null,""_inferred_id"":null,""_rent_range_raw"":""$945"",""amenities"":null,""area"":800,""area_absence"":null,""area_absence_evidence"":null,""availability_date_provenance"":""explicit_future"",""availability_status"":""AVAILABLE"",""available_date"":""2026-08-04"",""available_units"":null,""baths"":null,""beds"":null,""building"":null,""concession_source"":null,""concession_text"":null,""concession_text_clean"":null,""concession_value"":null,""date_captured"":""2026-08-01 10:45:19"",""deposit"":null,""extraction_tier"":""TIER_1_API"",""floor"":null,""floor_plan_id"":null,""floor_plan_name"":null,""is_floor_plan_level"":false,""lease_term"":null,""move_in_date"":null,""offer_banner"":null,""offer_conditions"":null,""offer_target"":null,""offer_type"":null,""offer_value"":null,""rent_high"":945.0,""rent_low"":945.0,""source_ids"":{},""unit_id"":""2930-1"",""unit_name"":null}","{""floorplanId"":11326824,""id"":17635413,""internalAvailableDate"":""2026-08-04 00:00 -0500"",""leaseStatus"":""AVAILABLE_READY"",""name"":""2930-1"",""rent"":945,""unitNumber"":""2930-1"",""vacantDate"":""2026-08-13 00:00 -0000""}"
local_current_live_no_rp_oracle_audit_not_canary,2026-08-01T10:45:19Z,2026-08-01,2026-07-31,separate_no_rp_oracle_573_rows_78_properties,ONESITE_API,7886,Azure Place,realpage_public_widget_units_api,true,https://api.ws.realpage.com/v2/property/9178700/units?available=true&honordisplayorder=true,3889-7,,2026-08-04 00:00 -0500,2026-08-04,explicit_future,true,internalAvailableDate,_api_parser.realpage_units_to_adapter_shape,exact_current_parser,true,true,,availability_date,2026-08-04,2026-08-04,explicit_future,true,false,2026-08-04,2026-08-04,explicit_future,,true,true,false,EXPLICIT_FUTURE_PRESERVED_END_TO_END,none,HIGH,"Primary trace replays the exact public /units envelope. When that envelope is unsupported, the diagnostic trace changes only response.units -> response list to isolate the next loss.","{""availability_date"":""2026-08-04"",""availability_status"":""AVAILABLE"",""available_units"":"""",""bathrooms"":"""",""bed_label"":"""",""bedrooms"":"""",""building"":"""",""concession"":"""",""deposit"":"""",""extraction_tier"":""TIER_1_API"",""floor"":"""",""floor_plan_name"":"""",""rent_range"":""$875"",""source_api_url"":""https://api.ws.realpage.com/v2/property/9178700/units?available=true&honordisplayorder=true"",""sqft"":""620"",""unit_number"":""3889-7""}","{""_available_date_raw"":""2026-08-04"",""_concession_quality"":null,""_date_placeholder"":null,""_extra"":null,""_inferred_id"":null,""_rent_range_raw"":""$875"",""amenities"":null,""area"":620,""area_absence"":null,""area_absence_evidence"":null,""availability_date_provenance"":""explicit_future"",""availability_status"":""AVAILABLE"",""available_date"":""2026-08-04"",""available_units"":null,""baths"":null,""beds"":null,""building"":null,""concession_source"":null,""concession_text"":null,""concession_text_clean"":null,""concession_value"":null,""date_captured"":""2026-08-01 10:45:19"",""deposit"":null,""extraction_tier"":""TIER_1_API"",""floor"":null,""floor_plan_id"":null,""floor_plan_name"":null,""is_floor_plan_level"":false,""lease_term"":null,""move_in_date"":null,""offer_banner"":null,""offer_conditions"":null,""offer_target"":null,""offer_type"":null,""offer_value"":null,""rent_high"":875.0,""rent_low"":875.0,""source_ids"":{},""unit_id"":""3889-7"",""unit_name"":null}",controlled_single_change_replay_unwrap_response_units,true,availability_date,2026-08-04,2026-08-04,2026-08-04,explicit_future,,explicit_future_preserved_after_response_unwrap,"{""availability_date"":""2026-08-04"",""availability_status"":""AVAILABLE"",""available_units"":"""",""bathrooms"":"""",""bed_label"":"""",""bedrooms"":"""",""building"":"""",""concession"":"""",""deposit"":"""",""extraction_tier"":""TIER_1_API"",""floor"":"""",""floor_plan_name"":"""",""rent_range"":""$875"",""source_api_url"":""https://api.ws.realpage.com/v2/property/9178700/units?available=true&honordisplayorder=true"",""sqft"":""620"",""unit_number"":""3889-7""}","{""_available_date_raw"":""2026-08-04"",""_concession_quality"":null,""_date_placeholder"":null,""_extra"":null,""_inferred_id"":null,""_rent_range_raw"":""$875"",""amenities"":null,""area"":620,""area_absence"":null,""area_absence_evidence"":null,""availability_date_provenance"":""explicit_future"",""availability_status"":""AVAILABLE"",""available_date"":""2026-08-04"",""available_units"":null,""baths"":null,""beds"":null,""building"":null,""concession_source"":null,""concession_text"":null,""concession_text_clean"":null,""concession_value"":null,""date_captured"":""2026-08-01 10:45:19"",""deposit"":null,""extraction_tier"":""TIER_1_API"",""floor"":null,""floor_plan_id"":null,""floor_plan_name"":null,""is_floor_plan_level"":false,""lease_term"":null,""move_in_date"":null,""offer_banner"":null,""offer_conditions"":null,""offer_target"":null,""offer_type"":null,""offer_value"":null,""rent_high"":875.0,""rent_low"":875.0,""source_ids"":{},""unit_id"":""3889-7"",""unit_name"":null}","{""floorplanId"":11326718,""id"":17635465,""internalAvailableDate"":""2026-08-04 00:00 -0500"",""leaseStatus"":""AVAILABLE_READY"",""name"":""3889-7"",""rent"":875,""unitNumber"":""3889-7"",""vacantDate"":""2026-08-13 00:00 -0000""}"
local_current_live_no_rp_oracle_audit_not_canary,2026-08-01T10:45:19Z,2026-08-01,2026-07-31,separate_no_rp_oracle_573_rows_78_properties,ONESITE_API,7886,Azure Place,realpage_public_widget_units_api,true,https://api.ws.realpage.com/v2/property/9178700/units?available=true&honordisplayorder=true,2913-4,,2026-08-04 00:00 -0500,2026-08-04,explicit_future,true,internalAvailableDate,_api_parser.realpage_units_to_adapter_shape,exact_current_parser,true,true,,availability_date,2026-08-04,2026-08-04,explicit_future,true,false,2026-08-04,2026-08-04,explicit_future,,true,true,false,EXPLICIT_FUTURE_PRESERVED_END_TO_END,none,HIGH,"Primary trace replays the exact public /units envelope. When that envelope is unsupported, the diagnostic trace changes only response.units -> response list to isolate the next loss.","{""availability_date"":""2026-08-04"",""availability_status"":""AVAILABLE"",""available_units"":"""",""bathrooms"":"""",""bed_label"":"""",""bedrooms"":"""",""building"":"""",""concession"":"""",""deposit"":"""",""extraction_tier"":""TIER_1_API"",""floor"":"""",""floor_plan_name"":"""",""rent_range"":""$925"",""source_api_url"":""https://api.ws.realpage.com/v2/property/9178700/units?available=true&honordisplayorder=true"",""sqft"":""800"",""unit_number"":""2913-4""}","{""_available_date_raw"":""2026-08-04"",""_concession_quality"":null,""_date_placeholder"":null,""_extra"":null,""_inferred_id"":null,""_rent_range_raw"":""$925"",""amenities"":null,""area"":800,""area_absence"":null,""area_absence_evidence"":null,""availability_date_provenance"":""explicit_future"",""availability_status"":""AVAILABLE"",""available_date"":""2026-08-04"",""available_units"":null,""baths"":null,""beds"":null,""building"":null,""concession_source"":null,""concession_text"":null,""concession_text_clean"":null,""concession_value"":null,""date_captured"":""2026-08-01 10:45:19"",""deposit"":null,""extraction_tier"":""TIER_1_API"",""floor"":null,""floor_plan_id"":null,""floor_plan_name"":null,""is_floor_plan_level"":false,""lease_term"":null,""move_in_date"":null,""offer_banner"":null,""offer_conditions"":null,""offer_target"":null,""offer_type"":null,""offer_value"":null,""rent_high"":925.0,""rent_low"":925.0,""source_ids"":{},""unit_id"":""2913-4"",""unit_name"":null}",controlled_single_change_replay_unwrap_response_units,true,availability_date,2026-08-04,2026-08-04,2026-08-04,explicit_future,,explicit_future_preserved_after_response_unwrap,"{""availability_date"":""2026-08-04"",""availability_status"":""AVAILABLE"",""available_units"":"""",""bathrooms"":"""",""bed_label"":"""",""bedrooms"":"""",""building"":"""",""concession"":"""",""deposit"":"""",""extraction_tier"":""TIER_1_API"",""floor"":"""",""floor_plan_name"":"""",""rent_range"":""$925"",""source_api_url"":""https://api.ws.realpage.com/v2/property/9178700/units?available=true&honordisplayorder=true"",""sqft"":""800"",""unit_number"":""2913-4""}","{""_available_date_raw"":""2026-08-04"",""_concession_quality"":null,""_date_placeholder"":null,""_extra"":null,""_inferred_id"":null,""_rent_range_raw"":""$925"",""amenities"":null,""area"":800,""area_absence"":null,""area_absence_evidence"":null,""availability_date_provenance"":""explicit_future"",""availability_status"":""AVAILABLE"",""available_date"":""2026-08-04"",""available_units"":null,""baths"":null,""beds"":null,""building"":null,""concession_source"":null,""concession_text"":null,""concession_text_clean"":null,""concession_value"":null,""date_captured"":""2026-08-01 10:45:19"",""deposit"":null,""extraction_tier"":""TIER_1_API"",""floor"":null,""floor_plan_id"":null,""floor_plan_name"":null,""is_floor_plan_level"":false,""lease_term"":null,""move_in_date"":null,""offer_banner"":null,""offer_conditions"":null,""offer_target"":null,""offer_type"":null,""offer_value"":null,""rent_high"":925.0,""rent_low"":925.0,""source_ids"":{},""unit_id"":""2913-4"",""unit_name"":null}","{""floorplanId"":11326824,""id"":17635718,""internalAvailableDate"":""2026-08-04 00:00 -0500"",""leaseStatus"":""AVAILABLE_READY"",""name"":""2913-4"",""rent"":925,""unitNumber"":""2913-4"",""vacantDate"":""2026-08-13 00:00 -0000""}"
local_current_live_no_rp_oracle_audit_not_canary,2026-08-01T10:45:19Z,2026-08-01,2026-07-31,separate_no_rp_oracle_573_rows_78_properties,ONESITE_API,7886,Azure Place,realpage_public_widget_units_api,true,https://api.ws.realpage.com/v2/property/9178700/units?available=true&honordisplayorder=true,2938-4,,2026-08-08 00:00 -0500,2026-08-08,explicit_future,true,internalAvailableDate,_api_parser.realpage_units_to_adapter_shape,exact_current_parser,true,true,,availability_date,2026-08-08,2026-08-08,explicit_future,true,false,2026-08-08,2026-08-08,explicit_future,,true,true,false,EXPLICIT_FUTURE_PRESERVED_END_TO_END,none,HIGH,"Primary trace replays the exact public /units envelope. When that envelope is unsupported, the diagnostic trace changes only response.units -> response list to isolate the next loss.","{""availability_date"":""2026-08-08"",""availability_status"":""AVAILABLE"",""available_units"":"""",""bathrooms"":"""",""bed_label"":"""",""bedrooms"":"""",""building"":"""",""concession"":"""",""deposit"":"""",""extraction_tier"":""TIER_1_API"",""floor"":"""",""floor_plan_name"":"""",""rent_range"":""$925"",""source_api_url"":""https://api.ws.realpage.com/v2/property/9178700/units?available=true&honordisplayorder=true"",""sqft"":""800"",""unit_number"":""2938-4""}","{""_available_date_raw"":""2026-08-08"",""_concession_quality"":null,""_date_placeholder"":null,""_extra"":null,""_inferred_id"":null,""_rent_range_raw"":""$925"",""amenities"":null,""area"":800,""area_absence"":null,""area_absence_evidence"":null,""availability_date_provenance"":""explicit_future"",""availability_status"":""AVAILABLE"",""available_date"":""2026-08-08"",""available_units"":null,""baths"":null,""beds"":null,""building"":null,""concession_source"":null,""concession_text"":null,""concession_text_clean"":null,""concession_value"":null,""date_captured"":""2026-08-01 10:45:19"",""deposit"":null,""extraction_tier"":""TIER_1_API"",""floor"":null,""floor_plan_id"":null,""floor_plan_name"":null,""is_floor_plan_level"":false,""lease_term"":null,""move_in_date"":null,""offer_banner"":null,""offer_conditions"":null,""offer_target"":null,""offer_type"":null,""offer_value"":null,""rent_high"":925.0,""rent_low"":925.0,""source_ids"":{},""unit_id"":""2938-4"",""unit_name"":null}",controlled_single_change_replay_unwrap_response_units,true,availability_date,2026-08-08,2026-08-08,2026-08-08,explicit_future,,explicit_future_preserved_after_response_unwrap,"{""availability_date"":""2026-08-08"",""availability_status"":""AVAILABLE"",""available_units"":"""",""bathrooms"":"""",""bed_label"":"""",""bedrooms"":"""",""building"":"""",""concession"":"""",""deposit"":"""",""extraction_tier"":""TIER_1_API"",""floor"":"""",""floor_plan_name"":"""",""rent_range"":""$925"",""source_api_url"":""https://api.ws.realpage.com/v2/property/9178700/units?available=true&honordisplayorder=true"",""sqft"":""800"",""unit_number"":""2938-4""}","{""_available_date_raw"":""2026-08-08"",""_concession_quality"":null,""_date_placeholder"":null,""_extra"":null,""_inferred_id"":null,""_rent_range_raw"":""$925"",""amenities"":null,""area"":800,""area_absence"":null,""area_absence_evidence"":null,""availability_date_provenance"":""explicit_future"",""availability_status"":""AVAILABLE"",""available_date"":""2026-08-08"",""available_units"":null,""baths"":null,""beds"":null,""building"":null,""concession_source"":null,""concession_text"":null,""concession_text_clean"":null,""concession_value"":null,""date_captured"":""2026-08-01 10:45:19"",""deposit"":null,""extraction_tier"":""TIER_1_API"",""floor"":null,""floor_plan_id"":null,""floor_plan_name"":null,""is_floor_plan_level"":false,""lease_term"":null,""move_in_date"":null,""offer_banner"":null,""offer_conditions"":null,""offer_target"":null,""offer_type"":null,""offer_value"":null,""rent_high"":925.0,""rent_low"":925.0,""source_ids"":{},""unit_id"":""2938-4"",""unit_name"":null}","{""floorplanId"":11326824,""id"":17635404,""internalAvailableDate"":""2026-08-08 00:00 -0500"",""leaseStatus"":""AVAILABLE_READY"",""name"":""2938-4"",""rent"":925,""unitNumber"":""2938-4"",""vacantDate"":""2026-08-19 00:00 -0000""}"
local_current_live_no_rp_oracle_audit_not_canary,2026-08-01T10:45:19Z,2026-08-01,2026-07-31,separate_no_rp_oracle_573_rows_78_properties,ONESITE_API,7886,Azure Place,realpage_public_widget_units_api,true,https://api.ws.realpage.com/v2/property/9178700/units?available=true&honordisplayorder=true,2909-2,,2026-08-08 00:00 -0500,2026-08-08,explicit_future,true,internalAvailableDate,_api_parser.realpage_units_to_adapter_shape,exact_current_parser,true,true,,availability_date,2026-08-08,2026-08-08,explicit_future,true,false,2026-08-08,2026-08-08,explicit_future,,true,true,false,EXPLICIT_FUTURE_PRESERVED_END_TO_END,none,HIGH,"Primary trace replays the exact public /units envelope. When that envelope is unsupported, the diagnostic trace changes only response.units -> response list to isolate the next loss.","{""availability_date"":""2026-08-08"",""availability_status"":""AVAILABLE"",""available_units"":"""",""bathrooms"":"""",""bed_label"":"""",""bedrooms"":"""",""building"":"""",""concession"":"""",""deposit"":"""",""extraction_tier"":""TIER_1_API"",""floor"":"""",""floor_plan_name"":"""",""rent_range"":""$925"",""source_api_url"":""https://api.ws.realpage.com/v2/property/9178700/units?available=true&honordisplayorder=true"",""sqft"":""800"",""unit_number"":""2909-2""}","{""_available_date_raw"":""2026-08-08"",""_concession_quality"":null,""_date_placeholder"":null,""_extra"":null,""_inferred_id"":null,""_rent_range_raw"":""$925"",""amenities"":null,""area"":800,""area_absence"":null,""area_absence_evidence"":null,""availability_date_provenance"":""explicit_future"",""availability_status"":""AVAILABLE"",""available_date"":""2026-08-08"",""available_units"":null,""baths"":null,""beds"":null,""building"":null,""concession_source"":null,""concession_text"":null,""concession_text_clean"":null,""concession_value"":null,""date_captured"":""2026-08-01 10:45:19"",""deposit"":null,""extraction_tier"":""TIER_1_API"",""floor"":null,""floor_plan_id"":null,""floor_plan_name"":null,""is_floor_plan_level"":false,""lease_term"":null,""move_in_date"":null,""offer_banner"":null,""offer_conditions"":null,""offer_target"":null,""offer_type"":null,""offer_value"":null,""rent_high"":925.0,""rent_low"":925.0,""source_ids"":{},""unit_id"":""2909-2"",""unit_name"":null}",controlled_single_change_replay_unwrap_response_units,true,availability_date,2026-08-08,2026-08-08,2026-08-08,explicit_future,,explicit_future_preserved_after_response_unwrap,"{""availability_date"":""2026-08-08"",""availability_status"":""AVAILABLE"",""available_units"":"""",""bathrooms"":"""",""bed_label"":"""",""bedrooms"":"""",""building"":"""",""concession"":"""",""deposit"":"""",""extraction_tier"":""TIER_1_API"",""floor"":"""",""floor_plan_name"":"""",""rent_range"":""$925"",""source_api_url"":""https://api.ws.realpage.com/v2/property/9178700/units?available=true&honordisplayorder=true"",""sqft"":""800"",""unit_number"":""2909-2""}","{""_available_date_raw"":""2026-08-08"",""_concession_quality"":null,""_date_placeholder"":null,""_extra"":null,""_inferred_id"":null,""_rent_range_raw"":""$925"",""amenities"":null,""area"":800,""area_absence"":null,""area_absence_evidence"":null,""availability_date_provenance"":""explicit_future"",""availability_status"":""AVAILABLE"",""available_date"":""2026-08-08"",""available_units"":null,""baths"":null,""beds"":null,""building"":null,""concession_source"":null,""concession_text"":null,""concession_text_clean"":null,""concession_value"":null,""date_captured"":""2026-08-01 10:45:19"",""deposit"":null,""extraction_tier"":""TIER_1_API"",""floor"":null,""floor_plan_id"":null,""floor_plan_name"":null,""is_floor_plan_level"":false,""lease_term"":null,""move_in_date"":null,""offer_banner"":null,""offer_conditions"":null,""offer_target"":null,""offer_type"":null,""offer_value"":null,""rent_high"":925.0,""rent_low"":925.0,""source_ids"":{},""unit_id"":""2909-2"",""unit_name"":null}","{""floorplanId"":11326824,""id"":17635712,""internalAvailableDate"":""2026-08-08 00:00 -0500"",""leaseStatus"":""AVAILABLE_READY"",""name"":""2909-2"",""rent"":925,""unitNumber"":""2909-2"",""vacantDate"":""2026-08-19 00:00 -0000""}"
local_current_live_no_rp_oracle_audit_not_canary,2026-08-01T10:45:19Z,2026-08-01,2026-07-31,separate_no_rp_oracle_573_rows_78_properties,ONESITE_API,7886,Azure Place,realpage_public_widget_units_api,true,https://api.ws.realpage.com/v2/property/9178700/units?available=true&honordisplayorder=true,2902-3,,2026-08-11 00:00 -0500,2026-08-11,explicit_future,true,internalAvailableDate,_api_parser.realpage_units_to_adapter_shape,exact_current_parser,true,true,,availability_date,2026-08-11,2026-08-11,explicit_future,true,false,2026-08-11,2026-08-11,explicit_future,,true,true,false,EXPLICIT_FUTURE_PRESERVED_END_TO_END,none,HIGH,"Primary trace replays the exact public /units envelope. When that envelope is unsupported, the diagnostic trace changes only response.units -> response list to isolate the next loss.","{""availability_date"":""2026-08-11"",""availability_status"":""AVAILABLE"",""available_units"":"""",""bathrooms"":"""",""bed_label"":"""",""bedrooms"":"""",""building"":"""",""concession"":"""",""deposit"":"""",""extraction_tier"":""TIER_1_API"",""floor"":"""",""floor_plan_name"":"""",""rent_range"":""$1,175"",""source_api_url"":""https://api.ws.realpage.com/v2/property/9178700/units?available=true&honordisplayorder=true"",""sqft"":""1190"",""unit_number"":""2902-3""}","{""_available_date_raw"":""2026-08-11"",""_concession_quality"":null,""_date_placeholder"":null,""_extra"":null,""_inferred_id"":null,""_rent_range_raw"":""$1,175"",""amenities"":null,""area"":1190,""area_absence"":null,""area_absence_evidence"":null,""availability_date_provenance"":""explicit_future"",""availability_status"":""AVAILABLE"",""available_date"":""2026-08-11"",""available_units"":null,""baths"":null,""beds"":null,""building"":null,""concession_source"":null,""concession_text"":null,""concession_text_clean"":null,""concession_value"":null,""date_captured"":""2026-08-01 10:45:19"",""deposit"":null,""extraction_tier"":""TIER_1_API"",""floor"":null,""floor_plan_id"":null,""floor_plan_name"":null,""is_floor_plan_level"":false,""lease_term"":null,""move_in_date"":null,""offer_banner"":null,""offer_conditions"":null,""offer_target"":null,""offer_type"":null,""offer_value"":null,""rent_high"":1175.0,""rent_low"":1175.0,""source_ids"":{},""unit_id"":""2902-3"",""unit_name"":null}",controlled_single_change_replay_unwrap_response_units,true,availability_date,2026-08-11,2026-08-11,2026-08-11,explicit_future,,explicit_future_preserved_after_response_unwrap,"{""availability_date"":""2026-08-11"",""availability_status"":""AVAILABLE"",""available_units"":"""",""bathrooms"":"""",""bed_label"":"""",""bedrooms"":"""",""building"":"""",""concession"":"""",""deposit"":"""",""extraction_tier"":""TIER_1_API"",""floor"":"""",""floor_plan_name"":"""",""rent_range"":""$1,175"",""source_api_url"":""https://api.ws.realpage.com/v2/property/9178700/units?available=true&honordisplayorder=true"",""sqft"":""1190"",""unit_number"":""2902-3""}","{""_available_date_raw"":""2026-08-11"",""_concession_quality"":null,""_date_placeholder"":null,""_extra"":null,""_inferred_id"":null,""_rent_range_raw"":""$1,175"",""amenities"":null,""area"":1190,""area_absence"":null,""area_absence_evidence"":null,""availability_date_provenance"":""explicit_future"",""availability_status"":""AVAILABLE"",""available_date"":""2026-08-11"",""available_units"":null,""baths"":null,""beds"":null,""building"":null,""concession_source"":null,""concession_text"":null,""concession_text_clean"":null,""concession_value"":null,""date_captured"":""2026-08-01 10:45:19"",""deposit"":null,""extraction_tier"":""TIER_1_API"",""floor"":null,""floor_plan_id"":null,""floor_plan_name"":null,""is_floor_plan_level"":false,""lease_term"":null,""move_in_date"":null,""offer_banner"":null,""offer_conditions"":null,""offer_target"":null,""offer_type"":null,""offer_value"":null,""rent_high"":1175.0,""rent_low"":1175.0,""source_ids"":{},""unit_id"":""2902-3"",""unit_name"":null}","{""floorplanId"":11326884,""id"":17635473,""internalAvailableDate"":""2026-08-11 00:00 -0500"",""leaseStatus"":""AVAILABLE_READY"",""name"":""2902-3"",""rent"":1175,""unitNumber"":""2902-3"",""vacantDate"":""2026-08-20 00:00 -0000""}"
local_current_live_no_rp_oracle_audit_not_canary,2026-08-01T10:45:19Z,2026-08-01,2026-07-31,separate_no_rp_oracle_573_rows_78_properties,ONESITE_API,7886,Azure Place,realpage_public_widget_units_api,true,https://api.ws.realpage.com/v2/property/9178700/units?available=true&honordisplayorder=true,2880-3,,2026-08-19 00:00 -0500,2026-08-19,explicit_future,true,internalAvailableDate,_api_parser.realpage_units_to_adapter_shape,exact_current_parser,true,true,,availability_date,2026-08-19,2026-08-19,explicit_future,true,false,2026-08-19,2026-08-19,explicit_future,,true,true,false,EXPLICIT_FUTURE_PRESERVED_END_TO_END,none,HIGH,"Primary trace replays the exact public /units envelope. When that envelope is unsupported, the diagnostic trace changes only response.units -> response list to isolate the next loss.","{""availability_date"":""2026-08-19"",""availability_status"":""AVAILABLE"",""available_units"":"""",""bathrooms"":"""",""bed_label"":"""",""bedrooms"":"""",""building"":"""",""concession"":"""",""deposit"":"""",""extraction_tier"":""TIER_1_API"",""floor"":"""",""floor_plan_name"":"""",""rent_range"":""$1,175"",""source_api_url"":""https://api.ws.realpage.com/v2/property/9178700/units?available=true&honordisplayorder=true"",""sqft"":""1190"",""unit_number"":""2880-3""}","{""_available_date_raw"":""2026-08-19"",""_concession_quality"":null,""_date_placeholder"":null,""_extra"":null,""_inferred_id"":null,""_rent_range_raw"":""$1,175"",""amenities"":null,""area"":1190,""area_absence"":null,""area_absence_evidence"":null,""availability_date_provenance"":""explicit_future"",""availability_status"":""AVAILABLE"",""available_date"":""2026-08-19"",""available_units"":null,""baths"":null,""beds"":null,""building"":null,""concession_source"":null,""concession_text"":null,""concession_text_clean"":null,""concession_value"":null,""date_captured"":""2026-08-01 10:45:19"",""deposit"":null,""extraction_tier"":""TIER_1_API"",""floor"":null,""floor_plan_id"":null,""floor_plan_name"":null,""is_floor_plan_level"":false,""lease_term"":null,""move_in_date"":null,""offer_banner"":null,""offer_conditions"":null,""offer_target"":null,""offer_type"":null,""offer_value"":null,""rent_high"":1175.0,""rent_low"":1175.0,""source_ids"":{},""unit_id"":""2880-3"",""unit_name"":null}",controlled_single_change_replay_unwrap_response_units,true,availability_date,2026-08-19,2026-08-19,2026-08-19,explicit_future,,explicit_future_preserved_after_response_unwrap,"{""availability_date"":""2026-08-19"",""availability_status"":""AVAILABLE"",""available_units"":"""",""bathrooms"":"""",""bed_label"":"""",""bedrooms"":"""",""building"":"""",""concession"":"""",""deposit"":"""",""extraction_tier"":""TIER_1_API"",""floor"":"""",""floor_plan_name"":"""",""rent_range"":""$1,175"",""source_api_url"":""https://api.ws.realpage.com/v2/property/9178700/units?available=true&honordisplayorder=true"",""sqft"":""1190"",""unit_number"":""2880-3""}","{""_available_date_raw"":""2026-08-19"",""_concession_quality"":null,""_date_placeholder"":null,""_extra"":null,""_inferred_id"":null,""_rent_range_raw"":""$1,175"",""amenities"":null,""area"":1190,""area_absence"":null,""area_absence_evidence"":null,""availability_date_provenance"":""explicit_future"",""availability_status"":""AVAILABLE"",""available_date"":""2026-08-19"",""available_units"":null,""baths"":null,""beds"":null,""building"":null,""concession_source"":null,""concession_text"":null,""concession_text_clean"":null,""concession_value"":null,""date_captured"":""2026-08-01 10:45:19"",""deposit"":null,""extraction_tier"":""TIER_1_API"",""floor"":null,""floor_plan_id"":null,""floor_plan_name"":null,""is_floor_plan_level"":false,""lease_term"":null,""move_in_date"":null,""offer_banner"":null,""offer_conditions"":null,""offer_target"":null,""offer_type"":null,""offer_value"":null,""rent_high"":1175.0,""rent_low"":1175.0,""source_ids"":{},""unit_id"":""2880-3"",""unit_name"":null}","{""floorplanId"":11326884,""id"":17635701,""internalAvailableDate"":""2026-08-19 00:00 -0500"",""leaseStatus"":""AVAILABLE_READY"",""name"":""2880-3"",""rent"":1175,""unitNumber"":""2880-3"",""vacantDate"":""2026-08-28 00:00 -0000""}"
local_current_live_no_rp_oracle_audit_not_canary,2026-08-01T10:45:19Z,2026-08-01,2026-07-31,separate_no_rp_oracle_573_rows_78_properties,ONESITE_API,7886,Azure Place,realpage_public_widget_units_api,true,https://api.ws.realpage.com/v2/property/9178700/units?available=true&honordisplayorder=true,3901-3,,2026-07-31 00:00 -0500,2026-07-31,historical_embedded,false,internalAvailableDate,_api_parser.realpage_units_to_adapter_shape,exact_current_parser,true,true,,availability_date,2026-07-31,2026-07-31,historical_embedded,true,false,2026-07-31,2026-07-31,historical_embedded,,false,false,false,HISTORICAL_SOURCE_DATE_PRESERVED,none,HIGH,"Primary trace replays the exact public /units envelope. When that envelope is unsupported, the diagnostic trace changes only response.units -> response list to isolate the next loss.","{""availability_date"":""2026-07-31"",""availability_status"":""AVAILABLE"",""available_units"":"""",""bathrooms"":"""",""bed_label"":"""",""bedrooms"":"""",""building"":"""",""concession"":"""",""deposit"":"""",""extraction_tier"":""TIER_1_API"",""floor"":"""",""floor_plan_name"":"""",""rent_range"":""$1,165"",""source_api_url"":""https://api.ws.realpage.com/v2/property/9178700/units?available=true&honordisplayorder=true"",""sqft"":""1150"",""unit_number"":""3901-3""}","{""_available_date_raw"":""2026-07-31"",""_concession_quality"":null,""_date_placeholder"":null,""_extra"":null,""_inferred_id"":null,""_rent_range_raw"":""$1,165"",""amenities"":null,""area"":1150,""area_absence"":null,""area_absence_evidence"":null,""availability_date_provenance"":""historical_embedded"",""availability_status"":""AVAILABLE"",""available_date"":""2026-07-31"",""available_units"":null,""baths"":null,""beds"":null,""building"":null,""concession_source"":null,""concession_text"":null,""concession_text_clean"":null,""concession_value"":null,""date_captured"":""2026-08-01 10:45:19"",""deposit"":null,""extraction_tier"":""TIER_1_API"",""floor"":null,""floor_plan_id"":null,""floor_plan_name"":null,""is_floor_plan_level"":false,""lease_term"":null,""move_in_date"":null,""offer_banner"":null,""offer_conditions"":null,""offer_target"":null,""offer_type"":null,""offer_value"":null,""rent_high"":1165.0,""rent_low"":1165.0,""source_ids"":{},""unit_id"":""3901-3"",""unit_name"":null}",controlled_single_change_replay_unwrap_response_units,true,availability_date,2026-07-31,2026-07-31,2026-07-31,historical_embedded,,,"{""availability_date"":""2026-07-31"",""availability_status"":""AVAILABLE"",""available_units"":"""",""bathrooms"":"""",""bed_label"":"""",""bedrooms"":"""",""building"":"""",""concession"":"""",""deposit"":"""",""extraction_tier"":""TIER_1_API"",""floor"":"""",""floor_plan_name"":"""",""rent_range"":""$1,165"",""source_api_url"":""https://api.ws.realpage.com/v2/property/9178700/units?available=true&honordisplayorder=true"",""sqft"":""1150"",""unit_number"":""3901-3""}","{""_available_date_raw"":""2026-07-31"",""_concession_quality"":null,""_date_placeholder"":null,""_extra"":null,""_inferred_id"":null,""_rent_range_raw"":""$1,165"",""amenities"":null,""area"":1150,""area_absence"":null,""area_absence_evidence"":null,""availability_date_provenance"":""historical_embedded"",""availability_status"":""AVAILABLE"",""available_date"":""2026-07-31"",""available_units"":null,""baths"":null,""beds"":null,""building"":null,""concession_source"":null,""concession_text"":null,""concession_text_clean"":null,""concession_value"":null,""date_captured"":""2026-08-01 10:45:19"",""deposit"":null,""extraction_tier"":""TIER_1_API"",""floor"":null,""floor_plan_id"":null,""floor_plan_name"":null,""is_floor_plan_level"":false,""lease_term"":null,""move_in_date"":null,""offer_banner"":null,""offer_conditions"":null,""offer_target"":null,""offer_type"":null,""offer_value"":null,""rent_high"":1165.0,""rent_low"":1165.0,""source_ids"":{},""unit_id"":""3901-3"",""unit_name"":null}","{""floorplanId"":11326881,""id"":17635289,""internalAvailableDate"":""2026-07-31 00:00 -0500"",""leaseStatus"":""AVAILABLE_READY"",""name"":""3901-3"",""rent"":1165,""unitNumber"":""3901-3"",""vacantDate"":""2026-08-31 00:00 -0000""}"
local_current_live_no_rp_oracle_audit_not_canary,2026-08-01T10:45:19Z,2026-08-01,2026-07-31,separate_no_rp_oracle_573_rows_78_properties,ONESITE_API,7886,Azure Place,realpage_public_widget_units_api,true,https://api.ws.realpage.com/v2/property/9178700/units?available=true&honordisplayorder=true,2940-4,,2026-07-16 00:00 -0500,2026-07-16,historical_embedded,false,internalAvailableDate,_api_parser.realpage_units_to_adapter_shape,exact_current_parser,true,true,,availability_date,2026-07-16,2026-07-16,historical_embedded,true,false,2026-07-16,2026-07-16,historical_embedded,,false,false,false,HISTORICAL_SOURCE_DATE_PRESERVED,none,HIGH,"Primary trace replays the exact public /units envelope. When that envelope is unsupported, the diagnostic trace changes only response.units -> response list to isolate the next loss.","{""availability_date"":""2026-07-16"",""availability_status"":""AVAILABLE"",""available_units"":"""",""bathrooms"":"""",""bed_label"":"""",""bedrooms"":"""",""building"":"""",""concession"":"""",""deposit"":"""",""extraction_tier"":""TIER_1_API"",""floor"":"""",""floor_plan_name"":"""",""rent_range"":""$925"",""source_api_url"":""https://api.ws.realpage.com/v2/property/9178700/units?available=true&honordisplayorder=true"",""sqft"":""800"",""unit_number"":""2940-4""}","{""_available_date_raw"":""2026-07-16"",""_concession_quality"":null,""_date_placeholder"":null,""_extra"":null,""_inferred_id"":null,""_rent_range_raw"":""$925"",""amenities"":null,""area"":800,""area_absence"":null,""area_absence_evidence"":null,""availability_date_provenance"":""historical_embedded"",""availability_status"":""AVAILABLE"",""available_date"":""2026-07-16"",""available_units"":null,""baths"":null,""beds"":null,""building"":null,""concession_source"":null,""concession_text"":null,""concession_text_clean"":null,""concession_value"":null,""date_captured"":""2026-08-01 10:45:19"",""deposit"":null,""extraction_tier"":""TIER_1_API"",""floor"":null,""floor_plan_id"":null,""floor_plan_name"":null,""is_floor_plan_level"":false,""lease_term"":null,""move_in_date"":null,""offer_banner"":null,""offer_conditions"":null,""offer_target"":null,""offer_type"":null,""offer_value"":null,""rent_high"":925.0,""rent_low"":925.0,""source_ids"":{},""unit_id"":""2940-4"",""unit_name"":null}",controlled_single_change_replay_unwrap_response_units,true,availability_date,2026-07-16,2026-07-16,2026-07-16,historical_embedded,,,"{""availability_date"":""2026-07-16"",""availability_status"":""AVAILABLE"",""available_units"":"""",""bathrooms"":"""",""bed_label"":"""",""bedrooms"":"""",""building"":"""",""concession"":"""",""deposit"":"""",""extraction_tier"":""TIER_1_API"",""floor"":"""",""floor_plan_name"":"""",""rent_range"":""$925"",""source_api_url"":""https://api.ws.realpage.com/v2/property/9178700/units?available=true&honordisplayorder=true"",""sqft"":""800"",""unit_number"":""2940-4""}","{""_available_date_raw"":""2026-07-16"",""_concession_quality"":null,""_date_placeholder"":null,""_extra"":null,""_inferred_id"":null,""_rent_range_raw"":""$925"",""amenities"":null,""area"":800,""area_absence"":null,""area_absence_evidence"":null,""availability_date_provenance"":""historical_embedded"",""availability_status"":""AVAILABLE"",""available_date"":""2026-07-16"",""available_units"":null,""baths"":null,""beds"":null,""building"":null,""concession_source"":null,""concession_text"":null,""concession_text_clean"":null,""concession_value"":null,""date_captured"":""2026-08-01 10:45:19"",""deposit"":null,""extraction_tier"":""TIER_1_API"",""floor"":null,""floor_plan_id"":null,""floor_plan_name"":null,""is_floor_plan_level"":false,""lease_term"":null,""move_in_date"":null,""offer_banner"":null,""offer_conditions"":null,""offer_target"":null,""offer_type"":null,""offer_value"":null,""rent_high"":925.0,""rent_low"":925.0,""source_ids"":{},""unit_id"":""2940-4"",""unit_name"":null}","{""floorplanId"":11326824,""id"":17635408,""internalAvailableDate"":""2026-07-16 00:00 -0500"",""leaseStatus"":""AVAILABLE_READY"",""name"":""2940-4"",""rent"":925,""unitNumber"":""2940-4"",""vacantDate"":""2026-09-01 00:00 -0000""}"
local_current_live_no_rp_oracle_audit_not_canary,2026-08-01T10:45:19Z,2026-08-01,2026-07-31,separate_no_rp_oracle_573_rows_78_properties,ONESITE_API,7886,Azure Place,realpage_public_widget_units_api,true,https://api.ws.realpage.com/v2/property/9178700/units?available=true&honordisplayorder=true,2932-2,,2026-07-08 00:00 -0500,2026-07-08,historical_embedded,false,internalAvailableDate,_api_parser.realpage_units_to_adapter_shape,exact_current_parser,true,true,,availability_date,2026-07-08,2026-07-08,historical_embedded,true,false,2026-07-08,2026-07-08,historical_embedded,,false,false,false,HISTORICAL_SOURCE_DATE_PRESERVED,none,HIGH,"Primary trace replays the exact public /units envelope. When that envelope is unsupported, the diagnostic trace changes only response.units -> response list to isolate the next loss.","{""availability_date"":""2026-07-08"",""availability_status"":""AVAILABLE"",""available_units"":"""",""bathrooms"":"""",""bed_label"":"""",""bedrooms"":"""",""building"":"""",""concession"":"""",""deposit"":"""",""extraction_tier"":""TIER_1_API"",""floor"":"""",""floor_plan_name"":"""",""rent_range"":""$925"",""source_api_url"":""https://api.ws.realpage.com/v2/property/9178700/units?available=true&honordisplayorder=true"",""sqft"":""800"",""unit_number"":""2932-2""}","{""_available_date_raw"":""2026-07-08"",""_concession_quality"":null,""_date_placeholder"":null,""_extra"":null,""_inferred_id"":null,""_rent_range_raw"":""$925"",""amenities"":null,""area"":800,""area_absence"":null,""area_absence_evidence"":null,""availability_date_provenance"":""historical_embedded"",""availability_status"":""AVAILABLE"",""available_date"":""2026-07-08"",""available_units"":null,""baths"":null,""beds"":null,""building"":null,""concession_source"":null,""concession_text"":null,""concession_text_clean"":null,""concession_value"":null,""date_captured"":""2026-08-01 10:45:19"",""deposit"":null,""extraction_tier"":""TIER_1_API"",""floor"":null,""floor_plan_id"":null,""floor_plan_name"":null,""is_floor_plan_level"":false,""lease_term"":null,""move_in_date"":null,""offer_banner"":null,""offer_conditions"":null,""offer_target"":null,""offer_type"":null,""offer_value"":null,""rent_high"":925.0,""rent_low"":925.0,""source_ids"":{},""unit_id"":""2932-2"",""unit_name"":null}",controlled_single_change_replay_unwrap_response_units,true,availability_date,2026-07-08,2026-07-08,2026-07-08,historical_embedded,,,"{""availability_date"":""2026-07-08"",""availability_status"":""AVAILABLE"",""available_units"":"""",""bathrooms"":"""",""bed_label"":"""",""bedrooms"":"""",""building"":"""",""concession"":"""",""deposit"":"""",""extraction_tier"":""TIER_1_API"",""floor"":"""",""floor_plan_name"":"""",""rent_range"":""$925"",""source_api_url"":""https://api.ws.realpage.com/v2/property/9178700/units?available=true&honordisplayorder=true"",""sqft"":""800"",""unit_number"":""2932-2""}","{""_available_date_raw"":""2026-07-08"",""_concession_quality"":null,""_date_placeholder"":null,""_extra"":null,""_inferred_id"":null,""_rent_range_raw"":""$925"",""amenities"":null,""area"":800,""area_absence"":null,""area_absence_evidence"":null,""availability_date_provenance"":""historical_embedded"",""availability_status"":""AVAILABLE"",""available_date"":""2026-07-08"",""available_units"":null,""baths"":null,""beds"":null,""building"":null,""concession_source"":null,""concession_text"":null,""concession_text_clean"":null,""concession_value"":null,""date_captured"":""2026-08-01 10:45:19"",""deposit"":null,""extraction_tier"":""TIER_1_API"",""floor"":null,""floor_plan_id"":null,""floor_plan_name"":null,""is_floor_plan_level"":false,""lease_term"":null,""move_in_date"":null,""offer_banner"":null,""offer_conditions"":null,""offer_target"":null,""offer_type"":null,""offer_value"":null,""rent_high"":925.0,""rent_low"":925.0,""source_ids"":{},""unit_id"":""2932-2"",""unit_name"":null}","{""floorplanId"":11326824,""id"":17635416,""internalAvailableDate"":""2026-07-08 00:00 -0500"",""leaseStatus"":""AVAILABLE_READY"",""name"":""2932-2"",""rent"":925,""unitNumber"":""2932-2"",""vacantDate"":""2026-09-01 00:00 -0000""}"
local_current_live_no_rp_oracle_audit_not_canary,2026-08-01T10:45:19Z,2026-08-01,2026-07-31,separate_no_rp_oracle_573_rows_78_properties,ONESITE_API,7886,Azure Place,realpage_public_widget_units_api,true,https://api.ws.realpage.com/v2/property/9178700/units?available=true&honordisplayorder=true,2915-2,,2026-09-01 00:00 -0500,2026-09-01,explicit_future,true,internalAvailableDate,_api_parser.realpage_units_to_adapter_shape,exact_current_parser,true,true,,availability_date,2026-09-01,2026-09-01,explicit_future,true,false,2026-09-01,2026-09-01,explicit_future,,true,true,false,EXPLICIT_FUTURE_PRESERVED_END_TO_END,none,HIGH,"Primary trace replays the exact public /units envelope. When that envelope is unsupported, the diagnostic trace changes only response.units -> response list to isolate the next loss.","{""availability_date"":""2026-09-01"",""availability_status"":""AVAILABLE"",""available_units"":"""",""bathrooms"":"""",""bed_label"":"""",""bedrooms"":"""",""building"":"""",""concession"":"""",""deposit"":"""",""extraction_tier"":""TIER_1_API"",""floor"":"""",""floor_plan_name"":"""",""rent_range"":""$925"",""source_api_url"":""https://api.ws.realpage.com/v2/property/9178700/units?available=true&honordisplayorder=true"",""sqft"":""800"",""unit_number"":""2915-2""}","{""_available_date_raw"":""2026-09-01"",""_concession_quality"":null,""_date_placeholder"":null,""_extra"":null,""_inferred_id"":null,""_rent_range_raw"":""$925"",""amenities"":null,""area"":800,""area_absence"":null,""area_absence_evidence"":null,""availability_date_provenance"":""explicit_future"",""availability_status"":""AVAILABLE"",""available_date"":""2026-09-01"",""available_units"":null,""baths"":null,""beds"":null,""building"":null,""concession_source"":null,""concession_text"":null,""concession_text_clean"":null,""concession_value"":null,""date_captured"":""2026-08-01 10:45:19"",""deposit"":null,""extraction_tier"":""TIER_1_API"",""floor"":null,""floor_plan_id"":null,""floor_plan_name"":null,""is_floor_plan_level"":false,""lease_term"":null,""move_in_date"":null,""offer_banner"":null,""offer_conditions"":null,""offer_target"":null,""offer_type"":null,""offer_value"":null,""rent_high"":925.0,""rent_low"":925.0,""source_ids"":{},""unit_id"":""2915-2"",""unit_name"":null}",controlled_single_change_replay_unwrap_response_units,true,availability_date,2026-09-01,2026-09-01,2026-09-01,explicit_future,,explicit_future_preserved_after_response_unwrap,"{""availability_date"":""2026-09-01"",""availability_status"":""AVAILABLE"",""available_units"":"""",""bathrooms"":"""",""bed_label"":"""",""bedrooms"":"""",""building"":"""",""concession"":"""",""deposit"":"""",""extraction_tier"":""TIER_1_API"",""floor"":"""",""floor_plan_name"":"""",""rent_range"":""$925"",""source_api_url"":""https://api.ws.realpage.com/v2/property/9178700/units?available=true&honordisplayorder=true"",""sqft"":""800"",""unit_number"":""2915-2""}","{""_available_date_raw"":""2026-09-01"",""_concession_quality"":null,""_date_placeholder"":null,""_extra"":null,""_inferred_id"":null,""_rent_range_raw"":""$925"",""amenities"":null,""area"":800,""area_absence"":null,""area_absence_evidence"":null,""availability_date_provenance"":""explicit_future"",""availability_status"":""AVAILABLE"",""available_date"":""2026-09-01"",""available_units"":null,""baths"":null,""beds"":null,""building"":null,""concession_source"":null,""concession_text"":null,""concession_text_clean"":null,""concession_value"":null,""date_captured"":""2026-08-01 10:45:19"",""deposit"":null,""extraction_tier"":""TIER_1_API"",""floor"":null,""floor_plan_id"":null,""floor_plan_name"":null,""is_floor_plan_level"":false,""lease_term"":null,""move_in_date"":null,""offer_banner"":null,""offer_conditions"":null,""offer_target"":null,""offer_type"":null,""offer_value"":null,""rent_high"":925.0,""rent_low"":925.0,""source_ids"":{},""unit_id"":""2915-2"",""unit_name"":null}","{""floorplanId"":11326824,""id"":17635212,""internalAvailableDate"":""2026-09-01 00:00 -0500"",""leaseStatus"":""AVAILABLE_READY"",""name"":""2915-2"",""rent"":925,""unitNumber"":""2915-2"",""vacantDate"":""2026-09-10 00:00 -0000""}"
local_current_live_no_rp_oracle_audit_not_canary,2026-08-01T10:45:19Z,2026-08-01,2026-07-31,separate_no_rp_oracle_573_rows_78_properties,ONESITE_API,7886,Azure Place,realpage_public_widget_units_api,true,https://api.ws.realpage.com/v2/property/9178700/units?available=true&honordisplayorder=true,3881-2,,2026-09-01 00:00 -0500,2026-09-01,explicit_future,true,internalAvailableDate,_api_parser.realpage_units_to_adapter_shape,exact_current_parser,true,true,,availability_date,2026-09-01,2026-09-01,explicit_future,true,false,2026-09-01,2026-09-01,explicit_future,,true,true,false,EXPLICIT_FUTURE_PRESERVED_END_TO_END,none,HIGH,"Primary trace replays the exact public /units envelope. When that envelope is unsupported, the diagnostic trace changes only response.units -> response list to isolate the next loss.","{""availability_date"":""2026-09-01"",""availability_status"":""AVAILABLE"",""available_units"":"""",""bathrooms"":"""",""bed_label"":"""",""bedrooms"":"""",""building"":"""",""concession"":"""",""deposit"":"""",""extraction_tier"":""TIER_1_API"",""floor"":"""",""floor_plan_name"":"""",""rent_range"":""$975"",""source_api_url"":""https://api.ws.realpage.com/v2/property/9178700/units?available=true&honordisplayorder=true"",""sqft"":""960"",""unit_number"":""3881-2""}","{""_available_date_raw"":""2026-09-01"",""_concession_quality"":null,""_date_placeholder"":null,""_extra"":null,""_inferred_id"":null,""_rent_range_raw"":""$975"",""amenities"":null,""area"":960,""area_absence"":null,""area_absence_evidence"":null,""availability_date_provenance"":""explicit_future"",""availability_status"":""AVAILABLE"",""available_date"":""2026-09-01"",""available_units"":null,""baths"":null,""beds"":null,""building"":null,""concession_source"":null,""concession_text"":null,""concession_text_clean"":null,""concession_value"":null,""date_captured"":""2026-08-01 10:45:19"",""deposit"":null,""extraction_tier"":""TIER_1_API"",""floor"":null,""floor_plan_id"":null,""floor_plan_name"":null,""is_floor_plan_level"":false,""lease_term"":null,""move_in_date"":null,""offer_banner"":null,""offer_conditions"":null,""offer_target"":null,""offer_type"":null,""offer_value"":null,""rent_high"":975.0,""rent_low"":975.0,""source_ids"":{},""unit_id"":""3881-2"",""unit_name"":null}",controlled_single_change_replay_unwrap_response_units,true,availability_date,2026-09-01,2026-09-01,2026-09-01,explicit_future,,explicit_future_preserved_after_response_unwrap,"{""availability_date"":""2026-09-01"",""availability_status"":""AVAILABLE"",""available_units"":"""",""bathrooms"":"""",""bed_label"":"""",""bedrooms"":"""",""building"":"""",""concession"":"""",""deposit"":"""",""extraction_tier"":""TIER_1_API"",""floor"":"""",""floor_plan_name"":"""",""rent_range"":""$975"",""source_api_url"":""https://api.ws.realpage.com/v2/property/9178700/units?available=true&honordisplayorder=true"",""sqft"":""960"",""unit_number"":""3881-2""}","{""_available_date_raw"":""2026-09-01"",""_concession_quality"":null,""_date_placeholder"":null,""_extra"":null,""_inferred_id"":null,""_rent_range_raw"":""$975"",""amenities"":null,""area"":960,""area_absence"":null,""area_absence_evidence"":null,""availability_date_provenance"":""explicit_future"",""availability_status"":""AVAILABLE"",""available_date"":""2026-09-01"",""available_units"":null,""baths"":null,""beds"":null,""building"":null,""concession_source"":null,""concession_text"":null,""concession_text_clean"":null,""concession_value"":null,""date_captured"":""2026-08-01 10:45:19"",""deposit"":null,""extraction_tier"":""TIER_1_API"",""floor"":null,""floor_plan_id"":null,""floor_plan_name"":null,""is_floor_plan_level"":false,""lease_term"":null,""move_in_date"":null,""offer_banner"":null,""offer_conditions"":null,""offer_target"":null,""offer_type"":null,""offer_value"":null,""rent_high"":975.0,""rent_low"":975.0,""source_ids"":{},""unit_id"":""3881-2"",""unit_name"":null}","{""floorplanId"":11326879,""id"":17635268,""internalAvailableDate"":""2026-09-01 00:00 -0500"",""leaseStatus"":""AVAILABLE_READY"",""name"":""3881-2"",""rent"":975,""unitNumber"":""3881-2"",""vacantDate"":""2026-09-10 00:00 -0000""}"
local_current_live_no_rp_oracle_audit_not_canary,2026-08-01T10:45:19Z,2026-08-01,2026-07-31,separate_no_rp_oracle_573_rows_78_properties,ONESITE_API,7886,Azure Place,realpage_public_widget_units_api,true,https://api.ws.realpage.com/v2/property/9178700/units?available=true&honordisplayorder=true,3887-1,,2026-09-01 00:00 -0500,2026-09-01,explicit_future,true,internalAvailableDate,_api_parser.realpage_units_to_adapter_shape,exact_current_parser,true,true,,availability_date,2026-09-01,2026-09-01,explicit_future,true,false,2026-09-01,2026-09-01,explicit_future,,true,true,false,EXPLICIT_FUTURE_PRESERVED_END_TO_END,none,HIGH,"Primary trace replays the exact public /units envelope. When that envelope is unsupported, the diagnostic trace changes only response.units -> response list to isolate the next loss.","{""availability_date"":""2026-09-01"",""availability_status"":""AVAILABLE"",""available_units"":"""",""bathrooms"":"""",""bed_label"":"""",""bedrooms"":"""",""building"":"""",""concession"":"""",""deposit"":"""",""extraction_tier"":""TIER_1_API"",""floor"":"""",""floor_plan_name"":"""",""rent_range"":""$995"",""source_api_url"":""https://api.ws.realpage.com/v2/property/9178700/units?available=true&honordisplayorder=true"",""sqft"":""960"",""unit_number"":""3887-1""}","{""_available_date_raw"":""2026-09-01"",""_concession_quality"":null,""_date_placeholder"":null,""_extra"":null,""_inferred_id"":null,""_rent_range_raw"":""$995"",""amenities"":null,""area"":960,""area_absence"":null,""area_absence_evidence"":null,""availability_date_provenance"":""explicit_future"",""availability_status"":""AVAILABLE"",""available_date"":""2026-09-01"",""available_units"":null,""baths"":null,""beds"":null,""building"":null,""concession_source"":null,""concession_text"":null,""concession_text_clean"":null,""concession_value"":null,""date_captured"":""2026-08-01 10:45:19"",""deposit"":null,""extraction_tier"":""TIER_1_API"",""floor"":null,""floor_plan_id"":null,""floor_plan_name"":null,""is_floor_plan_level"":false,""lease_term"":null,""move_in_date"":null,""offer_banner"":null,""offer_conditions"":null,""offer_target"":null,""offer_type"":null,""offer_value"":null,""rent_high"":995.0,""rent_low"":995.0,""source_ids"":{},""unit_id"":""3887-1"",""unit_name"":null}",controlled_single_change_replay_unwrap_response_units,true,availability_date,2026-09-01,2026-09-01,2026-09-01,explicit_future,,explicit_future_preserved_after_response_unwrap,"{""availability_date"":""2026-09-01"",""availability_status"":""AVAILABLE"",""available_units"":"""",""bathrooms"":"""",""bed_label"":"""",""bedrooms"":"""",""building"":"""",""concession"":"""",""deposit"":"""",""extraction_tier"":""TIER_1_API"",""floor"":"""",""floor_plan_name"":"""",""rent_range"":""$995"",""source_api_url"":""https://api.ws.realpage.com/v2/property/9178700/units?available=true&honordisplayorder=true"",""sqft"":""960"",""unit_number"":""3887-1""}","{""_available_date_raw"":""2026-09-01"",""_concession_quality"":null,""_date_placeholder"":null,""_extra"":null,""_inferred_id"":null,""_rent_range_raw"":""$995"",""amenities"":null,""area"":960,""area_absence"":null,""area_absence_evidence"":null,""availability_date_provenance"":""explicit_future"",""availability_status"":""AVAILABLE"",""available_date"":""2026-09-01"",""available_units"":null,""baths"":null,""beds"":null,""building"":null,""concession_source"":null,""concession_text"":null,""concession_text_clean"":null,""concession_value"":null,""date_captured"":""2026-08-01 10:45:19"",""deposit"":null,""extraction_tier"":""TIER_1_API"",""floor"":null,""floor_plan_id"":null,""floor_plan_name"":null,""is_floor_plan_level"":false,""lease_term"":null,""move_in_date"":null,""offer_banner"":null,""offer_conditions"":null,""offer_target"":null,""offer_type"":null,""offer_value"":null,""rent_high"":995.0,""rent_low"":995.0,""source_ids"":{},""unit_id"":""3887-1"",""unit_name"":null}","{""floorplanId"":11326879,""id"":17635271,""internalAvailableDate"":""2026-09-01 00:00 -0500"",""leaseStatus"":""AVAILABLE_READY"",""name"":""3887-1"",""rent"":995,""unitNumber"":""3887-1"",""vacantDate"":""2026-09-10 00:00 -0000""}"
local_current_live_no_rp_oracle_audit_not_canary,2026-08-01T10:45:19Z,2026-08-01,2026-07-31,separate_no_rp_oracle_573_rows_78_properties,ONESITE_API,7886,Azure Place,realpage_public_widget_units_api,true,https://api.ws.realpage.com/v2/property/9178700/units?available=true&honordisplayorder=true,2870-2,,2026-09-01 00:00 -0500,2026-09-01,explicit_future,true,internalAvailableDate,_api_parser.realpage_units_to_adapter_shape,exact_current_parser,true,true,,availability_date,2026-09-01,2026-09-01,explicit_future,true,false,2026-09-01,2026-09-01,explicit_future,,true,true,false,EXPLICIT_FUTURE_PRESERVED_END_TO_END,none,HIGH,"Primary trace replays the exact public /units envelope. When that envelope is unsupported, the diagnostic trace changes only response.units -> response list to isolate the next loss.","{""availability_date"":""2026-09-01"",""availability_status"":""AVAILABLE"",""available_units"":"""",""bathrooms"":"""",""bed_label"":"""",""bedrooms"":"""",""building"":"""",""concession"":"""",""deposit"":"""",""extraction_tier"":""TIER_1_API"",""floor"":"""",""floor_plan_name"":"""",""rent_range"":""$975"",""source_api_url"":""https://api.ws.realpage.com/v2/property/9178700/units?available=true&honordisplayorder=true"",""sqft"":""960"",""unit_number"":""2870-2""}","{""_available_date_raw"":""2026-09-01"",""_concession_quality"":null,""_date_placeholder"":null,""_extra"":null,""_inferred_id"":null,""_rent_range_raw"":""$975"",""amenities"":null,""area"":960,""area_absence"":null,""area_absence_evidence"":null,""availability_date_provenance"":""explicit_future"",""availability_status"":""AVAILABLE"",""available_date"":""2026-09-01"",""available_units"":null,""baths"":null,""beds"":null,""building"":null,""concession_source"":null,""concession_text"":null,""concession_text_clean"":null,""concession_value"":null,""date_captured"":""2026-08-01 10:45:19"",""deposit"":null,""extraction_tier"":""TIER_1_API"",""floor"":null,""floor_plan_id"":null,""floor_plan_name"":null,""is_floor_plan_level"":false,""lease_term"":null,""move_in_date"":null,""offer_banner"":null,""offer_conditions"":null,""offer_target"":null,""offer_type"":null,""offer_value"":null,""rent_high"":975.0,""rent_low"":975.0,""source_ids"":{},""unit_id"":""2870-2"",""unit_name"":null}",controlled_single_change_replay_unwrap_response_units,true,availability_date,2026-09-01,2026-09-01,2026-09-01,explicit_future,,explicit_future_preserved_after_response_unwrap,"{""availability_date"":""2026-09-01"",""availability_status"":""AVAILABLE"",""available_units"":"""",""bathrooms"":"""",""bed_label"":"""",""bedrooms"":"""",""building"":"""",""concession"":"""",""deposit"":"""",""extraction_tier"":""TIER_1_API"",""floor"":"""",""floor_plan_name"":"""",""rent_range"":""$975"",""source_api_url"":""https://api.ws.realpage.com/v2/property/9178700/units?available=true&honordisplayorder=true"",""sqft"":""960"",""unit_number"":""2870-2""}","{""_available_date_raw"":""2026-09-01"",""_concession_quality"":null,""_date_placeholder"":null,""_extra"":null,""_inferred_id"":null,""_rent_range_raw"":""$975"",""amenities"":null,""area"":960,""area_absence"":null,""area_absence_evidence"":null,""availability_date_provenance"":""explicit_future"",""availability_status"":""AVAILABLE"",""available_date"":""2026-09-01"",""available_units"":null,""baths"":null,""beds"":null,""building"":null,""concession_source"":null,""concession_text"":null,""concession_text_clean"":null,""concession_value"":null,""date_captured"":""2026-08-01 10:45:19"",""deposit"":null,""extraction_tier"":""TIER_1_API"",""floor"":null,""floor_plan_id"":null,""floor_plan_name"":null,""is_floor_plan_level"":false,""lease_term"":null,""move_in_date"":null,""offer_banner"":null,""offer_conditions"":null,""offer_target"":null,""offer_type"":null,""offer_value"":null,""rent_high"":975.0,""rent_low"":975.0,""source_ids"":{},""unit_id"":""2870-2"",""unit_name"":null}","{""floorplanId"":11326879,""id"":17635544,""internalAvailableDate"":""2026-09-01 00:00 -0500"",""leaseStatus"":""AVAILABLE_READY"",""name"":""2870-2"",""rent"":975,""unitNumber"":""2870-2"",""vacantDate"":""2026-09-10 00:00 -0000""}"
local_current_live_no_rp_oracle_audit_not_canary,2026-08-01T10:45:19Z,2026-08-01,2026-07-31,separate_no_rp_oracle_573_rows_78_properties,ONESITE_API,7886,Azure Place,realpage_public_widget_units_api,true,https://api.ws.realpage.com/v2/property/9178700/units?available=true&honordisplayorder=true,2954-3,,2026-09-02 00:00 -0500,2026-09-02,explicit_future,true,internalAvailableDate,_api_parser.realpage_units_to_adapter_shape,exact_current_parser,true,true,,availability_date,2026-09-02,2026-09-02,explicit_future,true,false,2026-09-02,2026-09-02,explicit_future,,true,true,false,EXPLICIT_FUTURE_PRESERVED_END_TO_END,none,HIGH,"Primary trace replays the exact public /units envelope. When that envelope is unsupported, the diagnostic trace changes only response.units -> response list to isolate the next loss.","{""availability_date"":""2026-09-02"",""availability_status"":""AVAILABLE"",""available_units"":"""",""bathrooms"":"""",""bed_label"":"""",""bedrooms"":"""",""building"":"""",""concession"":"""",""deposit"":"""",""extraction_tier"":""TIER_1_API"",""floor"":"""",""floor_plan_name"":"""",""rent_range"":""$885"",""source_api_url"":""https://api.ws.realpage.com/v2/property/9178700/units?available=true&honordisplayorder=true"",""sqft"":""670"",""unit_number"":""2954-3""}","{""_available_date_raw"":""2026-09-02"",""_concession_quality"":null,""_date_placeholder"":null,""_extra"":null,""_inferred_id"":null,""_rent_range_raw"":""$885"",""amenities"":null,""area"":670,""area_absence"":null,""area_absence_evidence"":null,""availability_date_provenance"":""explicit_future"",""availability_status"":""AVAILABLE"",""available_date"":""2026-09-02"",""available_units"":null,""baths"":null,""beds"":null,""building"":null,""concession_source"":null,""concession_text"":null,""concession_text_clean"":null,""concession_value"":null,""date_captured"":""2026-08-01 10:45:19"",""deposit"":null,""extraction_tier"":""TIER_1_API"",""floor"":null,""floor_plan_id"":null,""floor_plan_name"":null,""is_floor_plan_level"":false,""lease_term"":null,""move_in_date"":null,""offer_banner"":null,""offer_conditions"":null,""offer_target"":null,""offer_type"":null,""offer_value"":null,""rent_high"":885.0,""rent_low"":885.0,""source_ids"":{},""unit_id"":""2954-3"",""unit_name"":null}",controlled_single_change_replay_unwrap_response_units,true,availability_date,2026-09-02,2026-09-02,2026-09-02,explicit_future,,explicit_future_preserved_after_response_unwrap,"{""availability_date"":""2026-09-02"",""availability_status"":""AVAILABLE"",""available_units"":"""",""bathrooms"":"""",""bed_label"":"""",""bedrooms"":"""",""building"":"""",""concession"":"""",""deposit"":"""",""extraction_tier"":""TIER_1_API"",""floor"":"""",""floor_plan_name"":"""",""rent_range"":""$885"",""source_api_url"":""https://api.ws.realpage.com/v2/property/9178700/units?available=true&honordisplayorder=true"",""sqft"":""670"",""unit_number"":""2954-3""}","{""_available_date_raw"":""2026-09-02"",""_concession_quality"":null,""_date_placeholder"":null,""_extra"":null,""_inferred_id"":null,""_rent_range_raw"":""$885"",""amenities"":null,""area"":670,""area_absence"":null,""area_absence_evidence"":null,""availability_date_provenance"":""explicit_future"",""availability_status"":""AVAILABLE"",""available_date"":""2026-09-02"",""available_units"":null,""baths"":null,""beds"":null,""building"":null,""concession_source"":null,""concession_text"":null,""concession_text_clean"":null,""concession_value"":null,""date_captured"":""2026-08-01 10:45:19"",""deposit"":null,""extraction_tier"":""TIER_1_API"",""floor"":null,""floor_plan_id"":null,""floor_plan_name"":null,""is_floor_plan_level"":false,""lease_term"":null,""move_in_date"":null,""offer_banner"":null,""offer_conditions"":null,""offer_target"":null,""offer_type"":null,""offer_value"":null,""rent_high"":885.0,""rent_low"":885.0,""source_ids"":{},""unit_id"":""2954-3"",""unit_name"":null}","{""floorplanId"":11326732,""id"":17635369,""internalAvailableDate"":""2026-09-02 00:00 -0500"",""leaseStatus"":""AVAILABLE_READY"",""name"":""2954-3"",""rent"":885,""unitNumber"":""2954-3"",""vacantDate"":""2026-09-11 00:00 -0000""}"
local_current_live_no_rp_oracle_audit_not_canary,2026-08-01T10:45:19Z,2026-08-01,2026-07-31,separate_no_rp_oracle_573_rows_78_properties,ONESITE_API,7886,Azure Place,realpage_public_widget_units_api,true,https://api.ws.realpage.com/v2/property/9178700/units?available=true&honordisplayorder=true,3887-1,,2026-09-02 00:00 -0500,2026-09-02,explicit_future,true,internalAvailableDate,_api_parser.realpage_units_to_adapter_shape,exact_current_parser,true,true,,availability_date,2026-09-02,2026-09-02,explicit_future,true,false,2026-09-02,2026-09-02,explicit_future,,true,true,false,EXPLICIT_FUTURE_PRESERVED_END_TO_END,none,HIGH,"Primary trace replays the exact public /units envelope. When that envelope is unsupported, the diagnostic trace changes only response.units -> response list to isolate the next loss.","{""availability_date"":""2026-09-02"",""availability_status"":""AVAILABLE"",""available_units"":"""",""bathrooms"":"""",""bed_label"":"""",""bedrooms"":"""",""building"":"""",""concession"":"""",""deposit"":"""",""extraction_tier"":""TIER_1_API"",""floor"":"""",""floor_plan_name"":"""",""rent_range"":""$875"",""source_api_url"":""https://api.ws.realpage.com/v2/property/9178700/units?available=true&honordisplayorder=true"",""sqft"":""620"",""unit_number"":""3887-1""}","{""_available_date_raw"":""2026-09-02"",""_concession_quality"":null,""_date_placeholder"":null,""_extra"":null,""_inferred_id"":null,""_rent_range_raw"":""$875"",""amenities"":null,""area"":620,""area_absence"":null,""area_absence_evidence"":null,""availability_date_provenance"":""explicit_future"",""availability_status"":""AVAILABLE"",""available_date"":""2026-09-02"",""available_units"":null,""baths"":null,""beds"":null,""building"":null,""concession_source"":null,""concession_text"":null,""concession_text_clean"":null,""concession_value"":null,""date_captured"":""2026-08-01 10:45:19"",""deposit"":null,""extraction_tier"":""TIER_1_API"",""floor"":null,""floor_plan_id"":null,""floor_plan_name"":null,""is_floor_plan_level"":false,""lease_term"":null,""move_in_date"":null,""offer_banner"":null,""offer_conditions"":null,""offer_target"":null,""offer_type"":null,""offer_value"":null,""rent_high"":875.0,""rent_low"":875.0,""source_ids"":{},""unit_id"":""3887-1"",""unit_name"":null}",controlled_single_change_replay_unwrap_response_units,true,availability_date,2026-09-02,2026-09-02,2026-09-02,explicit_future,,explicit_future_preserved_after_response_unwrap,"{""availability_date"":""2026-09-02"",""availability_status"":""AVAILABLE"",""available_units"":"""",""bathrooms"":"""",""bed_label"":"""",""bedrooms"":"""",""building"":"""",""concession"":"""",""deposit"":"""",""extraction_tier"":""TIER_1_API"",""floor"":"""",""floor_plan_name"":"""",""rent_range"":""$875"",""source_api_url"":""https://api.ws.realpage.com/v2/property/9178700/units?available=true&honordisplayorder=true"",""sqft"":""620"",""unit_number"":""3887-1""}","{""_available_date_raw"":""2026-09-02"",""_concession_quality"":null,""_date_placeholder"":null,""_extra"":null,""_inferred_id"":null,""_rent_range_raw"":""$875"",""amenities"":null,""area"":620,""area_absence"":null,""area_absence_evidence"":null,""availability_date_provenance"":""explicit_future"",""availability_status"":""AVAILABLE"",""available_date"":""2026-09-02"",""available_units"":null,""baths"":null,""beds"":null,""building"":null,""concession_source"":null,""concession_text"":null,""concession_text_clean"":null,""concession_value"":null,""date_captured"":""2026-08-01 10:45:19"",""deposit"":null,""extraction_tier"":""TIER_1_API"",""floor"":null,""floor_plan_id"":null,""floor_plan_name"":null,""is_floor_plan_level"":false,""lease_term"":null,""move_in_date"":null,""offer_banner"":null,""offer_conditions"":null,""offer_target"":null,""offer_type"":null,""offer_value"":null,""rent_high"":875.0,""rent_low"":875.0,""source_ids"":{},""unit_id"":""3887-1"",""unit_name"":null}","{""floorplanId"":11326718,""id"":17635451,""internalAvailableDate"":""2026-09-02 00:00 -0500"",""leaseStatus"":""AVAILABLE_READY"",""name"":""3887-1"",""rent"":875,""unitNumber"":""3887-1"",""vacantDate"":""2026-09-11 00:00 -0000""}"
local_current_live_no_rp_oracle_audit_not_canary,2026-08-01T10:45:19Z,2026-08-01,2026-07-31,separate_no_rp_oracle_573_rows_78_properties,ONESITE_API,7886,Azure Place,realpage_public_widget_units_api,true,https://api.ws.realpage.com/v2/property/9178700/units?available=true&honordisplayorder=true,2864-3,,2026-09-08 00:00 -0500,2026-09-08,explicit_future,true,internalAvailableDate,_api_parser.realpage_units_to_adapter_shape,exact_current_parser,true,true,,availability_date,2026-09-08,2026-09-08,explicit_future,true,false,2026-09-08,2026-09-08,explicit_future,,true,true,false,EXPLICIT_FUTURE_PRESERVED_END_TO_END,none,HIGH,"Primary trace replays the exact public /units envelope. When that envelope is unsupported, the diagnostic trace changes only response.units -> response list to isolate the next loss.","{""availability_date"":""2026-09-08"",""availability_status"":""AVAILABLE"",""available_units"":"""",""bathrooms"":"""",""bed_label"":"""",""bedrooms"":"""",""building"":"""",""concession"":"""",""deposit"":"""",""extraction_tier"":""TIER_1_API"",""floor"":"""",""floor_plan_name"":"""",""rent_range"":""$995"",""source_api_url"":""https://api.ws.realpage.com/v2/property/9178700/units?available=true&honordisplayorder=true"",""sqft"":""960"",""unit_number"":""2864-3""}","{""_available_date_raw"":""2026-09-08"",""_concession_quality"":null,""_date_placeholder"":null,""_extra"":null,""_inferred_id"":null,""_rent_range_raw"":""$995"",""amenities"":null,""area"":960,""area_absence"":null,""area_absence_evidence"":null,""availability_date_provenance"":""explicit_future"",""availability_status"":""AVAILABLE"",""available_date"":""2026-09-08"",""available_units"":null,""baths"":null,""beds"":null,""building"":null,""concession_source"":null,""concession_text"":null,""concession_text_clean"":null,""concession_value"":null,""date_captured"":""2026-08-01 10:45:19"",""deposit"":null,""extraction_tier"":""TIER_1_API"",""floor"":null,""floor_plan_id"":null,""floor_plan_name"":null,""is_floor_plan_level"":false,""lease_term"":null,""move_in_date"":null,""offer_banner"":null,""offer_conditions"":null,""offer_target"":null,""offer_type"":null,""offer_value"":null,""rent_high"":995.0,""rent_low"":995.0,""source_ids"":{},""unit_id"":""2864-3"",""unit_name"":null}",controlled_single_change_replay_unwrap_response_units,true,availability_date,2026-09-08,2026-09-08,2026-09-08,explicit_future,,explicit_future_preserved_after_response_unwrap,"{""availability_date"":""2026-09-08"",""availability_status"":""AVAILABLE"",""available_units"":"""",""bathrooms"":"""",""bed_label"":"""",""bedrooms"":"""",""building"":"""",""concession"":"""",""deposit"":"""",""extraction_tier"":""TIER_1_API"",""floor"":"""",""floor_plan_name"":"""",""rent_range"":""$995"",""source_api_url"":""https://api.ws.realpage.com/v2/property/9178700/units?available=true&honordisplayorder=true"",""sqft"":""960"",""unit_number"":""2864-3""}","{""_available_date_raw"":""2026-09-08"",""_concession_quality"":null,""_date_placeholder"":null,""_extra"":null,""_inferred_id"":null,""_rent_range_raw"":""$995"",""amenities"":null,""area"":960,""area_absence"":null,""area_absence_evidence"":null,""availability_date_provenance"":""explicit_future"",""availability_status"":""AVAILABLE"",""available_date"":""2026-09-08"",""available_units"":null,""baths"":null,""beds"":null,""building"":null,""concession_source"":null,""concession_text"":null,""concession_text_clean"":null,""concession_value"":null,""date_captured"":""2026-08-01 10:45:19"",""deposit"":null,""extraction_tier"":""TIER_1_API"",""floor"":null,""floor_plan_id"":null,""floor_plan_name"":null,""is_floor_plan_level"":false,""lease_term"":null,""move_in_date"":null,""offer_banner"":null,""offer_conditions"":null,""offer_target"":null,""offer_type"":null,""offer_value"":null,""rent_high"":995.0,""rent_low"":995.0,""source_ids"":{},""unit_id"":""2864-3"",""unit_name"":null}","{""floorplanId"":11326879,""id"":17635537,""internalAvailableDate"":""2026-09-08 00:00 -0500"",""leaseStatus"":""AVAILABLE_READY"",""name"":""2864-3"",""rent"":995,""unitNumber"":""2864-3"",""vacantDate"":""2026-09-17 00:00 -0000""}"
local_current_live_no_rp_oracle_audit_not_canary,2026-08-01T10:45:19Z,2026-08-01,2026-07-31,separate_no_rp_oracle_573_rows_78_properties,ONESITE_API,7886,Azure Place,realpage_public_widget_units_api,true,https://api.ws.realpage.com/v2/property/9178700/units?available=true&honordisplayorder=true,2880-1,,2026-09-22 00:00 -0500,2026-09-22,explicit_future,true,internalAvailableDate,_api_parser.realpage_units_to_adapter_shape,exact_current_parser,true,true,,availability_date,2026-09-22,2026-09-22,explicit_future,true,false,2026-09-22,2026-09-22,explicit_future,,true,true,false,EXPLICIT_FUTURE_PRESERVED_END_TO_END,none,HIGH,"Primary trace replays the exact public /units envelope. When that envelope is unsupported, the diagnostic trace changes only response.units -> response list to isolate the next loss.","{""availability_date"":""2026-09-22"",""availability_status"":""AVAILABLE"",""available_units"":"""",""bathrooms"":"""",""bed_label"":"""",""bedrooms"":"""",""building"":"""",""concession"":"""",""deposit"":"""",""extraction_tier"":""TIER_1_API"",""floor"":"""",""floor_plan_name"":"""",""rent_range"":""$1,175"",""source_api_url"":""https://api.ws.realpage.com/v2/property/9178700/units?available=true&honordisplayorder=true"",""sqft"":""1190"",""unit_number"":""2880-1""}","{""_available_date_raw"":""2026-09-22"",""_concession_quality"":null,""_date_placeholder"":null,""_extra"":null,""_inferred_id"":null,""_rent_range_raw"":""$1,175"",""amenities"":null,""area"":1190,""area_absence"":null,""area_absence_evidence"":null,""availability_date_provenance"":""explicit_future"",""availability_status"":""AVAILABLE"",""available_date"":""2026-09-22"",""available_units"":null,""baths"":null,""beds"":null,""building"":null,""concession_source"":null,""concession_text"":null,""concession_text_clean"":null,""concession_value"":null,""date_captured"":""2026-08-01 10:45:19"",""deposit"":null,""extraction_tier"":""TIER_1_API"",""floor"":null,""floor_plan_id"":null,""floor_plan_name"":null,""is_floor_plan_level"":false,""lease_term"":null,""move_in_date"":null,""offer_banner"":null,""offer_conditions"":null,""offer_target"":null,""offer_type"":null,""offer_value"":null,""rent_high"":1175.0,""rent_low"":1175.0,""source_ids"":{},""unit_id"":""2880-1"",""unit_name"":null}",controlled_single_change_replay_unwrap_response_units,true,availability_date,2026-09-22,2026-09-22,2026-09-22,explicit_future,,explicit_future_preserved_after_response_unwrap,"{""availability_date"":""2026-09-22"",""availability_status"":""AVAILABLE"",""available_units"":"""",""bathrooms"":"""",""bed_label"":"""",""bedrooms"":"""",""building"":"""",""concession"":"""",""deposit"":"""",""extraction_tier"":""TIER_1_API"",""floor"":"""",""floor_plan_name"":"""",""rent_range"":""$1,175"",""source_api_url"":""https://api.ws.realpage.com/v2/property/9178700/units?available=true&honordisplayorder=true"",""sqft"":""1190"",""unit_number"":""2880-1""}","{""_available_date_raw"":""2026-09-22"",""_concession_quality"":null,""_date_placeholder"":null,""_extra"":null,""_inferred_id"":null,""_rent_range_raw"":""$1,175"",""amenities"":null,""area"":1190,""area_absence"":null,""area_absence_evidence"":null,""availability_date_provenance"":""explicit_future"",""availability_status"":""AVAILABLE"",""available_date"":""2026-09-22"",""available_units"":null,""baths"":null,""beds"":null,""building"":null,""concession_source"":null,""concession_text"":null,""concession_text_clean"":null,""concession_value"":null,""date_captured"":""2026-08-01 10:45:19"",""deposit"":null,""extraction_tier"":""TIER_1_API"",""floor"":null,""floor_plan_id"":null,""floor_plan_name"":null,""is_floor_plan_level"":false,""lease_term"":null,""move_in_date"":null,""offer_banner"":null,""offer_conditions"":null,""offer_target"":null,""offer_type"":null,""offer_value"":null,""rent_high"":1175.0,""rent_low"":1175.0,""source_ids"":{},""unit_id"":""2880-1"",""unit_name"":null}","{""floorplanId"":11326884,""id"":17635699,""internalAvailableDate"":""2026-09-22 00:00 -0500"",""leaseStatus"":""AVAILABLE_READY"",""name"":""2880-1"",""rent"":1175,""unitNumber"":""2880-1"",""vacantDate"":""2026-10-01 00:00 -0000""}"
local_current_live_no_rp_oracle_audit_not_canary,2026-08-01T10:45:19Z,2026-08-01,2026-07-31,separate_no_rp_oracle_573_rows_78_properties,ONESITE_API,7886,Azure Place,realpage_public_widget_units_api,true,https://api.ws.realpage.com/v2/property/9178700/units?available=true&honordisplayorder=true,3876-3,,2026-10-01 00:00 -0500,2026-10-01,explicit_future,true,internalAvailableDate,_api_parser.realpage_units_to_adapter_shape,exact_current_parser,true,true,,availability_date,2026-10-01,2026-10-01,explicit_future,true,false,2026-10-01,2026-10-01,explicit_future,,true,true,false,EXPLICIT_FUTURE_PRESERVED_END_TO_END,none,HIGH,"Primary trace replays the exact public /units envelope. When that envelope is unsupported, the diagnostic trace changes only response.units -> response list to isolate the next loss.","{""availability_date"":""2026-10-01"",""availability_status"":""AVAILABLE"",""available_units"":"""",""bathrooms"":"""",""bed_label"":"""",""bedrooms"":"""",""building"":"""",""concession"":"""",""deposit"":"""",""extraction_tier"":""TIER_1_API"",""floor"":"""",""floor_plan_name"":"""",""rent_range"":""$885"",""source_api_url"":""https://api.ws.realpage.com/v2/property/9178700/units?available=true&honordisplayorder=true"",""sqft"":""670"",""unit_number"":""3876-3""}","{""_available_date_raw"":""2026-10-01"",""_concession_quality"":null,""_date_placeholder"":null,""_extra"":null,""_inferred_id"":null,""_rent_range_raw"":""$885"",""amenities"":null,""area"":670,""area_absence"":null,""area_absence_evidence"":null,""availability_date_provenance"":""explicit_future"",""availability_status"":""AVAILABLE"",""available_date"":""2026-10-01"",""available_units"":null,""baths"":null,""beds"":null,""building"":null,""concession_source"":null,""concession_text"":null,""concession_text_clean"":null,""concession_value"":null,""date_captured"":""2026-08-01 10:45:19"",""deposit"":null,""extraction_tier"":""TIER_1_API"",""floor"":null,""floor_plan_id"":null,""floor_plan_name"":null,""is_floor_plan_level"":false,""lease_term"":null,""move_in_date"":null,""offer_banner"":null,""offer_conditions"":null,""offer_target"":null,""offer_type"":null,""offer_value"":null,""rent_high"":885.0,""rent_low"":885.0,""source_ids"":{},""unit_id"":""3876-3"",""unit_name"":null}",controlled_single_change_replay_unwrap_response_units,true,availability_date,2026-10-01,2026-10-01,2026-10-01,explicit_future,,explicit_future_preserved_after_response_unwrap,"{""availability_date"":""2026-10-01"",""availability_status"":""AVAILABLE"",""available_units"":"""",""bathrooms"":"""",""bed_label"":"""",""bedrooms"":"""",""building"":"""",""concession"":"""",""deposit"":"""",""extraction_tier"":""TIER_1_API"",""floor"":"""",""floor_plan_name"":"""",""rent_range"":""$885"",""source_api_url"":""https://api.ws.realpage.com/v2/property/9178700/units?available=true&honordisplayorder=true"",""sqft"":""670"",""unit_number"":""3876-3""}","{""_available_date_raw"":""2026-10-01"",""_concession_quality"":null,""_date_placeholder"":null,""_extra"":null,""_inferred_id"":null,""_rent_range_raw"":""$885"",""amenities"":null,""area"":670,""area_absence"":null,""area_absence_evidence"":null,""availability_date_provenance"":""explicit_future"",""availability_status"":""AVAILABLE"",""available_date"":""2026-10-01"",""available_units"":null,""baths"":null,""beds"":null,""building"":null,""concession_source"":null,""concession_text"":null,""concession_text_clean"":null,""concession_value"":null,""date_captured"":""2026-08-01 10:45:19"",""deposit"":null,""extraction_tier"":""TIER_1_API"",""floor"":null,""floor_plan_id"":null,""floor_plan_name"":null,""is_floor_plan_level"":false,""lease_term"":null,""move_in_date"":null,""offer_banner"":null,""offer_conditions"":null,""offer_target"":null,""offer_type"":null,""offer_value"":null,""rent_high"":885.0,""rent_low"":885.0,""source_ids"":{},""unit_id"":""3876-3"",""unit_name"":null}","{""floorplanId"":11326732,""id"":17635373,""internalAvailableDate"":""2026-10-01 00:00 -0500"",""leaseStatus"":""AVAILABLE_READY"",""name"":""3876-3"",""rent"":885,""unitNumber"":""3876-3"",""vacantDate"":""2026-10-10 00:00 -0000""}"
local_current_live_no_rp_oracle_audit_not_canary,2026-08-01T10:45:19Z,2026-08-01,2026-07-31,separate_no_rp_oracle_573_rows_78_properties,ONESITE_API,7886,Azure Place,realpage_public_widget_units_api,true,https://api.ws.realpage.com/v2/property/9178700/units?available=true&honordisplayorder=true,2836-1,,2026-10-01 00:00 -0500,2026-10-01,explicit_future,true,internalAvailableDate,_api_parser.realpage_units_to_adapter_shape,exact_current_parser,true,true,,availability_date,2026-10-01,2026-10-01,explicit_future,true,false,2026-10-01,2026-10-01,explicit_future,,true,true,false,EXPLICIT_FUTURE_PRESERVED_END_TO_END,none,HIGH,"Primary trace replays the exact public /units envelope. When that envelope is unsupported, the diagnostic trace changes only response.units -> response list to isolate the next loss.","{""availability_date"":""2026-10-01"",""availability_status"":""AVAILABLE"",""available_units"":"""",""bathrooms"":"""",""bed_label"":"""",""bedrooms"":"""",""building"":"""",""concession"":"""",""deposit"":"""",""extraction_tier"":""TIER_1_API"",""floor"":"""",""floor_plan_name"":"""",""rent_range"":""$995"",""source_api_url"":""https://api.ws.realpage.com/v2/property/9178700/units?available=true&honordisplayorder=true"",""sqft"":""940"",""unit_number"":""2836-1""}","{""_available_date_raw"":""2026-10-01"",""_concession_quality"":null,""_date_placeholder"":null,""_extra"":null,""_inferred_id"":null,""_rent_range_raw"":""$995"",""amenities"":null,""area"":940,""area_absence"":null,""area_absence_evidence"":null,""availability_date_provenance"":""explicit_future"",""availability_status"":""AVAILABLE"",""available_date"":""2026-10-01"",""available_units"":null,""baths"":null,""beds"":null,""building"":null,""concession_source"":null,""concession_text"":null,""concession_text_clean"":null,""concession_value"":null,""date_captured"":""2026-08-01 10:45:19"",""deposit"":null,""extraction_tier"":""TIER_1_API"",""floor"":null,""floor_plan_id"":null,""floor_plan_name"":null,""is_floor_plan_level"":false,""lease_term"":null,""move_in_date"":null,""offer_banner"":null,""offer_conditions"":null,""offer_target"":null,""offer_type"":null,""offer_value"":null,""rent_high"":995.0,""rent_low"":995.0,""source_ids"":{},""unit_id"":""2836-1"",""unit_name"":null}",controlled_single_change_replay_unwrap_response_units,true,availability_date,2026-10-01,2026-10-01,2026-10-01,explicit_future,,explicit_future_preserved_after_response_unwrap,"{""availability_date"":""2026-10-01"",""availability_status"":""AVAILABLE"",""available_units"":"""",""bathrooms"":"""",""bed_label"":"""",""bedrooms"":"""",""building"":"""",""concession"":"""",""deposit"":"""",""extraction_tier"":""TIER_1_API"",""floor"":"""",""floor_plan_name"":"""",""rent_range"":""$995"",""source_api_url"":""https://api.ws.realpage.com/v2/property/9178700/units?available=true&honordisplayorder=true"",""sqft"":""940"",""unit_number"":""2836-1""}","{""_available_date_raw"":""2026-10-01"",""_concession_quality"":null,""_date_placeholder"":null,""_extra"":null,""_inferred_id"":null,""_rent_range_raw"":""$995"",""amenities"":null,""area"":940,""area_absence"":null,""area_absence_evidence"":null,""availability_date_provenance"":""explicit_future"",""availability_status"":""AVAILABLE"",""available_date"":""2026-10-01"",""available_units"":null,""baths"":null,""beds"":null,""building"":null,""concession_source"":null,""concession_text"":null,""concession_text_clean"":null,""concession_value"":null,""date_captured"":""2026-08-01 10:45:19"",""deposit"":null,""extraction_tier"":""TIER_1_API"",""floor"":null,""floor_plan_id"":null,""floor_plan_name"":null,""is_floor_plan_level"":false,""lease_term"":null,""move_in_date"":null,""offer_banner"":null,""offer_conditions"":null,""offer_target"":null,""offer_type"":null,""offer_value"":null,""rent_high"":995.0,""rent_low"":995.0,""source_ids"":{},""unit_id"":""2836-1"",""unit_name"":null}","{""floorplanId"":11326873,""id"":17635651,""internalAvailableDate"":""2026-10-01 00:00 -0500"",""leaseStatus"":""AVAILABLE_READY"",""name"":""2836-1"",""rent"":995,""unitNumber"":""2836-1"",""vacantDate"":""2026-10-10 00:00 -0000""}"
local_current_live_no_rp_oracle_audit_not_canary,2026-08-01T10:45:19Z,2026-08-01,2026-07-31,separate_no_rp_oracle_573_rows_78_properties,ONESITE_API,7886,Azure Place,realpage_public_widget_units_api,true,https://api.ws.realpage.com/v2/property/9178700/units?available=true&honordisplayorder=true,2838-2,,2026-10-02 00:00 -0500,2026-10-02,explicit_future,true,internalAvailableDate,_api_parser.realpage_units_to_adapter_shape,exact_current_parser,true,true,,availability_date,2026-10-02,2026-10-02,explicit_future,true,false,2026-10-02,2026-10-02,explicit_future,,true,true,false,EXPLICIT_FUTURE_PRESERVED_END_TO_END,none,HIGH,"Primary trace replays the exact public /units envelope. When that envelope is unsupported, the diagnostic trace changes only response.units -> response list to isolate the next loss.","{""availability_date"":""2026-10-02"",""availability_status"":""AVAILABLE"",""available_units"":"""",""bathrooms"":"""",""bed_label"":"""",""bedrooms"":"""",""building"":"""",""concession"":"""",""deposit"":"""",""extraction_tier"":""TIER_1_API"",""floor"":"""",""floor_plan_name"":"""",""rent_range"":""$925"",""source_api_url"":""https://api.ws.realpage.com/v2/property/9178700/units?available=true&honordisplayorder=true"",""sqft"":""800"",""unit_number"":""2838-2""}","{""_available_date_raw"":""2026-10-02"",""_concession_quality"":null,""_date_placeholder"":null,""_extra"":null,""_inferred_id"":null,""_rent_range_raw"":""$925"",""amenities"":null,""area"":800,""area_absence"":null,""area_absence_evidence"":null,""availability_date_provenance"":""explicit_future"",""availability_status"":""AVAILABLE"",""available_date"":""2026-10-02"",""available_units"":null,""baths"":null,""beds"":null,""building"":null,""concession_source"":null,""concession_text"":null,""concession_text_clean"":null,""concession_value"":null,""date_captured"":""2026-08-01 10:45:19"",""deposit"":null,""extraction_tier"":""TIER_1_API"",""floor"":null,""floor_plan_id"":null,""floor_plan_name"":null,""is_floor_plan_level"":false,""lease_term"":null,""move_in_date"":null,""offer_banner"":null,""offer_conditions"":null,""offer_target"":null,""offer_type"":null,""offer_value"":null,""rent_high"":925.0,""rent_low"":925.0,""source_ids"":{},""unit_id"":""2838-2"",""unit_name"":null}",controlled_single_change_replay_unwrap_response_units,true,availability_date,2026-10-02,2026-10-02,2026-10-02,explicit_future,,explicit_future_preserved_after_response_unwrap,"{""availability_date"":""2026-10-02"",""availability_status"":""AVAILABLE"",""available_units"":"""",""bathrooms"":"""",""bed_label"":"""",""bedrooms"":"""",""building"":"""",""concession"":"""",""deposit"":"""",""extraction_tier"":""TIER_1_API"",""floor"":"""",""floor_plan_name"":"""",""rent_range"":""$925"",""source_api_url"":""https://api.ws.realpage.com/v2/property/9178700/units?available=true&honordisplayorder=true"",""sqft"":""800"",""unit_number"":""2838-2""}","{""_available_date_raw"":""2026-10-02"",""_concession_quality"":null,""_date_placeholder"":null,""_extra"":null,""_inferred_id"":null,""_rent_range_raw"":""$925"",""amenities"":null,""area"":800,""area_absence"":null,""area_absence_evidence"":null,""availability_date_provenance"":""explicit_future"",""availability_status"":""AVAILABLE"",""available_date"":""2026-10-02"",""available_units"":null,""baths"":null,""beds"":null,""building"":null,""concession_source"":null,""concession_text"":null,""concession_text_clean"":null,""concession_value"":null,""date_captured"":""2026-08-01 10:45:19"",""deposit"":null,""extraction_tier"":""TIER_1_API"",""floor"":null,""floor_plan_id"":null,""floor_plan_name"":null,""is_floor_plan_level"":false,""lease_term"":null,""move_in_date"":null,""offer_banner"":null,""offer_conditions"":null,""offer_target"":null,""offer_type"":null,""offer_value"":null,""rent_high"":925.0,""rent_low"":925.0,""source_ids"":{},""unit_id"":""2838-2"",""unit_name"":null}","{""floorplanId"":11326824,""id"":17635564,""internalAvailableDate"":""2026-10-02 00:00 -0500"",""leaseStatus"":""AVAILABLE_READY"",""name"":""2838-2"",""rent"":925,""unitNumber"":""2838-2"",""vacantDate"":""2026-10-13 00:00 -0000""}"
local_current_live_no_rp_oracle_audit_not_canary,2026-08-01T10:45:19Z,2026-08-01,2026-07-31,separate_no_rp_oracle_573_rows_78_properties,ONESITE_API,269984,Flats at Market Street,realpage_public_widget_units_api,true,https://api.ws.realpage.com/v2/property/9206852/units?available=true&honordisplayorder=true,354,,2026-05-10 00:00 -0500,2026-05-10,historical_embedded,false,internalAvailableDate,_api_parser.realpage_units_to_adapter_shape,exact_current_parser,true,true,,availability_date,2026-05-10,2026-05-10,historical_embedded,true,false,2026-05-10,2026-05-10,historical_embedded,,false,false,false,HISTORICAL_SOURCE_DATE_PRESERVED,none,HIGH,"Primary trace replays the exact public /units envelope. When that envelope is unsupported, the diagnostic trace changes only response.units -> response list to isolate the next loss.","{""availability_date"":""2026-05-10"",""availability_status"":""AVAILABLE"",""available_units"":"""",""bathrooms"":"""",""bed_label"":"""",""bedrooms"":"""",""building"":"""",""concession"":"""",""deposit"":"""",""extraction_tier"":""TIER_1_API"",""floor"":"""",""floor_plan_name"":"""",""rent_range"":""$888"",""source_api_url"":""https://api.ws.realpage.com/v2/property/9206852/units?available=true&honordisplayorder=true"",""sqft"":""223"",""unit_number"":""354""}","{""_available_date_raw"":""2026-05-10"",""_concession_quality"":null,""_date_placeholder"":null,""_extra"":null,""_inferred_id"":null,""_rent_range_raw"":""$888"",""amenities"":null,""area"":223,""area_absence"":null,""area_absence_evidence"":null,""availability_date_provenance"":""historical_embedded"",""availability_status"":""AVAILABLE"",""available_date"":""2026-05-10"",""available_units"":null,""baths"":null,""beds"":null,""building"":null,""concession_source"":null,""concession_text"":null,""concession_text_clean"":null,""concession_value"":null,""date_captured"":""2026-08-01 10:45:19"",""deposit"":null,""extraction_tier"":""TIER_1_API"",""floor"":null,""floor_plan_id"":null,""floor_plan_name"":null,""is_floor_plan_level"":false,""lease_term"":null,""move_in_date"":null,""offer_banner"":null,""offer_conditions"":null,""offer_target"":null,""offer_type"":null,""offer_value"":null,""rent_high"":888.0,""rent_low"":888.0,""source_ids"":{},""unit_id"":""354"",""unit_name"":null}",controlled_single_change_replay_unwrap_response_units,true,availability_date,2026-05-10,2026-05-10,2026-05-10,historical_embedded,,,"{""availability_date"":""2026-05-10"",""availability_status"":""AVAILABLE"",""available_units"":"""",""bathrooms"":"""",""bed_label"":"""",""bedrooms"":"""",""building"":"""",""concession"":"""",""deposit"":"""",""extraction_tier"":""TIER_1_API"",""floor"":"""",""floor_plan_name"":"""",""rent_range"":""$888"",""source_api_url"":""https://api.ws.realpage.com/v2/property/9206852/units?available=true&honordisplayorder=true"",""sqft"":""223"",""unit_number"":""354""}","{""_available_date_raw"":""2026-05-10"",""_concession_quality"":null,""_date_placeholder"":null,""_extra"":null,""_inferred_id"":null,""_rent_range_raw"":""$888"",""amenities"":null,""area"":223,""area_absence"":null,""area_absence_evidence"":null,""availability_date_provenance"":""historical_embedded"",""availability_status"":""AVAILABLE"",""available_date"":""2026-05-10"",""available_units"":null,""baths"":null,""beds"":null,""building"":null,""concession_source"":null,""concession_text"":null,""concession_text_clean"":null,""concession_value"":null,""date_captured"":""2026-08-01 10:45:19"",""deposit"":null,""extraction_tier"":""TIER_1_API"",""floor"":null,""floor_plan_id"":null,""floor_plan_name"":null,""is_floor_plan_level"":false,""lease_term"":null,""move_in_date"":null,""offer_banner"":null,""offer_conditions"":null,""offer_target"":null,""offer_type"":null,""offer_value"":null,""rent_high"":888.0,""rent_low"":888.0,""source_ids"":{},""unit_id"":""354"",""unit_name"":null}","{""floorplanId"":11395514,""id"":17924417,""internalAvailableDate"":""2026-05-10 00:00 -0500"",""leaseStatus"":""AVAILABLE_READY"",""name"":""354"",""rent"":888,""unitNumber"":""354"",""vacantDate"":""2026-05-13 00:00 -0000""}"
local_current_live_no_rp_oracle_audit_not_canary,2026-08-01T10:45:19Z,2026-08-01,2026-07-31,separate_no_rp_oracle_573_rows_78_properties,ONESITE_API,269984,Flats at Market Street,realpage_public_widget_units_api,true,https://api.ws.realpage.com/v2/property/9206852/units?available=true&honordisplayorder=true,425,,2026-06-10 00:00 -0500,2026-06-10,historical_embedded,false,internalAvailableDate,_api_parser.realpage_units_to_adapter_shape,exact_current_parser,true,true,,availability_date,2026-06-10,2026-06-10,historical_embedded,true,false,2026-06-10,2026-06-10,historical_embedded,,false,false,false,HISTORICAL_SOURCE_DATE_PRESERVED,none,HIGH,"Primary trace replays the exact public /units envelope. When that envelope is unsupported, the diagnostic trace changes only response.units -> response list to isolate the next loss.","{""availability_date"":""2026-06-10"",""availability_status"":""AVAILABLE"",""available_units"":"""",""bathrooms"":"""",""bed_label"":"""",""bedrooms"":"""",""building"":"""",""concession"":"""",""deposit"":"""",""extraction_tier"":""TIER_1_API"",""floor"":"""",""floor_plan_name"":"""",""rent_range"":""$990"",""source_api_url"":""https://api.ws.realpage.com/v2/property/9206852/units?available=true&honordisplayorder=true"",""sqft"":""311"",""unit_number"":""425""}","{""_available_date_raw"":""2026-06-10"",""_concession_quality"":null,""_date_placeholder"":null,""_extra"":null,""_inferred_id"":null,""_rent_range_raw"":""$990"",""amenities"":null,""area"":311,""area_absence"":null,""area_absence_evidence"":null,""availability_date_provenance"":""historical_embedded"",""availability_status"":""AVAILABLE"",""available_date"":""2026-06-10"",""available_units"":null,""baths"":null,""beds"":null,""building"":null,""concession_source"":null,""concession_text"":null,""concession_text_clean"":null,""concession_value"":null,""date_captured"":""2026-08-01 10:45:19"",""deposit"":null,""extraction_tier"":""TIER_1_API"",""floor"":null,""floor_plan_id"":null,""floor_plan_name"":null,""is_floor_plan_level"":false,""lease_term"":null,""move_in_date"":null,""offer_banner"":null,""offer_conditions"":null,""offer_target"":null,""offer_type"":null,""offer_value"":null,""rent_high"":990.0,""rent_low"":990.0,""source_ids"":{},""unit_id"":""425"",""unit_name"":null}",controlled_single_change_replay_unwrap_response_units,true,availability_date,2026-06-10,2026-06-10,2026-06-10,historical_embedded,,,"{""availability_date"":""2026-06-10"",""availability_status"":""AVAILABLE"",""available_units"":"""",""bathrooms"":"""",""bed_label"":"""",""bedrooms"":"""",""building"":"""",""concession"":"""",""deposit"":"""",""extraction_tier"":""TIER_1_API"",""floor"":"""",""floor_plan_name"":"""",""rent_range"":""$990"",""source_api_url"":""https://api.ws.realpage.com/v2/property/9206852/units?available=true&honordisplayorder=true"",""sqft"":""311"",""unit_number"":""425""}","{""_available_date_raw"":""2026-06-10"",""_concession_quality"":null,""_date_placeholder"":null,""_extra"":null,""_inferred_id"":null,""_rent_range_raw"":""$990"",""amenities"":null,""area"":311,""area_absence"":null,""area_absence_evidence"":null,""availability_date_provenance"":""historical_embedded"",""availability_status"":""AVAILABLE"",""available_date"":""2026-06-10"",""available_units"":null,""baths"":null,""beds"":null,""building"":null,""concession_source"":null,""concession_text"":null,""concession_text_clean"":null,""concession_value"":null,""date_captured"":""2026-08-01 10:45:19"",""deposit"":null,""extraction_tier"":""TIER_1_API"",""floor"":null,""floor_plan_id"":null,""floor_plan_name"":null,""is_floor_plan_level"":false,""lease_term"":null,""move_in_date"":null,""offer_banner"":null,""offer_conditions"":null,""offer_target"":null,""offer_type"":null,""offer_value"":null,""rent_high"":990.0,""rent_low"":990.0,""source_ids"":{},""unit_id"":""425"",""unit_name"":null}","{""floorplanId"":11395511,""id"":17924237,""internalAvailableDate"":""2026-06-10 00:00 -0500"",""leaseStatus"":""AVAILABLE_READY"",""name"":""425"",""rent"":990,""unitNumber"":""425"",""vacantDate"":""2026-06-18 00:00 -0000""}"
local_current_live_no_rp_oracle_audit_not_canary,2026-08-01T10:45:19Z,2026-08-01,2026-07-31,separate_no_rp_oracle_573_rows_78_properties,ONESITE_API,269984,Flats at Market Street,realpage_public_widget_units_api,true,https://api.ws.realpage.com/v2/property/9206852/units?available=true&honordisplayorder=true,350,,2026-07-03 00:00 -0500,2026-07-03,historical_embedded,false,internalAvailableDate,_api_parser.realpage_units_to_adapter_shape,exact_current_parser,true,true,,availability_date,2026-07-03,2026-07-03,historical_embedded,true,false,2026-07-03,2026-07-03,historical_embedded,,false,false,false,HISTORICAL_SOURCE_DATE_PRESERVED,none,HIGH,"Primary trace replays the exact public /units envelope. When that envelope is unsupported, the diagnostic trace changes only response.units -> response list to isolate the next loss.","{""availability_date"":""2026-07-03"",""availability_status"":""AVAILABLE"",""available_units"":"""",""bathrooms"":"""",""bed_label"":"""",""bedrooms"":"""",""building"":"""",""concession"":"""",""deposit"":"""",""extraction_tier"":""TIER_1_API"",""floor"":"""",""floor_plan_name"":"""",""rent_range"":""$888"",""source_api_url"":""https://api.ws.realpage.com/v2/property/9206852/units?available=true&honordisplayorder=true"",""sqft"":""223"",""unit_number"":""350""}","{""_available_date_raw"":""2026-07-03"",""_concession_quality"":null,""_date_placeholder"":null,""_extra"":null,""_inferred_id"":null,""_rent_range_raw"":""$888"",""amenities"":null,""area"":223,""area_absence"":null,""area_absence_evidence"":null,""availability_date_provenance"":""historical_embedded"",""availability_status"":""AVAILABLE"",""available_date"":""2026-07-03"",""available_units"":null,""baths"":null,""beds"":null,""building"":null,""concession_source"":null,""concession_text"":null,""concession_text_clean"":null,""concession_value"":null,""date_captured"":""2026-08-01 10:45:19"",""deposit"":null,""extraction_tier"":""TIER_1_API"",""floor"":null,""floor_plan_id"":null,""floor_plan_name"":null,""is_floor_plan_level"":false,""lease_term"":null,""move_in_date"":null,""offer_banner"":null,""offer_conditions"":null,""offer_target"":null,""offer_type"":null,""offer_value"":null,""rent_high"":888.0,""rent_low"":888.0,""source_ids"":{},""unit_id"":""350"",""unit_name"":null}",controlled_single_change_replay_unwrap_response_units,true,availability_date,2026-07-03,2026-07-03,2026-07-03,historical_embedded,,,"{""availability_date"":""2026-07-03"",""availability_status"":""AVAILABLE"",""available_units"":"""",""bathrooms"":"""",""bed_label"":"""",""bedrooms"":"""",""building"":"""",""concession"":"""",""deposit"":"""",""extraction_tier"":""TIER_1_API"",""floor"":"""",""floor_plan_name"":"""",""rent_range"":""$888"",""source_api_url"":""https://api.ws.realpage.com/v2/property/9206852/units?available=true&honordisplayorder=true"",""sqft"":""223"",""unit_number"":""350""}","{""_available_date_raw"":""2026-07-03"",""_concession_quality"":null,""_date_placeholder"":null,""_extra"":null,""_inferred_id"":null,""_rent_range_raw"":""$888"",""amenities"":null,""area"":223,""area_absence"":null,""area_absence_evidence"":null,""availability_date_provenance"":""historical_embedded"",""availability_status"":""AVAILABLE"",""available_date"":""2026-07-03"",""available_units"":null,""baths"":null,""beds"":null,""building"":null,""concession_source"":null,""concession_text"":null,""concession_text_clean"":null,""concession_value"":null,""date_captured"":""2026-08-01 10:45:19"",""deposit"":null,""extraction_tier"":""TIER_1_API"",""floor"":null,""floor_plan_id"":null,""floor_plan_name"":null,""is_floor_plan_level"":false,""lease_term"":null,""move_in_date"":null,""offer_banner"":null,""offer_conditions"":null,""offer_target"":null,""offer_type"":null,""offer_value"":null,""rent_high"":888.0,""rent_low"":888.0,""source_ids"":{},""unit_id"":""350"",""unit_name"":null}","{""floorplanId"":11395514,""id"":17924413,""internalAvailableDate"":""2026-07-03 00:00 -0500"",""leaseStatus"":""AVAILABLE_READY"",""name"":""350"",""rent"":888,""unitNumber"":""350"",""vacantDate"":""2026-07-07 00:00 -0000""}"
local_current_live_no_rp_oracle_audit_not_canary,2026-08-01T10:45:19Z,2026-08-01,2026-07-31,separate_no_rp_oracle_573_rows_78_properties,ONESITE_API,269984,Flats at Market Street,realpage_public_widget_units_api,true,https://api.ws.realpage.com/v2/property/9206852/units?available=true&honordisplayorder=true,404,,2026-07-22 00:00 -0500,2026-07-22,historical_embedded,false,internalAvailableDate,_api_parser.realpage_units_to_adapter_shape,exact_current_parser,true,true,,availability_date,2026-07-22,2026-07-22,historical_embedded,true,false,2026-07-22,2026-07-22,historical_embedded,,false,false,false,HISTORICAL_SOURCE_DATE_PRESERVED,none,HIGH,"Primary trace replays the exact public /units envelope. When that envelope is unsupported, the diagnostic trace changes only response.units -> response list to isolate the next loss.","{""availability_date"":""2026-07-22"",""availability_status"":""AVAILABLE"",""available_units"":"""",""bathrooms"":"""",""bed_label"":"""",""bedrooms"":"""",""building"":"""",""concession"":"""",""deposit"":"""",""extraction_tier"":""TIER_1_API"",""floor"":"""",""floor_plan_name"":"""",""rent_range"":""$920"",""source_api_url"":""https://api.ws.realpage.com/v2/property/9206852/units?available=true&honordisplayorder=true"",""sqft"":""271"",""unit_number"":""404""}","{""_available_date_raw"":""2026-07-22"",""_concession_quality"":null,""_date_placeholder"":null,""_extra"":null,""_inferred_id"":null,""_rent_range_raw"":""$920"",""amenities"":null,""area"":271,""area_absence"":null,""area_absence_evidence"":null,""availability_date_provenance"":""historical_embedded"",""availability_status"":""AVAILABLE"",""available_date"":""2026-07-22"",""available_units"":null,""baths"":null,""beds"":null,""building"":null,""concession_source"":null,""concession_text"":null,""concession_text_clean"":null,""concession_value"":null,""date_captured"":""2026-08-01 10:45:19"",""deposit"":null,""extraction_tier"":""TIER_1_API"",""floor"":null,""floor_plan_id"":null,""floor_plan_name"":null,""is_floor_plan_level"":false,""lease_term"":null,""move_in_date"":null,""offer_banner"":null,""offer_conditions"":null,""offer_target"":null,""offer_type"":null,""offer_value"":null,""rent_high"":920.0,""rent_low"":920.0,""source_ids"":{},""unit_id"":""404"",""unit_name"":null}",controlled_single_change_replay_unwrap_response_units,true,availability_date,2026-07-22,2026-07-22,2026-07-22,historical_embedded,,,"{""availability_date"":""2026-07-22"",""availability_status"":""AVAILABLE"",""available_units"":"""",""bathrooms"":"""",""bed_label"":"""",""bedrooms"":"""",""building"":"""",""concession"":"""",""deposit"":"""",""extraction_tier"":""TIER_1_API"",""floor"":"""",""floor_plan_name"":"""",""rent_range"":""$920"",""source_api_url"":""https://api.ws.realpage.com/v2/property/9206852/units?available=true&honordisplayorder=true"",""sqft"":""271"",""unit_number"":""404""}","{""_available_date_raw"":""2026-07-22"",""_concession_quality"":null,""_date_placeholder"":null,""_extra"":null,""_inferred_id"":null,""_rent_range_raw"":""$920"",""amenities"":null,""area"":271,""area_absence"":null,""area_absence_evidence"":null,""availability_date_provenance"":""historical_embedded"",""availability_status"":""AVAILABLE"",""available_date"":""2026-07-22"",""available_units"":null,""baths"":null,""beds"":null,""building"":null,""concession_source"":null,""concession_text"":null,""concession_text_clean"":null,""concession_value"":null,""date_captured"":""2026-08-01 10:45:19"",""deposit"":null,""extraction_tier"":""TIER_1_API"",""floor"":null,""floor_plan_id"":null,""floor_plan_name"":null,""is_floor_plan_level"":false,""lease_term"":null,""move_in_date"":null,""offer_banner"":null,""offer_conditions"":null,""offer_target"":null,""offer_type"":null,""offer_value"":null,""rent_high"":920.0,""rent_low"":920.0,""source_ids"":{},""unit_id"":""404"",""unit_name"":null}","{""floorplanId"":11395515,""id"":17924433,""internalAvailableDate"":""2026-07-22 00:00 -0500"",""leaseStatus"":""AVAILABLE_READY"",""name"":""404"",""rent"":920,""unitNumber"":""404"",""vacantDate"":""2026-07-27 00:00 -0000""}"
local_current_live_no_rp_oracle_audit_not_canary,2026-08-01T10:45:19Z,2026-08-01,2026-07-31,separate_no_rp_oracle_573_rows_78_properties,ONESITE_API,269984,Flats at Market Street,realpage_public_widget_units_api,true,https://api.ws.realpage.com/v2/property/9206852/units?available=true&honordisplayorder=true,302,,2026-07-19 00:00 -0500,2026-07-19,historical_embedded,false,internalAvailableDate,_api_parser.realpage_units_to_adapter_shape,exact_current_parser,true,true,,availability_date,2026-07-19,2026-07-19,historical_embedded,true,false,2026-07-19,2026-07-19,historical_embedded,,false,false,false,HISTORICAL_SOURCE_DATE_PRESERVED,none,HIGH,"Primary trace replays the exact public /units envelope. When that envelope is unsupported, the diagnostic trace changes only response.units -> response list to isolate the next loss.","{""availability_date"":""2026-07-19"",""availability_status"":""AVAILABLE"",""available_units"":"""",""bathrooms"":"""",""bed_label"":"""",""bedrooms"":"""",""building"":"""",""concession"":"""",""deposit"":"""",""extraction_tier"":""TIER_1_API"",""floor"":"""",""floor_plan_name"":"""",""rent_range"":""$870"",""source_api_url"":""https://api.ws.realpage.com/v2/property/9206852/units?available=true&honordisplayorder=true"",""sqft"":""223"",""unit_number"":""302""}","{""_available_date_raw"":""2026-07-19"",""_concession_quality"":null,""_date_placeholder"":null,""_extra"":null,""_inferred_id"":null,""_rent_range_raw"":""$870"",""amenities"":null,""area"":223,""area_absence"":null,""area_absence_evidence"":null,""availability_date_provenance"":""historical_embedded"",""availability_status"":""AVAILABLE"",""available_date"":""2026-07-19"",""available_units"":null,""baths"":null,""beds"":null,""building"":null,""concession_source"":null,""concession_text"":null,""concession_text_clean"":null,""concession_value"":null,""date_captured"":""2026-08-01 10:45:19"",""deposit"":null,""extraction_tier"":""TIER_1_API"",""floor"":null,""floor_plan_id"":null,""floor_plan_name"":null,""is_floor_plan_level"":false,""lease_term"":null,""move_in_date"":null,""offer_banner"":null,""offer_conditions"":null,""offer_target"":null,""offer_type"":null,""offer_value"":null,""rent_high"":870.0,""rent_low"":870.0,""source_ids"":{},""unit_id"":""302"",""unit_name"":null}",controlled_single_change_replay_unwrap_response_units,true,availability_date,2026-07-19,2026-07-19,2026-07-19,historical_embedded,,,"{""availability_date"":""2026-07-19"",""availability_status"":""AVAILABLE"",""available_units"":"""",""bathrooms"":"""",""bed_label"":"""",""bedrooms"":"""",""building"":"""",""concession"":"""",""deposit"":"""",""extraction_tier"":""TIER_1_API"",""floor"":"""",""floor_plan_name"":"""",""rent_range"":""$870"",""source_api_url"":""https://api.ws.realpage.com/v2/property/9206852/units?available=true&honordisplayorder=true"",""sqft"":""223"",""unit_number"":""302""}","{""_available_date_raw"":""2026-07-19"",""_concession_quality"":null,""_date_placeholder"":null,""_extra"":null,""_inferred_id"":null,""_rent_range_raw"":""$870"",""amenities"":null,""area"":223,""area_absence"":null,""area_absence_evidence"":null,""availability_date_provenance"":""historical_embedded"",""availability_status"":""AVAILABLE"",""available_date"":""2026-07-19"",""available_units"":null,""baths"":null,""beds"":null,""building"":null,""concession_source"":null,""concession_text"":null,""concession_text_clean"":null,""concession_value"":null,""date_captured"":""2026-08-01 10:45:19"",""deposit"":null,""extraction_tier"":""TIER_1_API"",""floor"":null,""floor_plan_id"":null,""floor_plan_name"":null,""is_floor_plan_level"":false,""lease_term"":null,""move_in_date"":null,""offer_banner"":null,""offer_conditions"":null,""offer_target"":null,""offer_type"":null,""offer_value"":null,""rent_high"":870.0,""rent_low"":870.0,""source_ids"":{},""unit_id"":""302"",""unit_name"":null}","{""floorplanId"":11395514,""id"":17924365,""internalAvailableDate"":""2026-07-19 00:00 -0500"",""leaseStatus"":""AVAILABLE_READY"",""name"":""302"",""rent"":870,""unitNumber"":""302"",""vacantDate"":""2026-07-27 00:00 -0000""}"
local_current_live_no_rp_oracle_audit_not_canary,2026-08-01T10:45:19Z,2026-08-01,2026-07-31,separate_no_rp_oracle_573_rows_78_properties,ONESITE_API,269984,Flats at Market Street,realpage_public_widget_units_api,true,https://api.ws.realpage.com/v2/property/9206852/units?available=true&honordisplayorder=true,303,,2026-07-14 00:00 -0500,2026-07-14,historical_embedded,false,internalAvailableDate,_api_parser.realpage_units_to_adapter_shape,exact_current_parser,true,true,,availability_date,2026-07-14,2026-07-14,historical_embedded,true,false,2026-07-14,2026-07-14,historical_embedded,,false,false,false,HISTORICAL_SOURCE_DATE_PRESERVED,none,HIGH,"Primary trace replays the exact public /units envelope. When that envelope is unsupported, the diagnostic trace changes only response.units -> response list to isolate the next loss.","{""availability_date"":""2026-07-14"",""availability_status"":""AVAILABLE"",""available_units"":"""",""bathrooms"":"""",""bed_label"":"""",""bedrooms"":"""",""building"":"""",""concession"":"""",""deposit"":"""",""extraction_tier"":""TIER_1_API"",""floor"":"""",""floor_plan_name"":"""",""rent_range"":""$870"",""source_api_url"":""https://api.ws.realpage.com/v2/property/9206852/units?available=true&honordisplayorder=true"",""sqft"":""223"",""unit_number"":""303""}","{""_available_date_raw"":""2026-07-14"",""_concession_quality"":null,""_date_placeholder"":null,""_extra"":null,""_inferred_id"":null,""_rent_range_raw"":""$870"",""amenities"":null,""area"":223,""area_absence"":null,""area_absence_evidence"":null,""availability_date_provenance"":""historical_embedded"",""availability_status"":""AVAILABLE"",""available_date"":""2026-07-14"",""available_units"":null,""baths"":null,""beds"":null,""building"":null,""concession_source"":null,""concession_text"":null,""concession_text_clean"":null,""concession_value"":null,""date_captured"":""2026-08-01 10:45:19"",""deposit"":null,""extraction_tier"":""TIER_1_API"",""floor"":null,""floor_plan_id"":null,""floor_plan_name"":null,""is_floor_plan_level"":false,""lease_term"":null,""move_in_date"":null,""offer_banner"":null,""offer_conditions"":null,""offer_target"":null,""offer_type"":null,""offer_value"":null,""rent_high"":870.0,""rent_low"":870.0,""source_ids"":{},""unit_id"":""303"",""unit_name"":null}",controlled_single_change_replay_unwrap_response_units,true,availability_date,2026-07-14,2026-07-14,2026-07-14,historical_embedded,,,"{""availability_date"":""2026-07-14"",""availability_status"":""AVAILABLE"",""available_units"":"""",""bathrooms"":"""",""bed_label"":"""",""bedrooms"":"""",""building"":"""",""concession"":"""",""deposit"":"""",""extraction_tier"":""TIER_1_API"",""floor"":"""",""floor_plan_name"":"""",""rent_range"":""$870"",""source_api_url"":""https://api.ws.realpage.com/v2/property/9206852/units?available=true&honordisplayorder=true"",""sqft"":""223"",""unit_number"":""303""}","{""_available_date_raw"":""2026-07-14"",""_concession_quality"":null,""_date_placeholder"":null,""_extra"":null,""_inferred_id"":null,""_rent_range_raw"":""$870"",""amenities"":null,""area"":223,""area_absence"":null,""area_absence_evidence"":null,""availability_date_provenance"":""historical_embedded"",""availability_status"":""AVAILABLE"",""available_date"":""2026-07-14"",""available_units"":null,""baths"":null,""beds"":null,""building"":null,""concession_source"":null,""concession_text"":null,""concession_text_clean"":null,""concession_value"":null,""date_captured"":""2026-08-01 10:45:19"",""deposit"":null,""extraction_tier"":""TIER_1_API"",""floor"":null,""floor_plan_id"":null,""floor_plan_name"":null,""is_floor_plan_level"":false,""lease_term"":null,""move_in_date"":null,""offer_banner"":null,""offer_conditions"":null,""offer_target"":null,""offer_type"":null,""offer_value"":null,""rent_high"":870.0,""rent_low"":870.0,""source_ids"":{},""unit_id"":""303"",""unit_name"":null}","{""floorplanId"":11395514,""id"":17924366,""internalAvailableDate"":""2026-07-14 00:00 -0500"",""leaseStatus"":""AVAILABLE_READY"",""name"":""303"",""rent"":870,""unitNumber"":""303"",""vacantDate"":""2026-07-27 00:00 -0000""}"
local_current_live_no_rp_oracle_audit_not_canary,2026-08-01T10:45:19Z,2026-08-01,2026-07-31,separate_no_rp_oracle_573_rows_78_properties,ONESITE_API,269984,Flats at Market Street,realpage_public_widget_units_api,true,https://api.ws.realpage.com/v2/property/9206852/units?available=true&honordisplayorder=true,211,,2026-07-22 00:00 -0500,2026-07-22,historical_embedded,false,internalAvailableDate,_api_parser.realpage_units_to_adapter_shape,exact_current_parser,true,true,,availability_date,2026-07-22,2026-07-22,historical_embedded,true,false,2026-07-22,2026-07-22,historical_embedded,,false,false,false,HISTORICAL_SOURCE_DATE_PRESERVED,none,HIGH,"Primary trace replays the exact public /units envelope. When that envelope is unsupported, the diagnostic trace changes only response.units -> response list to isolate the next loss.","{""availability_date"":""2026-07-22"",""availability_status"":""AVAILABLE"",""available_units"":"""",""bathrooms"":"""",""bed_label"":"""",""bedrooms"":"""",""building"":"""",""concession"":"""",""deposit"":"""",""extraction_tier"":""TIER_1_API"",""floor"":"""",""floor_plan_name"":"""",""rent_range"":""$870"",""source_api_url"":""https://api.ws.realpage.com/v2/property/9206852/units?available=true&honordisplayorder=true"",""sqft"":""223"",""unit_number"":""211""}","{""_available_date_raw"":""2026-07-22"",""_concession_quality"":null,""_date_placeholder"":null,""_extra"":null,""_inferred_id"":null,""_rent_range_raw"":""$870"",""amenities"":null,""area"":223,""area_absence"":null,""area_absence_evidence"":null,""availability_date_provenance"":""historical_embedded"",""availability_status"":""AVAILABLE"",""available_date"":""2026-07-22"",""available_units"":null,""baths"":null,""beds"":null,""building"":null,""concession_source"":null,""concession_text"":null,""concession_text_clean"":null,""concession_value"":null,""date_captured"":""2026-08-01 10:45:19"",""deposit"":null,""extraction_tier"":""TIER_1_API"",""floor"":null,""floor_plan_id"":null,""floor_plan_name"":null,""is_floor_plan_level"":false,""lease_term"":null,""move_in_date"":null,""offer_banner"":null,""offer_conditions"":null,""offer_target"":null,""offer_type"":null,""offer_value"":null,""rent_high"":870.0,""rent_low"":870.0,""source_ids"":{},""unit_id"":""211"",""unit_name"":null}",controlled_single_change_replay_unwrap_response_units,true,availability_date,2026-07-22,2026-07-22,2026-07-22,historical_embedded,,,"{""availability_date"":""2026-07-22"",""availability_status"":""AVAILABLE"",""available_units"":"""",""bathrooms"":"""",""bed_label"":"""",""bedrooms"":"""",""building"":"""",""concession"":"""",""deposit"":"""",""extraction_tier"":""TIER_1_API"",""floor"":"""",""floor_plan_name"":"""",""rent_range"":""$870"",""source_api_url"":""https://api.ws.realpage.com/v2/property/9206852/units?available=true&honordisplayorder=true"",""sqft"":""223"",""unit_number"":""211""}","{""_available_date_raw"":""2026-07-22"",""_concession_quality"":null,""_date_placeholder"":null,""_extra"":null,""_inferred_id"":null,""_rent_range_raw"":""$870"",""amenities"":null,""area"":223,""area_absence"":null,""area_absence_evidence"":null,""availability_date_provenance"":""historical_embedded"",""availability_status"":""AVAILABLE"",""available_date"":""2026-07-22"",""available_units"":null,""baths"":null,""beds"":null,""building"":null,""concession_source"":null,""concession_text"":null,""concession_text_clean"":null,""concession_value"":null,""date_captured"":""2026-08-01 10:45:19"",""deposit"":null,""extraction_tier"":""TIER_1_API"",""floor"":null,""floor_plan_id"":null,""floor_plan_name"":null,""is_floor_plan_level"":false,""lease_term"":null,""move_in_date"":null,""offer_banner"":null,""offer_conditions"":null,""offer_target"":null,""offer_type"":null,""offer_value"":null,""rent_high"":870.0,""rent_low"":870.0,""source_ids"":{},""unit_id"":""211"",""unit_name"":null}","{""floorplanId"":11395514,""id"":17924352,""internalAvailableDate"":""2026-07-22 00:00 -0500"",""leaseStatus"":""AVAILABLE_READY"",""name"":""211"",""rent"":870,""unitNumber"":""211"",""vacantDate"":""2026-07-29 00:00 -0000""}"
local_current_live_no_rp_oracle_audit_not_canary,2026-08-01T10:45:19Z,2026-08-01,2026-07-31,separate_no_rp_oracle_573_rows_78_properties,ONESITE_API,269984,Flats at Market Street,realpage_public_widget_units_api,true,https://api.ws.realpage.com/v2/property/9206852/units?available=true&honordisplayorder=true,400,,2026-07-28 00:00 -0500,2026-07-28,historical_embedded,false,internalAvailableDate,_api_parser.realpage_units_to_adapter_shape,exact_current_parser,true,true,,availability_date,2026-07-28,2026-07-28,historical_embedded,true,false,2026-07-28,2026-07-28,historical_embedded,,false,false,false,HISTORICAL_SOURCE_DATE_PRESERVED,none,HIGH,"Primary trace replays the exact public /units envelope. When that envelope is unsupported, the diagnostic trace changes only response.units -> response list to isolate the next loss.","{""availability_date"":""2026-07-28"",""availability_status"":""AVAILABLE"",""available_units"":"""",""bathrooms"":"""",""bed_label"":"""",""bedrooms"":"""",""building"":"""",""concession"":"""",""deposit"":"""",""extraction_tier"":""TIER_1_API"",""floor"":"""",""floor_plan_name"":"""",""rent_range"":""$867"",""source_api_url"":""https://api.ws.realpage.com/v2/property/9206852/units?available=true&honordisplayorder=true"",""sqft"":""223"",""unit_number"":""400""}","{""_available_date_raw"":""2026-07-28"",""_concession_quality"":null,""_date_placeholder"":null,""_extra"":null,""_inferred_id"":null,""_rent_range_raw"":""$867"",""amenities"":null,""area"":223,""area_absence"":null,""area_absence_evidence"":null,""availability_date_provenance"":""historical_embedded"",""availability_status"":""AVAILABLE"",""available_date"":""2026-07-28"",""available_units"":null,""baths"":null,""beds"":null,""building"":null,""concession_source"":null,""concession_text"":null,""concession_text_clean"":null,""concession_value"":null,""date_captured"":""2026-08-01 10:45:19"",""deposit"":null,""extraction_tier"":""TIER_1_API"",""floor"":null,""floor_plan_id"":null,""floor_plan_name"":null,""is_floor_plan_level"":false,""lease_term"":null,""move_in_date"":null,""offer_banner"":null,""offer_conditions"":null,""offer_target"":null,""offer_type"":null,""offer_value"":null,""rent_high"":867.0,""rent_low"":867.0,""source_ids"":{},""unit_id"":""400"",""unit_name"":null}",controlled_single_change_replay_unwrap_response_units,true,availability_date,2026-07-28,2026-07-28,2026-07-28,historical_embedded,,,"{""availability_date"":""2026-07-28"",""availability_status"":""AVAILABLE"",""available_units"":"""",""bathrooms"":"""",""bed_label"":"""",""bedrooms"":"""",""building"":"""",""concession"":"""",""deposit"":"""",""extraction_tier"":""TIER_1_API"",""floor"":"""",""floor_plan_name"":"""",""rent_range"":""$867"",""source_api_url"":""https://api.ws.realpage.com/v2/property/9206852/units?available=true&honordisplayorder=true"",""sqft"":""223"",""unit_number"":""400""}","{""_available_date_raw"":""2026-07-28"",""_concession_quality"":null,""_date_placeholder"":null,""_extra"":null,""_inferred_id"":null,""_rent_range_raw"":""$867"",""amenities"":null,""area"":223,""area_absence"":null,""area_absence_evidence"":null,""availability_date_provenance"":""historical_embedded"",""availability_status"":""AVAILABLE"",""available_date"":""2026-07-28"",""available_units"":null,""baths"":null,""beds"":null,""building"":null,""concession_source"":null,""concession_text"":null,""concession_text_clean"":null,""concession_value"":null,""date_captured"":""2026-08-01 10:45:19"",""deposit"":null,""extraction_tier"":""TIER_1_API"",""floor"":null,""floor_plan_id"":null,""floor_plan_name"":null,""is_floor_plan_level"":false,""lease_term"":null,""move_in_date"":null,""offer_banner"":null,""offer_conditions"":null,""offer_target"":null,""offer_type"":null,""offer_value"":null,""rent_high"":867.0,""rent_low"":867.0,""source_ids"":{},""unit_id"":""400"",""unit_name"":null}","{""floorplanId"":11395514,""id"":17924423,""internalAvailableDate"":""2026-07-28 00:00 -0500"",""leaseStatus"":""AVAILABLE_READY"",""name"":""400"",""rent"":867,""unitNumber"":""400"",""vacantDate"":""2026-08-07 00:00 -0000""}"
local_current_live_no_rp_oracle_audit_not_canary,2026-08-01T10:45:19Z,2026-08-01,2026-07-31,separate_no_rp_oracle_573_rows_78_properties,ONESITE_API,269984,Flats at Market Street,realpage_public_widget_units_api,true,https://api.ws.realpage.com/v2/property/9206852/units?available=true&honordisplayorder=true,331,,2026-07-30 00:00 -0500,2026-07-30,historical_embedded,false,internalAvailableDate,_api_parser.realpage_units_to_adapter_shape,exact_current_parser,true,true,,availability_date,2026-07-30,2026-07-30,historical_embedded,true,false,2026-07-30,2026-07-30,historical_embedded,,false,false,false,HISTORICAL_SOURCE_DATE_PRESERVED,none,HIGH,"Primary trace replays the exact public /units envelope. When that envelope is unsupported, the diagnostic trace changes only response.units -> response list to isolate the next loss.","{""availability_date"":""2026-07-30"",""availability_status"":""AVAILABLE"",""available_units"":"""",""bathrooms"":"""",""bed_label"":"""",""bedrooms"":"""",""building"":"""",""concession"":"""",""deposit"":"""",""extraction_tier"":""TIER_1_API"",""floor"":"""",""floor_plan_name"":"""",""rent_range"":""$867"",""source_api_url"":""https://api.ws.realpage.com/v2/property/9206852/units?available=true&honordisplayorder=true"",""sqft"":""223"",""unit_number"":""331""}","{""_available_date_raw"":""2026-07-30"",""_concession_quality"":null,""_date_placeholder"":null,""_extra"":null,""_inferred_id"":null,""_rent_range_raw"":""$867"",""amenities"":null,""area"":223,""area_absence"":null,""area_absence_evidence"":null,""availability_date_provenance"":""historical_embedded"",""availability_status"":""AVAILABLE"",""available_date"":""2026-07-30"",""available_units"":null,""baths"":null,""beds"":null,""building"":null,""concession_source"":null,""concession_text"":null,""concession_text_clean"":null,""concession_value"":null,""date_captured"":""2026-08-01 10:45:19"",""deposit"":null,""extraction_tier"":""TIER_1_API"",""floor"":null,""floor_plan_id"":null,""floor_plan_name"":null,""is_floor_plan_level"":false,""lease_term"":null,""move_in_date"":null,""offer_banner"":null,""offer_conditions"":null,""offer_target"":null,""offer_type"":null,""offer_value"":null,""rent_high"":867.0,""rent_low"":867.0,""source_ids"":{},""unit_id"":""331"",""unit_name"":null}",controlled_single_change_replay_unwrap_response_units,true,availability_date,2026-07-30,2026-07-30,2026-07-30,historical_embedded,,,"{""availability_date"":""2026-07-30"",""availability_status"":""AVAILABLE"",""available_units"":"""",""bathrooms"":"""",""bed_label"":"""",""bedrooms"":"""",""building"":"""",""concession"":"""",""deposit"":"""",""extraction_tier"":""TIER_1_API"",""floor"":"""",""floor_plan_name"":"""",""rent_range"":""$867"",""source_api_url"":""https://api.ws.realpage.com/v2/property/9206852/units?available=true&honordisplayorder=true"",""sqft"":""223"",""unit_number"":""331""}","{""_available_date_raw"":""2026-07-30"",""_concession_quality"":null,""_date_placeholder"":null,""_extra"":null,""_inferred_id"":null,""_rent_range_raw"":""$867"",""amenities"":null,""area"":223,""area_absence"":null,""area_absence_evidence"":null,""availability_date_provenance"":""historical_embedded"",""availability_status"":""AVAILABLE"",""available_date"":""2026-07-30"",""available_units"":null,""baths"":null,""beds"":null,""building"":null,""concession_source"":null,""concession_text"":null,""concession_text_clean"":null,""concession_value"":null,""date_captured"":""2026-08-01 10:45:19"",""deposit"":null,""extraction_tier"":""TIER_1_API"",""floor"":null,""floor_plan_id"":null,""floor_plan_name"":null,""is_floor_plan_level"":false,""lease_term"":null,""move_in_date"":null,""offer_banner"":null,""offer_conditions"":null,""offer_target"":null,""offer_type"":null,""offer_value"":null,""rent_high"":867.0,""rent_low"":867.0,""source_ids"":{},""unit_id"":""331"",""unit_name"":null}","{""floorplanId"":11395514,""id"":17924394,""internalAvailableDate"":""2026-07-30 00:00 -0500"",""leaseStatus"":""AVAILABLE_READY"",""name"":""331"",""rent"":867,""unitNumber"":""331"",""vacantDate"":""2026-08-11 00:00 -0000""}"
local_current_live_no_rp_oracle_audit_not_canary,2026-08-01T10:45:19Z,2026-08-01,2026-07-31,separate_no_rp_oracle_573_rows_78_properties,ONESITE_WORKFLOW,15704,East Perimeter Pointe,onesite_workflowstartup_raw_floorplan_unitids,true,https://leasing.realpage.com/RP.Leasing.AppService.WebHost/workflowstartup/v1/3649780/English?BpmId=OLL.WorkflowStartUp&BpmSequence=0&LogSequence=3&ClientSessionID=9b7169fc-4eca-4a62-b3de-73f09fff813d,532,A1,,,source_blank,false,workflowstartup Floorplans has no date field,onesite.parse_onesite_workflowstartup,exact_current_parser,true,true,,,,,source_blank,false,false,2026-08-01,,capture_date_default,,false,false,true,SOURCE_NO_DATE_NORMALIZED_TO_CAPTURE_DATE,source_no_date_capture_date_default,HIGH,Exact workflowstartup JSON was replayed through the current OneSite parser. The native floorplan object has UnitIds but no availability-date field.,"{""_concession_quality"":null,""availability_date"":"""",""availability_status"":""AVAILABLE"",""available_date"":"""",""available_units"":""1"",""bathrooms"":""1"",""bed_label"":""1 Bedroom"",""bedrooms"":""1"",""building"":"""",""concession"":"""",""concession_source"":null,""concession_text"":null,""concession_text_clean"":null,""concession_value"":null,""data_gaps"":[],""data_quality_flag"":"""",""deposit"":"""",""extraction_tier"":""TIER_1_API_ONESITE_WORKFLOW"",""floor"":"""",""floor_plan_name"":""A1"",""lease_term"":"""",""market_rent_high"":922,""market_rent_low"":898,""move_in_date"":"""",""offer_banner"":null,""offer_conditions"":null,""offer_target"":null,""offer_type"":null,""offer_value"":null,""rent_range"":""$898 - $922"",""source_api_url"":""https://leasing.realpage.com/RP.Leasing.AppService.WebHost/workflowstartup/v1/3649780/English?BpmId=OLL.WorkflowStartUp&BpmSequence=0&LogSequence=3&ClientSessionID=9b7169fc-4eca-4a62-b3de-73f09fff813d"",""source_ids"":{},""sqft"":""555"",""unit_name"":"""",""unit_number"":""532""}","{""_available_date_raw"":null,""_concession_quality"":null,""_date_placeholder"":null,""_extra"":null,""_inferred_id"":null,""_rent_range_raw"":""$898 - $922"",""amenities"":null,""area"":555,""area_absence"":null,""area_absence_evidence"":null,""availability_date_provenance"":""capture_date_default"",""availability_status"":""AVAILABLE"",""available_date"":""2026-08-01"",""available_units"":""1"",""baths"":1.0,""beds"":1,""building"":null,""concession_source"":null,""concession_text"":null,""concession_text_clean"":null,""concession_value"":null,""date_captured"":""2026-08-01 10:45:19"",""deposit"":null,""extraction_tier"":""TIER_1_API_ONESITE_WORKFLOW"",""floor"":null,""floor_plan_id"":""f11c7e2abdb9"",""floor_plan_name"":""A1"",""is_floor_plan_level"":false,""lease_term"":null,""move_in_date"":null,""offer_banner"":null,""offer_conditions"":null,""offer_target"":null,""offer_type"":null,""offer_value"":null,""rent_high"":922.0,""rent_low"":898.0,""source_ids"":{},""unit_id"":""532"",""unit_name"":null}",,false,,,,,,,,{},{},"{""AvailableUnits"":2,""Bathrooms"":1,""Bedrooms"":1,""Id"":""2694440"",""MarketingId"":""2694440"",""MaxPriceRange"":922,""MinPriceRange"":898,""Name"":""A1"",""UnitIds"":[""532"",""555""]}"
local_current_live_no_rp_oracle_audit_not_canary,2026-08-01T10:45:19Z,2026-08-01,2026-07-31,separate_no_rp_oracle_573_rows_78_properties,ONESITE_WORKFLOW,15704,East Perimeter Pointe,onesite_workflowstartup_raw_floorplan_unitids,true,https://leasing.realpage.com/RP.Leasing.AppService.WebHost/workflowstartup/v1/3649780/English?BpmId=OLL.WorkflowStartUp&BpmSequence=0&LogSequence=3&ClientSessionID=9b7169fc-4eca-4a62-b3de-73f09fff813d,555,A1,,,source_blank,false,workflowstartup Floorplans has no date field,onesite.parse_onesite_workflowstartup,exact_current_parser,true,true,,,,,source_blank,false,false,2026-08-01,,capture_date_default,,false,false,true,SOURCE_NO_DATE_NORMALIZED_TO_CAPTURE_DATE,source_no_date_capture_date_default,HIGH,Exact workflowstartup JSON was replayed through the current OneSite parser. The native floorplan object has UnitIds but no availability-date field.,"{""_concession_quality"":null,""availability_date"":"""",""availability_status"":""AVAILABLE"",""available_date"":"""",""available_units"":""1"",""bathrooms"":""1"",""bed_label"":""1 Bedroom"",""bedrooms"":""1"",""building"":"""",""concession"":"""",""concession_source"":null,""concession_text"":null,""concession_text_clean"":null,""concession_value"":null,""data_gaps"":[],""data_quality_flag"":"""",""deposit"":"""",""extraction_tier"":""TIER_1_API_ONESITE_WORKFLOW"",""floor"":"""",""floor_plan_name"":""A1"",""lease_term"":"""",""market_rent_high"":922,""market_rent_low"":898,""move_in_date"":"""",""offer_banner"":null,""offer_conditions"":null,""offer_target"":null,""offer_type"":null,""offer_value"":null,""rent_range"":""$898 - $922"",""source_api_url"":""https://leasing.realpage.com/RP.Leasing.AppService.WebHost/workflowstartup/v1/3649780/English?BpmId=OLL.WorkflowStartUp&BpmSequence=0&LogSequence=3&ClientSessionID=9b7169fc-4eca-4a62-b3de-73f09fff813d"",""source_ids"":{},""sqft"":""555"",""unit_name"":"""",""unit_number"":""555""}","{""_available_date_raw"":null,""_concession_quality"":null,""_date_placeholder"":null,""_extra"":null,""_inferred_id"":null,""_rent_range_raw"":""$898 - $922"",""amenities"":null,""area"":555,""area_absence"":null,""area_absence_evidence"":null,""availability_date_provenance"":""capture_date_default"",""availability_status"":""AVAILABLE"",""available_date"":""2026-08-01"",""available_units"":""1"",""baths"":1.0,""beds"":1,""building"":null,""concession_source"":null,""concession_text"":null,""concession_text_clean"":null,""concession_value"":null,""date_captured"":""2026-08-01 10:45:19"",""deposit"":null,""extraction_tier"":""TIER_1_API_ONESITE_WORKFLOW"",""floor"":null,""floor_plan_id"":""f11c7e2abdb9"",""floor_plan_name"":""A1"",""is_floor_plan_level"":false,""lease_term"":null,""move_in_date"":null,""offer_banner"":null,""offer_conditions"":null,""offer_target"":null,""offer_type"":null,""offer_value"":null,""rent_high"":922.0,""rent_low"":898.0,""source_ids"":{},""unit_id"":""555"",""unit_name"":null}",,false,,,,,,,,{},{},"{""AvailableUnits"":2,""Bathrooms"":1,""Bedrooms"":1,""Id"":""2694440"",""MarketingId"":""2694440"",""MaxPriceRange"":922,""MinPriceRange"":898,""Name"":""A1"",""UnitIds"":[""532"",""555""]}"
local_current_live_no_rp_oracle_audit_not_canary,2026-08-01T10:45:19Z,2026-08-01,2026-07-31,separate_no_rp_oracle_573_rows_78_properties,ONESITE_WORKFLOW,15704,East Perimeter Pointe,onesite_workflowstartup_raw_floorplan_unitids,true,https://leasing.realpage.com/RP.Leasing.AppService.WebHost/workflowstartup/v1/3649780/English?BpmId=OLL.WorkflowStartUp&BpmSequence=0&LogSequence=3&ClientSessionID=9b7169fc-4eca-4a62-b3de-73f09fff813d,608,A2 - A5,,,source_blank,false,workflowstartup Floorplans has no date field,onesite.parse_onesite_workflowstartup,exact_current_parser,true,true,,,,,source_blank,false,false,2026-08-01,,capture_date_default,,false,false,true,SOURCE_NO_DATE_NORMALIZED_TO_CAPTURE_DATE,source_no_date_capture_date_default,HIGH,Exact workflowstartup JSON was replayed through the current OneSite parser. The native floorplan object has UnitIds but no availability-date field.,"{""_concession_quality"":null,""availability_date"":"""",""availability_status"":""AVAILABLE"",""available_date"":"""",""available_units"":""1"",""bathrooms"":""1"",""bed_label"":""1 Bedroom"",""bedrooms"":""1"",""building"":"""",""concession"":"""",""concession_source"":null,""concession_text"":null,""concession_text_clean"":null,""concession_value"":null,""data_gaps"":[],""data_quality_flag"":"""",""deposit"":"""",""extraction_tier"":""TIER_1_API_ONESITE_WORKFLOW"",""floor"":"""",""floor_plan_name"":""A2 - A5"",""lease_term"":"""",""market_rent_high"":1131,""market_rent_low"":888,""move_in_date"":"""",""offer_banner"":null,""offer_conditions"":null,""offer_target"":null,""offer_type"":null,""offer_value"":null,""rent_range"":""$888 - $1,131"",""source_api_url"":""https://leasing.realpage.com/RP.Leasing.AppService.WebHost/workflowstartup/v1/3649780/English?BpmId=OLL.WorkflowStartUp&BpmSequence=0&LogSequence=3&ClientSessionID=9b7169fc-4eca-4a62-b3de-73f09fff813d"",""source_ids"":{},""sqft"":""647"",""unit_name"":"""",""unit_number"":""608""}","{""_available_date_raw"":null,""_concession_quality"":null,""_date_placeholder"":null,""_extra"":null,""_inferred_id"":null,""_rent_range_raw"":""$888 - $1,131"",""amenities"":null,""area"":647,""area_absence"":null,""area_absence_evidence"":null,""availability_date_provenance"":""capture_date_default"",""availability_status"":""AVAILABLE"",""available_date"":""2026-08-01"",""available_units"":""1"",""baths"":1.0,""beds"":1,""building"":null,""concession_source"":null,""concession_text"":null,""concession_text_clean"":null,""concession_value"":null,""date_captured"":""2026-08-01 10:45:19"",""deposit"":null,""extraction_tier"":""TIER_1_API_ONESITE_WORKFLOW"",""floor"":null,""floor_plan_id"":""8ffa4fe65314"",""floor_plan_name"":""A2 - A5"",""is_floor_plan_level"":false,""lease_term"":null,""move_in_date"":null,""offer_banner"":null,""offer_conditions"":null,""offer_target"":null,""offer_type"":null,""offer_value"":null,""rent_high"":1131.0,""rent_low"":888.0,""source_ids"":{},""unit_id"":""608"",""unit_name"":null}",,false,,,,,,,,{},{},"{""AvailableUnits"":5,""Bathrooms"":1,""Bedrooms"":1,""Id"":""2724005"",""MarketingId"":""2724005"",""MaxPriceRange"":1131,""MinPriceRange"":888,""Name"":""A2 - A5"",""UnitIds"":[""608"",""612"",""103"",""679"",""221""]}"
local_current_live_no_rp_oracle_audit_not_canary,2026-08-01T10:45:19Z,2026-08-01,2026-07-31,separate_no_rp_oracle_573_rows_78_properties,ONESITE_WORKFLOW,15704,East Perimeter Pointe,onesite_workflowstartup_raw_floorplan_unitids,true,https://leasing.realpage.com/RP.Leasing.AppService.WebHost/workflowstartup/v1/3649780/English?BpmId=OLL.WorkflowStartUp&BpmSequence=0&LogSequence=3&ClientSessionID=9b7169fc-4eca-4a62-b3de-73f09fff813d,612,A2 - A5,,,source_blank,false,workflowstartup Floorplans has no date field,onesite.parse_onesite_workflowstartup,exact_current_parser,true,true,,,,,source_blank,false,false,2026-08-01,,capture_date_default,,false,false,true,SOURCE_NO_DATE_NORMALIZED_TO_CAPTURE_DATE,source_no_date_capture_date_default,HIGH,Exact workflowstartup JSON was replayed through the current OneSite parser. The native floorplan object has UnitIds but no availability-date field.,"{""_concession_quality"":null,""availability_date"":"""",""availability_status"":""AVAILABLE"",""available_date"":"""",""available_units"":""1"",""bathrooms"":""1"",""bed_label"":""1 Bedroom"",""bedrooms"":""1"",""building"":"""",""concession"":"""",""concession_source"":null,""concession_text"":null,""concession_text_clean"":null,""concession_value"":null,""data_gaps"":[],""data_quality_flag"":"""",""deposit"":"""",""extraction_tier"":""TIER_1_API_ONESITE_WORKFLOW"",""floor"":"""",""floor_plan_name"":""A2 - A5"",""lease_term"":"""",""market_rent_high"":1131,""market_rent_low"":888,""move_in_date"":"""",""offer_banner"":null,""offer_conditions"":null,""offer_target"":null,""offer_type"":null,""offer_value"":null,""rent_range"":""$888 - $1,131"",""source_api_url"":""https://leasing.realpage.com/RP.Leasing.AppService.WebHost/workflowstartup/v1/3649780/English?BpmId=OLL.WorkflowStartUp&BpmSequence=0&LogSequence=3&ClientSessionID=9b7169fc-4eca-4a62-b3de-73f09fff813d"",""source_ids"":{},""sqft"":""647"",""unit_name"":"""",""unit_number"":""612""}","{""_available_date_raw"":null,""_concession_quality"":null,""_date_placeholder"":null,""_extra"":null,""_inferred_id"":null,""_rent_range_raw"":""$888 - $1,131"",""amenities"":null,""area"":647,""area_absence"":null,""area_absence_evidence"":null,""availability_date_provenance"":""capture_date_default"",""availability_status"":""AVAILABLE"",""available_date"":""2026-08-01"",""available_units"":""1"",""baths"":1.0,""beds"":1,""building"":null,""concession_source"":null,""concession_text"":null,""concession_text_clean"":null,""concession_value"":null,""date_captured"":""2026-08-01 10:45:19"",""deposit"":null,""extraction_tier"":""TIER_1_API_ONESITE_WORKFLOW"",""floor"":null,""floor_plan_id"":""8ffa4fe65314"",""floor_plan_name"":""A2 - A5"",""is_floor_plan_level"":false,""lease_term"":null,""move_in_date"":null,""offer_banner"":null,""offer_conditions"":null,""offer_target"":null,""offer_type"":null,""offer_value"":null,""rent_high"":1131.0,""rent_low"":888.0,""source_ids"":{},""unit_id"":""612"",""unit_name"":null}",,false,,,,,,,,{},{},"{""AvailableUnits"":5,""Bathrooms"":1,""Bedrooms"":1,""Id"":""2724005"",""MarketingId"":""2724005"",""MaxPriceRange"":1131,""MinPriceRange"":888,""Name"":""A2 - A5"",""UnitIds"":[""608"",""612"",""103"",""679"",""221""]}"
local_current_live_no_rp_oracle_audit_not_canary,2026-08-01T10:45:19Z,2026-08-01,2026-07-31,separate_no_rp_oracle_573_rows_78_properties,ONESITE_WORKFLOW,15704,East Perimeter Pointe,onesite_workflowstartup_raw_floorplan_unitids,true,https://leasing.realpage.com/RP.Leasing.AppService.WebHost/workflowstartup/v1/3649780/English?BpmId=OLL.WorkflowStartUp&BpmSequence=0&LogSequence=3&ClientSessionID=9b7169fc-4eca-4a62-b3de-73f09fff813d,103,A2 - A5,,,source_blank,false,workflowstartup Floorplans has no date field,onesite.parse_onesite_workflowstartup,exact_current_parser,true,true,,,,,source_blank,false,false,2026-08-01,,capture_date_default,,false,false,true,SOURCE_NO_DATE_NORMALIZED_TO_CAPTURE_DATE,source_no_date_capture_date_default,HIGH,Exact workflowstartup JSON was replayed through the current OneSite parser. The native floorplan object has UnitIds but no availability-date field.,"{""_concession_quality"":null,""availability_date"":"""",""availability_status"":""AVAILABLE"",""available_date"":"""",""available_units"":""1"",""bathrooms"":""1"",""bed_label"":""1 Bedroom"",""bedrooms"":""1"",""building"":"""",""concession"":"""",""concession_source"":null,""concession_text"":null,""concession_text_clean"":null,""concession_value"":null,""data_gaps"":[],""data_quality_flag"":"""",""deposit"":"""",""extraction_tier"":""TIER_1_API_ONESITE_WORKFLOW"",""floor"":"""",""floor_plan_name"":""A2 - A5"",""lease_term"":"""",""market_rent_high"":1131,""market_rent_low"":888,""move_in_date"":"""",""offer_banner"":null,""offer_conditions"":null,""offer_target"":null,""offer_type"":null,""offer_value"":null,""rent_range"":""$888 - $1,131"",""source_api_url"":""https://leasing.realpage.com/RP.Leasing.AppService.WebHost/workflowstartup/v1/3649780/English?BpmId=OLL.WorkflowStartUp&BpmSequence=0&LogSequence=3&ClientSessionID=9b7169fc-4eca-4a62-b3de-73f09fff813d"",""source_ids"":{},""sqft"":""647"",""unit_name"":"""",""unit_number"":""103""}","{""_available_date_raw"":null,""_concession_quality"":null,""_date_placeholder"":null,""_extra"":null,""_inferred_id"":null,""_rent_range_raw"":""$888 - $1,131"",""amenities"":null,""area"":647,""area_absence"":null,""area_absence_evidence"":null,""availability_date_provenance"":""capture_date_default"",""availability_status"":""AVAILABLE"",""available_date"":""2026-08-01"",""available_units"":""1"",""baths"":1.0,""beds"":1,""building"":null,""concession_source"":null,""concession_text"":null,""concession_text_clean"":null,""concession_value"":null,""date_captured"":""2026-08-01 10:45:19"",""deposit"":null,""extraction_tier"":""TIER_1_API_ONESITE_WORKFLOW"",""floor"":null,""floor_plan_id"":""8ffa4fe65314"",""floor_plan_name"":""A2 - A5"",""is_floor_plan_level"":false,""lease_term"":null,""move_in_date"":null,""offer_banner"":null,""offer_conditions"":null,""offer_target"":null,""offer_type"":null,""offer_value"":null,""rent_high"":1131.0,""rent_low"":888.0,""source_ids"":{},""unit_id"":""103"",""unit_name"":null}",,false,,,,,,,,{},{},"{""AvailableUnits"":5,""Bathrooms"":1,""Bedrooms"":1,""Id"":""2724005"",""MarketingId"":""2724005"",""MaxPriceRange"":1131,""MinPriceRange"":888,""Name"":""A2 - A5"",""UnitIds"":[""608"",""612"",""103"",""679"",""221""]}"
local_current_live_no_rp_oracle_audit_not_canary,2026-08-01T10:45:19Z,2026-08-01,2026-07-31,separate_no_rp_oracle_573_rows_78_properties,ONESITE_WORKFLOW,15704,East Perimeter Pointe,onesite_workflowstartup_raw_floorplan_unitids,true,https://leasing.realpage.com/RP.Leasing.AppService.WebHost/workflowstartup/v1/3649780/English?BpmId=OLL.WorkflowStartUp&BpmSequence=0&LogSequence=3&ClientSessionID=9b7169fc-4eca-4a62-b3de-73f09fff813d,679,A2 - A5,,,source_blank,false,workflowstartup Floorplans has no date field,onesite.parse_onesite_workflowstartup,exact_current_parser,true,true,,,,,source_blank,false,false,2026-08-01,,capture_date_default,,false,false,true,SOURCE_NO_DATE_NORMALIZED_TO_CAPTURE_DATE,source_no_date_capture_date_default,HIGH,Exact workflowstartup JSON was replayed through the current OneSite parser. The native floorplan object has UnitIds but no availability-date field.,"{""_concession_quality"":null,""availability_date"":"""",""availability_status"":""AVAILABLE"",""available_date"":"""",""available_units"":""1"",""bathrooms"":""1"",""bed_label"":""1 Bedroom"",""bedrooms"":""1"",""building"":"""",""concession"":"""",""concession_source"":null,""concession_text"":null,""concession_text_clean"":null,""concession_value"":null,""data_gaps"":[],""data_quality_flag"":"""",""deposit"":"""",""extraction_tier"":""TIER_1_API_ONESITE_WORKFLOW"",""floor"":"""",""floor_plan_name"":""A2 - A5"",""lease_term"":"""",""market_rent_high"":1131,""market_rent_low"":888,""move_in_date"":"""",""offer_banner"":null,""offer_conditions"":null,""offer_target"":null,""offer_type"":null,""offer_value"":null,""rent_range"":""$888 - $1,131"",""source_api_url"":""https://leasing.realpage.com/RP.Leasing.AppService.WebHost/workflowstartup/v1/3649780/English?BpmId=OLL.WorkflowStartUp&BpmSequence=0&LogSequence=3&ClientSessionID=9b7169fc-4eca-4a62-b3de-73f09fff813d"",""source_ids"":{},""sqft"":""647"",""unit_name"":"""",""unit_number"":""679""}","{""_available_date_raw"":null,""_concession_quality"":null,""_date_placeholder"":null,""_extra"":null,""_inferred_id"":null,""_rent_range_raw"":""$888 - $1,131"",""amenities"":null,""area"":647,""area_absence"":null,""area_absence_evidence"":null,""availability_date_provenance"":""capture_date_default"",""availability_status"":""AVAILABLE"",""available_date"":""2026-08-01"",""available_units"":""1"",""baths"":1.0,""beds"":1,""building"":null,""concession_source"":null,""concession_text"":null,""concession_text_clean"":null,""concession_value"":null,""date_captured"":""2026-08-01 10:45:19"",""deposit"":null,""extraction_tier"":""TIER_1_API_ONESITE_WORKFLOW"",""floor"":null,""floor_plan_id"":""8ffa4fe65314"",""floor_plan_name"":""A2 - A5"",""is_floor_plan_level"":false,""lease_term"":null,""move_in_date"":null,""offer_banner"":null,""offer_conditions"":null,""offer_target"":null,""offer_type"":null,""offer_value"":null,""rent_high"":1131.0,""rent_low"":888.0,""source_ids"":{},""unit_id"":""679"",""unit_name"":null}",,false,,,,,,,,{},{},"{""AvailableUnits"":5,""Bathrooms"":1,""Bedrooms"":1,""Id"":""2724005"",""MarketingId"":""2724005"",""MaxPriceRange"":1131,""MinPriceRange"":888,""Name"":""A2 - A5"",""UnitIds"":[""608"",""612"",""103"",""679"",""221""]}"
local_current_live_no_rp_oracle_audit_not_canary,2026-08-01T10:45:19Z,2026-08-01,2026-07-31,separate_no_rp_oracle_573_rows_78_properties,ONESITE_WORKFLOW,15704,East Perimeter Pointe,onesite_workflowstartup_raw_floorplan_unitids,true,https://leasing.realpage.com/RP.Leasing.AppService.WebHost/workflowstartup/v1/3649780/English?BpmId=OLL.WorkflowStartUp&BpmSequence=0&LogSequence=3&ClientSessionID=9b7169fc-4eca-4a62-b3de-73f09fff813d,221,A2 - A5,,,source_blank,false,workflowstartup Floorplans has no date field,onesite.parse_onesite_workflowstartup,exact_current_parser,true,true,,,,,source_blank,false,false,2026-08-01,,capture_date_default,,false,false,true,SOURCE_NO_DATE_NORMALIZED_TO_CAPTURE_DATE,source_no_date_capture_date_default,HIGH,Exact workflowstartup JSON was replayed through the current OneSite parser. The native floorplan object has UnitIds but no availability-date field.,"{""_concession_quality"":null,""availability_date"":"""",""availability_status"":""AVAILABLE"",""available_date"":"""",""available_units"":""1"",""bathrooms"":""1"",""bed_label"":""1 Bedroom"",""bedrooms"":""1"",""building"":"""",""concession"":"""",""concession_source"":null,""concession_text"":null,""concession_text_clean"":null,""concession_value"":null,""data_gaps"":[],""data_quality_flag"":"""",""deposit"":"""",""extraction_tier"":""TIER_1_API_ONESITE_WORKFLOW"",""floor"":"""",""floor_plan_name"":""A2 - A5"",""lease_term"":"""",""market_rent_high"":1131,""market_rent_low"":888,""move_in_date"":"""",""offer_banner"":null,""offer_conditions"":null,""offer_target"":null,""offer_type"":null,""offer_value"":null,""rent_range"":""$888 - $1,131"",""source_api_url"":""https://leasing.realpage.com/RP.Leasing.AppService.WebHost/workflowstartup/v1/3649780/English?BpmId=OLL.WorkflowStartUp&BpmSequence=0&LogSequence=3&ClientSessionID=9b7169fc-4eca-4a62-b3de-73f09fff813d"",""source_ids"":{},""sqft"":""647"",""unit_name"":"""",""unit_number"":""221""}","{""_available_date_raw"":null,""_concession_quality"":null,""_date_placeholder"":null,""_extra"":null,""_inferred_id"":null,""_rent_range_raw"":""$888 - $1,131"",""amenities"":null,""area"":647,""area_absence"":null,""area_absence_evidence"":null,""availability_date_provenance"":""capture_date_default"",""availability_status"":""AVAILABLE"",""available_date"":""2026-08-01"",""available_units"":""1"",""baths"":1.0,""beds"":1,""building"":null,""concession_source"":null,""concession_text"":null,""concession_text_clean"":null,""concession_value"":null,""date_captured"":""2026-08-01 10:45:19"",""deposit"":null,""extraction_tier"":""TIER_1_API_ONESITE_WORKFLOW"",""floor"":null,""floor_plan_id"":""8ffa4fe65314"",""floor_plan_name"":""A2 - A5"",""is_floor_plan_level"":false,""lease_term"":null,""move_in_date"":null,""offer_banner"":null,""offer_conditions"":null,""offer_target"":null,""offer_type"":null,""offer_value"":null,""rent_high"":1131.0,""rent_low"":888.0,""source_ids"":{},""unit_id"":""221"",""unit_name"":null}",,false,,,,,,,,{},{},"{""AvailableUnits"":5,""Bathrooms"":1,""Bedrooms"":1,""Id"":""2724005"",""MarketingId"":""2724005"",""MaxPriceRange"":1131,""MinPriceRange"":888,""Name"":""A2 - A5"",""UnitIds"":[""608"",""612"",""103"",""679"",""221""]}"
local_current_live_no_rp_oracle_audit_not_canary,2026-08-01T10:45:19Z,2026-08-01,2026-07-31,separate_no_rp_oracle_573_rows_78_properties,ONESITE_WORKFLOW,15704,East Perimeter Pointe,onesite_workflowstartup_raw_floorplan_unitids,true,https://leasing.realpage.com/RP.Leasing.AppService.WebHost/workflowstartup/v1/3649780/English?BpmId=OLL.WorkflowStartUp&BpmSequence=0&LogSequence=3&ClientSessionID=9b7169fc-4eca-4a62-b3de-73f09fff813d,283,A6 - A9,,,source_blank,false,workflowstartup Floorplans has no date field,onesite.parse_onesite_workflowstartup,exact_current_parser,true,true,,,,,source_blank,false,false,2026-08-01,,capture_date_default,,false,false,true,SOURCE_NO_DATE_NORMALIZED_TO_CAPTURE_DATE,source_no_date_capture_date_default,HIGH,Exact workflowstartup JSON was replayed through the current OneSite parser. The native floorplan object has UnitIds but no availability-date field.,"{""_concession_quality"":null,""availability_date"":"""",""availability_status"":""AVAILABLE"",""available_date"":"""",""available_units"":""1"",""bathrooms"":""1"",""bed_label"":""1 Bedroom"",""bedrooms"":""1"",""building"":"""",""concession"":"""",""concession_source"":null,""concession_text"":null,""concession_text_clean"":null,""concession_value"":null,""data_gaps"":[],""data_quality_flag"":"""",""deposit"":"""",""extraction_tier"":""TIER_1_API_ONESITE_WORKFLOW"",""floor"":"""",""floor_plan_name"":""A6 - A9"",""lease_term"":"""",""market_rent_high"":1207,""market_rent_low"":953,""move_in_date"":"""",""offer_banner"":null,""offer_conditions"":null,""offer_target"":null,""offer_type"":null,""offer_value"":null,""rent_range"":""$953 - $1,207"",""source_api_url"":""https://leasing.realpage.com/RP.Leasing.AppService.WebHost/workflowstartup/v1/3649780/English?BpmId=OLL.WorkflowStartUp&BpmSequence=0&LogSequence=3&ClientSessionID=9b7169fc-4eca-4a62-b3de-73f09fff813d"",""source_ids"":{},""sqft"":""889"",""unit_name"":"""",""unit_number"":""283""}","{""_available_date_raw"":null,""_concession_quality"":null,""_date_placeholder"":null,""_extra"":null,""_inferred_id"":null,""_rent_range_raw"":""$953 - $1,207"",""amenities"":null,""area"":889,""area_absence"":null,""area_absence_evidence"":null,""availability_date_provenance"":""capture_date_default"",""availability_status"":""AVAILABLE"",""available_date"":""2026-08-01"",""available_units"":""1"",""baths"":1.0,""beds"":1,""building"":null,""concession_source"":null,""concession_text"":null,""concession_text_clean"":null,""concession_value"":null,""date_captured"":""2026-08-01 10:45:19"",""deposit"":null,""extraction_tier"":""TIER_1_API_ONESITE_WORKFLOW"",""floor"":null,""floor_plan_id"":""1c867f190a02"",""floor_plan_name"":""A6 - A9"",""is_floor_plan_level"":false,""lease_term"":null,""move_in_date"":null,""offer_banner"":null,""offer_conditions"":null,""offer_target"":null,""offer_type"":null,""offer_value"":null,""rent_high"":1207.0,""rent_low"":953.0,""source_ids"":{},""unit_id"":""283"",""unit_name"":null}",,false,,,,,,,,{},{},"{""AvailableUnits"":5,""Bathrooms"":1,""Bedrooms"":1,""Id"":""2724006"",""MarketingId"":""2724006"",""MaxPriceRange"":1207,""MinPriceRange"":953,""Name"":""A6 - A9"",""UnitIds"":[""283"",""123"",""418"",""282"",""149""]}"
local_current_live_no_rp_oracle_audit_not_canary,2026-08-01T10:45:19Z,2026-08-01,2026-07-31,separate_no_rp_oracle_573_rows_78_properties,ONESITE_WORKFLOW,15704,East Perimeter Pointe,onesite_workflowstartup_raw_floorplan_unitids,true,https://leasing.realpage.com/RP.Leasing.AppService.WebHost/workflowstartup/v1/3649780/English?BpmId=OLL.WorkflowStartUp&BpmSequence=0&LogSequence=3&ClientSessionID=9b7169fc-4eca-4a62-b3de-73f09fff813d,123,A6 - A9,,,source_blank,false,workflowstartup Floorplans has no date field,onesite.parse_onesite_workflowstartup,exact_current_parser,true,true,,,,,source_blank,false,false,2026-08-01,,capture_date_default,,false,false,true,SOURCE_NO_DATE_NORMALIZED_TO_CAPTURE_DATE,source_no_date_capture_date_default,HIGH,Exact workflowstartup JSON was replayed through the current OneSite parser. The native floorplan object has UnitIds but no availability-date field.,"{""_concession_quality"":null,""availability_date"":"""",""availability_status"":""AVAILABLE"",""available_date"":"""",""available_units"":""1"",""bathrooms"":""1"",""bed_label"":""1 Bedroom"",""bedrooms"":""1"",""building"":"""",""concession"":"""",""concession_source"":null,""concession_text"":null,""concession_text_clean"":null,""concession_value"":null,""data_gaps"":[],""data_quality_flag"":"""",""deposit"":"""",""extraction_tier"":""TIER_1_API_ONESITE_WORKFLOW"",""floor"":"""",""floor_plan_name"":""A6 - A9"",""lease_term"":"""",""market_rent_high"":1207,""market_rent_low"":953,""move_in_date"":"""",""offer_banner"":null,""offer_conditions"":null,""offer_target"":null,""offer_type"":null,""offer_value"":null,""rent_range"":""$953 - $1,207"",""source_api_url"":""https://leasing.realpage.com/RP.Leasing.AppService.WebHost/workflowstartup/v1/3649780/English?BpmId=OLL.WorkflowStartUp&BpmSequence=0&LogSequence=3&ClientSessionID=9b7169fc-4eca-4a62-b3de-73f09fff813d"",""source_ids"":{},""sqft"":""889"",""unit_name"":"""",""unit_number"":""123""}","{""_available_date_raw"":null,""_concession_quality"":null,""_date_placeholder"":null,""_extra"":null,""_inferred_id"":null,""_rent_range_raw"":""$953 - $1,207"",""amenities"":null,""area"":889,""area_absence"":null,""area_absence_evidence"":null,""availability_date_provenance"":""capture_date_default"",""availability_status"":""AVAILABLE"",""available_date"":""2026-08-01"",""available_units"":""1"",""baths"":1.0,""beds"":1,""building"":null,""concession_source"":null,""concession_text"":null,""concession_text_clean"":null,""concession_value"":null,""date_captured"":""2026-08-01 10:45:19"",""deposit"":null,""extraction_tier"":""TIER_1_API_ONESITE_WORKFLOW"",""floor"":null,""floor_plan_id"":""1c867f190a02"",""floor_plan_name"":""A6 - A9"",""is_floor_plan_level"":false,""lease_term"":null,""move_in_date"":null,""offer_banner"":null,""offer_conditions"":null,""offer_target"":null,""offer_type"":null,""offer_value"":null,""rent_high"":1207.0,""rent_low"":953.0,""source_ids"":{},""unit_id"":""123"",""unit_name"":null}",,false,,,,,,,,{},{},"{""AvailableUnits"":5,""Bathrooms"":1,""Bedrooms"":1,""Id"":""2724006"",""MarketingId"":""2724006"",""MaxPriceRange"":1207,""MinPriceRange"":953,""Name"":""A6 - A9"",""UnitIds"":[""283"",""123"",""418"",""282"",""149""]}"
local_current_live_no_rp_oracle_audit_not_canary,2026-08-01T10:45:19Z,2026-08-01,2026-07-31,separate_no_rp_oracle_573_rows_78_properties,ONESITE_WORKFLOW,15704,East Perimeter Pointe,onesite_workflowstartup_raw_floorplan_unitids,true,https://leasing.realpage.com/RP.Leasing.AppService.WebHost/workflowstartup/v1/3649780/English?BpmId=OLL.WorkflowStartUp&BpmSequence=0&LogSequence=3&ClientSessionID=9b7169fc-4eca-4a62-b3de-73f09fff813d,418,A6 - A9,,,source_blank,false,workflowstartup Floorplans has no date field,onesite.parse_onesite_workflowstartup,exact_current_parser,true,true,,,,,source_blank,false,false,2026-08-01,,capture_date_default,,false,false,true,SOURCE_NO_DATE_NORMALIZED_TO_CAPTURE_DATE,source_no_date_capture_date_default,HIGH,Exact workflowstartup JSON was replayed through the current OneSite parser. The native floorplan object has UnitIds but no availability-date field.,"{""_concession_quality"":null,""availability_date"":"""",""availability_status"":""AVAILABLE"",""available_date"":"""",""available_units"":""1"",""bathrooms"":""1"",""bed_label"":""1 Bedroom"",""bedrooms"":""1"",""building"":"""",""concession"":"""",""concession_source"":null,""concession_text"":null,""concession_text_clean"":null,""concession_value"":null,""data_gaps"":[],""data_quality_flag"":"""",""deposit"":"""",""extraction_tier"":""TIER_1_API_ONESITE_WORKFLOW"",""floor"":"""",""floor_plan_name"":""A6 - A9"",""lease_term"":"""",""market_rent_high"":1207,""market_rent_low"":953,""move_in_date"":"""",""offer_banner"":null,""offer_conditions"":null,""offer_target"":null,""offer_type"":null,""offer_value"":null,""rent_range"":""$953 - $1,207"",""source_api_url"":""https://leasing.realpage.com/RP.Leasing.AppService.WebHost/workflowstartup/v1/3649780/English?BpmId=OLL.WorkflowStartUp&BpmSequence=0&LogSequence=3&ClientSessionID=9b7169fc-4eca-4a62-b3de-73f09fff813d"",""source_ids"":{},""sqft"":""889"",""unit_name"":"""",""unit_number"":""418""}","{""_available_date_raw"":null,""_concession_quality"":null,""_date_placeholder"":null,""_extra"":null,""_inferred_id"":null,""_rent_range_raw"":""$953 - $1,207"",""amenities"":null,""area"":889,""area_absence"":null,""area_absence_evidence"":null,""availability_date_provenance"":""capture_date_default"",""availability_status"":""AVAILABLE"",""available_date"":""2026-08-01"",""available_units"":""1"",""baths"":1.0,""beds"":1,""building"":null,""concession_source"":null,""concession_text"":null,""concession_text_clean"":null,""concession_value"":null,""date_captured"":""2026-08-01 10:45:19"",""deposit"":null,""extraction_tier"":""TIER_1_API_ONESITE_WORKFLOW"",""floor"":null,""floor_plan_id"":""1c867f190a02"",""floor_plan_name"":""A6 - A9"",""is_floor_plan_level"":false,""lease_term"":null,""move_in_date"":null,""offer_banner"":null,""offer_conditions"":null,""offer_target"":null,""offer_type"":null,""offer_value"":null,""rent_high"":1207.0,""rent_low"":953.0,""source_ids"":{},""unit_id"":""418"",""unit_name"":null}",,false,,,,,,,,{},{},"{""AvailableUnits"":5,""Bathrooms"":1,""Bedrooms"":1,""Id"":""2724006"",""MarketingId"":""2724006"",""MaxPriceRange"":1207,""MinPriceRange"":953,""Name"":""A6 - A9"",""UnitIds"":[""283"",""123"",""418"",""282"",""149""]}"
local_current_live_no_rp_oracle_audit_not_canary,2026-08-01T10:45:19Z,2026-08-01,2026-07-31,separate_no_rp_oracle_573_rows_78_properties,ONESITE_WORKFLOW,15704,East Perimeter Pointe,onesite_workflowstartup_raw_floorplan_unitids,true,https://leasing.realpage.com/RP.Leasing.AppService.WebHost/workflowstartup/v1/3649780/English?BpmId=OLL.WorkflowStartUp&BpmSequence=0&LogSequence=3&ClientSessionID=9b7169fc-4eca-4a62-b3de-73f09fff813d,282,A6 - A9,,,source_blank,false,workflowstartup Floorplans has no date field,onesite.parse_onesite_workflowstartup,exact_current_parser,true,true,,,,,source_blank,false,false,2026-08-01,,capture_date_default,,false,false,true,SOURCE_NO_DATE_NORMALIZED_TO_CAPTURE_DATE,source_no_date_capture_date_default,HIGH,Exact workflowstartup JSON was replayed through the current OneSite parser. The native floorplan object has UnitIds but no availability-date field.,"{""_concession_quality"":null,""availability_date"":"""",""availability_status"":""AVAILABLE"",""available_date"":"""",""available_units"":""1"",""bathrooms"":""1"",""bed_label"":""1 Bedroom"",""bedrooms"":""1"",""building"":"""",""concession"":"""",""concession_source"":null,""concession_text"":null,""concession_text_clean"":null,""concession_value"":null,""data_gaps"":[],""data_quality_flag"":"""",""deposit"":"""",""extraction_tier"":""TIER_1_API_ONESITE_WORKFLOW"",""floor"":"""",""floor_plan_name"":""A6 - A9"",""lease_term"":"""",""market_rent_high"":1207,""market_rent_low"":953,""move_in_date"":"""",""offer_banner"":null,""offer_conditions"":null,""offer_target"":null,""offer_type"":null,""offer_value"":null,""rent_range"":""$953 - $1,207"",""source_api_url"":""https://leasing.realpage.com/RP.Leasing.AppService.WebHost/workflowstartup/v1/3649780/English?BpmId=OLL.WorkflowStartUp&BpmSequence=0&LogSequence=3&ClientSessionID=9b7169fc-4eca-4a62-b3de-73f09fff813d"",""source_ids"":{},""sqft"":""889"",""unit_name"":"""",""unit_number"":""282""}","{""_available_date_raw"":null,""_concession_quality"":null,""_date_placeholder"":null,""_extra"":null,""_inferred_id"":null,""_rent_range_raw"":""$953 - $1,207"",""amenities"":null,""area"":889,""area_absence"":null,""area_absence_evidence"":null,""availability_date_provenance"":""capture_date_default"",""availability_status"":""AVAILABLE"",""available_date"":""2026-08-01"",""available_units"":""1"",""baths"":1.0,""beds"":1,""building"":null,""concession_source"":null,""concession_text"":null,""concession_text_clean"":null,""concession_value"":null,""date_captured"":""2026-08-01 10:45:19"",""deposit"":null,""extraction_tier"":""TIER_1_API_ONESITE_WORKFLOW"",""floor"":null,""floor_plan_id"":""1c867f190a02"",""floor_plan_name"":""A6 - A9"",""is_floor_plan_level"":false,""lease_term"":null,""move_in_date"":null,""offer_banner"":null,""offer_conditions"":null,""offer_target"":null,""offer_type"":null,""offer_value"":null,""rent_high"":1207.0,""rent_low"":953.0,""source_ids"":{},""unit_id"":""282"",""unit_name"":null}",,false,,,,,,,,{},{},"{""AvailableUnits"":5,""Bathrooms"":1,""Bedrooms"":1,""Id"":""2724006"",""MarketingId"":""2724006"",""MaxPriceRange"":1207,""MinPriceRange"":953,""Name"":""A6 - A9"",""UnitIds"":[""283"",""123"",""418"",""282"",""149""]}"
local_current_live_no_rp_oracle_audit_not_canary,2026-08-01T10:45:19Z,2026-08-01,2026-07-31,separate_no_rp_oracle_573_rows_78_properties,ONESITE_WORKFLOW,15704,East Perimeter Pointe,onesite_workflowstartup_raw_floorplan_unitids,true,https://leasing.realpage.com/RP.Leasing.AppService.WebHost/workflowstartup/v1/3649780/English?BpmId=OLL.WorkflowStartUp&BpmSequence=0&LogSequence=3&ClientSessionID=9b7169fc-4eca-4a62-b3de-73f09fff813d,149,A6 - A9,,,source_blank,false,workflowstartup Floorplans has no date field,onesite.parse_onesite_workflowstartup,exact_current_parser,true,true,,,,,source_blank,false,false,2026-08-01,,capture_date_default,,false,false,true,SOURCE_NO_DATE_NORMALIZED_TO_CAPTURE_DATE,source_no_date_capture_date_default,HIGH,Exact workflowstartup JSON was replayed through the current OneSite parser. The native floorplan object has UnitIds but no availability-date field.,"{""_concession_quality"":null,""availability_date"":"""",""availability_status"":""AVAILABLE"",""available_date"":"""",""available_units"":""1"",""bathrooms"":""1"",""bed_label"":""1 Bedroom"",""bedrooms"":""1"",""building"":"""",""concession"":"""",""concession_source"":null,""concession_text"":null,""concession_text_clean"":null,""concession_value"":null,""data_gaps"":[],""data_quality_flag"":"""",""deposit"":"""",""extraction_tier"":""TIER_1_API_ONESITE_WORKFLOW"",""floor"":"""",""floor_plan_name"":""A6 - A9"",""lease_term"":"""",""market_rent_high"":1207,""market_rent_low"":953,""move_in_date"":"""",""offer_banner"":null,""offer_conditions"":null,""offer_target"":null,""offer_type"":null,""offer_value"":null,""rent_range"":""$953 - $1,207"",""source_api_url"":""https://leasing.realpage.com/RP.Leasing.AppService.WebHost/workflowstartup/v1/3649780/English?BpmId=OLL.WorkflowStartUp&BpmSequence=0&LogSequence=3&ClientSessionID=9b7169fc-4eca-4a62-b3de-73f09fff813d"",""source_ids"":{},""sqft"":""889"",""unit_name"":"""",""unit_number"":""149""}","{""_available_date_raw"":null,""_concession_quality"":null,""_date_placeholder"":null,""_extra"":null,""_inferred_id"":null,""_rent_range_raw"":""$953 - $1,207"",""amenities"":null,""area"":889,""area_absence"":null,""area_absence_evidence"":null,""availability_date_provenance"":""capture_date_default"",""availability_status"":""AVAILABLE"",""available_date"":""2026-08-01"",""available_units"":""1"",""baths"":1.0,""beds"":1,""building"":null,""concession_source"":null,""concession_text"":null,""concession_text_clean"":null,""concession_value"":null,""date_captured"":""2026-08-01 10:45:19"",""deposit"":null,""extraction_tier"":""TIER_1_API_ONESITE_WORKFLOW"",""floor"":null,""floor_plan_id"":""1c867f190a02"",""floor_plan_name"":""A6 - A9"",""is_floor_plan_level"":false,""lease_term"":null,""move_in_date"":null,""offer_banner"":null,""offer_conditions"":null,""offer_target"":null,""offer_type"":null,""offer_value"":null,""rent_high"":1207.0,""rent_low"":953.0,""source_ids"":{},""unit_id"":""149"",""unit_name"":null}",,false,,,,,,,,{},{},"{""AvailableUnits"":5,""Bathrooms"":1,""Bedrooms"":1,""Id"":""2724006"",""MarketingId"":""2724006"",""MaxPriceRange"":1207,""MinPriceRange"":953,""Name"":""A6 - A9"",""UnitIds"":[""283"",""123"",""418"",""282"",""149""]}"
local_current_live_no_rp_oracle_audit_not_canary,2026-08-01T10:45:19Z,2026-08-01,2026-07-31,separate_no_rp_oracle_573_rows_78_properties,ONESITE_WORKFLOW,15704,East Perimeter Pointe,onesite_workflowstartup_raw_floorplan_unitids,true,https://leasing.realpage.com/RP.Leasing.AppService.WebHost/workflowstartup/v1/3649780/English?BpmId=OLL.WorkflowStartUp&BpmSequence=0&LogSequence=3&ClientSessionID=9b7169fc-4eca-4a62-b3de-73f09fff813d,512,B2 - B4,,,source_blank,false,workflowstartup Floorplans has no date field,onesite.parse_onesite_workflowstartup,exact_current_parser,true,true,,,,,source_blank,false,false,2026-08-01,,capture_date_default,,false,false,true,SOURCE_NO_DATE_NORMALIZED_TO_CAPTURE_DATE,source_no_date_capture_date_default,HIGH,Exact workflowstartup JSON was replayed through the current OneSite parser. The native floorplan object has UnitIds but no availability-date field.,"{""_concession_quality"":null,""availability_date"":"""",""availability_status"":""AVAILABLE"",""available_date"":"""",""available_units"":""1"",""bathrooms"":""2"",""bed_label"":""2 Bedroom"",""bedrooms"":""2"",""building"":"""",""concession"":"""",""concession_source"":null,""concession_text"":null,""concession_text_clean"":null,""concession_value"":null,""data_gaps"":[],""data_quality_flag"":"""",""deposit"":"""",""extraction_tier"":""TIER_1_API_ONESITE_WORKFLOW"",""floor"":"""",""floor_plan_name"":""B2 - B4"",""lease_term"":"""",""market_rent_high"":1188,""market_rent_low"":1117,""move_in_date"":"""",""offer_banner"":null,""offer_conditions"":null,""offer_target"":null,""offer_type"":null,""offer_value"":null,""rent_range"":""$1,117 - $1,188"",""source_api_url"":""https://leasing.realpage.com/RP.Leasing.AppService.WebHost/workflowstartup/v1/3649780/English?BpmId=OLL.WorkflowStartUp&BpmSequence=0&LogSequence=3&ClientSessionID=9b7169fc-4eca-4a62-b3de-73f09fff813d"",""source_ids"":{},""sqft"":""1307"",""unit_name"":"""",""unit_number"":""512""}","{""_available_date_raw"":null,""_concession_quality"":null,""_date_placeholder"":null,""_extra"":null,""_inferred_id"":null,""_rent_range_raw"":""$1,117 - $1,188"",""amenities"":null,""area"":1307,""area_absence"":null,""area_absence_evidence"":null,""availability_date_provenance"":""capture_date_default"",""availability_status"":""AVAILABLE"",""available_date"":""2026-08-01"",""available_units"":""1"",""baths"":2.0,""beds"":2,""building"":null,""concession_source"":null,""concession_text"":null,""concession_text_clean"":null,""concession_value"":null,""date_captured"":""2026-08-01 10:45:19"",""deposit"":null,""extraction_tier"":""TIER_1_API_ONESITE_WORKFLOW"",""floor"":null,""floor_plan_id"":""9760a4fdafec"",""floor_plan_name"":""B2 - B4"",""is_floor_plan_level"":false,""lease_term"":null,""move_in_date"":null,""offer_banner"":null,""offer_conditions"":null,""offer_target"":null,""offer_type"":null,""offer_value"":null,""rent_high"":1188.0,""rent_low"":1117.0,""source_ids"":{},""unit_id"":""512"",""unit_name"":null}",,false,,,,,,,,{},{},"{""AvailableUnits"":5,""Bathrooms"":2,""Bedrooms"":2,""Id"":""2694442"",""MarketingId"":""2694442"",""MaxPriceRange"":1188,""MinPriceRange"":1117,""Name"":""B2 - B4"",""UnitIds"":[""512"",""461"",""575"",""620"",""59""]}"
local_current_live_no_rp_oracle_audit_not_canary,2026-08-01T10:45:19Z,2026-08-01,2026-07-31,separate_no_rp_oracle_573_rows_78_properties,ONESITE_WORKFLOW,15704,East Perimeter Pointe,onesite_workflowstartup_raw_floorplan_unitids,true,https://leasing.realpage.com/RP.Leasing.AppService.WebHost/workflowstartup/v1/3649780/English?BpmId=OLL.WorkflowStartUp&BpmSequence=0&LogSequence=3&ClientSessionID=9b7169fc-4eca-4a62-b3de-73f09fff813d,461,B2 - B4,,,source_blank,false,workflowstartup Floorplans has no date field,onesite.parse_onesite_workflowstartup,exact_current_parser,true,true,,,,,source_blank,false,false,2026-08-01,,capture_date_default,,false,false,true,SOURCE_NO_DATE_NORMALIZED_TO_CAPTURE_DATE,source_no_date_capture_date_default,HIGH,Exact workflowstartup JSON was replayed through the current OneSite parser. The native floorplan object has UnitIds but no availability-date field.,"{""_concession_quality"":null,""availability_date"":"""",""availability_status"":""AVAILABLE"",""available_date"":"""",""available_units"":""1"",""bathrooms"":""2"",""bed_label"":""2 Bedroom"",""bedrooms"":""2"",""building"":"""",""concession"":"""",""concession_source"":null,""concession_text"":null,""concession_text_clean"":null,""concession_value"":null,""data_gaps"":[],""data_quality_flag"":"""",""deposit"":"""",""extraction_tier"":""TIER_1_API_ONESITE_WORKFLOW"",""floor"":"""",""floor_plan_name"":""B2 - B4"",""lease_term"":"""",""market_rent_high"":1188,""market_rent_low"":1117,""move_in_date"":"""",""offer_banner"":null,""offer_conditions"":null,""offer_target"":null,""offer_type"":null,""offer_value"":null,""rent_range"":""$1,117 - $1,188"",""source_api_url"":""https://leasing.realpage.com/RP.Leasing.AppService.WebHost/workflowstartup/v1/3649780/English?BpmId=OLL.WorkflowStartUp&BpmSequence=0&LogSequence=3&ClientSessionID=9b7169fc-4eca-4a62-b3de-73f09fff813d"",""source_ids"":{},""sqft"":""1307"",""unit_name"":"""",""unit_number"":""461""}","{""_available_date_raw"":null,""_concession_quality"":null,""_date_placeholder"":null,""_extra"":null,""_inferred_id"":null,""_rent_range_raw"":""$1,117 - $1,188"",""amenities"":null,""area"":1307,""area_absence"":null,""area_absence_evidence"":null,""availability_date_provenance"":""capture_date_default"",""availability_status"":""AVAILABLE"",""available_date"":""2026-08-01"",""available_units"":""1"",""baths"":2.0,""beds"":2,""building"":null,""concession_source"":null,""concession_text"":null,""concession_text_clean"":null,""concession_value"":null,""date_captured"":""2026-08-01 10:45:19"",""deposit"":null,""extraction_tier"":""TIER_1_API_ONESITE_WORKFLOW"",""floor"":null,""floor_plan_id"":""9760a4fdafec"",""floor_plan_name"":""B2 - B4"",""is_floor_plan_level"":false,""lease_term"":null,""move_in_date"":null,""offer_banner"":null,""offer_conditions"":null,""offer_target"":null,""offer_type"":null,""offer_value"":null,""rent_high"":1188.0,""rent_low"":1117.0,""source_ids"":{},""unit_id"":""461"",""unit_name"":null}",,false,,,,,,,,{},{},"{""AvailableUnits"":5,""Bathrooms"":2,""Bedrooms"":2,""Id"":""2694442"",""MarketingId"":""2694442"",""MaxPriceRange"":1188,""MinPriceRange"":1117,""Name"":""B2 - B4"",""UnitIds"":[""512"",""461"",""575"",""620"",""59""]}"
local_current_live_no_rp_oracle_audit_not_canary,2026-08-01T10:45:19Z,2026-08-01,2026-07-31,separate_no_rp_oracle_573_rows_78_properties,ONESITE_WORKFLOW,15704,East Perimeter Pointe,onesite_workflowstartup_raw_floorplan_unitids,true,https://leasing.realpage.com/RP.Leasing.AppService.WebHost/workflowstartup/v1/3649780/English?BpmId=OLL.WorkflowStartUp&BpmSequence=0&LogSequence=3&ClientSessionID=9b7169fc-4eca-4a62-b3de-73f09fff813d,575,B2 - B4,,,source_blank,false,workflowstartup Floorplans has no date field,onesite.parse_onesite_workflowstartup,exact_current_parser,true,true,,,,,source_blank,false,false,2026-08-01,,capture_date_default,,false,false,true,SOURCE_NO_DATE_NORMALIZED_TO_CAPTURE_DATE,source_no_date_capture_date_default,HIGH,Exact workflowstartup JSON was replayed through the current OneSite parser. The native floorplan object has UnitIds but no availability-date field.,"{""_concession_quality"":null,""availability_date"":"""",""availability_status"":""AVAILABLE"",""available_date"":"""",""available_units"":""1"",""bathrooms"":""2"",""bed_label"":""2 Bedroom"",""bedrooms"":""2"",""building"":"""",""concession"":"""",""concession_source"":null,""concession_text"":null,""concession_text_clean"":null,""concession_value"":null,""data_gaps"":[],""data_quality_flag"":"""",""deposit"":"""",""extraction_tier"":""TIER_1_API_ONESITE_WORKFLOW"",""floor"":"""",""floor_plan_name"":""B2 - B4"",""lease_term"":"""",""market_rent_high"":1188,""market_rent_low"":1117,""move_in_date"":"""",""offer_banner"":null,""offer_conditions"":null,""offer_target"":null,""offer_type"":null,""offer_value"":null,""rent_range"":""$1,117 - $1,188"",""source_api_url"":""https://leasing.realpage.com/RP.Leasing.AppService.WebHost/workflowstartup/v1/3649780/English?BpmId=OLL.WorkflowStartUp&BpmSequence=0&LogSequence=3&ClientSessionID=9b7169fc-4eca-4a62-b3de-73f09fff813d"",""source_ids"":{},""sqft"":""1307"",""unit_name"":"""",""unit_number"":""575""}","{""_available_date_raw"":null,""_concession_quality"":null,""_date_placeholder"":null,""_extra"":null,""_inferred_id"":null,""_rent_range_raw"":""$1,117 - $1,188"",""amenities"":null,""area"":1307,""area_absence"":null,""area_absence_evidence"":null,""availability_date_provenance"":""capture_date_default"",""availability_status"":""AVAILABLE"",""available_date"":""2026-08-01"",""available_units"":""1"",""baths"":2.0,""beds"":2,""building"":null,""concession_source"":null,""concession_text"":null,""concession_text_clean"":null,""concession_value"":null,""date_captured"":""2026-08-01 10:45:19"",""deposit"":null,""extraction_tier"":""TIER_1_API_ONESITE_WORKFLOW"",""floor"":null,""floor_plan_id"":""9760a4fdafec"",""floor_plan_name"":""B2 - B4"",""is_floor_plan_level"":false,""lease_term"":null,""move_in_date"":null,""offer_banner"":null,""offer_conditions"":null,""offer_target"":null,""offer_type"":null,""offer_value"":null,""rent_high"":1188.0,""rent_low"":1117.0,""source_ids"":{},""unit_id"":""575"",""unit_name"":null}",,false,,,,,,,,{},{},"{""AvailableUnits"":5,""Bathrooms"":2,""Bedrooms"":2,""Id"":""2694442"",""MarketingId"":""2694442"",""MaxPriceRange"":1188,""MinPriceRange"":1117,""Name"":""B2 - B4"",""UnitIds"":[""512"",""461"",""575"",""620"",""59""]}"
local_current_live_no_rp_oracle_audit_not_canary,2026-08-01T10:45:19Z,2026-08-01,2026-07-31,separate_no_rp_oracle_573_rows_78_properties,ONESITE_WORKFLOW,15704,East Perimeter Pointe,onesite_workflowstartup_raw_floorplan_unitids,true,https://leasing.realpage.com/RP.Leasing.AppService.WebHost/workflowstartup/v1/3649780/English?BpmId=OLL.WorkflowStartUp&BpmSequence=0&LogSequence=3&ClientSessionID=9b7169fc-4eca-4a62-b3de-73f09fff813d,620,B2 - B4,,,source_blank,false,workflowstartup Floorplans has no date field,onesite.parse_onesite_workflowstartup,exact_current_parser,true,true,,,,,source_blank,false,false,2026-08-01,,capture_date_default,,false,false,true,SOURCE_NO_DATE_NORMALIZED_TO_CAPTURE_DATE,source_no_date_capture_date_default,HIGH,Exact workflowstartup JSON was replayed through the current OneSite parser. The native floorplan object has UnitIds but no availability-date field.,"{""_concession_quality"":null,""availability_date"":"""",""availability_status"":""AVAILABLE"",""available_date"":"""",""available_units"":""1"",""bathrooms"":""2"",""bed_label"":""2 Bedroom"",""bedrooms"":""2"",""building"":"""",""concession"":"""",""concession_source"":null,""concession_text"":null,""concession_text_clean"":null,""concession_value"":null,""data_gaps"":[],""data_quality_flag"":"""",""deposit"":"""",""extraction_tier"":""TIER_1_API_ONESITE_WORKFLOW"",""floor"":"""",""floor_plan_name"":""B2 - B4"",""lease_term"":"""",""market_rent_high"":1188,""market_rent_low"":1117,""move_in_date"":"""",""offer_banner"":null,""offer_conditions"":null,""offer_target"":null,""offer_type"":null,""offer_value"":null,""rent_range"":""$1,117 - $1,188"",""source_api_url"":""https://leasing.realpage.com/RP.Leasing.AppService.WebHost/workflowstartup/v1/3649780/English?BpmId=OLL.WorkflowStartUp&BpmSequence=0&LogSequence=3&ClientSessionID=9b7169fc-4eca-4a62-b3de-73f09fff813d"",""source_ids"":{},""sqft"":""1307"",""unit_name"":"""",""unit_number"":""620""}","{""_available_date_raw"":null,""_concession_quality"":null,""_date_placeholder"":null,""_extra"":null,""_inferred_id"":null,""_rent_range_raw"":""$1,117 - $1,188"",""amenities"":null,""area"":1307,""area_absence"":null,""area_absence_evidence"":null,""availability_date_provenance"":""capture_date_default"",""availability_status"":""AVAILABLE"",""available_date"":""2026-08-01"",""available_units"":""1"",""baths"":2.0,""beds"":2,""building"":null,""concession_source"":null,""concession_text"":null,""concession_text_clean"":null,""concession_value"":null,""date_captured"":""2026-08-01 10:45:19"",""deposit"":null,""extraction_tier"":""TIER_1_API_ONESITE_WORKFLOW"",""floor"":null,""floor_plan_id"":""9760a4fdafec"",""floor_plan_name"":""B2 - B4"",""is_floor_plan_level"":false,""lease_term"":null,""move_in_date"":null,""offer_banner"":null,""offer_conditions"":null,""offer_target"":null,""offer_type"":null,""offer_value"":null,""rent_high"":1188.0,""rent_low"":1117.0,""source_ids"":{},""unit_id"":""620"",""unit_name"":null}",,false,,,,,,,,{},{},"{""AvailableUnits"":5,""Bathrooms"":2,""Bedrooms"":2,""Id"":""2694442"",""MarketingId"":""2694442"",""MaxPriceRange"":1188,""MinPriceRange"":1117,""Name"":""B2 - B4"",""UnitIds"":[""512"",""461"",""575"",""620"",""59""]}"
local_current_live_no_rp_oracle_audit_not_canary,2026-08-01T10:45:19Z,2026-08-01,2026-07-31,separate_no_rp_oracle_573_rows_78_properties,ONESITE_WORKFLOW,15704,East Perimeter Pointe,onesite_workflowstartup_raw_floorplan_unitids,true,https://leasing.realpage.com/RP.Leasing.AppService.WebHost/workflowstartup/v1/3649780/English?BpmId=OLL.WorkflowStartUp&BpmSequence=0&LogSequence=3&ClientSessionID=9b7169fc-4eca-4a62-b3de-73f09fff813d,59,B2 - B4,,,source_blank,false,workflowstartup Floorplans has no date field,onesite.parse_onesite_workflowstartup,exact_current_parser,true,true,,,,,source_blank,false,false,2026-08-01,,capture_date_default,,false,false,true,SOURCE_NO_DATE_NORMALIZED_TO_CAPTURE_DATE,source_no_date_capture_date_default,HIGH,Exact workflowstartup JSON was replayed through the current OneSite parser. The native floorplan object has UnitIds but no availability-date field.,"{""_concession_quality"":null,""availability_date"":"""",""availability_status"":""AVAILABLE"",""available_date"":"""",""available_units"":""1"",""bathrooms"":""2"",""bed_label"":""2 Bedroom"",""bedrooms"":""2"",""building"":"""",""concession"":"""",""concession_source"":null,""concession_text"":null,""concession_text_clean"":null,""concession_value"":null,""data_gaps"":[],""data_quality_flag"":"""",""deposit"":"""",""extraction_tier"":""TIER_1_API_ONESITE_WORKFLOW"",""floor"":"""",""floor_plan_name"":""B2 - B4"",""lease_term"":"""",""market_rent_high"":1188,""market_rent_low"":1117,""move_in_date"":"""",""offer_banner"":null,""offer_conditions"":null,""offer_target"":null,""offer_type"":null,""offer_value"":null,""rent_range"":""$1,117 - $1,188"",""source_api_url"":""https://leasing.realpage.com/RP.Leasing.AppService.WebHost/workflowstartup/v1/3649780/English?BpmId=OLL.WorkflowStartUp&BpmSequence=0&LogSequence=3&ClientSessionID=9b7169fc-4eca-4a62-b3de-73f09fff813d"",""source_ids"":{},""sqft"":""1307"",""unit_name"":"""",""unit_number"":""59""}","{""_available_date_raw"":null,""_concession_quality"":null,""_date_placeholder"":null,""_extra"":null,""_inferred_id"":null,""_rent_range_raw"":""$1,117 - $1,188"",""amenities"":null,""area"":1307,""area_absence"":null,""area_absence_evidence"":null,""availability_date_provenance"":""capture_date_default"",""availability_status"":""AVAILABLE"",""available_date"":""2026-08-01"",""available_units"":""1"",""baths"":2.0,""beds"":2,""building"":null,""concession_source"":null,""concession_text"":null,""concession_text_clean"":null,""concession_value"":null,""date_captured"":""2026-08-01 10:45:19"",""deposit"":null,""extraction_tier"":""TIER_1_API_ONESITE_WORKFLOW"",""floor"":null,""floor_plan_id"":""9760a4fdafec"",""floor_plan_name"":""B2 - B4"",""is_floor_plan_level"":false,""lease_term"":null,""move_in_date"":null,""offer_banner"":null,""offer_conditions"":null,""offer_target"":null,""offer_type"":null,""offer_value"":null,""rent_high"":1188.0,""rent_low"":1117.0,""source_ids"":{},""unit_id"":""59"",""unit_name"":null}",,false,,,,,,,,{},{},"{""AvailableUnits"":5,""Bathrooms"":2,""Bedrooms"":2,""Id"":""2694442"",""MarketingId"":""2694442"",""MaxPriceRange"":1188,""MinPriceRange"":1117,""Name"":""B2 - B4"",""UnitIds"":[""512"",""461"",""575"",""620"",""59""]}"
local_current_live_no_rp_oracle_audit_not_canary,2026-08-01T10:45:19Z,2026-08-01,2026-07-31,separate_no_rp_oracle_573_rows_78_properties,ONESITE_WORKFLOW,15704,East Perimeter Pointe,onesite_workflowstartup_raw_floorplan_unitids,true,https://leasing.realpage.com/RP.Leasing.AppService.WebHost/workflowstartup/v1/3649780/English?BpmId=OLL.WorkflowStartUp&BpmSequence=0&LogSequence=3&ClientSessionID=9b7169fc-4eca-4a62-b3de-73f09fff813d,396,B1,,,source_blank,false,workflowstartup Floorplans has no date field,onesite.parse_onesite_workflowstartup,exact_current_parser,true,true,,,,,source_blank,false,false,2026-08-01,,capture_date_default,,false,false,true,SOURCE_NO_DATE_NORMALIZED_TO_CAPTURE_DATE,source_no_date_capture_date_default,HIGH,Exact workflowstartup JSON was replayed through the current OneSite parser. The native floorplan object has UnitIds but no availability-date field.,"{""_concession_quality"":null,""availability_date"":"""",""availability_status"":""AVAILABLE"",""available_date"":"""",""available_units"":""1"",""bathrooms"":""2.5"",""bed_label"":""2 Bedroom"",""bedrooms"":""2"",""building"":"""",""concession"":"""",""concession_source"":null,""concession_text"":null,""concession_text_clean"":null,""concession_value"":null,""data_gaps"":[],""data_quality_flag"":"""",""deposit"":"""",""extraction_tier"":""TIER_1_API_ONESITE_WORKFLOW"",""floor"":"""",""floor_plan_name"":""B1"",""lease_term"":"""",""market_rent_high"":1129,""market_rent_low"":1092,""move_in_date"":"""",""offer_banner"":null,""offer_conditions"":null,""offer_target"":null,""offer_type"":null,""offer_value"":null,""rent_range"":""$1,092 - $1,129"",""source_api_url"":""https://leasing.realpage.com/RP.Leasing.AppService.WebHost/workflowstartup/v1/3649780/English?BpmId=OLL.WorkflowStartUp&BpmSequence=0&LogSequence=3&ClientSessionID=9b7169fc-4eca-4a62-b3de-73f09fff813d"",""source_ids"":{},""sqft"":""1018"",""unit_name"":"""",""unit_number"":""396""}","{""_available_date_raw"":null,""_concession_quality"":null,""_date_placeholder"":null,""_extra"":null,""_inferred_id"":null,""_rent_range_raw"":""$1,092 - $1,129"",""amenities"":null,""area"":1018,""area_absence"":null,""area_absence_evidence"":null,""availability_date_provenance"":""capture_date_default"",""availability_status"":""AVAILABLE"",""available_date"":""2026-08-01"",""available_units"":""1"",""baths"":2.5,""beds"":2,""building"":null,""concession_source"":null,""concession_text"":null,""concession_text_clean"":null,""concession_value"":null,""date_captured"":""2026-08-01 10:45:19"",""deposit"":null,""extraction_tier"":""TIER_1_API_ONESITE_WORKFLOW"",""floor"":null,""floor_plan_id"":""44dacd52fc62"",""floor_plan_name"":""B1"",""is_floor_plan_level"":false,""lease_term"":null,""move_in_date"":null,""offer_banner"":null,""offer_conditions"":null,""offer_target"":null,""offer_type"":null,""offer_value"":null,""rent_high"":1129.0,""rent_low"":1092.0,""source_ids"":{},""unit_id"":""396"",""unit_name"":null}",,false,,,,,,,,{},{},"{""AvailableUnits"":4,""Bathrooms"":2.5,""Bedrooms"":2,""Id"":""2694441"",""MarketingId"":""2694441"",""MaxPriceRange"":1129,""MinPriceRange"":1092,""Name"":""B1"",""UnitIds"":[""396"",""481"",""626"",""346""]}"
local_current_live_no_rp_oracle_audit_not_canary,2026-08-01T10:45:19Z,2026-08-01,2026-07-31,separate_no_rp_oracle_573_rows_78_properties,ONESITE_WORKFLOW,15704,East Perimeter Pointe,onesite_workflowstartup_raw_floorplan_unitids,true,https://leasing.realpage.com/RP.Leasing.AppService.WebHost/workflowstartup/v1/3649780/English?BpmId=OLL.WorkflowStartUp&BpmSequence=0&LogSequence=3&ClientSessionID=9b7169fc-4eca-4a62-b3de-73f09fff813d,481,B1,,,source_blank,false,workflowstartup Floorplans has no date field,onesite.parse_onesite_workflowstartup,exact_current_parser,true,true,,,,,source_blank,false,false,2026-08-01,,capture_date_default,,false,false,true,SOURCE_NO_DATE_NORMALIZED_TO_CAPTURE_DATE,source_no_date_capture_date_default,HIGH,Exact workflowstartup JSON was replayed through the current OneSite parser. The native floorplan object has UnitIds but no availability-date field.,"{""_concession_quality"":null,""availability_date"":"""",""availability_status"":""AVAILABLE"",""available_date"":"""",""available_units"":""1"",""bathrooms"":""2.5"",""bed_label"":""2 Bedroom"",""bedrooms"":""2"",""building"":"""",""concession"":"""",""concession_source"":null,""concession_text"":null,""concession_text_clean"":null,""concession_value"":null,""data_gaps"":[],""data_quality_flag"":"""",""deposit"":"""",""extraction_tier"":""TIER_1_API_ONESITE_WORKFLOW"",""floor"":"""",""floor_plan_name"":""B1"",""lease_term"":"""",""market_rent_high"":1129,""market_rent_low"":1092,""move_in_date"":"""",""offer_banner"":null,""offer_conditions"":null,""offer_target"":null,""offer_type"":null,""offer_value"":null,""rent_range"":""$1,092 - $1,129"",""source_api_url"":""https://leasing.realpage.com/RP.Leasing.AppService.WebHost/workflowstartup/v1/3649780/English?BpmId=OLL.WorkflowStartUp&BpmSequence=0&LogSequence=3&ClientSessionID=9b7169fc-4eca-4a62-b3de-73f09fff813d"",""source_ids"":{},""sqft"":""1018"",""unit_name"":"""",""unit_number"":""481""}","{""_available_date_raw"":null,""_concession_quality"":null,""_date_placeholder"":null,""_extra"":null,""_inferred_id"":null,""_rent_range_raw"":""$1,092 - $1,129"",""amenities"":null,""area"":1018,""area_absence"":null,""area_absence_evidence"":null,""availability_date_provenance"":""capture_date_default"",""availability_status"":""AVAILABLE"",""available_date"":""2026-08-01"",""available_units"":""1"",""baths"":2.5,""beds"":2,""building"":null,""concession_source"":null,""concession_text"":null,""concession_text_clean"":null,""concession_value"":null,""date_captured"":""2026-08-01 10:45:19"",""deposit"":null,""extraction_tier"":""TIER_1_API_ONESITE_WORKFLOW"",""floor"":null,""floor_plan_id"":""44dacd52fc62"",""floor_plan_name"":""B1"",""is_floor_plan_level"":false,""lease_term"":null,""move_in_date"":null,""offer_banner"":null,""offer_conditions"":null,""offer_target"":null,""offer_type"":null,""offer_value"":null,""rent_high"":1129.0,""rent_low"":1092.0,""source_ids"":{},""unit_id"":""481"",""unit_name"":null}",,false,,,,,,,,{},{},"{""AvailableUnits"":4,""Bathrooms"":2.5,""Bedrooms"":2,""Id"":""2694441"",""MarketingId"":""2694441"",""MaxPriceRange"":1129,""MinPriceRange"":1092,""Name"":""B1"",""UnitIds"":[""396"",""481"",""626"",""346""]}"
local_current_live_no_rp_oracle_audit_not_canary,2026-08-01T10:45:19Z,2026-08-01,2026-07-31,separate_no_rp_oracle_573_rows_78_properties,ONESITE_WORKFLOW,15704,East Perimeter Pointe,onesite_workflowstartup_raw_floorplan_unitids,true,https://leasing.realpage.com/RP.Leasing.AppService.WebHost/workflowstartup/v1/3649780/English?BpmId=OLL.WorkflowStartUp&BpmSequence=0&LogSequence=3&ClientSessionID=9b7169fc-4eca-4a62-b3de-73f09fff813d,626,B1,,,source_blank,false,workflowstartup Floorplans has no date field,onesite.parse_onesite_workflowstartup,exact_current_parser,true,true,,,,,source_blank,false,false,2026-08-01,,capture_date_default,,false,false,true,SOURCE_NO_DATE_NORMALIZED_TO_CAPTURE_DATE,source_no_date_capture_date_default,HIGH,Exact workflowstartup JSON was replayed through the current OneSite parser. The native floorplan object has UnitIds but no availability-date field.,"{""_concession_quality"":null,""availability_date"":"""",""availability_status"":""AVAILABLE"",""available_date"":"""",""available_units"":""1"",""bathrooms"":""2.5"",""bed_label"":""2 Bedroom"",""bedrooms"":""2"",""building"":"""",""concession"":"""",""concession_source"":null,""concession_text"":null,""concession_text_clean"":null,""concession_value"":null,""data_gaps"":[],""data_quality_flag"":"""",""deposit"":"""",""extraction_tier"":""TIER_1_API_ONESITE_WORKFLOW"",""floor"":"""",""floor_plan_name"":""B1"",""lease_term"":"""",""market_rent_high"":1129,""market_rent_low"":1092,""move_in_date"":"""",""offer_banner"":null,""offer_conditions"":null,""offer_target"":null,""offer_type"":null,""offer_value"":null,""rent_range"":""$1,092 - $1,129"",""source_api_url"":""https://leasing.realpage.com/RP.Leasing.AppService.WebHost/workflowstartup/v1/3649780/English?BpmId=OLL.WorkflowStartUp&BpmSequence=0&LogSequence=3&ClientSessionID=9b7169fc-4eca-4a62-b3de-73f09fff813d"",""source_ids"":{},""sqft"":""1018"",""unit_name"":"""",""unit_number"":""626""}","{""_available_date_raw"":null,""_concession_quality"":null,""_date_placeholder"":null,""_extra"":null,""_inferred_id"":null,""_rent_range_raw"":""$1,092 - $1,129"",""amenities"":null,""area"":1018,""area_absence"":null,""area_absence_evidence"":null,""availability_date_provenance"":""capture_date_default"",""availability_status"":""AVAILABLE"",""available_date"":""2026-08-01"",""available_units"":""1"",""baths"":2.5,""beds"":2,""building"":null,""concession_source"":null,""concession_text"":null,""concession_text_clean"":null,""concession_value"":null,""date_captured"":""2026-08-01 10:45:19"",""deposit"":null,""extraction_tier"":""TIER_1_API_ONESITE_WORKFLOW"",""floor"":null,""floor_plan_id"":""44dacd52fc62"",""floor_plan_name"":""B1"",""is_floor_plan_level"":false,""lease_term"":null,""move_in_date"":null,""offer_banner"":null,""offer_conditions"":null,""offer_target"":null,""offer_type"":null,""offer_value"":null,""rent_high"":1129.0,""rent_low"":1092.0,""source_ids"":{},""unit_id"":""626"",""unit_name"":null}",,false,,,,,,,,{},{},"{""AvailableUnits"":4,""Bathrooms"":2.5,""Bedrooms"":2,""Id"":""2694441"",""MarketingId"":""2694441"",""MaxPriceRange"":1129,""MinPriceRange"":1092,""Name"":""B1"",""UnitIds"":[""396"",""481"",""626"",""346""]}"
local_current_live_no_rp_oracle_audit_not_canary,2026-08-01T10:45:19Z,2026-08-01,2026-07-31,separate_no_rp_oracle_573_rows_78_properties,ONESITE_WORKFLOW,15704,East Perimeter Pointe,onesite_workflowstartup_raw_floorplan_unitids,true,https://leasing.realpage.com/RP.Leasing.AppService.WebHost/workflowstartup/v1/3649780/English?BpmId=OLL.WorkflowStartUp&BpmSequence=0&LogSequence=3&ClientSessionID=9b7169fc-4eca-4a62-b3de-73f09fff813d,346,B1,,,source_blank,false,workflowstartup Floorplans has no date field,onesite.parse_onesite_workflowstartup,exact_current_parser,true,true,,,,,source_blank,false,false,2026-08-01,,capture_date_default,,false,false,true,SOURCE_NO_DATE_NORMALIZED_TO_CAPTURE_DATE,source_no_date_capture_date_default,HIGH,Exact workflowstartup JSON was replayed through the current OneSite parser. The native floorplan object has UnitIds but no availability-date field.,"{""_concession_quality"":null,""availability_date"":"""",""availability_status"":""AVAILABLE"",""available_date"":"""",""available_units"":""1"",""bathrooms"":""2.5"",""bed_label"":""2 Bedroom"",""bedrooms"":""2"",""building"":"""",""concession"":"""",""concession_source"":null,""concession_text"":null,""concession_text_clean"":null,""concession_value"":null,""data_gaps"":[],""data_quality_flag"":"""",""deposit"":"""",""extraction_tier"":""TIER_1_API_ONESITE_WORKFLOW"",""floor"":"""",""floor_plan_name"":""B1"",""lease_term"":"""",""market_rent_high"":1129,""market_rent_low"":1092,""move_in_date"":"""",""offer_banner"":null,""offer_conditions"":null,""offer_target"":null,""offer_type"":null,""offer_value"":null,""rent_range"":""$1,092 - $1,129"",""source_api_url"":""https://leasing.realpage.com/RP.Leasing.AppService.WebHost/workflowstartup/v1/3649780/English?BpmId=OLL.WorkflowStartUp&BpmSequence=0&LogSequence=3&ClientSessionID=9b7169fc-4eca-4a62-b3de-73f09fff813d"",""source_ids"":{},""sqft"":""1018"",""unit_name"":"""",""unit_number"":""346""}","{""_available_date_raw"":null,""_concession_quality"":null,""_date_placeholder"":null,""_extra"":null,""_inferred_id"":null,""_rent_range_raw"":""$1,092 - $1,129"",""amenities"":null,""area"":1018,""area_absence"":null,""area_absence_evidence"":null,""availability_date_provenance"":""capture_date_default"",""availability_status"":""AVAILABLE"",""available_date"":""2026-08-01"",""available_units"":""1"",""baths"":2.5,""beds"":2,""building"":null,""concession_source"":null,""concession_text"":null,""concession_text_clean"":null,""concession_value"":null,""date_captured"":""2026-08-01 10:45:19"",""deposit"":null,""extraction_tier"":""TIER_1_API_ONESITE_WORKFLOW"",""floor"":null,""floor_plan_id"":""44dacd52fc62"",""floor_plan_name"":""B1"",""is_floor_plan_level"":false,""lease_term"":null,""move_in_date"":null,""offer_banner"":null,""offer_conditions"":null,""offer_target"":null,""offer_type"":null,""offer_value"":null,""rent_high"":1129.0,""rent_low"":1092.0,""source_ids"":{},""unit_id"":""346"",""unit_name"":null}",,false,,,,,,,,{},{},"{""AvailableUnits"":4,""Bathrooms"":2.5,""Bedrooms"":2,""Id"":""2694441"",""MarketingId"":""2694441"",""MaxPriceRange"":1129,""MinPriceRange"":1092,""Name"":""B1"",""UnitIds"":[""396"",""481"",""626"",""346""]}"
local_current_live_no_rp_oracle_audit_not_canary,2026-08-01T10:45:19Z,2026-08-01,2026-07-31,separate_no_rp_oracle_573_rows_78_properties,ONESITE_WORKFLOW,15704,East Perimeter Pointe,onesite_workflowstartup_raw_floorplan_unitids,true,https://leasing.realpage.com/RP.Leasing.AppService.WebHost/workflowstartup/v1/3649780/English?BpmId=OLL.WorkflowStartUp&BpmSequence=0&LogSequence=3&ClientSessionID=9b7169fc-4eca-4a62-b3de-73f09fff813d,353,B5 - B6,,,source_blank,false,workflowstartup Floorplans has no date field,onesite.parse_onesite_workflowstartup,exact_current_parser,true,true,,,,,source_blank,false,false,2026-08-01,,capture_date_default,,false,false,true,SOURCE_NO_DATE_NORMALIZED_TO_CAPTURE_DATE,source_no_date_capture_date_default,HIGH,Exact workflowstartup JSON was replayed through the current OneSite parser. The native floorplan object has UnitIds but no availability-date field.,"{""_concession_quality"":null,""availability_date"":"""",""availability_status"":""AVAILABLE"",""available_date"":"""",""available_units"":""1"",""bathrooms"":""2.5"",""bed_label"":""2 Bedroom"",""bedrooms"":""2"",""building"":"""",""concession"":"""",""concession_source"":null,""concession_text"":null,""concession_text_clean"":null,""concession_value"":null,""data_gaps"":[],""data_quality_flag"":"""",""deposit"":"""",""extraction_tier"":""TIER_1_API_ONESITE_WORKFLOW"",""floor"":"""",""floor_plan_name"":""B5 - B6"",""lease_term"":"""",""market_rent_high"":1213,""market_rent_low"":1177,""move_in_date"":"""",""offer_banner"":null,""offer_conditions"":null,""offer_target"":null,""offer_type"":null,""offer_value"":null,""rent_range"":""$1,177 - $1,213"",""source_api_url"":""https://leasing.realpage.com/RP.Leasing.AppService.WebHost/workflowstartup/v1/3649780/English?BpmId=OLL.WorkflowStartUp&BpmSequence=0&LogSequence=3&ClientSessionID=9b7169fc-4eca-4a62-b3de-73f09fff813d"",""source_ids"":{},""sqft"":""1365"",""unit_name"":"""",""unit_number"":""353""}","{""_available_date_raw"":null,""_concession_quality"":null,""_date_placeholder"":null,""_extra"":null,""_inferred_id"":null,""_rent_range_raw"":""$1,177 - $1,213"",""amenities"":null,""area"":1365,""area_absence"":null,""area_absence_evidence"":null,""availability_date_provenance"":""capture_date_default"",""availability_status"":""AVAILABLE"",""available_date"":""2026-08-01"",""available_units"":""1"",""baths"":2.5,""beds"":2,""building"":null,""concession_source"":null,""concession_text"":null,""concession_text_clean"":null,""concession_value"":null,""date_captured"":""2026-08-01 10:45:19"",""deposit"":null,""extraction_tier"":""TIER_1_API_ONESITE_WORKFLOW"",""floor"":null,""floor_plan_id"":""c4d2c293745a"",""floor_plan_name"":""B5 - B6"",""is_floor_plan_level"":false,""lease_term"":null,""move_in_date"":null,""offer_banner"":null,""offer_conditions"":null,""offer_target"":null,""offer_type"":null,""offer_value"":null,""rent_high"":1213.0,""rent_low"":1177.0,""source_ids"":{},""unit_id"":""353"",""unit_name"":null}",,false,,,,,,,,{},{},"{""AvailableUnits"":3,""Bathrooms"":2.5,""Bedrooms"":2,""Id"":""2724007"",""MarketingId"":""2724007"",""MaxPriceRange"":1213,""MinPriceRange"":1177,""Name"":""B5 - B6"",""UnitIds"":[""353"",""592"",""675""]}"
local_current_live_no_rp_oracle_audit_not_canary,2026-08-01T10:45:19Z,2026-08-01,2026-07-31,separate_no_rp_oracle_573_rows_78_properties,ONESITE_WORKFLOW,15704,East Perimeter Pointe,onesite_workflowstartup_raw_floorplan_unitids,true,https://leasing.realpage.com/RP.Leasing.AppService.WebHost/workflowstartup/v1/3649780/English?BpmId=OLL.WorkflowStartUp&BpmSequence=0&LogSequence=3&ClientSessionID=9b7169fc-4eca-4a62-b3de-73f09fff813d,592,B5 - B6,,,source_blank,false,workflowstartup Floorplans has no date field,onesite.parse_onesite_workflowstartup,exact_current_parser,true,true,,,,,source_blank,false,false,2026-08-01,,capture_date_default,,false,false,true,SOURCE_NO_DATE_NORMALIZED_TO_CAPTURE_DATE,source_no_date_capture_date_default,HIGH,Exact workflowstartup JSON was replayed through the current OneSite parser. The native floorplan object has UnitIds but no availability-date field.,"{""_concession_quality"":null,""availability_date"":"""",""availability_status"":""AVAILABLE"",""available_date"":"""",""available_units"":""1"",""bathrooms"":""2.5"",""bed_label"":""2 Bedroom"",""bedrooms"":""2"",""building"":"""",""concession"":"""",""concession_source"":null,""concession_text"":null,""concession_text_clean"":null,""concession_value"":null,""data_gaps"":[],""data_quality_flag"":"""",""deposit"":"""",""extraction_tier"":""TIER_1_API_ONESITE_WORKFLOW"",""floor"":"""",""floor_plan_name"":""B5 - B6"",""lease_term"":"""",""market_rent_high"":1213,""market_rent_low"":1177,""move_in_date"":"""",""offer_banner"":null,""offer_conditions"":null,""offer_target"":null,""offer_type"":null,""offer_value"":null,""rent_range"":""$1,177 - $1,213"",""source_api_url"":""https://leasing.realpage.com/RP.Leasing.AppService.WebHost/workflowstartup/v1/3649780/English?BpmId=OLL.WorkflowStartUp&BpmSequence=0&LogSequence=3&ClientSessionID=9b7169fc-4eca-4a62-b3de-73f09fff813d"",""source_ids"":{},""sqft"":""1365"",""unit_name"":"""",""unit_number"":""592""}","{""_available_date_raw"":null,""_concession_quality"":null,""_date_placeholder"":null,""_extra"":null,""_inferred_id"":null,""_rent_range_raw"":""$1,177 - $1,213"",""amenities"":null,""area"":1365,""area_absence"":null,""area_absence_evidence"":null,""availability_date_provenance"":""capture_date_default"",""availability_status"":""AVAILABLE"",""available_date"":""2026-08-01"",""available_units"":""1"",""baths"":2.5,""beds"":2,""building"":null,""concession_source"":null,""concession_text"":null,""concession_text_clean"":null,""concession_value"":null,""date_captured"":""2026-08-01 10:45:19"",""deposit"":null,""extraction_tier"":""TIER_1_API_ONESITE_WORKFLOW"",""floor"":null,""floor_plan_id"":""c4d2c293745a"",""floor_plan_name"":""B5 - B6"",""is_floor_plan_level"":false,""lease_term"":null,""move_in_date"":null,""offer_banner"":null,""offer_conditions"":null,""offer_target"":null,""offer_type"":null,""offer_value"":null,""rent_high"":1213.0,""rent_low"":1177.0,""source_ids"":{},""unit_id"":""592"",""unit_name"":null}",,false,,,,,,,,{},{},"{""AvailableUnits"":3,""Bathrooms"":2.5,""Bedrooms"":2,""Id"":""2724007"",""MarketingId"":""2724007"",""MaxPriceRange"":1213,""MinPriceRange"":1177,""Name"":""B5 - B6"",""UnitIds"":[""353"",""592"",""675""]}"
local_current_live_no_rp_oracle_audit_not_canary,2026-08-01T10:45:19Z,2026-08-01,2026-07-31,separate_no_rp_oracle_573_rows_78_properties,ONESITE_WORKFLOW,15704,East Perimeter Pointe,onesite_workflowstartup_raw_floorplan_unitids,true,https://leasing.realpage.com/RP.Leasing.AppService.WebHost/workflowstartup/v1/3649780/English?BpmId=OLL.WorkflowStartUp&BpmSequence=0&LogSequence=3&ClientSessionID=9b7169fc-4eca-4a62-b3de-73f09fff813d,675,B5 - B6,,,source_blank,false,workflowstartup Floorplans has no date field,onesite.parse_onesite_workflowstartup,exact_current_parser,true,true,,,,,source_blank,false,false,2026-08-01,,capture_date_default,,false,false,true,SOURCE_NO_DATE_NORMALIZED_TO_CAPTURE_DATE,source_no_date_capture_date_default,HIGH,Exact workflowstartup JSON was replayed through the current OneSite parser. The native floorplan object has UnitIds but no availability-date field.,"{""_concession_quality"":null,""availability_date"":"""",""availability_status"":""AVAILABLE"",""available_date"":"""",""available_units"":""1"",""bathrooms"":""2.5"",""bed_label"":""2 Bedroom"",""bedrooms"":""2"",""building"":"""",""concession"":"""",""concession_source"":null,""concession_text"":null,""concession_text_clean"":null,""concession_value"":null,""data_gaps"":[],""data_quality_flag"":"""",""deposit"":"""",""extraction_tier"":""TIER_1_API_ONESITE_WORKFLOW"",""floor"":"""",""floor_plan_name"":""B5 - B6"",""lease_term"":"""",""market_rent_high"":1213,""market_rent_low"":1177,""move_in_date"":"""",""offer_banner"":null,""offer_conditions"":null,""offer_target"":null,""offer_type"":null,""offer_value"":null,""rent_range"":""$1,177 - $1,213"",""source_api_url"":""https://leasing.realpage.com/RP.Leasing.AppService.WebHost/workflowstartup/v1/3649780/English?BpmId=OLL.WorkflowStartUp&BpmSequence=0&LogSequence=3&ClientSessionID=9b7169fc-4eca-4a62-b3de-73f09fff813d"",""source_ids"":{},""sqft"":""1365"",""unit_name"":"""",""unit_number"":""675""}","{""_available_date_raw"":null,""_concession_quality"":null,""_date_placeholder"":null,""_extra"":null,""_inferred_id"":null,""_rent_range_raw"":""$1,177 - $1,213"",""amenities"":null,""area"":1365,""area_absence"":null,""area_absence_evidence"":null,""availability_date_provenance"":""capture_date_default"",""availability_status"":""AVAILABLE"",""available_date"":""2026-08-01"",""available_units"":""1"",""baths"":2.5,""beds"":2,""building"":null,""concession_source"":null,""concession_text"":null,""concession_text_clean"":null,""concession_value"":null,""date_captured"":""2026-08-01 10:45:19"",""deposit"":null,""extraction_tier"":""TIER_1_API_ONESITE_WORKFLOW"",""floor"":null,""floor_plan_id"":""c4d2c293745a"",""floor_plan_name"":""B5 - B6"",""is_floor_plan_level"":false,""lease_term"":null,""move_in_date"":null,""offer_banner"":null,""offer_conditions"":null,""offer_target"":null,""offer_type"":null,""offer_value"":null,""rent_high"":1213.0,""rent_low"":1177.0,""source_ids"":{},""unit_id"":""675"",""unit_name"":null}",,false,,,,,,,,{},{},"{""AvailableUnits"":3,""Bathrooms"":2.5,""Bedrooms"":2,""Id"":""2724007"",""MarketingId"":""2724007"",""MaxPriceRange"":1213,""MinPriceRange"":1177,""Name"":""B5 - B6"",""UnitIds"":[""353"",""592"",""675""]}"
local_current_live_no_rp_oracle_audit_not_canary,2026-08-01T10:45:19Z,2026-08-01,2026-07-31,separate_no_rp_oracle_573_rows_78_properties,ONESITE_WORKFLOW,283561,946 MLK,onesite_property_marketing_visible_unit_ajax,true,https://www.946mlk.com/floorplans/,308,A3,09-09-2026,2026-09-09,explicit_future,true,visible unit-table Availability column,NO_CURRENT_ADAPTER_FOR_MARKETING_AJAX_ROUTE,exact_native_route_not_selected,false,false,,,,,source_blank,false,false,,,,,false,false,false,NATIVE_FUTURE_ON_UNWIRED_ROUTE,adapter_route_selection_loss,HIGH,"946 MLK's own visible WordPress AJAX unit table publishes this date, but the current OneSite workflow path does not select or parse that alternate route.",{},{},,false,,,,,,,,{},{},"{""ajax_endpoint"":""https://www.946mlk.com/wp-admin/admin-ajax.php"",""availability"":""09-09-2026"",""floor"":""3"",""floor_plan_name"":""A3"",""floorplan_id"":""2525"",""plan_card_date"":""2026-09-04"",""price"":""$1,200.00"",""unit_number"":""308""}"
local_current_live_no_rp_oracle_audit_not_canary,2026-08-01T10:45:19Z,2026-08-01,2026-07-31,separate_no_rp_oracle_573_rows_78_properties,ONESITE_WORKFLOW,283561,946 MLK,onesite_property_marketing_visible_unit_ajax,true,https://www.946mlk.com/floorplans/,213,B3,Available Now,2026-08-01,available_now,false,visible unit-table Availability column,NO_CURRENT_ADAPTER_FOR_MARKETING_AJAX_ROUTE,exact_native_route_not_selected,false,false,,,,,source_blank,false,false,,,,,false,false,false,NATIVE_SOURCE_ROUTE_NOT_WIRED,adapter_route_selection_gap,HIGH,"946 MLK's own visible WordPress AJAX unit table publishes this date, but the current OneSite workflow path does not select or parse that alternate route.",{},{},,false,,,,,,,,{},{},"{""ajax_endpoint"":""https://www.946mlk.com/wp-admin/admin-ajax.php"",""availability"":""Available Now"",""floor"":""2"",""floor_plan_name"":""B3"",""floorplan_id"":""2535"",""plan_card_date"":""2026-06-28"",""price"":""$1,820.00"",""unit_number"":""213""}"
local_current_live_no_rp_oracle_audit_not_canary,2026-08-01T10:45:19Z,2026-08-01,2026-07-31,separate_no_rp_oracle_573_rows_78_properties,ONESITE_WORKFLOW,283561,946 MLK,onesite_property_marketing_visible_unit_ajax,true,https://www.946mlk.com/floorplans/,209,B2,09-06-2026,2026-09-06,explicit_future,true,visible unit-table Availability column,NO_CURRENT_ADAPTER_FOR_MARKETING_AJAX_ROUTE,exact_native_route_not_selected,false,false,,,,,source_blank,false,false,,,,,false,false,false,NATIVE_FUTURE_ON_UNWIRED_ROUTE,adapter_route_selection_loss,HIGH,"946 MLK's own visible WordPress AJAX unit table publishes this date, but the current OneSite workflow path does not select or parse that alternate route.",{},{},,false,,,,,,,,{},{},"{""ajax_endpoint"":""https://www.946mlk.com/wp-admin/admin-ajax.php"",""availability"":""09-06-2026"",""floor"":""2"",""floor_plan_name"":""B2"",""floorplan_id"":""2537"",""plan_card_date"":""2026-09-06"",""price"":""$1,820.00"",""unit_number"":""209""}"
local_current_live_no_rp_oracle_audit_not_canary,2026-08-01T10:45:19Z,2026-08-01,2026-07-31,separate_no_rp_oracle_573_rows_78_properties,ONESITE_WORKFLOW,283561,946 MLK,onesite_workflowstartup_raw_floorplan_unitids,false,https://leasing.realpage.com/RP.Leasing.AppService.WebHost/workflowstartup/v1/4615836/English?BpmId=OLL.WorkflowStartUp&BpmSequence=0&LogSequence=3&ClientSessionID=e5c35f2b-8b19-41a1-aff3-fa65aa58f03e,18,B3,,,source_blank,false,workflowstartup Floorplans has no date field,onesite.parse_onesite_workflowstartup,exact_current_parser,true,true,,,,,source_blank,false,false,2026-08-01,,capture_date_default,,false,false,true,SOURCE_NO_DATE_NORMALIZED_TO_CAPTURE_DATE,source_no_date_capture_date_default,HIGH,Exact workflowstartup JSON was replayed through the current OneSite parser. The native floorplan object has UnitIds but no availability-date field.,"{""_concession_quality"":null,""availability_date"":"""",""availability_status"":""AVAILABLE"",""available_date"":"""",""available_units"":""1"",""bathrooms"":""2"",""bed_label"":""3 Bedroom"",""bedrooms"":""3"",""building"":"""",""concession"":"""",""concession_source"":null,""concession_text"":null,""concession_text_clean"":null,""concession_value"":null,""data_gaps"":[],""data_quality_flag"":"""",""deposit"":"""",""extraction_tier"":""TIER_1_API_ONESITE_WORKFLOW"",""floor"":"""",""floor_plan_name"":""B3"",""lease_term"":"""",""market_rent_high"":1820,""market_rent_low"":1820,""move_in_date"":"""",""offer_banner"":null,""offer_conditions"":null,""offer_target"":null,""offer_type"":null,""offer_value"":null,""rent_range"":""$1,820"",""source_api_url"":""https://leasing.realpage.com/RP.Leasing.AppService.WebHost/workflowstartup/v1/4615836/English?BpmId=OLL.WorkflowStartUp&BpmSequence=0&LogSequence=3&ClientSessionID=e5c35f2b-8b19-41a1-aff3-fa65aa58f03e"",""source_ids"":{},""sqft"":""1594"",""unit_name"":"""",""unit_number"":""18""}","{""_available_date_raw"":null,""_concession_quality"":null,""_date_placeholder"":null,""_extra"":null,""_inferred_id"":null,""_rent_range_raw"":""$1,820"",""amenities"":null,""area"":1594,""area_absence"":null,""area_absence_evidence"":null,""availability_date_provenance"":""capture_date_default"",""availability_status"":""AVAILABLE"",""available_date"":""2026-08-01"",""available_units"":""1"",""baths"":2.0,""beds"":3,""building"":null,""concession_source"":null,""concession_text"":null,""concession_text_clean"":null,""concession_value"":null,""date_captured"":""2026-08-01 10:45:19"",""deposit"":null,""extraction_tier"":""TIER_1_API_ONESITE_WORKFLOW"",""floor"":null,""floor_plan_id"":""66368fb87ed3"",""floor_plan_name"":""B3"",""is_floor_plan_level"":false,""lease_term"":null,""move_in_date"":null,""offer_banner"":null,""offer_conditions"":null,""offer_target"":null,""offer_type"":null,""offer_value"":null,""rent_high"":1820.0,""rent_low"":1820.0,""source_ids"":{},""unit_id"":""18"",""unit_name"":null}",,false,,,,,,,,{},{},"{""AvailableUnits"":1,""Bathrooms"":2,""Bedrooms"":3,""Id"":""8827696"",""MarketingId"":""8827696"",""MaxPriceRange"":1820,""MinPriceRange"":1820,""Name"":""B3"",""UnitIds"":[""18""]}"
local_current_live_no_rp_oracle_audit_not_canary,2026-08-01T10:45:19Z,2026-08-01,2026-07-31,separate_no_rp_oracle_573_rows_78_properties,ASPENSQUARE_OPERATOR,6526,Southwood Acres,aspensquare_public_knock_units_api,true,https://doorway-api.knockrentals.com/v1/property/2007446/units,15,1/1.0,2026-07-24,2026-07-24,historical_embedded,false,availableOn,knock.parse_knock_units,exact_current_parser,true,true,,availability_date,2026-07-24,2026-07-24,historical_embedded,true,false,2026-07-24,2026-07-24,historical_embedded,,false,false,false,HISTORICAL_SOURCE_DATE_PRESERVED,none,HIGH,"Exact current Knock units payload was replayed through the current adapter parser, then the matched unit was formatted.","{""availability_date"":""2026-07-24"",""availability_status"":""AVAILABLE"",""bathrooms"":""1"",""bedrooms"":""1"",""building"":"""",""concession"":"""",""extraction_tier"":""TIER_1_KNOCK_API"",""floor_plan_name"":""1/1.0"",""market_rent_high"":2067,""market_rent_low"":2067,""rent_range"":""2067"",""sqft"":""726"",""unit_number"":""15""}","{""_available_date_raw"":""2026-07-24"",""_concession_quality"":null,""_date_placeholder"":null,""_extra"":null,""_inferred_id"":null,""_rent_range_raw"":""2067"",""amenities"":null,""area"":726,""area_absence"":null,""area_absence_evidence"":null,""availability_date_provenance"":""historical_embedded"",""availability_status"":""AVAILABLE"",""available_date"":""2026-07-24"",""available_units"":null,""baths"":1.0,""beds"":1,""building"":null,""concession_source"":null,""concession_text"":null,""concession_text_clean"":null,""concession_value"":null,""date_captured"":""2026-08-01 10:45:19"",""deposit"":null,""extraction_tier"":""TIER_1_KNOCK_API"",""floor"":null,""floor_plan_id"":""666731902c0a"",""floor_plan_name"":""1/1.0"",""is_floor_plan_level"":false,""lease_term"":null,""move_in_date"":null,""offer_banner"":null,""offer_conditions"":null,""offer_target"":null,""offer_type"":null,""offer_value"":null,""rent_high"":2067.0,""rent_low"":2067.0,""source_ids"":{},""unit_id"":""15"",""unit_name"":null}",,false,,,,,,,,{},{},"{""available"":true,""availableOn"":""2026-07-24"",""availableRaw"":true,""displayPrice"":""2067"",""hidden"":false,""id"":""939487c1-077f-4939-b289-5a0bfa048599"",""layoutId"":""f371e486-23de-4bbc-8c3c-aa25ec892564"",""layoutName"":""1/1.0"",""leased"":false,""name"":""15"",""occupied"":false,""price"":""2067"",""reserved"":false}"
local_current_live_no_rp_oracle_audit_not_canary,2026-08-01T10:45:19Z,2026-08-01,2026-07-31,separate_no_rp_oracle_573_rows_78_properties,ASPENSQUARE_OPERATOR,6526,Southwood Acres,aspensquare_public_knock_units_api,true,https://doorway-api.knockrentals.com/v1/property/2007446/units,17,1/1.0,2026-08-15,2026-08-15,explicit_future,true,availableOn,knock.parse_knock_units,exact_current_parser,true,true,,availability_date,2026-08-15,2026-08-15,explicit_future,true,false,2026-08-15,2026-08-15,explicit_future,,true,true,false,EXPLICIT_FUTURE_PRESERVED_END_TO_END,none,HIGH,"Exact current Knock units payload was replayed through the current adapter parser, then the matched unit was formatted.","{""availability_date"":""2026-08-15"",""availability_status"":""UNAVAILABLE"",""bathrooms"":""1"",""bedrooms"":""1"",""building"":"""",""concession"":"""",""extraction_tier"":""TIER_1_KNOCK_API"",""floor_plan_name"":""1/1.0"",""market_rent_high"":2062,""market_rent_low"":2062,""rent_range"":""2062"",""sqft"":""726"",""unit_number"":""17""}","{""_available_date_raw"":""2026-08-15"",""_concession_quality"":null,""_date_placeholder"":null,""_extra"":null,""_inferred_id"":null,""_rent_range_raw"":""2062"",""amenities"":null,""area"":726,""area_absence"":null,""area_absence_evidence"":null,""availability_date_provenance"":""explicit_future"",""availability_status"":""UNAVAILABLE"",""available_date"":""2026-08-15"",""available_units"":null,""baths"":1.0,""beds"":1,""building"":null,""concession_source"":null,""concession_text"":null,""concession_text_clean"":null,""concession_value"":null,""date_captured"":""2026-08-01 10:45:19"",""deposit"":null,""extraction_tier"":""TIER_1_KNOCK_API"",""floor"":null,""floor_plan_id"":""666731902c0a"",""floor_plan_name"":""1/1.0"",""is_floor_plan_level"":false,""lease_term"":null,""move_in_date"":null,""offer_banner"":null,""offer_conditions"":null,""offer_target"":null,""offer_type"":null,""offer_value"":null,""rent_high"":2062.0,""rent_low"":2062.0,""source_ids"":{},""unit_id"":""17"",""unit_name"":null}",,false,,,,,,,,{},{},"{""available"":true,""availableOn"":""2026-08-15"",""availableRaw"":true,""displayPrice"":""2062"",""hidden"":false,""id"":""f656dd2a-bff6-4fa7-995f-3f190c5df67c"",""layoutId"":""f371e486-23de-4bbc-8c3c-aa25ec892564"",""layoutName"":""1/1.0"",""leased"":false,""name"":""17"",""occupied"":true,""price"":""2062"",""reserved"":false}"
local_current_live_no_rp_oracle_audit_not_canary,2026-08-01T10:45:19Z,2026-08-01,2026-07-31,separate_no_rp_oracle_573_rows_78_properties,ASPENSQUARE_OPERATOR,6526,Southwood Acres,aspensquare_public_knock_units_api,true,https://doorway-api.knockrentals.com/v1/property/2007446/units,98,1/1.0,2026-07-08,2026-07-08,historical_embedded,false,availableOn,knock.parse_knock_units,exact_current_parser,true,true,,availability_date,2026-07-08,2026-07-08,historical_embedded,true,false,2026-07-08,2026-07-08,historical_embedded,,false,false,false,HISTORICAL_SOURCE_DATE_PRESERVED,none,HIGH,"Exact current Knock units payload was replayed through the current adapter parser, then the matched unit was formatted.","{""availability_date"":""2026-07-08"",""availability_status"":""AVAILABLE"",""bathrooms"":""1"",""bedrooms"":""1"",""building"":"""",""concession"":"""",""extraction_tier"":""TIER_1_KNOCK_API"",""floor_plan_name"":""1/1.0"",""market_rent_high"":1967,""market_rent_low"":1967,""rent_range"":""1967"",""sqft"":""726"",""unit_number"":""98""}","{""_available_date_raw"":""2026-07-08"",""_concession_quality"":null,""_date_placeholder"":null,""_extra"":null,""_inferred_id"":null,""_rent_range_raw"":""1967"",""amenities"":null,""area"":726,""area_absence"":null,""area_absence_evidence"":null,""availability_date_provenance"":""historical_embedded"",""availability_status"":""AVAILABLE"",""available_date"":""2026-07-08"",""available_units"":null,""baths"":1.0,""beds"":1,""building"":null,""concession_source"":null,""concession_text"":null,""concession_text_clean"":null,""concession_value"":null,""date_captured"":""2026-08-01 10:45:19"",""deposit"":null,""extraction_tier"":""TIER_1_KNOCK_API"",""floor"":null,""floor_plan_id"":""666731902c0a"",""floor_plan_name"":""1/1.0"",""is_floor_plan_level"":false,""lease_term"":null,""move_in_date"":null,""offer_banner"":null,""offer_conditions"":null,""offer_target"":null,""offer_type"":null,""offer_value"":null,""rent_high"":1967.0,""rent_low"":1967.0,""source_ids"":{},""unit_id"":""98"",""unit_name"":null}",,false,,,,,,,,{},{},"{""available"":true,""availableOn"":""2026-07-08"",""availableRaw"":true,""displayPrice"":""1967"",""hidden"":false,""id"":""56c4bbea-3958-4b2a-b7b1-1ff8851238af"",""layoutId"":""f371e486-23de-4bbc-8c3c-aa25ec892564"",""layoutName"":""1/1.0"",""leased"":false,""name"":""98"",""occupied"":false,""price"":""1967"",""reserved"":false}"
local_current_live_no_rp_oracle_audit_not_canary,2026-08-01T10:45:19Z,2026-08-01,2026-07-31,separate_no_rp_oracle_573_rows_78_properties,ASPENSQUARE_OPERATOR,6526,Southwood Acres,aspensquare_public_knock_units_api,true,https://doorway-api.knockrentals.com/v1/property/2007446/units,31,2/1.5,2026-06-26,2026-06-26,historical_embedded,false,availableOn,knock.parse_knock_units,exact_current_parser,true,true,,availability_date,2026-06-26,2026-06-26,historical_embedded,true,false,2026-06-26,2026-06-26,historical_embedded,,false,false,false,HISTORICAL_SOURCE_DATE_PRESERVED,none,HIGH,"Exact current Knock units payload was replayed through the current adapter parser, then the matched unit was formatted.","{""availability_date"":""2026-06-26"",""availability_status"":""AVAILABLE"",""bathrooms"":""1.5"",""bedrooms"":""2"",""building"":"""",""concession"":"""",""extraction_tier"":""TIER_1_KNOCK_API"",""floor_plan_name"":""2/1.5"",""market_rent_high"":2533,""market_rent_low"":2533,""rent_range"":""2533"",""sqft"":""1250"",""unit_number"":""31""}","{""_available_date_raw"":""2026-06-26"",""_concession_quality"":null,""_date_placeholder"":null,""_extra"":null,""_inferred_id"":null,""_rent_range_raw"":""2533"",""amenities"":null,""area"":1250,""area_absence"":null,""area_absence_evidence"":null,""availability_date_provenance"":""historical_embedded"",""availability_status"":""AVAILABLE"",""available_date"":""2026-06-26"",""available_units"":null,""baths"":1.5,""beds"":2,""building"":null,""concession_source"":null,""concession_text"":null,""concession_text_clean"":null,""concession_value"":null,""date_captured"":""2026-08-01 10:45:19"",""deposit"":null,""extraction_tier"":""TIER_1_KNOCK_API"",""floor"":null,""floor_plan_id"":""70dc9bf0ab62"",""floor_plan_name"":""2/1.5"",""is_floor_plan_level"":false,""lease_term"":null,""move_in_date"":null,""offer_banner"":null,""offer_conditions"":null,""offer_target"":null,""offer_type"":null,""offer_value"":null,""rent_high"":2533.0,""rent_low"":2533.0,""source_ids"":{},""unit_id"":""31"",""unit_name"":null}",,false,,,,,,,,{},{},"{""available"":true,""availableOn"":""2026-06-26"",""availableRaw"":true,""displayPrice"":""2533"",""hidden"":false,""id"":""9db1e641-7d36-4151-9399-c3062a1cb014"",""layoutId"":""2ebb6353-efff-448b-88bd-169ab42f2291"",""layoutName"":""2/1.5"",""leased"":false,""name"":""31"",""occupied"":false,""price"":""2533"",""reserved"":false}"
local_current_live_no_rp_oracle_audit_not_canary,2026-08-01T10:45:19Z,2026-08-01,2026-07-31,separate_no_rp_oracle_573_rows_78_properties,ASPENSQUARE_OPERATOR,6526,Southwood Acres,aspensquare_public_knock_units_api,true,https://doorway-api.knockrentals.com/v1/property/2007446/units,109,1/1.0,2026-08-29,2026-08-29,explicit_future,true,availableOn,knock.parse_knock_units,exact_current_parser,true,true,,availability_date,2026-08-29,2026-08-29,explicit_future,true,false,2026-08-29,2026-08-29,explicit_future,,true,true,false,EXPLICIT_FUTURE_PRESERVED_END_TO_END,none,HIGH,"Exact current Knock units payload was replayed through the current adapter parser, then the matched unit was formatted.","{""availability_date"":""2026-08-29"",""availability_status"":""UNAVAILABLE"",""bathrooms"":""1"",""bedrooms"":""1"",""building"":"""",""concession"":"""",""extraction_tier"":""TIER_1_KNOCK_API"",""floor_plan_name"":""1/1.0"",""market_rent_high"":2067,""market_rent_low"":2067,""rent_range"":""2067"",""sqft"":""726"",""unit_number"":""109""}","{""_available_date_raw"":""2026-08-29"",""_concession_quality"":null,""_date_placeholder"":null,""_extra"":null,""_inferred_id"":null,""_rent_range_raw"":""2067"",""amenities"":null,""area"":726,""area_absence"":null,""area_absence_evidence"":null,""availability_date_provenance"":""explicit_future"",""availability_status"":""UNAVAILABLE"",""available_date"":""2026-08-29"",""available_units"":null,""baths"":1.0,""beds"":1,""building"":null,""concession_source"":null,""concession_text"":null,""concession_text_clean"":null,""concession_value"":null,""date_captured"":""2026-08-01 10:45:19"",""deposit"":null,""extraction_tier"":""TIER_1_KNOCK_API"",""floor"":null,""floor_plan_id"":""666731902c0a"",""floor_plan_name"":""1/1.0"",""is_floor_plan_level"":false,""lease_term"":null,""move_in_date"":null,""offer_banner"":null,""offer_conditions"":null,""offer_target"":null,""offer_type"":null,""offer_value"":null,""rent_high"":2067.0,""rent_low"":2067.0,""source_ids"":{},""unit_id"":""109"",""unit_name"":null}",,false,,,,,,,,{},{},"{""available"":true,""availableOn"":""2026-08-29"",""availableRaw"":true,""displayPrice"":""2067"",""hidden"":false,""id"":""8ece9f89-769f-4f93-9d5d-6654b006c220"",""layoutId"":""f371e486-23de-4bbc-8c3c-aa25ec892564"",""layoutName"":""1/1.0"",""leased"":false,""name"":""109"",""occupied"":true,""price"":""2067"",""reserved"":false}"
local_current_live_no_rp_oracle_audit_not_canary,2026-08-01T10:45:19Z,2026-08-01,2026-07-31,separate_no_rp_oracle_573_rows_78_properties,ASPENSQUARE_OPERATOR,6526,Southwood Acres,aspensquare_public_knock_units_api,true,https://doorway-api.knockrentals.com/v1/property/2007446/units,53,2/1.5,2026-09-16,2026-09-16,explicit_future,true,availableOn,knock.parse_knock_units,exact_current_parser,true,true,,availability_date,2026-09-16,2026-09-16,explicit_future,true,false,2026-09-16,2026-09-16,explicit_future,,true,true,false,EXPLICIT_FUTURE_PRESERVED_END_TO_END,none,HIGH,"Exact current Knock units payload was replayed through the current adapter parser, then the matched unit was formatted.","{""availability_date"":""2026-09-16"",""availability_status"":""UNAVAILABLE"",""bathrooms"":""1.5"",""bedrooms"":""2"",""building"":"""",""concession"":"""",""extraction_tier"":""TIER_1_KNOCK_API"",""floor_plan_name"":""2/1.5"",""market_rent_high"":2682,""market_rent_low"":2682,""rent_range"":""2682"",""sqft"":""1250"",""unit_number"":""53""}","{""_available_date_raw"":""2026-09-16"",""_concession_quality"":null,""_date_placeholder"":null,""_extra"":null,""_inferred_id"":null,""_rent_range_raw"":""2682"",""amenities"":null,""area"":1250,""area_absence"":null,""area_absence_evidence"":null,""availability_date_provenance"":""explicit_future"",""availability_status"":""UNAVAILABLE"",""available_date"":""2026-09-16"",""available_units"":null,""baths"":1.5,""beds"":2,""building"":null,""concession_source"":null,""concession_text"":null,""concession_text_clean"":null,""concession_value"":null,""date_captured"":""2026-08-01 10:45:19"",""deposit"":null,""extraction_tier"":""TIER_1_KNOCK_API"",""floor"":null,""floor_plan_id"":""70dc9bf0ab62"",""floor_plan_name"":""2/1.5"",""is_floor_plan_level"":false,""lease_term"":null,""move_in_date"":null,""offer_banner"":null,""offer_conditions"":null,""offer_target"":null,""offer_type"":null,""offer_value"":null,""rent_high"":2682.0,""rent_low"":2682.0,""source_ids"":{},""unit_id"":""53"",""unit_name"":null}",,false,,,,,,,,{},{},"{""available"":true,""availableOn"":""2026-09-16"",""availableRaw"":true,""displayPrice"":""2682"",""hidden"":false,""id"":""912856e6-d108-460e-bfdf-4689cd208a01"",""layoutId"":""2ebb6353-efff-448b-88bd-169ab42f2291"",""layoutName"":""2/1.5"",""leased"":false,""name"":""53"",""occupied"":true,""price"":""2682"",""reserved"":false}"
local_current_live_no_rp_oracle_audit_not_canary,2026-08-01T10:45:19Z,2026-08-01,2026-07-31,separate_no_rp_oracle_573_rows_78_properties,ASPENSQUARE_OPERATOR,6526,Southwood Acres,aspensquare_public_knock_units_api,true,https://doorway-api.knockrentals.com/v1/property/2007446/units,119,1/1.0,2026-08-22,2026-08-22,explicit_future,true,availableOn,knock.parse_knock_units,exact_current_parser,true,true,,availability_date,2026-08-22,2026-08-22,explicit_future,true,false,2026-08-22,2026-08-22,explicit_future,,true,true,false,EXPLICIT_FUTURE_PRESERVED_END_TO_END,none,HIGH,"Exact current Knock units payload was replayed through the current adapter parser, then the matched unit was formatted.","{""availability_date"":""2026-08-22"",""availability_status"":""UNAVAILABLE"",""bathrooms"":""1"",""bedrooms"":""1"",""building"":"""",""concession"":"""",""extraction_tier"":""TIER_1_KNOCK_API"",""floor_plan_name"":""1/1.0"",""market_rent_high"":2037,""market_rent_low"":2037,""rent_range"":""2037"",""sqft"":""726"",""unit_number"":""119""}","{""_available_date_raw"":""2026-08-22"",""_concession_quality"":null,""_date_placeholder"":null,""_extra"":null,""_inferred_id"":null,""_rent_range_raw"":""2037"",""amenities"":null,""area"":726,""area_absence"":null,""area_absence_evidence"":null,""availability_date_provenance"":""explicit_future"",""availability_status"":""UNAVAILABLE"",""available_date"":""2026-08-22"",""available_units"":null,""baths"":1.0,""beds"":1,""building"":null,""concession_source"":null,""concession_text"":null,""concession_text_clean"":null,""concession_value"":null,""date_captured"":""2026-08-01 10:45:19"",""deposit"":null,""extraction_tier"":""TIER_1_KNOCK_API"",""floor"":null,""floor_plan_id"":""666731902c0a"",""floor_plan_name"":""1/1.0"",""is_floor_plan_level"":false,""lease_term"":null,""move_in_date"":null,""offer_banner"":null,""offer_conditions"":null,""offer_target"":null,""offer_type"":null,""offer_value"":null,""rent_high"":2037.0,""rent_low"":2037.0,""source_ids"":{},""unit_id"":""119"",""unit_name"":null}",,false,,,,,,,,{},{},"{""available"":true,""availableOn"":""2026-08-22"",""availableRaw"":true,""displayPrice"":""2037"",""hidden"":false,""id"":""af360181-c444-4419-8300-93394495594c"",""layoutId"":""f371e486-23de-4bbc-8c3c-aa25ec892564"",""layoutName"":""1/1.0"",""leased"":false,""name"":""119"",""occupied"":true,""price"":""2037"",""reserved"":false}"
local_current_live_no_rp_oracle_audit_not_canary,2026-08-01T10:45:19Z,2026-08-01,2026-07-31,separate_no_rp_oracle_573_rows_78_properties,ASPENSQUARE_OPERATOR,6526,Southwood Acres,aspensquare_public_knock_units_api,true,https://doorway-api.knockrentals.com/v1/property/2007446/units,46,2/1.5,2026-07-17,2026-07-17,historical_embedded,false,availableOn,knock.parse_knock_units,exact_current_parser,true,true,,availability_date,2026-07-17,2026-07-17,historical_embedded,true,false,2026-07-17,2026-07-17,historical_embedded,,false,false,false,HISTORICAL_SOURCE_DATE_PRESERVED,none,HIGH,"Exact current Knock units payload was replayed through the current adapter parser, then the matched unit was formatted.","{""availability_date"":""2026-07-17"",""availability_status"":""UNAVAILABLE"",""bathrooms"":""1.5"",""bedrooms"":""2"",""building"":"""",""concession"":"""",""extraction_tier"":""TIER_1_KNOCK_API"",""floor_plan_name"":""2/1.5"",""market_rent_high"":2676,""market_rent_low"":2676,""rent_range"":""2676"",""sqft"":""1250"",""unit_number"":""46""}","{""_available_date_raw"":""2026-07-17"",""_concession_quality"":null,""_date_placeholder"":null,""_extra"":null,""_inferred_id"":null,""_rent_range_raw"":""2676"",""amenities"":null,""area"":1250,""area_absence"":null,""area_absence_evidence"":null,""availability_date_provenance"":""historical_embedded"",""availability_status"":""UNAVAILABLE"",""available_date"":""2026-07-17"",""available_units"":null,""baths"":1.5,""beds"":2,""building"":null,""concession_source"":null,""concession_text"":null,""concession_text_clean"":null,""concession_value"":null,""date_captured"":""2026-08-01 10:45:19"",""deposit"":null,""extraction_tier"":""TIER_1_KNOCK_API"",""floor"":null,""floor_plan_id"":""70dc9bf0ab62"",""floor_plan_name"":""2/1.5"",""is_floor_plan_level"":false,""lease_term"":null,""move_in_date"":null,""offer_banner"":null,""offer_conditions"":null,""offer_target"":null,""offer_type"":null,""offer_value"":null,""rent_high"":2676.0,""rent_low"":2676.0,""source_ids"":{},""unit_id"":""46"",""unit_name"":null}",,false,,,,,,,,{},{},"{""available"":true,""availableOn"":""2026-07-17"",""availableRaw"":true,""displayPrice"":""2676"",""hidden"":false,""id"":""57c37db6-a8b1-400c-9a36-caf4e2c26d72"",""layoutId"":""2ebb6353-efff-448b-88bd-169ab42f2291"",""layoutName"":""2/1.5"",""leased"":false,""name"":""46"",""occupied"":true,""price"":""2676"",""reserved"":false}"
local_current_live_no_rp_oracle_audit_not_canary,2026-08-01T10:45:19Z,2026-08-01,2026-07-31,separate_no_rp_oracle_573_rows_78_properties,ASPENSQUARE_OPERATOR,6526,Southwood Acres,aspensquare_public_knock_units_api,true,https://doorway-api.knockrentals.com/v1/property/2007446/units,34,2/1.5,2026-08-22,2026-08-22,explicit_future,true,availableOn,knock.parse_knock_units,exact_current_parser,true,true,,availability_date,2026-08-22,2026-08-22,explicit_future,true,false,2026-08-22,2026-08-22,explicit_future,,true,true,false,EXPLICIT_FUTURE_PRESERVED_END_TO_END,none,HIGH,"Exact current Knock units payload was replayed through the current adapter parser, then the matched unit was formatted.","{""availability_date"":""2026-08-22"",""availability_status"":""UNAVAILABLE"",""bathrooms"":""1.5"",""bedrooms"":""2"",""building"":"""",""concession"":"""",""extraction_tier"":""TIER_1_KNOCK_API"",""floor_plan_name"":""2/1.5"",""market_rent_high"":2734,""market_rent_low"":2734,""rent_range"":""2734"",""sqft"":""1250"",""unit_number"":""34""}","{""_available_date_raw"":""2026-08-22"",""_concession_quality"":null,""_date_placeholder"":null,""_extra"":null,""_inferred_id"":null,""_rent_range_raw"":""2734"",""amenities"":null,""area"":1250,""area_absence"":null,""area_absence_evidence"":null,""availability_date_provenance"":""explicit_future"",""availability_status"":""UNAVAILABLE"",""available_date"":""2026-08-22"",""available_units"":null,""baths"":1.5,""beds"":2,""building"":null,""concession_source"":null,""concession_text"":null,""concession_text_clean"":null,""concession_value"":null,""date_captured"":""2026-08-01 10:45:19"",""deposit"":null,""extraction_tier"":""TIER_1_KNOCK_API"",""floor"":null,""floor_plan_id"":""70dc9bf0ab62"",""floor_plan_name"":""2/1.5"",""is_floor_plan_level"":false,""lease_term"":null,""move_in_date"":null,""offer_banner"":null,""offer_conditions"":null,""offer_target"":null,""offer_type"":null,""offer_value"":null,""rent_high"":2734.0,""rent_low"":2734.0,""source_ids"":{},""unit_id"":""34"",""unit_name"":null}",,false,,,,,,,,{},{},"{""available"":true,""availableOn"":""2026-08-22"",""availableRaw"":true,""displayPrice"":""2734"",""hidden"":false,""id"":""5ee37782-944a-4748-9b30-0dd5acd44436"",""layoutId"":""2ebb6353-efff-448b-88bd-169ab42f2291"",""layoutName"":""2/1.5"",""leased"":false,""name"":""34"",""occupied"":true,""price"":""2734"",""reserved"":false}"
local_current_live_no_rp_oracle_audit_not_canary,2026-08-01T10:45:19Z,2026-08-01,2026-07-31,separate_no_rp_oracle_573_rows_78_properties,ASPENSQUARE_OPERATOR,6526,Southwood Acres,aspensquare_public_knock_units_api,true,https://doorway-api.knockrentals.com/v1/property/2007446/units,49,2/1.5,2026-09-05,2026-09-05,explicit_future,true,availableOn,knock.parse_knock_units,exact_current_parser,true,true,,availability_date,2026-09-05,2026-09-05,explicit_future,true,false,2026-09-05,2026-09-05,explicit_future,,true,true,false,EXPLICIT_FUTURE_PRESERVED_END_TO_END,none,HIGH,"Exact current Knock units payload was replayed through the current adapter parser, then the matched unit was formatted.","{""availability_date"":""2026-09-05"",""availability_status"":""UNAVAILABLE"",""bathrooms"":""1.5"",""bedrooms"":""2"",""building"":"""",""concession"":"""",""extraction_tier"":""TIER_1_KNOCK_API"",""floor_plan_name"":""2/1.5"",""market_rent_high"":2637,""market_rent_low"":2637,""rent_range"":""2637"",""sqft"":""1250"",""unit_number"":""49""}","{""_available_date_raw"":""2026-09-05"",""_concession_quality"":null,""_date_placeholder"":null,""_extra"":null,""_inferred_id"":null,""_rent_range_raw"":""2637"",""amenities"":null,""area"":1250,""area_absence"":null,""area_absence_evidence"":null,""availability_date_provenance"":""explicit_future"",""availability_status"":""UNAVAILABLE"",""available_date"":""2026-09-05"",""available_units"":null,""baths"":1.5,""beds"":2,""building"":null,""concession_source"":null,""concession_text"":null,""concession_text_clean"":null,""concession_value"":null,""date_captured"":""2026-08-01 10:45:19"",""deposit"":null,""extraction_tier"":""TIER_1_KNOCK_API"",""floor"":null,""floor_plan_id"":""70dc9bf0ab62"",""floor_plan_name"":""2/1.5"",""is_floor_plan_level"":false,""lease_term"":null,""move_in_date"":null,""offer_banner"":null,""offer_conditions"":null,""offer_target"":null,""offer_type"":null,""offer_value"":null,""rent_high"":2637.0,""rent_low"":2637.0,""source_ids"":{},""unit_id"":""49"",""unit_name"":null}",,false,,,,,,,,{},{},"{""available"":true,""availableOn"":""2026-09-05"",""availableRaw"":true,""displayPrice"":""2637"",""hidden"":false,""id"":""1079990e-360f-4e9f-b07f-e75f40630b1e"",""layoutId"":""2ebb6353-efff-448b-88bd-169ab42f2291"",""layoutName"":""2/1.5"",""leased"":false,""name"":""49"",""occupied"":true,""price"":""2637"",""reserved"":false}"
local_current_live_no_rp_oracle_audit_not_canary,2026-08-01T10:45:19Z,2026-08-01,2026-07-31,separate_no_rp_oracle_573_rows_78_properties,ASPENSQUARE_OPERATOR,6526,Southwood Acres,aspensquare_public_knock_units_api,true,https://doorway-api.knockrentals.com/v1/property/2007446/units,D01,2/1.0,2026-09-08,2026-09-08,explicit_future,true,availableOn,knock.parse_knock_units,exact_current_parser,true,true,,availability_date,2026-09-08,2026-09-08,explicit_future,true,false,2026-09-08,2026-09-08,explicit_future,,true,true,false,EXPLICIT_FUTURE_PRESERVED_END_TO_END,none,HIGH,"Exact current Knock units payload was replayed through the current adapter parser, then the matched unit was formatted.","{""availability_date"":""2026-09-08"",""availability_status"":""UNAVAILABLE"",""bathrooms"":""1"",""bedrooms"":""2"",""building"":"""",""concession"":"""",""extraction_tier"":""TIER_1_KNOCK_API"",""floor_plan_name"":""2/1.0"",""market_rent_high"":2362,""market_rent_low"":2362,""rent_range"":""2362"",""sqft"":""880"",""unit_number"":""D01""}","{""_available_date_raw"":""2026-09-08"",""_concession_quality"":null,""_date_placeholder"":null,""_extra"":null,""_inferred_id"":null,""_rent_range_raw"":""2362"",""amenities"":null,""area"":880,""area_absence"":null,""area_absence_evidence"":null,""availability_date_provenance"":""explicit_future"",""availability_status"":""UNAVAILABLE"",""available_date"":""2026-09-08"",""available_units"":null,""baths"":1.0,""beds"":2,""building"":null,""concession_source"":null,""concession_text"":null,""concession_text_clean"":null,""concession_value"":null,""date_captured"":""2026-08-01 10:45:19"",""deposit"":null,""extraction_tier"":""TIER_1_KNOCK_API"",""floor"":null,""floor_plan_id"":""2785e0334ed1"",""floor_plan_name"":""2/1.0"",""is_floor_plan_level"":false,""lease_term"":null,""move_in_date"":null,""offer_banner"":null,""offer_conditions"":null,""offer_target"":null,""offer_type"":null,""offer_value"":null,""rent_high"":2362.0,""rent_low"":2362.0,""source_ids"":{},""unit_id"":""D01"",""unit_name"":null}",,false,,,,,,,,{},{},"{""available"":true,""availableOn"":""2026-09-08"",""availableRaw"":true,""displayPrice"":""2362"",""hidden"":false,""id"":""3d1762eb-cc6e-4ba9-91a7-135796bd35c1"",""layoutId"":""0d2cac22-a547-4735-b427-54ee55b3e79f"",""layoutName"":""2/1.0"",""leased"":false,""name"":""D01"",""occupied"":true,""price"":""2362"",""reserved"":false}"
local_current_live_no_rp_oracle_audit_not_canary,2026-08-01T10:45:19Z,2026-08-01,2026-07-31,separate_no_rp_oracle_573_rows_78_properties,ASPENSQUARE_OPERATOR,6526,Southwood Acres,aspensquare_public_knock_units_api,true,https://doorway-api.knockrentals.com/v1/property/2007446/units,115,1/1.0,2026-09-05,2026-09-05,explicit_future,true,availableOn,knock.parse_knock_units,exact_current_parser,true,true,,availability_date,2026-09-05,2026-09-05,explicit_future,true,false,2026-09-05,2026-09-05,explicit_future,,true,true,false,EXPLICIT_FUTURE_PRESERVED_END_TO_END,none,HIGH,"Exact current Knock units payload was replayed through the current adapter parser, then the matched unit was formatted.","{""availability_date"":""2026-09-05"",""availability_status"":""UNAVAILABLE"",""bathrooms"":""1"",""bedrooms"":""1"",""building"":"""",""concession"":"""",""extraction_tier"":""TIER_1_KNOCK_API"",""floor_plan_name"":""1/1.0"",""market_rent_high"":2032,""market_rent_low"":2032,""rent_range"":""2032"",""sqft"":""726"",""unit_number"":""115""}","{""_available_date_raw"":""2026-09-05"",""_concession_quality"":null,""_date_placeholder"":null,""_extra"":null,""_inferred_id"":null,""_rent_range_raw"":""2032"",""amenities"":null,""area"":726,""area_absence"":null,""area_absence_evidence"":null,""availability_date_provenance"":""explicit_future"",""availability_status"":""UNAVAILABLE"",""available_date"":""2026-09-05"",""available_units"":null,""baths"":1.0,""beds"":1,""building"":null,""concession_source"":null,""concession_text"":null,""concession_text_clean"":null,""concession_value"":null,""date_captured"":""2026-08-01 10:45:19"",""deposit"":null,""extraction_tier"":""TIER_1_KNOCK_API"",""floor"":null,""floor_plan_id"":""666731902c0a"",""floor_plan_name"":""1/1.0"",""is_floor_plan_level"":false,""lease_term"":null,""move_in_date"":null,""offer_banner"":null,""offer_conditions"":null,""offer_target"":null,""offer_type"":null,""offer_value"":null,""rent_high"":2032.0,""rent_low"":2032.0,""source_ids"":{},""unit_id"":""115"",""unit_name"":null}",,false,,,,,,,,{},{},"{""available"":true,""availableOn"":""2026-09-05"",""availableRaw"":true,""displayPrice"":""2032"",""hidden"":false,""id"":""cba1bf09-9064-47ba-909b-1e809bc908f3"",""layoutId"":""f371e486-23de-4bbc-8c3c-aa25ec892564"",""layoutName"":""1/1.0"",""leased"":false,""name"":""115"",""occupied"":true,""price"":""2032"",""reserved"":false}"
local_current_live_no_rp_oracle_audit_not_canary,2026-08-01T10:45:19Z,2026-08-01,2026-07-31,separate_no_rp_oracle_573_rows_78_properties,ASPENSQUARE_OPERATOR,6526,Southwood Acres,aspensquare_public_knock_units_api,true,https://doorway-api.knockrentals.com/v1/property/2007446/units,18,1/1.0,2026-07-21,2026-07-21,historical_embedded,false,availableOn,knock.parse_knock_units,exact_current_parser,true,true,,availability_date,2026-07-21,2026-07-21,historical_embedded,true,false,2026-07-21,2026-07-21,historical_embedded,,false,false,false,HISTORICAL_SOURCE_DATE_PRESERVED,none,HIGH,"Exact current Knock units payload was replayed through the current adapter parser, then the matched unit was formatted.","{""availability_date"":""2026-07-21"",""availability_status"":""AVAILABLE"",""bathrooms"":""1"",""bedrooms"":""1"",""building"":"""",""concession"":"""",""extraction_tier"":""TIER_1_KNOCK_API"",""floor_plan_name"":""1/1.0"",""market_rent_high"":2061,""market_rent_low"":2061,""rent_range"":""2061"",""sqft"":""726"",""unit_number"":""18""}","{""_available_date_raw"":""2026-07-21"",""_concession_quality"":null,""_date_placeholder"":null,""_extra"":null,""_inferred_id"":null,""_rent_range_raw"":""2061"",""amenities"":null,""area"":726,""area_absence"":null,""area_absence_evidence"":null,""availability_date_provenance"":""historical_embedded"",""availability_status"":""AVAILABLE"",""available_date"":""2026-07-21"",""available_units"":null,""baths"":1.0,""beds"":1,""building"":null,""concession_source"":null,""concession_text"":null,""concession_text_clean"":null,""concession_value"":null,""date_captured"":""2026-08-01 10:45:19"",""deposit"":null,""extraction_tier"":""TIER_1_KNOCK_API"",""floor"":null,""floor_plan_id"":""666731902c0a"",""floor_plan_name"":""1/1.0"",""is_floor_plan_level"":false,""lease_term"":null,""move_in_date"":null,""offer_banner"":null,""offer_conditions"":null,""offer_target"":null,""offer_type"":null,""offer_value"":null,""rent_high"":2061.0,""rent_low"":2061.0,""source_ids"":{},""unit_id"":""18"",""unit_name"":null}",,false,,,,,,,,{},{},"{""available"":true,""availableOn"":""2026-07-21"",""availableRaw"":true,""displayPrice"":""2061"",""hidden"":false,""id"":""17698483-4282-48d7-9524-ea61944c9c82"",""layoutId"":""f371e486-23de-4bbc-8c3c-aa25ec892564"",""layoutName"":""1/1.0"",""leased"":false,""name"":""18"",""occupied"":false,""price"":""2061"",""reserved"":false}"
local_current_live_no_rp_oracle_audit_not_canary,2026-08-01T10:45:19Z,2026-08-01,2026-07-31,separate_no_rp_oracle_573_rows_78_properties,ASPENSQUARE_OPERATOR,6526,Southwood Acres,aspensquare_public_knock_units_api,true,https://doorway-api.knockrentals.com/v1/property/2007446/units,33,2/1.5,2026-07-17,2026-07-17,historical_embedded,false,availableOn,knock.parse_knock_units,exact_current_parser,true,true,,availability_date,2026-07-17,2026-07-17,historical_embedded,true,false,2026-07-17,2026-07-17,historical_embedded,,false,false,false,HISTORICAL_SOURCE_DATE_PRESERVED,none,HIGH,"Exact current Knock units payload was replayed through the current adapter parser, then the matched unit was formatted.","{""availability_date"":""2026-07-17"",""availability_status"":""AVAILABLE"",""bathrooms"":""1.5"",""bedrooms"":""2"",""building"":"""",""concession"":"""",""extraction_tier"":""TIER_1_KNOCK_API"",""floor_plan_name"":""2/1.5"",""market_rent_high"":2641,""market_rent_low"":2641,""rent_range"":""2641"",""sqft"":""1250"",""unit_number"":""33""}","{""_available_date_raw"":""2026-07-17"",""_concession_quality"":null,""_date_placeholder"":null,""_extra"":null,""_inferred_id"":null,""_rent_range_raw"":""2641"",""amenities"":null,""area"":1250,""area_absence"":null,""area_absence_evidence"":null,""availability_date_provenance"":""historical_embedded"",""availability_status"":""AVAILABLE"",""available_date"":""2026-07-17"",""available_units"":null,""baths"":1.5,""beds"":2,""building"":null,""concession_source"":null,""concession_text"":null,""concession_text_clean"":null,""concession_value"":null,""date_captured"":""2026-08-01 10:45:19"",""deposit"":null,""extraction_tier"":""TIER_1_KNOCK_API"",""floor"":null,""floor_plan_id"":""70dc9bf0ab62"",""floor_plan_name"":""2/1.5"",""is_floor_plan_level"":false,""lease_term"":null,""move_in_date"":null,""offer_banner"":null,""offer_conditions"":null,""offer_target"":null,""offer_type"":null,""offer_value"":null,""rent_high"":2641.0,""rent_low"":2641.0,""source_ids"":{},""unit_id"":""33"",""unit_name"":null}",,false,,,,,,,,{},{},"{""available"":true,""availableOn"":""2026-07-17"",""availableRaw"":true,""displayPrice"":""2641"",""hidden"":false,""id"":""80446bd0-6c3b-4723-84c5-4d5d21441d24"",""layoutId"":""2ebb6353-efff-448b-88bd-169ab42f2291"",""layoutName"":""2/1.5"",""leased"":false,""name"":""33"",""occupied"":false,""price"":""2641"",""reserved"":false}"
local_current_live_no_rp_oracle_audit_not_canary,2026-08-01T10:45:19Z,2026-08-01,2026-07-31,separate_no_rp_oracle_573_rows_78_properties,ASPENSQUARE_OPERATOR,6526,Southwood Acres,aspensquare_public_knock_units_api,true,https://doorway-api.knockrentals.com/v1/property/2007446/units,C02,2/1.0,2026-08-15,2026-08-15,explicit_future,true,availableOn,knock.parse_knock_units,exact_current_parser,true,true,,availability_date,2026-08-15,2026-08-15,explicit_future,true,false,2026-08-15,2026-08-15,explicit_future,,true,true,false,EXPLICIT_FUTURE_PRESERVED_END_TO_END,none,HIGH,"Exact current Knock units payload was replayed through the current adapter parser, then the matched unit was formatted.","{""availability_date"":""2026-08-15"",""availability_status"":""UNAVAILABLE"",""bathrooms"":""1"",""bedrooms"":""2"",""building"":"""",""concession"":"""",""extraction_tier"":""TIER_1_KNOCK_API"",""floor_plan_name"":""2/1.0"",""market_rent_high"":2321,""market_rent_low"":2321,""rent_range"":""2321"",""sqft"":""880"",""unit_number"":""C02""}","{""_available_date_raw"":""2026-08-15"",""_concession_quality"":null,""_date_placeholder"":null,""_extra"":null,""_inferred_id"":null,""_rent_range_raw"":""2321"",""amenities"":null,""area"":880,""area_absence"":null,""area_absence_evidence"":null,""availability_date_provenance"":""explicit_future"",""availability_status"":""UNAVAILABLE"",""available_date"":""2026-08-15"",""available_units"":null,""baths"":1.0,""beds"":2,""building"":null,""concession_source"":null,""concession_text"":null,""concession_text_clean"":null,""concession_value"":null,""date_captured"":""2026-08-01 10:45:19"",""deposit"":null,""extraction_tier"":""TIER_1_KNOCK_API"",""floor"":null,""floor_plan_id"":""2785e0334ed1"",""floor_plan_name"":""2/1.0"",""is_floor_plan_level"":false,""lease_term"":null,""move_in_date"":null,""offer_banner"":null,""offer_conditions"":null,""offer_target"":null,""offer_type"":null,""offer_value"":null,""rent_high"":2321.0,""rent_low"":2321.0,""source_ids"":{},""unit_id"":""C02"",""unit_name"":null}",,false,,,,,,,,{},{},"{""available"":true,""availableOn"":""2026-08-15"",""availableRaw"":true,""displayPrice"":""2321"",""hidden"":false,""id"":""a371a29b-a9b0-4e7a-9047-8a38dfb996ac"",""layoutId"":""0d2cac22-a547-4735-b427-54ee55b3e79f"",""layoutName"":""2/1.0"",""leased"":false,""name"":""C02"",""occupied"":true,""price"":""2321"",""reserved"":false}"
local_current_live_no_rp_oracle_audit_not_canary,2026-08-01T10:45:19Z,2026-08-01,2026-07-31,separate_no_rp_oracle_573_rows_78_properties,ASPENSQUARE_OPERATOR,16186,Edgewood Court,aspensquare_public_knock_units_api,true,https://doorway-api.knockrentals.com/v1/property/2007402/units,Common 1,1BR/1BA,2025-09-23,2025-09-23,historical_embedded,false,availableOn,knock.parse_knock_units,exact_current_parser,true,true,,availability_date,2025-09-23,2025-09-23,historical_embedded,true,false,2025-09-23,2025-09-23,historical_embedded,,false,false,false,HISTORICAL_SOURCE_DATE_PRESERVED,none,HIGH,"Exact current Knock units payload was replayed through the current adapter parser, then the matched unit was formatted.","{""availability_date"":""2025-09-23"",""availability_status"":""AVAILABLE"",""bathrooms"":""1"",""bedrooms"":""1"",""building"":"""",""concession"":"""",""extraction_tier"":""TIER_1_KNOCK_API"",""floor_plan_name"":""1BR/1BA"",""market_rent_high"":2038,""market_rent_low"":2038,""rent_range"":""2038"",""sqft"":""493"",""unit_number"":""Common 1""}","{""_available_date_raw"":""2025-09-23"",""_concession_quality"":null,""_date_placeholder"":null,""_extra"":null,""_inferred_id"":null,""_rent_range_raw"":""2038"",""amenities"":null,""area"":493,""area_absence"":null,""area_absence_evidence"":null,""availability_date_provenance"":""historical_embedded"",""availability_status"":""AVAILABLE"",""available_date"":""2025-09-23"",""available_units"":null,""baths"":1.0,""beds"":1,""building"":null,""concession_source"":null,""concession_text"":null,""concession_text_clean"":null,""concession_value"":null,""date_captured"":""2026-08-01 10:45:19"",""deposit"":null,""extraction_tier"":""TIER_1_KNOCK_API"",""floor"":null,""floor_plan_id"":""167e636a3bd5"",""floor_plan_name"":""1BR/1BA"",""is_floor_plan_level"":false,""lease_term"":null,""move_in_date"":null,""offer_banner"":null,""offer_conditions"":null,""offer_target"":null,""offer_type"":null,""offer_value"":null,""rent_high"":2038.0,""rent_low"":2038.0,""source_ids"":{},""unit_id"":""Common 1"",""unit_name"":null}",,false,,,,,,,,{},{},"{""available"":true,""availableOn"":""2025-09-23"",""availableRaw"":true,""displayPrice"":""2038"",""hidden"":false,""id"":""47747abe-e709-4434-b91e-4b0fa97aa103"",""layoutId"":""fc2a8c6d-1157-4f04-a163-efcca83dfaf2"",""layoutName"":""1BR/1BA"",""leased"":false,""name"":""Common 1"",""occupied"":false,""price"":""2038"",""reserved"":false}"
local_current_live_no_rp_oracle_audit_not_canary,2026-08-01T10:45:19Z,2026-08-01,2026-07-31,separate_no_rp_oracle_573_rows_78_properties,ASPENSQUARE_OPERATOR,4079,The View at Waters Edge,aspensquare_public_knock_units_api,true,https://doorway-api.knockrentals.com/v1/property/2007449/units,306,2x1 The Endeavor,2026-07-30,2026-07-30,historical_embedded,false,availableOn,knock.parse_knock_units,exact_current_parser,true,true,,availability_date,2026-07-30,2026-07-30,historical_embedded,true,false,2026-07-30,2026-07-30,historical_embedded,,false,false,false,HISTORICAL_SOURCE_DATE_PRESERVED,none,HIGH,"Exact current Knock units payload was replayed through the current adapter parser, then the matched unit was formatted.","{""availability_date"":""2026-07-30"",""availability_status"":""AVAILABLE"",""bathrooms"":""1"",""bedrooms"":""2"",""building"":"""",""concession"":"""",""extraction_tier"":""TIER_1_KNOCK_API"",""floor_plan_name"":""2x1 The Endeavor"",""market_rent_high"":2182,""market_rent_low"":2182,""rent_range"":""2182"",""sqft"":""911"",""unit_number"":""306""}","{""_available_date_raw"":""2026-07-30"",""_concession_quality"":null,""_date_placeholder"":null,""_extra"":null,""_inferred_id"":null,""_rent_range_raw"":""2182"",""amenities"":null,""area"":911,""area_absence"":null,""area_absence_evidence"":null,""availability_date_provenance"":""historical_embedded"",""availability_status"":""AVAILABLE"",""available_date"":""2026-07-30"",""available_units"":null,""baths"":1.0,""beds"":2,""building"":null,""concession_source"":null,""concession_text"":null,""concession_text_clean"":null,""concession_value"":null,""date_captured"":""2026-08-01 10:45:19"",""deposit"":null,""extraction_tier"":""TIER_1_KNOCK_API"",""floor"":null,""floor_plan_id"":""6a52c2d64ad4"",""floor_plan_name"":""2x1 The Endeavor"",""is_floor_plan_level"":false,""lease_term"":null,""move_in_date"":null,""offer_banner"":null,""offer_conditions"":null,""offer_target"":null,""offer_type"":null,""offer_value"":null,""rent_high"":2182.0,""rent_low"":2182.0,""source_ids"":{},""unit_id"":""306"",""unit_name"":null}",,false,,,,,,,,{},{},"{""available"":true,""availableOn"":""2026-07-30"",""availableRaw"":true,""displayPrice"":""2182"",""hidden"":false,""id"":""ea82bff3-a12b-473a-90b6-efb8f09f594f"",""layoutId"":""24075b88-9d64-4814-b073-e28401d72b50"",""layoutName"":""2x1 The Endeavor"",""leased"":false,""name"":""306"",""occupied"":false,""price"":""2182"",""reserved"":false}"
local_current_live_no_rp_oracle_audit_not_canary,2026-08-01T10:45:19Z,2026-08-01,2026-07-31,separate_no_rp_oracle_573_rows_78_properties,ASPENSQUARE_OPERATOR,4079,The View at Waters Edge,aspensquare_public_knock_units_api,true,https://doorway-api.knockrentals.com/v1/property/2007449/units,103,2x2 The Santa Maria,2026-10-17,2026-10-17,explicit_future,true,availableOn,knock.parse_knock_units,exact_current_parser,true,true,,availability_date,2026-10-17,2026-10-17,explicit_future,true,false,2026-10-17,2026-10-17,explicit_future,,true,true,false,EXPLICIT_FUTURE_PRESERVED_END_TO_END,none,HIGH,"Exact current Knock units payload was replayed through the current adapter parser, then the matched unit was formatted.","{""availability_date"":""2026-10-17"",""availability_status"":""UNAVAILABLE"",""bathrooms"":""2"",""bedrooms"":""2"",""building"":"""",""concession"":"""",""extraction_tier"":""TIER_1_KNOCK_API"",""floor_plan_name"":""2x2 The Santa Maria"",""market_rent_high"":2434,""market_rent_low"":2434,""rent_range"":""2434"",""sqft"":""1064"",""unit_number"":""103""}","{""_available_date_raw"":""2026-10-17"",""_concession_quality"":null,""_date_placeholder"":null,""_extra"":null,""_inferred_id"":null,""_rent_range_raw"":""2434"",""amenities"":null,""area"":1064,""area_absence"":null,""area_absence_evidence"":null,""availability_date_provenance"":""explicit_future"",""availability_status"":""UNAVAILABLE"",""available_date"":""2026-10-17"",""available_units"":null,""baths"":2.0,""beds"":2,""building"":null,""concession_source"":null,""concession_text"":null,""concession_text_clean"":null,""concession_value"":null,""date_captured"":""2026-08-01 10:45:19"",""deposit"":null,""extraction_tier"":""TIER_1_KNOCK_API"",""floor"":null,""floor_plan_id"":""42716ea83b38"",""floor_plan_name"":""2x2 The Santa Maria"",""is_floor_plan_level"":false,""lease_term"":null,""move_in_date"":null,""offer_banner"":null,""offer_conditions"":null,""offer_target"":null,""offer_type"":null,""offer_value"":null,""rent_high"":2434.0,""rent_low"":2434.0,""source_ids"":{},""unit_id"":""103"",""unit_name"":null}",,false,,,,,,,,{},{},"{""available"":true,""availableOn"":""2026-10-17"",""availableRaw"":true,""displayPrice"":""2434"",""hidden"":false,""id"":""e2e163e5-f875-4536-8d18-68a76ccfd3ac"",""layoutId"":""69512f2b-a692-4ffd-b399-b2f0845da62c"",""layoutName"":""2x2 The Santa Maria"",""leased"":false,""name"":""103"",""occupied"":true,""price"":""2434"",""reserved"":false}"
local_current_live_no_rp_oracle_audit_not_canary,2026-08-01T10:45:19Z,2026-08-01,2026-07-31,separate_no_rp_oracle_573_rows_78_properties,ASPENSQUARE_OPERATOR,4079,The View at Waters Edge,aspensquare_public_knock_units_api,true,https://doorway-api.knockrentals.com/v1/property/2007449/units,308,2x2 The Santa Maria,2026-09-29,2026-09-29,explicit_future,true,availableOn,knock.parse_knock_units,exact_current_parser,true,true,,availability_date,2026-09-29,2026-09-29,explicit_future,true,false,2026-09-29,2026-09-29,explicit_future,,true,true,false,EXPLICIT_FUTURE_PRESERVED_END_TO_END,none,HIGH,"Exact current Knock units payload was replayed through the current adapter parser, then the matched unit was formatted.","{""availability_date"":""2026-09-29"",""availability_status"":""UNAVAILABLE"",""bathrooms"":""2"",""bedrooms"":""2"",""building"":"""",""concession"":"""",""extraction_tier"":""TIER_1_KNOCK_API"",""floor_plan_name"":""2x2 The Santa Maria"",""market_rent_high"":2404,""market_rent_low"":2404,""rent_range"":""2404"",""sqft"":""1064"",""unit_number"":""308""}","{""_available_date_raw"":""2026-09-29"",""_concession_quality"":null,""_date_placeholder"":null,""_extra"":null,""_inferred_id"":null,""_rent_range_raw"":""2404"",""amenities"":null,""area"":1064,""area_absence"":null,""area_absence_evidence"":null,""availability_date_provenance"":""explicit_future"",""availability_status"":""UNAVAILABLE"",""available_date"":""2026-09-29"",""available_units"":null,""baths"":2.0,""beds"":2,""building"":null,""concession_source"":null,""concession_text"":null,""concession_text_clean"":null,""concession_value"":null,""date_captured"":""2026-08-01 10:45:19"",""deposit"":null,""extraction_tier"":""TIER_1_KNOCK_API"",""floor"":null,""floor_plan_id"":""42716ea83b38"",""floor_plan_name"":""2x2 The Santa Maria"",""is_floor_plan_level"":false,""lease_term"":null,""move_in_date"":null,""offer_banner"":null,""offer_conditions"":null,""offer_target"":null,""offer_type"":null,""offer_value"":null,""rent_high"":2404.0,""rent_low"":2404.0,""source_ids"":{},""unit_id"":""308"",""unit_name"":null}",,false,,,,,,,,{},{},"{""available"":true,""availableOn"":""2026-09-29"",""availableRaw"":true,""displayPrice"":""2404"",""hidden"":false,""id"":""7339bef2-454d-457a-8972-7d7c16f76394"",""layoutId"":""69512f2b-a692-4ffd-b399-b2f0845da62c"",""layoutName"":""2x2 The Santa Maria"",""leased"":false,""name"":""308"",""occupied"":true,""price"":""2404"",""reserved"":false}"
local_current_live_no_rp_oracle_audit_not_canary,2026-08-01T10:45:19Z,2026-08-01,2026-07-31,separate_no_rp_oracle_573_rows_78_properties,ASPENSQUARE_OPERATOR,4079,The View at Waters Edge,aspensquare_public_knock_units_api,true,https://doorway-api.knockrentals.com/v1/property/2007449/units,203,2x1 The Endeavor,2026-08-12,2026-08-12,explicit_future,true,availableOn,knock.parse_knock_units,exact_current_parser,true,true,,availability_date,2026-08-12,2026-08-12,explicit_future,true,false,2026-08-12,2026-08-12,explicit_future,,true,true,false,EXPLICIT_FUTURE_PRESERVED_END_TO_END,none,HIGH,"Exact current Knock units payload was replayed through the current adapter parser, then the matched unit was formatted.","{""availability_date"":""2026-08-12"",""availability_status"":""AVAILABLE"",""bathrooms"":""1"",""bedrooms"":""2"",""building"":"""",""concession"":"""",""extraction_tier"":""TIER_1_KNOCK_API"",""floor_plan_name"":""2x1 The Endeavor"",""market_rent_high"":2107,""market_rent_low"":2107,""rent_range"":""2107"",""sqft"":""911"",""unit_number"":""203""}","{""_available_date_raw"":""2026-08-12"",""_concession_quality"":null,""_date_placeholder"":null,""_extra"":null,""_inferred_id"":null,""_rent_range_raw"":""2107"",""amenities"":null,""area"":911,""area_absence"":null,""area_absence_evidence"":null,""availability_date_provenance"":""explicit_future"",""availability_status"":""AVAILABLE"",""available_date"":""2026-08-12"",""available_units"":null,""baths"":1.0,""beds"":2,""building"":null,""concession_source"":null,""concession_text"":null,""concession_text_clean"":null,""concession_value"":null,""date_captured"":""2026-08-01 10:45:19"",""deposit"":null,""extraction_tier"":""TIER_1_KNOCK_API"",""floor"":null,""floor_plan_id"":""6a52c2d64ad4"",""floor_plan_name"":""2x1 The Endeavor"",""is_floor_plan_level"":false,""lease_term"":null,""move_in_date"":null,""offer_banner"":null,""offer_conditions"":null,""offer_target"":null,""offer_type"":null,""offer_value"":null,""rent_high"":2107.0,""rent_low"":2107.0,""source_ids"":{},""unit_id"":""203"",""unit_name"":null}",,false,,,,,,,,{},{},"{""available"":true,""availableOn"":""2026-08-12"",""availableRaw"":true,""displayPrice"":""2107"",""hidden"":false,""id"":""78265166-5f07-4fb6-acc1-10c9aca15748"",""layoutId"":""24075b88-9d64-4814-b073-e28401d72b50"",""layoutName"":""2x1 The Endeavor"",""leased"":false,""name"":""203"",""occupied"":false,""price"":""2107"",""reserved"":false}"
local_current_live_no_rp_oracle_audit_not_canary,2026-08-01T10:45:19Z,2026-08-01,2026-07-31,separate_no_rp_oracle_573_rows_78_properties,ASPENSQUARE_OPERATOR,4079,The View at Waters Edge,aspensquare_public_knock_units_api,true,https://doorway-api.knockrentals.com/v1/property/2007449/units,202,2x2 The Santa Maria,2026-04-10,2026-04-10,historical_embedded,false,availableOn,knock.parse_knock_units,exact_current_parser,true,true,,availability_date,2026-04-10,2026-04-10,historical_embedded,true,false,2026-04-10,2026-04-10,historical_embedded,,false,false,false,HISTORICAL_SOURCE_DATE_PRESERVED,none,HIGH,"Exact current Knock units payload was replayed through the current adapter parser, then the matched unit was formatted.","{""availability_date"":""2026-04-10"",""availability_status"":""AVAILABLE"",""bathrooms"":""2"",""bedrooms"":""2"",""building"":"""",""concession"":"""",""extraction_tier"":""TIER_1_KNOCK_API"",""floor_plan_name"":""2x2 The Santa Maria"",""market_rent_high"":2435,""market_rent_low"":2435,""rent_range"":""2435"",""sqft"":""1064"",""unit_number"":""202""}","{""_available_date_raw"":""2026-04-10"",""_concession_quality"":null,""_date_placeholder"":null,""_extra"":null,""_inferred_id"":null,""_rent_range_raw"":""2435"",""amenities"":null,""area"":1064,""area_absence"":null,""area_absence_evidence"":null,""availability_date_provenance"":""historical_embedded"",""availability_status"":""AVAILABLE"",""available_date"":""2026-04-10"",""available_units"":null,""baths"":2.0,""beds"":2,""building"":null,""concession_source"":null,""concession_text"":null,""concession_text_clean"":null,""concession_value"":null,""date_captured"":""2026-08-01 10:45:19"",""deposit"":null,""extraction_tier"":""TIER_1_KNOCK_API"",""floor"":null,""floor_plan_id"":""42716ea83b38"",""floor_plan_name"":""2x2 The Santa Maria"",""is_floor_plan_level"":false,""lease_term"":null,""move_in_date"":null,""offer_banner"":null,""offer_conditions"":null,""offer_target"":null,""offer_type"":null,""offer_value"":null,""rent_high"":2435.0,""rent_low"":2435.0,""source_ids"":{},""unit_id"":""202"",""unit_name"":null}",,false,,,,,,,,{},{},"{""available"":true,""availableOn"":""2026-04-10"",""availableRaw"":true,""displayPrice"":""2435"",""hidden"":false,""id"":""7903fb0f-cd59-4b69-a90d-60a922e47b75"",""layoutId"":""69512f2b-a692-4ffd-b399-b2f0845da62c"",""layoutName"":""2x2 The Santa Maria"",""leased"":false,""name"":""202"",""occupied"":false,""price"":""2435"",""reserved"":false}"
local_current_live_no_rp_oracle_audit_not_canary,2026-08-01T10:45:19Z,2026-08-01,2026-07-31,separate_no_rp_oracle_573_rows_78_properties,ASPENSQUARE_OPERATOR,4079,The View at Waters Edge,aspensquare_public_knock_units_api,true,https://doorway-api.knockrentals.com/v1/property/2007449/units,303,2x2 The Santa Maria,2026-05-27,2026-05-27,historical_embedded,false,availableOn,knock.parse_knock_units,exact_current_parser,true,true,,availability_date,2026-05-27,2026-05-27,historical_embedded,true,false,2026-05-27,2026-05-27,historical_embedded,,false,false,false,HISTORICAL_SOURCE_DATE_PRESERVED,none,HIGH,"Exact current Knock units payload was replayed through the current adapter parser, then the matched unit was formatted.","{""availability_date"":""2026-05-27"",""availability_status"":""AVAILABLE"",""bathrooms"":""2"",""bedrooms"":""2"",""building"":"""",""concession"":"""",""extraction_tier"":""TIER_1_KNOCK_API"",""floor_plan_name"":""2x2 The Santa Maria"",""market_rent_high"":2380,""market_rent_low"":2380,""rent_range"":""2380"",""sqft"":""1064"",""unit_number"":""303""}","{""_available_date_raw"":""2026-05-27"",""_concession_quality"":null,""_date_placeholder"":null,""_extra"":null,""_inferred_id"":null,""_rent_range_raw"":""2380"",""amenities"":null,""area"":1064,""area_absence"":null,""area_absence_evidence"":null,""availability_date_provenance"":""historical_embedded"",""availability_status"":""AVAILABLE"",""available_date"":""2026-05-27"",""available_units"":null,""baths"":2.0,""beds"":2,""building"":null,""concession_source"":null,""concession_text"":null,""concession_text_clean"":null,""concession_value"":null,""date_captured"":""2026-08-01 10:45:19"",""deposit"":null,""extraction_tier"":""TIER_1_KNOCK_API"",""floor"":null,""floor_plan_id"":""42716ea83b38"",""floor_plan_name"":""2x2 The Santa Maria"",""is_floor_plan_level"":false,""lease_term"":null,""move_in_date"":null,""offer_banner"":null,""offer_conditions"":null,""offer_target"":null,""offer_type"":null,""offer_value"":null,""rent_high"":2380.0,""rent_low"":2380.0,""source_ids"":{},""unit_id"":""303"",""unit_name"":null}",,false,,,,,,,,{},{},"{""available"":true,""availableOn"":""2026-05-27"",""availableRaw"":true,""displayPrice"":""2380"",""hidden"":false,""id"":""0c31d48b-5ef6-4362-968b-61f945b17640"",""layoutId"":""69512f2b-a692-4ffd-b399-b2f0845da62c"",""layoutName"":""2x2 The Santa Maria"",""leased"":false,""name"":""303"",""occupied"":false,""price"":""2380"",""reserved"":false}"
local_current_live_no_rp_oracle_audit_not_canary,2026-08-01T10:45:19Z,2026-08-01,2026-07-31,separate_no_rp_oracle_573_rows_78_properties,ASPENSQUARE_OPERATOR,4079,The View at Waters Edge,aspensquare_public_knock_units_api,true,https://doorway-api.knockrentals.com/v1/property/2007449/units,202,2x2 The Santa Maria,2026-05-15,2026-05-15,historical_embedded,false,availableOn,knock.parse_knock_units,exact_current_parser,true,true,,availability_date,2026-05-15,2026-05-15,historical_embedded,true,false,2026-05-15,2026-05-15,historical_embedded,,false,false,false,HISTORICAL_SOURCE_DATE_PRESERVED,none,HIGH,"Exact current Knock units payload was replayed through the current adapter parser, then the matched unit was formatted.","{""availability_date"":""2026-05-15"",""availability_status"":""AVAILABLE"",""bathrooms"":""2"",""bedrooms"":""2"",""building"":"""",""concession"":"""",""extraction_tier"":""TIER_1_KNOCK_API"",""floor_plan_name"":""2x2 The Santa Maria"",""market_rent_high"":2380,""market_rent_low"":2380,""rent_range"":""2380"",""sqft"":""1064"",""unit_number"":""202""}","{""_available_date_raw"":""2026-05-15"",""_concession_quality"":null,""_date_placeholder"":null,""_extra"":null,""_inferred_id"":null,""_rent_range_raw"":""2380"",""amenities"":null,""area"":1064,""area_absence"":null,""area_absence_evidence"":null,""availability_date_provenance"":""historical_embedded"",""availability_status"":""AVAILABLE"",""available_date"":""2026-05-15"",""available_units"":null,""baths"":2.0,""beds"":2,""building"":null,""concession_source"":null,""concession_text"":null,""concession_text_clean"":null,""concession_value"":null,""date_captured"":""2026-08-01 10:45:19"",""deposit"":null,""extraction_tier"":""TIER_1_KNOCK_API"",""floor"":null,""floor_plan_id"":""42716ea83b38"",""floor_plan_name"":""2x2 The Santa Maria"",""is_floor_plan_level"":false,""lease_term"":null,""move_in_date"":null,""offer_banner"":null,""offer_conditions"":null,""offer_target"":null,""offer_type"":null,""offer_value"":null,""rent_high"":2380.0,""rent_low"":2380.0,""source_ids"":{},""unit_id"":""202"",""unit_name"":null}",,false,,,,,,,,{},{},"{""available"":true,""availableOn"":""2026-05-15"",""availableRaw"":true,""displayPrice"":""2380"",""hidden"":false,""id"":""16609426-a761-4018-8e3d-8ff8513dcc17"",""layoutId"":""69512f2b-a692-4ffd-b399-b2f0845da62c"",""layoutName"":""2x2 The Santa Maria"",""leased"":false,""name"":""202"",""occupied"":false,""price"":""2380"",""reserved"":false}"
local_current_live_no_rp_oracle_audit_not_canary,2026-08-01T10:45:19Z,2026-08-01,2026-07-31,separate_no_rp_oracle_573_rows_78_properties,ASPENSQUARE_OPERATOR,4079,The View at Waters Edge,aspensquare_public_knock_units_api,true,https://doorway-api.knockrentals.com/v1/property/2007449/units,103,1x1 The Baybreeze,2026-09-04,2026-09-04,explicit_future,true,availableOn,knock.parse_knock_units,exact_current_parser,true,true,,availability_date,2026-09-04,2026-09-04,explicit_future,true,false,2026-09-04,2026-09-04,explicit_future,,true,true,false,EXPLICIT_FUTURE_PRESERVED_END_TO_END,none,HIGH,"Exact current Knock units payload was replayed through the current adapter parser, then the matched unit was formatted.","{""availability_date"":""2026-09-04"",""availability_status"":""UNAVAILABLE"",""bathrooms"":""1"",""bedrooms"":""1"",""building"":"""",""concession"":"""",""extraction_tier"":""TIER_1_KNOCK_API"",""floor_plan_name"":""1x1 The Baybreeze"",""market_rent_high"":1999,""market_rent_low"":1999,""rent_range"":""1999"",""sqft"":""752"",""unit_number"":""103""}","{""_available_date_raw"":""2026-09-04"",""_concession_quality"":null,""_date_placeholder"":null,""_extra"":null,""_inferred_id"":null,""_rent_range_raw"":""1999"",""amenities"":null,""area"":752,""area_absence"":null,""area_absence_evidence"":null,""availability_date_provenance"":""explicit_future"",""availability_status"":""UNAVAILABLE"",""available_date"":""2026-09-04"",""available_units"":null,""baths"":1.0,""beds"":1,""building"":null,""concession_source"":null,""concession_text"":null,""concession_text_clean"":null,""concession_value"":null,""date_captured"":""2026-08-01 10:45:19"",""deposit"":null,""extraction_tier"":""TIER_1_KNOCK_API"",""floor"":null,""floor_plan_id"":""e86c8198cbc1"",""floor_plan_name"":""1x1 The Baybreeze"",""is_floor_plan_level"":false,""lease_term"":null,""move_in_date"":null,""offer_banner"":null,""offer_conditions"":null,""offer_target"":null,""offer_type"":null,""offer_value"":null,""rent_high"":1999.0,""rent_low"":1999.0,""source_ids"":{},""unit_id"":""103"",""unit_name"":null}",,false,,,,,,,,{},{},"{""available"":true,""availableOn"":""2026-09-04"",""availableRaw"":true,""displayPrice"":""1999"",""hidden"":false,""id"":""5614f030-c915-4f9c-8e31-a95b6ab0880a"",""layoutId"":""568f7e6a-5fae-4519-b1df-e6a072d9a10f"",""layoutName"":""1x1 The Baybreeze"",""leased"":false,""name"":""103"",""occupied"":true,""price"":""1999"",""reserved"":false}"
local_current_live_no_rp_oracle_audit_not_canary,2026-08-01T10:45:19Z,2026-08-01,2026-07-31,separate_no_rp_oracle_573_rows_78_properties,ASPENSQUARE_OPERATOR,4079,The View at Waters Edge,aspensquare_public_knock_units_api,true,https://doorway-api.knockrentals.com/v1/property/2007449/units,204,2x1 The Osborne,2026-07-14,2026-07-14,historical_embedded,false,availableOn,knock.parse_knock_units,exact_current_parser,true,true,,availability_date,2026-07-14,2026-07-14,historical_embedded,true,false,2026-07-14,2026-07-14,historical_embedded,,false,false,false,HISTORICAL_SOURCE_DATE_PRESERVED,none,HIGH,"Exact current Knock units payload was replayed through the current adapter parser, then the matched unit was formatted.","{""availability_date"":""2026-07-14"",""availability_status"":""AVAILABLE"",""bathrooms"":""1"",""bedrooms"":""2"",""building"":"""",""concession"":"""",""extraction_tier"":""TIER_1_KNOCK_API"",""floor_plan_name"":""2x1 The Osborne"",""market_rent_high"":2157,""market_rent_low"":2157,""rent_range"":""2157"",""sqft"":""867"",""unit_number"":""204""}","{""_available_date_raw"":""2026-07-14"",""_concession_quality"":null,""_date_placeholder"":null,""_extra"":null,""_inferred_id"":null,""_rent_range_raw"":""2157"",""amenities"":null,""area"":867,""area_absence"":null,""area_absence_evidence"":null,""availability_date_provenance"":""historical_embedded"",""availability_status"":""AVAILABLE"",""available_date"":""2026-07-14"",""available_units"":null,""baths"":1.0,""beds"":2,""building"":null,""concession_source"":null,""concession_text"":null,""concession_text_clean"":null,""concession_value"":null,""date_captured"":""2026-08-01 10:45:19"",""deposit"":null,""extraction_tier"":""TIER_1_KNOCK_API"",""floor"":null,""floor_plan_id"":""137ed42b5aaa"",""floor_plan_name"":""2x1 The Osborne"",""is_floor_plan_level"":false,""lease_term"":null,""move_in_date"":null,""offer_banner"":null,""offer_conditions"":null,""offer_target"":null,""offer_type"":null,""offer_value"":null,""rent_high"":2157.0,""rent_low"":2157.0,""source_ids"":{},""unit_id"":""204"",""unit_name"":null}",,false,,,,,,,,{},{},"{""available"":true,""availableOn"":""2026-07-14"",""availableRaw"":true,""displayPrice"":""2157"",""hidden"":false,""id"":""f1403ca4-e922-4799-8e85-fa11751f74c7"",""layoutId"":""b5619056-d948-4bce-9cc0-dcb9d873e59e"",""layoutName"":""2x1 The Osborne"",""leased"":false,""name"":""204"",""occupied"":false,""price"":""2157"",""reserved"":false}"
local_current_live_no_rp_oracle_audit_not_canary,2026-08-01T10:45:19Z,2026-08-01,2026-07-31,separate_no_rp_oracle_573_rows_78_properties,ASPENSQUARE_OPERATOR,4079,The View at Waters Edge,aspensquare_public_knock_units_api,true,https://doorway-api.knockrentals.com/v1/property/2007449/units,201,2x1 The Osborne,2026-05-08,2026-05-08,historical_embedded,false,availableOn,knock.parse_knock_units,exact_current_parser,true,true,,availability_date,2026-05-08,2026-05-08,historical_embedded,true,false,2026-05-08,2026-05-08,historical_embedded,,false,false,false,HISTORICAL_SOURCE_DATE_PRESERVED,none,HIGH,"Exact current Knock units payload was replayed through the current adapter parser, then the matched unit was formatted.","{""availability_date"":""2026-05-08"",""availability_status"":""AVAILABLE"",""bathrooms"":""1"",""bedrooms"":""2"",""building"":"""",""concession"":"""",""extraction_tier"":""TIER_1_KNOCK_API"",""floor_plan_name"":""2x1 The Osborne"",""market_rent_high"":2207,""market_rent_low"":2207,""rent_range"":""2207"",""sqft"":""867"",""unit_number"":""201""}","{""_available_date_raw"":""2026-05-08"",""_concession_quality"":null,""_date_placeholder"":null,""_extra"":null,""_inferred_id"":null,""_rent_range_raw"":""2207"",""amenities"":null,""area"":867,""area_absence"":null,""area_absence_evidence"":null,""availability_date_provenance"":""historical_embedded"",""availability_status"":""AVAILABLE"",""available_date"":""2026-05-08"",""available_units"":null,""baths"":1.0,""beds"":2,""building"":null,""concession_source"":null,""concession_text"":null,""concession_text_clean"":null,""concession_value"":null,""date_captured"":""2026-08-01 10:45:19"",""deposit"":null,""extraction_tier"":""TIER_1_KNOCK_API"",""floor"":null,""floor_plan_id"":""137ed42b5aaa"",""floor_plan_name"":""2x1 The Osborne"",""is_floor_plan_level"":false,""lease_term"":null,""move_in_date"":null,""offer_banner"":null,""offer_conditions"":null,""offer_target"":null,""offer_type"":null,""offer_value"":null,""rent_high"":2207.0,""rent_low"":2207.0,""source_ids"":{},""unit_id"":""201"",""unit_name"":null}",,false,,,,,,,,{},{},"{""available"":true,""availableOn"":""2026-05-08"",""availableRaw"":true,""displayPrice"":""2207"",""hidden"":false,""id"":""47c5849b-0efe-4ac0-ad7e-c43c3606e976"",""layoutId"":""b5619056-d948-4bce-9cc0-dcb9d873e59e"",""layoutName"":""2x1 The Osborne"",""leased"":false,""name"":""201"",""occupied"":false,""price"":""2207"",""reserved"":false}"
local_current_live_no_rp_oracle_audit_not_canary,2026-08-01T10:45:19Z,2026-08-01,2026-07-31,separate_no_rp_oracle_573_rows_78_properties,ASPENSQUARE_OPERATOR,4079,The View at Waters Edge,aspensquare_public_knock_units_api,true,https://doorway-api.knockrentals.com/v1/property/2007449/units,108,2x1 The Osborne,2026-08-08,2026-08-08,explicit_future,true,availableOn,knock.parse_knock_units,exact_current_parser,true,true,,availability_date,2026-08-08,2026-08-08,explicit_future,true,false,2026-08-08,2026-08-08,explicit_future,,true,true,false,EXPLICIT_FUTURE_PRESERVED_END_TO_END,none,HIGH,"Exact current Knock units payload was replayed through the current adapter parser, then the matched unit was formatted.","{""availability_date"":""2026-08-08"",""availability_status"":""UNAVAILABLE"",""bathrooms"":""1"",""bedrooms"":""2"",""building"":"""",""concession"":"""",""extraction_tier"":""TIER_1_KNOCK_API"",""floor_plan_name"":""2x1 The Osborne"",""market_rent_high"":2152,""market_rent_low"":2152,""rent_range"":""2152"",""sqft"":""867"",""unit_number"":""108""}","{""_available_date_raw"":""2026-08-08"",""_concession_quality"":null,""_date_placeholder"":null,""_extra"":null,""_inferred_id"":null,""_rent_range_raw"":""2152"",""amenities"":null,""area"":867,""area_absence"":null,""area_absence_evidence"":null,""availability_date_provenance"":""explicit_future"",""availability_status"":""UNAVAILABLE"",""available_date"":""2026-08-08"",""available_units"":null,""baths"":1.0,""beds"":2,""building"":null,""concession_source"":null,""concession_text"":null,""concession_text_clean"":null,""concession_value"":null,""date_captured"":""2026-08-01 10:45:19"",""deposit"":null,""extraction_tier"":""TIER_1_KNOCK_API"",""floor"":null,""floor_plan_id"":""137ed42b5aaa"",""floor_plan_name"":""2x1 The Osborne"",""is_floor_plan_level"":false,""lease_term"":null,""move_in_date"":null,""offer_banner"":null,""offer_conditions"":null,""offer_target"":null,""offer_type"":null,""offer_value"":null,""rent_high"":2152.0,""rent_low"":2152.0,""source_ids"":{},""unit_id"":""108"",""unit_name"":null}",,false,,,,,,,,{},{},"{""available"":true,""availableOn"":""2026-08-08"",""availableRaw"":true,""displayPrice"":""2152"",""hidden"":false,""id"":""823ea24f-df2e-48ed-a561-389da88baadf"",""layoutId"":""b5619056-d948-4bce-9cc0-dcb9d873e59e"",""layoutName"":""2x1 The Osborne"",""leased"":false,""name"":""108"",""occupied"":true,""price"":""2152"",""reserved"":false}"
local_current_live_no_rp_oracle_audit_not_canary,2026-08-01T10:45:19Z,2026-08-01,2026-07-31,separate_no_rp_oracle_573_rows_78_properties,ASPENSQUARE_OPERATOR,4079,The View at Waters Edge,aspensquare_public_knock_units_api,true,https://doorway-api.knockrentals.com/v1/property/2007449/units,205,1x1 The Alibi,2026-08-19,2026-08-19,explicit_future,true,availableOn,knock.parse_knock_units,exact_current_parser,true,true,,availability_date,2026-08-19,2026-08-19,explicit_future,true,false,2026-08-19,2026-08-19,explicit_future,,true,true,false,EXPLICIT_FUTURE_PRESERVED_END_TO_END,none,HIGH,"Exact current Knock units payload was replayed through the current adapter parser, then the matched unit was formatted.","{""availability_date"":""2026-08-19"",""availability_status"":""UNAVAILABLE"",""bathrooms"":""1"",""bedrooms"":""1"",""building"":"""",""concession"":"""",""extraction_tier"":""TIER_1_KNOCK_API"",""floor_plan_name"":""1x1 The Alibi"",""market_rent_high"":1894,""market_rent_low"":1894,""rent_range"":""1894"",""sqft"":""565"",""unit_number"":""205""}","{""_available_date_raw"":""2026-08-19"",""_concession_quality"":null,""_date_placeholder"":null,""_extra"":null,""_inferred_id"":null,""_rent_range_raw"":""1894"",""amenities"":null,""area"":565,""area_absence"":null,""area_absence_evidence"":null,""availability_date_provenance"":""explicit_future"",""availability_status"":""UNAVAILABLE"",""available_date"":""2026-08-19"",""available_units"":null,""baths"":1.0,""beds"":1,""building"":null,""concession_source"":null,""concession_text"":null,""concession_text_clean"":null,""concession_value"":null,""date_captured"":""2026-08-01 10:45:19"",""deposit"":null,""extraction_tier"":""TIER_1_KNOCK_API"",""floor"":null,""floor_plan_id"":""bf2b69694dd8"",""floor_plan_name"":""1x1 The Alibi"",""is_floor_plan_level"":false,""lease_term"":null,""move_in_date"":null,""offer_banner"":null,""offer_conditions"":null,""offer_target"":null,""offer_type"":null,""offer_value"":null,""rent_high"":1894.0,""rent_low"":1894.0,""source_ids"":{},""unit_id"":""205"",""unit_name"":null}",,false,,,,,,,,{},{},"{""available"":true,""availableOn"":""2026-08-19"",""availableRaw"":true,""displayPrice"":""1894"",""hidden"":false,""id"":""df238fa7-eb69-4a81-85b0-b3e6e60b706f"",""layoutId"":""c1fae5d7-a867-41d2-b594-bc41f4ba6bf2"",""layoutName"":""1x1 The Alibi"",""leased"":false,""name"":""205"",""occupied"":true,""price"":""1894"",""reserved"":false}"
local_current_live_no_rp_oracle_audit_not_canary,2026-08-01T10:45:19Z,2026-08-01,2026-07-31,separate_no_rp_oracle_573_rows_78_properties,ASPENSQUARE_OPERATOR,4079,The View at Waters Edge,aspensquare_public_knock_units_api,true,https://doorway-api.knockrentals.com/v1/property/2007449/units,108,1x1 The Baybreeze,2026-06-19,2026-06-19,historical_embedded,false,availableOn,knock.parse_knock_units,exact_current_parser,true,true,,availability_date,2026-06-19,2026-06-19,historical_embedded,true,false,2026-06-19,2026-06-19,historical_embedded,,false,false,false,HISTORICAL_SOURCE_DATE_PRESERVED,none,HIGH,"Exact current Knock units payload was replayed through the current adapter parser, then the matched unit was formatted.","{""availability_date"":""2026-06-19"",""availability_status"":""AVAILABLE"",""bathrooms"":""1"",""bedrooms"":""1"",""building"":"""",""concession"":"""",""extraction_tier"":""TIER_1_KNOCK_API"",""floor_plan_name"":""1x1 The Baybreeze"",""market_rent_high"":2124,""market_rent_low"":2124,""rent_range"":""2124"",""sqft"":""752"",""unit_number"":""108""}","{""_available_date_raw"":""2026-06-19"",""_concession_quality"":null,""_date_placeholder"":null,""_extra"":null,""_inferred_id"":null,""_rent_range_raw"":""2124"",""amenities"":null,""area"":752,""area_absence"":null,""area_absence_evidence"":null,""availability_date_provenance"":""historical_embedded"",""availability_status"":""AVAILABLE"",""available_date"":""2026-06-19"",""available_units"":null,""baths"":1.0,""beds"":1,""building"":null,""concession_source"":null,""concession_text"":null,""concession_text_clean"":null,""concession_value"":null,""date_captured"":""2026-08-01 10:45:19"",""deposit"":null,""extraction_tier"":""TIER_1_KNOCK_API"",""floor"":null,""floor_plan_id"":""e86c8198cbc1"",""floor_plan_name"":""1x1 The Baybreeze"",""is_floor_plan_level"":false,""lease_term"":null,""move_in_date"":null,""offer_banner"":null,""offer_conditions"":null,""offer_target"":null,""offer_type"":null,""offer_value"":null,""rent_high"":2124.0,""rent_low"":2124.0,""source_ids"":{},""unit_id"":""108"",""unit_name"":null}",,false,,,,,,,,{},{},"{""available"":true,""availableOn"":""2026-06-19"",""availableRaw"":true,""displayPrice"":""2124"",""hidden"":false,""id"":""443bb774-692c-4726-ae9c-9d2ed798ab83"",""layoutId"":""568f7e6a-5fae-4519-b1df-e6a072d9a10f"",""layoutName"":""1x1 The Baybreeze"",""leased"":false,""name"":""108"",""occupied"":false,""price"":""2124"",""reserved"":false}"
local_current_live_no_rp_oracle_audit_not_canary,2026-08-01T10:45:19Z,2026-08-01,2026-07-31,separate_no_rp_oracle_573_rows_78_properties,ASPENSQUARE_OPERATOR,4079,The View at Waters Edge,aspensquare_public_knock_units_api,true,https://doorway-api.knockrentals.com/v1/property/2007449/units,201,2x1 The Osborne,2026-08-22,2026-08-22,explicit_future,true,availableOn,knock.parse_knock_units,exact_current_parser,true,true,,availability_date,2026-08-22,2026-08-22,explicit_future,true,false,2026-08-22,2026-08-22,explicit_future,,true,true,false,EXPLICIT_FUTURE_PRESERVED_END_TO_END,none,HIGH,"Exact current Knock units payload was replayed through the current adapter parser, then the matched unit was formatted.","{""availability_date"":""2026-08-22"",""availability_status"":""UNAVAILABLE"",""bathrooms"":""1"",""bedrooms"":""2"",""building"":"""",""concession"":"""",""extraction_tier"":""TIER_1_KNOCK_API"",""floor_plan_name"":""2x1 The Osborne"",""market_rent_high"":2177,""market_rent_low"":2177,""rent_range"":""2177"",""sqft"":""867"",""unit_number"":""201""}","{""_available_date_raw"":""2026-08-22"",""_concession_quality"":null,""_date_placeholder"":null,""_extra"":null,""_inferred_id"":null,""_rent_range_raw"":""2177"",""amenities"":null,""area"":867,""area_absence"":null,""area_absence_evidence"":null,""availability_date_provenance"":""explicit_future"",""availability_status"":""UNAVAILABLE"",""available_date"":""2026-08-22"",""available_units"":null,""baths"":1.0,""beds"":2,""building"":null,""concession_source"":null,""concession_text"":null,""concession_text_clean"":null,""concession_value"":null,""date_captured"":""2026-08-01 10:45:19"",""deposit"":null,""extraction_tier"":""TIER_1_KNOCK_API"",""floor"":null,""floor_plan_id"":""137ed42b5aaa"",""floor_plan_name"":""2x1 The Osborne"",""is_floor_plan_level"":false,""lease_term"":null,""move_in_date"":null,""offer_banner"":null,""offer_conditions"":null,""offer_target"":null,""offer_type"":null,""offer_value"":null,""rent_high"":2177.0,""rent_low"":2177.0,""source_ids"":{},""unit_id"":""201"",""unit_name"":null}",,false,,,,,,,,{},{},"{""available"":true,""availableOn"":""2026-08-22"",""availableRaw"":true,""displayPrice"":""2177"",""hidden"":false,""id"":""16904950-7769-4107-b97e-1621dc60b8b3"",""layoutId"":""b5619056-d948-4bce-9cc0-dcb9d873e59e"",""layoutName"":""2x1 The Osborne"",""leased"":false,""name"":""201"",""occupied"":true,""price"":""2177"",""reserved"":false}"
local_current_live_no_rp_oracle_audit_not_canary,2026-08-01T10:45:19Z,2026-08-01,2026-07-31,separate_no_rp_oracle_573_rows_78_properties,ASPENSQUARE_OPERATOR,4079,The View at Waters Edge,aspensquare_public_knock_units_api,true,https://doorway-api.knockrentals.com/v1/property/2007449/units,101,1x1 The Alibi,2026-07-09,2026-07-09,historical_embedded,false,availableOn,knock.parse_knock_units,exact_current_parser,true,true,,availability_date,2026-07-09,2026-07-09,historical_embedded,true,false,2026-07-09,2026-07-09,historical_embedded,,false,false,false,HISTORICAL_SOURCE_DATE_PRESERVED,none,HIGH,"Exact current Knock units payload was replayed through the current adapter parser, then the matched unit was formatted.","{""availability_date"":""2026-07-09"",""availability_status"":""AVAILABLE"",""bathrooms"":""1"",""bedrooms"":""1"",""building"":"""",""concession"":"""",""extraction_tier"":""TIER_1_KNOCK_API"",""floor_plan_name"":""1x1 The Alibi"",""market_rent_high"":1869,""market_rent_low"":1869,""rent_range"":""1869"",""sqft"":""565"",""unit_number"":""101""}","{""_available_date_raw"":""2026-07-09"",""_concession_quality"":null,""_date_placeholder"":null,""_extra"":null,""_inferred_id"":null,""_rent_range_raw"":""1869"",""amenities"":null,""area"":565,""area_absence"":null,""area_absence_evidence"":null,""availability_date_provenance"":""historical_embedded"",""availability_status"":""AVAILABLE"",""available_date"":""2026-07-09"",""available_units"":null,""baths"":1.0,""beds"":1,""building"":null,""concession_source"":null,""concession_text"":null,""concession_text_clean"":null,""concession_value"":null,""date_captured"":""2026-08-01 10:45:19"",""deposit"":null,""extraction_tier"":""TIER_1_KNOCK_API"",""floor"":null,""floor_plan_id"":""bf2b69694dd8"",""floor_plan_name"":""1x1 The Alibi"",""is_floor_plan_level"":false,""lease_term"":null,""move_in_date"":null,""offer_banner"":null,""offer_conditions"":null,""offer_target"":null,""offer_type"":null,""offer_value"":null,""rent_high"":1869.0,""rent_low"":1869.0,""source_ids"":{},""unit_id"":""101"",""unit_name"":null}",,false,,,,,,,,{},{},"{""available"":true,""availableOn"":""2026-07-09"",""availableRaw"":true,""displayPrice"":""1869"",""hidden"":false,""id"":""f1983d99-6ba3-4637-829a-174e12e8cc71"",""layoutId"":""c1fae5d7-a867-41d2-b594-bc41f4ba6bf2"",""layoutName"":""1x1 The Alibi"",""leased"":false,""name"":""101"",""occupied"":false,""price"":""1869"",""reserved"":false}"
local_current_live_no_rp_oracle_audit_not_canary,2026-08-01T10:45:19Z,2026-08-01,2026-07-31,separate_no_rp_oracle_573_rows_78_properties,ASPENSQUARE_OPERATOR,4079,The View at Waters Edge,aspensquare_public_knock_units_api,true,https://doorway-api.knockrentals.com/v1/property/2007449/units,104,1x1 The Baybreeze,2026-07-09,2026-07-09,historical_embedded,false,availableOn,knock.parse_knock_units,exact_current_parser,true,true,,availability_date,2026-07-09,2026-07-09,historical_embedded,true,false,2026-07-09,2026-07-09,historical_embedded,,false,false,false,HISTORICAL_SOURCE_DATE_PRESERVED,none,HIGH,"Exact current Knock units payload was replayed through the current adapter parser, then the matched unit was formatted.","{""availability_date"":""2026-07-09"",""availability_status"":""AVAILABLE"",""bathrooms"":""1"",""bedrooms"":""1"",""building"":"""",""concession"":"""",""extraction_tier"":""TIER_1_KNOCK_API"",""floor_plan_name"":""1x1 The Baybreeze"",""market_rent_high"":2029,""market_rent_low"":2029,""rent_range"":""2029"",""sqft"":""752"",""unit_number"":""104""}","{""_available_date_raw"":""2026-07-09"",""_concession_quality"":null,""_date_placeholder"":null,""_extra"":null,""_inferred_id"":null,""_rent_range_raw"":""2029"",""amenities"":null,""area"":752,""area_absence"":null,""area_absence_evidence"":null,""availability_date_provenance"":""historical_embedded"",""availability_status"":""AVAILABLE"",""available_date"":""2026-07-09"",""available_units"":null,""baths"":1.0,""beds"":1,""building"":null,""concession_source"":null,""concession_text"":null,""concession_text_clean"":null,""concession_value"":null,""date_captured"":""2026-08-01 10:45:19"",""deposit"":null,""extraction_tier"":""TIER_1_KNOCK_API"",""floor"":null,""floor_plan_id"":""e86c8198cbc1"",""floor_plan_name"":""1x1 The Baybreeze"",""is_floor_plan_level"":false,""lease_term"":null,""move_in_date"":null,""offer_banner"":null,""offer_conditions"":null,""offer_target"":null,""offer_type"":null,""offer_value"":null,""rent_high"":2029.0,""rent_low"":2029.0,""source_ids"":{},""unit_id"":""104"",""unit_name"":null}",,false,,,,,,,,{},{},"{""available"":true,""availableOn"":""2026-07-09"",""availableRaw"":true,""displayPrice"":""2029"",""hidden"":false,""id"":""a3bc2c7c-9b49-4204-b9df-53e0e0771bcb"",""layoutId"":""568f7e6a-5fae-4519-b1df-e6a072d9a10f"",""layoutName"":""1x1 The Baybreeze"",""leased"":false,""name"":""104"",""occupied"":false,""price"":""2029"",""reserved"":false}"
local_current_live_no_rp_oracle_audit_not_canary,2026-08-01T10:45:19Z,2026-08-01,2026-07-31,separate_no_rp_oracle_573_rows_78_properties,ASPENSQUARE_OPERATOR,4079,The View at Waters Edge,aspensquare_public_knock_units_api,true,https://doorway-api.knockrentals.com/v1/property/2007449/units,208,1x1 The Alibi,2026-09-23,2026-09-23,explicit_future,true,availableOn,knock.parse_knock_units,exact_current_parser,true,true,,availability_date,2026-09-23,2026-09-23,explicit_future,true,false,2026-09-23,2026-09-23,explicit_future,,true,true,false,EXPLICIT_FUTURE_PRESERVED_END_TO_END,none,HIGH,"Exact current Knock units payload was replayed through the current adapter parser, then the matched unit was formatted.","{""availability_date"":""2026-09-23"",""availability_status"":""UNAVAILABLE"",""bathrooms"":""1"",""bedrooms"":""1"",""building"":"""",""concession"":"""",""extraction_tier"":""TIER_1_KNOCK_API"",""floor_plan_name"":""1x1 The Alibi"",""market_rent_high"":1899,""market_rent_low"":1899,""rent_range"":""1899"",""sqft"":""565"",""unit_number"":""208""}","{""_available_date_raw"":""2026-09-23"",""_concession_quality"":null,""_date_placeholder"":null,""_extra"":null,""_inferred_id"":null,""_rent_range_raw"":""1899"",""amenities"":null,""area"":565,""area_absence"":null,""area_absence_evidence"":null,""availability_date_provenance"":""explicit_future"",""availability_status"":""UNAVAILABLE"",""available_date"":""2026-09-23"",""available_units"":null,""baths"":1.0,""beds"":1,""building"":null,""concession_source"":null,""concession_text"":null,""concession_text_clean"":null,""concession_value"":null,""date_captured"":""2026-08-01 10:45:19"",""deposit"":null,""extraction_tier"":""TIER_1_KNOCK_API"",""floor"":null,""floor_plan_id"":""bf2b69694dd8"",""floor_plan_name"":""1x1 The Alibi"",""is_floor_plan_level"":false,""lease_term"":null,""move_in_date"":null,""offer_banner"":null,""offer_conditions"":null,""offer_target"":null,""offer_type"":null,""offer_value"":null,""rent_high"":1899.0,""rent_low"":1899.0,""source_ids"":{},""unit_id"":""208"",""unit_name"":null}",,false,,,,,,,,{},{},"{""available"":true,""availableOn"":""2026-09-23"",""availableRaw"":true,""displayPrice"":""1899"",""hidden"":false,""id"":""86dda5d1-299c-46d1-a304-a2f75b67fa67"",""layoutId"":""c1fae5d7-a867-41d2-b594-bc41f4ba6bf2"",""layoutName"":""1x1 The Alibi"",""leased"":false,""name"":""208"",""occupied"":true,""price"":""1899"",""reserved"":false}"
local_current_live_no_rp_oracle_audit_not_canary,2026-08-01T10:45:19Z,2026-08-01,2026-07-31,separate_no_rp_oracle_573_rows_78_properties,ASPENSQUARE_OPERATOR,4079,The View at Waters Edge,aspensquare_public_knock_units_api,true,https://doorway-api.knockrentals.com/v1/property/2007449/units,106,2x1 The Osborne,2026-08-29,2026-08-29,explicit_future,true,availableOn,knock.parse_knock_units,exact_current_parser,true,true,,availability_date,2026-08-29,2026-08-29,explicit_future,true,false,2026-08-29,2026-08-29,explicit_future,,true,true,false,EXPLICIT_FUTURE_PRESERVED_END_TO_END,none,HIGH,"Exact current Knock units payload was replayed through the current adapter parser, then the matched unit was formatted.","{""availability_date"":""2026-08-29"",""availability_status"":""UNAVAILABLE"",""bathrooms"":""1"",""bedrooms"":""2"",""building"":"""",""concession"":"""",""extraction_tier"":""TIER_1_KNOCK_API"",""floor_plan_name"":""2x1 The Osborne"",""market_rent_high"":2122,""market_rent_low"":2122,""rent_range"":""2122"",""sqft"":""867"",""unit_number"":""106""}","{""_available_date_raw"":""2026-08-29"",""_concession_quality"":null,""_date_placeholder"":null,""_extra"":null,""_inferred_id"":null,""_rent_range_raw"":""2122"",""amenities"":null,""area"":867,""area_absence"":null,""area_absence_evidence"":null,""availability_date_provenance"":""explicit_future"",""availability_status"":""UNAVAILABLE"",""available_date"":""2026-08-29"",""available_units"":null,""baths"":1.0,""beds"":2,""building"":null,""concession_source"":null,""concession_text"":null,""concession_text_clean"":null,""concession_value"":null,""date_captured"":""2026-08-01 10:45:19"",""deposit"":null,""extraction_tier"":""TIER_1_KNOCK_API"",""floor"":null,""floor_plan_id"":""137ed42b5aaa"",""floor_plan_name"":""2x1 The Osborne"",""is_floor_plan_level"":false,""lease_term"":null,""move_in_date"":null,""offer_banner"":null,""offer_conditions"":null,""offer_target"":null,""offer_type"":null,""offer_value"":null,""rent_high"":2122.0,""rent_low"":2122.0,""source_ids"":{},""unit_id"":""106"",""unit_name"":null}",,false,,,,,,,,{},{},"{""available"":true,""availableOn"":""2026-08-29"",""availableRaw"":true,""displayPrice"":""2122"",""hidden"":false,""id"":""acce6b7c-350d-40b5-844b-6511dbd8f19d"",""layoutId"":""b5619056-d948-4bce-9cc0-dcb9d873e59e"",""layoutName"":""2x1 The Osborne"",""leased"":false,""name"":""106"",""occupied"":true,""price"":""2122"",""reserved"":false}"
local_current_live_no_rp_oracle_audit_not_canary,2026-08-01T10:45:19Z,2026-08-01,2026-07-31,separate_no_rp_oracle_573_rows_78_properties,ASPENSQUARE_OPERATOR,4079,The View at Waters Edge,aspensquare_public_knock_units_api,true,https://doorway-api.knockrentals.com/v1/property/2007449/units,103,2x1 The Endeavor,2026-09-19,2026-09-19,explicit_future,true,availableOn,knock.parse_knock_units,exact_current_parser,true,true,,availability_date,2026-09-19,2026-09-19,explicit_future,true,false,2026-09-19,2026-09-19,explicit_future,,true,true,false,EXPLICIT_FUTURE_PRESERVED_END_TO_END,none,HIGH,"Exact current Knock units payload was replayed through the current adapter parser, then the matched unit was formatted.","{""availability_date"":""2026-09-19"",""availability_status"":""UNAVAILABLE"",""bathrooms"":""1"",""bedrooms"":""2"",""building"":"""",""concession"":"""",""extraction_tier"":""TIER_1_KNOCK_API"",""floor_plan_name"":""2x1 The Endeavor"",""market_rent_high"":2142,""market_rent_low"":2142,""rent_range"":""2142"",""sqft"":""911"",""unit_number"":""103""}","{""_available_date_raw"":""2026-09-19"",""_concession_quality"":null,""_date_placeholder"":null,""_extra"":null,""_inferred_id"":null,""_rent_range_raw"":""2142"",""amenities"":null,""area"":911,""area_absence"":null,""area_absence_evidence"":null,""availability_date_provenance"":""explicit_future"",""availability_status"":""UNAVAILABLE"",""available_date"":""2026-09-19"",""available_units"":null,""baths"":1.0,""beds"":2,""building"":null,""concession_source"":null,""concession_text"":null,""concession_text_clean"":null,""concession_value"":null,""date_captured"":""2026-08-01 10:45:19"",""deposit"":null,""extraction_tier"":""TIER_1_KNOCK_API"",""floor"":null,""floor_plan_id"":""6a52c2d64ad4"",""floor_plan_name"":""2x1 The Endeavor"",""is_floor_plan_level"":false,""lease_term"":null,""move_in_date"":null,""offer_banner"":null,""offer_conditions"":null,""offer_target"":null,""offer_type"":null,""offer_value"":null,""rent_high"":2142.0,""rent_low"":2142.0,""source_ids"":{},""unit_id"":""103"",""unit_name"":null}",,false,,,,,,,,{},{},"{""available"":true,""availableOn"":""2026-09-19"",""availableRaw"":true,""displayPrice"":""2142"",""hidden"":false,""id"":""4804e80d-eeae-400b-b4e9-24dff6163d75"",""layoutId"":""24075b88-9d64-4814-b073-e28401d72b50"",""layoutName"":""2x1 The Endeavor"",""leased"":false,""name"":""103"",""occupied"":true,""price"":""2142"",""reserved"":false}"
local_current_live_no_rp_oracle_audit_not_canary,2026-08-01T10:45:19Z,2026-08-01,2026-07-31,separate_no_rp_oracle_573_rows_78_properties,ASPENSQUARE_OPERATOR,4079,The View at Waters Edge,aspensquare_public_knock_units_api,true,https://doorway-api.knockrentals.com/v1/property/2007449/units,112,1x1 The Baybreeze,2026-07-06,2026-07-06,historical_embedded,false,availableOn,knock.parse_knock_units,exact_current_parser,true,true,,availability_date,2026-07-06,2026-07-06,historical_embedded,true,false,2026-07-06,2026-07-06,historical_embedded,,false,false,false,HISTORICAL_SOURCE_DATE_PRESERVED,none,HIGH,"Exact current Knock units payload was replayed through the current adapter parser, then the matched unit was formatted.","{""availability_date"":""2026-07-06"",""availability_status"":""AVAILABLE"",""bathrooms"":""1"",""bedrooms"":""1"",""building"":"""",""concession"":"""",""extraction_tier"":""TIER_1_KNOCK_API"",""floor_plan_name"":""1x1 The Baybreeze"",""market_rent_high"":2054,""market_rent_low"":2054,""rent_range"":""2054"",""sqft"":""752"",""unit_number"":""112""}","{""_available_date_raw"":""2026-07-06"",""_concession_quality"":null,""_date_placeholder"":null,""_extra"":null,""_inferred_id"":null,""_rent_range_raw"":""2054"",""amenities"":null,""area"":752,""area_absence"":null,""area_absence_evidence"":null,""availability_date_provenance"":""historical_embedded"",""availability_status"":""AVAILABLE"",""available_date"":""2026-07-06"",""available_units"":null,""baths"":1.0,""beds"":1,""building"":null,""concession_source"":null,""concession_text"":null,""concession_text_clean"":null,""concession_value"":null,""date_captured"":""2026-08-01 10:45:19"",""deposit"":null,""extraction_tier"":""TIER_1_KNOCK_API"",""floor"":null,""floor_plan_id"":""e86c8198cbc1"",""floor_plan_name"":""1x1 The Baybreeze"",""is_floor_plan_level"":false,""lease_term"":null,""move_in_date"":null,""offer_banner"":null,""offer_conditions"":null,""offer_target"":null,""offer_type"":null,""offer_value"":null,""rent_high"":2054.0,""rent_low"":2054.0,""source_ids"":{},""unit_id"":""112"",""unit_name"":null}",,false,,,,,,,,{},{},"{""available"":true,""availableOn"":""2026-07-06"",""availableRaw"":true,""displayPrice"":""2054"",""hidden"":false,""id"":""e47396f8-c718-4d33-8668-3f23885eab93"",""layoutId"":""568f7e6a-5fae-4519-b1df-e6a072d9a10f"",""layoutName"":""1x1 The Baybreeze"",""leased"":false,""name"":""112"",""occupied"":false,""price"":""2054"",""reserved"":false}"
local_current_live_no_rp_oracle_audit_not_canary,2026-08-01T10:45:19Z,2026-08-01,2026-07-31,separate_no_rp_oracle_573_rows_78_properties,ASPENSQUARE_OPERATOR,4079,The View at Waters Edge,aspensquare_public_knock_units_api,true,https://doorway-api.knockrentals.com/v1/property/2007449/units,206,2x1 The Endeavor,2026-08-29,2026-08-29,explicit_future,true,availableOn,knock.parse_knock_units,exact_current_parser,true,true,,availability_date,2026-08-29,2026-08-29,explicit_future,true,false,2026-08-29,2026-08-29,explicit_future,,true,true,false,EXPLICIT_FUTURE_PRESERVED_END_TO_END,none,HIGH,"Exact current Knock units payload was replayed through the current adapter parser, then the matched unit was formatted.","{""availability_date"":""2026-08-29"",""availability_status"":""UNAVAILABLE"",""bathrooms"":""1"",""bedrooms"":""2"",""building"":"""",""concession"":"""",""extraction_tier"":""TIER_1_KNOCK_API"",""floor_plan_name"":""2x1 The Endeavor"",""market_rent_high"":2147,""market_rent_low"":2147,""rent_range"":""2147"",""sqft"":""911"",""unit_number"":""206""}","{""_available_date_raw"":""2026-08-29"",""_concession_quality"":null,""_date_placeholder"":null,""_extra"":null,""_inferred_id"":null,""_rent_range_raw"":""2147"",""amenities"":null,""area"":911,""area_absence"":null,""area_absence_evidence"":null,""availability_date_provenance"":""explicit_future"",""availability_status"":""UNAVAILABLE"",""available_date"":""2026-08-29"",""available_units"":null,""baths"":1.0,""beds"":2,""building"":null,""concession_source"":null,""concession_text"":null,""concession_text_clean"":null,""concession_value"":null,""date_captured"":""2026-08-01 10:45:19"",""deposit"":null,""extraction_tier"":""TIER_1_KNOCK_API"",""floor"":null,""floor_plan_id"":""6a52c2d64ad4"",""floor_plan_name"":""2x1 The Endeavor"",""is_floor_plan_level"":false,""lease_term"":null,""move_in_date"":null,""offer_banner"":null,""offer_conditions"":null,""offer_target"":null,""offer_type"":null,""offer_value"":null,""rent_high"":2147.0,""rent_low"":2147.0,""source_ids"":{},""unit_id"":""206"",""unit_name"":null}",,false,,,,,,,,{},{},"{""available"":true,""availableOn"":""2026-08-29"",""availableRaw"":true,""displayPrice"":""2147"",""hidden"":false,""id"":""b8d81792-35fa-4c45-87ed-17fb0c7d6e77"",""layoutId"":""24075b88-9d64-4814-b073-e28401d72b50"",""layoutName"":""2x1 The Endeavor"",""leased"":false,""name"":""206"",""occupied"":true,""price"":""2147"",""reserved"":false}"
local_current_live_no_rp_oracle_audit_not_canary,2026-08-01T10:45:19Z,2026-08-01,2026-07-31,separate_no_rp_oracle_573_rows_78_properties,ASPENSQUARE_OPERATOR,4079,The View at Waters Edge,aspensquare_public_knock_units_api,true,https://doorway-api.knockrentals.com/v1/property/2007449/units,203,1x1 The Baybreeze,2026-06-25,2026-06-25,historical_embedded,false,availableOn,knock.parse_knock_units,exact_current_parser,true,true,,availability_date,2026-06-25,2026-06-25,historical_embedded,true,false,2026-06-25,2026-06-25,historical_embedded,,false,false,false,HISTORICAL_SOURCE_DATE_PRESERVED,none,HIGH,"Exact current Knock units payload was replayed through the current adapter parser, then the matched unit was formatted.","{""availability_date"":""2026-06-25"",""availability_status"":""AVAILABLE"",""bathrooms"":""1"",""bedrooms"":""1"",""building"":"""",""concession"":"""",""extraction_tier"":""TIER_1_KNOCK_API"",""floor_plan_name"":""1x1 The Baybreeze"",""market_rent_high"":2009,""market_rent_low"":2009,""rent_range"":""2009"",""sqft"":""752"",""unit_number"":""203""}","{""_available_date_raw"":""2026-06-25"",""_concession_quality"":null,""_date_placeholder"":null,""_extra"":null,""_inferred_id"":null,""_rent_range_raw"":""2009"",""amenities"":null,""area"":752,""area_absence"":null,""area_absence_evidence"":null,""availability_date_provenance"":""historical_embedded"",""availability_status"":""AVAILABLE"",""available_date"":""2026-06-25"",""available_units"":null,""baths"":1.0,""beds"":1,""building"":null,""concession_source"":null,""concession_text"":null,""concession_text_clean"":null,""concession_value"":null,""date_captured"":""2026-08-01 10:45:19"",""deposit"":null,""extraction_tier"":""TIER_1_KNOCK_API"",""floor"":null,""floor_plan_id"":""e86c8198cbc1"",""floor_plan_name"":""1x1 The Baybreeze"",""is_floor_plan_level"":false,""lease_term"":null,""move_in_date"":null,""offer_banner"":null,""offer_conditions"":null,""offer_target"":null,""offer_type"":null,""offer_value"":null,""rent_high"":2009.0,""rent_low"":2009.0,""source_ids"":{},""unit_id"":""203"",""unit_name"":null}",,false,,,,,,,,{},{},"{""available"":true,""availableOn"":""2026-06-25"",""availableRaw"":true,""displayPrice"":""2009"",""hidden"":false,""id"":""0ded5dcb-3b55-4ba0-8409-3a58d21925df"",""layoutId"":""568f7e6a-5fae-4519-b1df-e6a072d9a10f"",""layoutName"":""1x1 The Baybreeze"",""leased"":false,""name"":""203"",""occupied"":false,""price"":""2009"",""reserved"":false}"
local_current_live_no_rp_oracle_audit_not_canary,2026-08-01T10:45:19Z,2026-08-01,2026-07-31,separate_no_rp_oracle_573_rows_78_properties,ASPENSQUARE_OPERATOR,4079,The View at Waters Edge,aspensquare_public_knock_units_api,true,https://doorway-api.knockrentals.com/v1/property/2007449/units,202,2x1 The Endeavor,2026-10-03,2026-10-03,explicit_future,true,availableOn,knock.parse_knock_units,exact_current_parser,true,true,,availability_date,2026-10-03,2026-10-03,explicit_future,true,false,2026-10-03,2026-10-03,explicit_future,,true,true,false,EXPLICIT_FUTURE_PRESERVED_END_TO_END,none,HIGH,"Exact current Knock units payload was replayed through the current adapter parser, then the matched unit was formatted.","{""availability_date"":""2026-10-03"",""availability_status"":""UNAVAILABLE"",""bathrooms"":""1"",""bedrooms"":""2"",""building"":"""",""concession"":"""",""extraction_tier"":""TIER_1_KNOCK_API"",""floor_plan_name"":""2x1 The Endeavor"",""market_rent_high"":2102,""market_rent_low"":2102,""rent_range"":""2102"",""sqft"":""911"",""unit_number"":""202""}","{""_available_date_raw"":""2026-10-03"",""_concession_quality"":null,""_date_placeholder"":null,""_extra"":null,""_inferred_id"":null,""_rent_range_raw"":""2102"",""amenities"":null,""area"":911,""area_absence"":null,""area_absence_evidence"":null,""availability_date_provenance"":""explicit_future"",""availability_status"":""UNAVAILABLE"",""available_date"":""2026-10-03"",""available_units"":null,""baths"":1.0,""beds"":2,""building"":null,""concession_source"":null,""concession_text"":null,""concession_text_clean"":null,""concession_value"":null,""date_captured"":""2026-08-01 10:45:19"",""deposit"":null,""extraction_tier"":""TIER_1_KNOCK_API"",""floor"":null,""floor_plan_id"":""6a52c2d64ad4"",""floor_plan_name"":""2x1 The Endeavor"",""is_floor_plan_level"":false,""lease_term"":null,""move_in_date"":null,""offer_banner"":null,""offer_conditions"":null,""offer_target"":null,""offer_type"":null,""offer_value"":null,""rent_high"":2102.0,""rent_low"":2102.0,""source_ids"":{},""unit_id"":""202"",""unit_name"":null}",,false,,,,,,,,{},{},"{""available"":true,""availableOn"":""2026-10-03"",""availableRaw"":true,""displayPrice"":""2102"",""hidden"":false,""id"":""f937f3eb-8207-4dd9-bf32-fca8202848cf"",""layoutId"":""24075b88-9d64-4814-b073-e28401d72b50"",""layoutName"":""2x1 The Endeavor"",""leased"":false,""name"":""202"",""occupied"":true,""price"":""2102"",""reserved"":false}"
local_current_live_no_rp_oracle_audit_not_canary,2026-08-01T10:45:19Z,2026-08-01,2026-07-31,separate_no_rp_oracle_573_rows_78_properties,ASPENSQUARE_OPERATOR,4079,The View at Waters Edge,aspensquare_public_knock_units_api,true,https://doorway-api.knockrentals.com/v1/property/2007449/units,107,2x1 The Osborne,2026-08-08,2026-08-08,explicit_future,true,availableOn,knock.parse_knock_units,exact_current_parser,true,true,,availability_date,2026-08-08,2026-08-08,explicit_future,true,false,2026-08-08,2026-08-08,explicit_future,,true,true,false,EXPLICIT_FUTURE_PRESERVED_END_TO_END,none,HIGH,"Exact current Knock units payload was replayed through the current adapter parser, then the matched unit was formatted.","{""availability_date"":""2026-08-08"",""availability_status"":""UNAVAILABLE"",""bathrooms"":""1"",""bedrooms"":""2"",""building"":"""",""concession"":"""",""extraction_tier"":""TIER_1_KNOCK_API"",""floor_plan_name"":""2x1 The Osborne"",""market_rent_high"":2217,""market_rent_low"":2217,""rent_range"":""2217"",""sqft"":""867"",""unit_number"":""107""}","{""_available_date_raw"":""2026-08-08"",""_concession_quality"":null,""_date_placeholder"":null,""_extra"":null,""_inferred_id"":null,""_rent_range_raw"":""2217"",""amenities"":null,""area"":867,""area_absence"":null,""area_absence_evidence"":null,""availability_date_provenance"":""explicit_future"",""availability_status"":""UNAVAILABLE"",""available_date"":""2026-08-08"",""available_units"":null,""baths"":1.0,""beds"":2,""building"":null,""concession_source"":null,""concession_text"":null,""concession_text_clean"":null,""concession_value"":null,""date_captured"":""2026-08-01 10:45:19"",""deposit"":null,""extraction_tier"":""TIER_1_KNOCK_API"",""floor"":null,""floor_plan_id"":""137ed42b5aaa"",""floor_plan_name"":""2x1 The Osborne"",""is_floor_plan_level"":false,""lease_term"":null,""move_in_date"":null,""offer_banner"":null,""offer_conditions"":null,""offer_target"":null,""offer_type"":null,""offer_value"":null,""rent_high"":2217.0,""rent_low"":2217.0,""source_ids"":{},""unit_id"":""107"",""unit_name"":null}",,false,,,,,,,,{},{},"{""available"":true,""availableOn"":""2026-08-08"",""availableRaw"":true,""displayPrice"":""2217"",""hidden"":false,""id"":""61d5d5e3-9531-4ddb-a994-6fc5391193c8"",""layoutId"":""b5619056-d948-4bce-9cc0-dcb9d873e59e"",""layoutName"":""2x1 The Osborne"",""leased"":false,""name"":""107"",""occupied"":true,""price"":""2217"",""reserved"":false}"
local_current_live_no_rp_oracle_audit_not_canary,2026-08-01T10:45:19Z,2026-08-01,2026-07-31,separate_no_rp_oracle_573_rows_78_properties,ASPENSQUARE_OPERATOR,4079,The View at Waters Edge,aspensquare_public_knock_units_api,true,https://doorway-api.knockrentals.com/v1/property/2007449/units,103,1x1 The Baybreeze,2026-08-08,2026-08-08,explicit_future,true,availableOn,knock.parse_knock_units,exact_current_parser,true,true,,availability_date,2026-08-08,2026-08-08,explicit_future,true,false,2026-08-08,2026-08-08,explicit_future,,true,true,false,EXPLICIT_FUTURE_PRESERVED_END_TO_END,none,HIGH,"Exact current Knock units payload was replayed through the current adapter parser, then the matched unit was formatted.","{""availability_date"":""2026-08-08"",""availability_status"":""UNAVAILABLE"",""bathrooms"":""1"",""bedrooms"":""1"",""building"":"""",""concession"":"""",""extraction_tier"":""TIER_1_KNOCK_API"",""floor_plan_name"":""1x1 The Baybreeze"",""market_rent_high"":2014,""market_rent_low"":2014,""rent_range"":""2014"",""sqft"":""752"",""unit_number"":""103""}","{""_available_date_raw"":""2026-08-08"",""_concession_quality"":null,""_date_placeholder"":null,""_extra"":null,""_inferred_id"":null,""_rent_range_raw"":""2014"",""amenities"":null,""area"":752,""area_absence"":null,""area_absence_evidence"":null,""availability_date_provenance"":""explicit_future"",""availability_status"":""UNAVAILABLE"",""available_date"":""2026-08-08"",""available_units"":null,""baths"":1.0,""beds"":1,""building"":null,""concession_source"":null,""concession_text"":null,""concession_text_clean"":null,""concession_value"":null,""date_captured"":""2026-08-01 10:45:19"",""deposit"":null,""extraction_tier"":""TIER_1_KNOCK_API"",""floor"":null,""floor_plan_id"":""e86c8198cbc1"",""floor_plan_name"":""1x1 The Baybreeze"",""is_floor_plan_level"":false,""lease_term"":null,""move_in_date"":null,""offer_banner"":null,""offer_conditions"":null,""offer_target"":null,""offer_type"":null,""offer_value"":null,""rent_high"":2014.0,""rent_low"":2014.0,""source_ids"":{},""unit_id"":""103"",""unit_name"":null}",,false,,,,,,,,{},{},"{""available"":true,""availableOn"":""2026-08-08"",""availableRaw"":true,""displayPrice"":""2014"",""hidden"":false,""id"":""e95641ac-641c-40a7-b4a7-7c20d3894ca1"",""layoutId"":""568f7e6a-5fae-4519-b1df-e6a072d9a10f"",""layoutName"":""1x1 The Baybreeze"",""leased"":false,""name"":""103"",""occupied"":true,""price"":""2014"",""reserved"":false}"
local_current_live_no_rp_oracle_audit_not_canary,2026-08-01T10:45:19Z,2026-08-01,2026-07-31,separate_no_rp_oracle_573_rows_78_properties,ASPENSQUARE_OPERATOR,4079,The View at Waters Edge,aspensquare_public_knock_units_api,true,https://doorway-api.knockrentals.com/v1/property/2007449/units,102,1x1 The Baybreeze,2026-07-29,2026-07-29,historical_embedded,false,availableOn,knock.parse_knock_units,exact_current_parser,true,true,,availability_date,2026-07-29,2026-07-29,historical_embedded,true,false,2026-07-29,2026-07-29,historical_embedded,,false,false,false,HISTORICAL_SOURCE_DATE_PRESERVED,none,HIGH,"Exact current Knock units payload was replayed through the current adapter parser, then the matched unit was formatted.","{""availability_date"":""2026-07-29"",""availability_status"":""AVAILABLE"",""bathrooms"":""1"",""bedrooms"":""1"",""building"":"""",""concession"":"""",""extraction_tier"":""TIER_1_KNOCK_API"",""floor_plan_name"":""1x1 The Baybreeze"",""market_rent_high"":2014,""market_rent_low"":2014,""rent_range"":""2014"",""sqft"":""752"",""unit_number"":""102""}","{""_available_date_raw"":""2026-07-29"",""_concession_quality"":null,""_date_placeholder"":null,""_extra"":null,""_inferred_id"":null,""_rent_range_raw"":""2014"",""amenities"":null,""area"":752,""area_absence"":null,""area_absence_evidence"":null,""availability_date_provenance"":""historical_embedded"",""availability_status"":""AVAILABLE"",""available_date"":""2026-07-29"",""available_units"":null,""baths"":1.0,""beds"":1,""building"":null,""concession_source"":null,""concession_text"":null,""concession_text_clean"":null,""concession_value"":null,""date_captured"":""2026-08-01 10:45:19"",""deposit"":null,""extraction_tier"":""TIER_1_KNOCK_API"",""floor"":null,""floor_plan_id"":""e86c8198cbc1"",""floor_plan_name"":""1x1 The Baybreeze"",""is_floor_plan_level"":false,""lease_term"":null,""move_in_date"":null,""offer_banner"":null,""offer_conditions"":null,""offer_target"":null,""offer_type"":null,""offer_value"":null,""rent_high"":2014.0,""rent_low"":2014.0,""source_ids"":{},""unit_id"":""102"",""unit_name"":null}",,false,,,,,,,,{},{},"{""available"":true,""availableOn"":""2026-07-29"",""availableRaw"":true,""displayPrice"":""2014"",""hidden"":false,""id"":""9ca7a807-d6fa-43ca-8ce5-8307dbf78836"",""layoutId"":""568f7e6a-5fae-4519-b1df-e6a072d9a10f"",""layoutName"":""1x1 The Baybreeze"",""leased"":false,""name"":""102"",""occupied"":false,""price"":""2014"",""reserved"":false}"
local_current_live_no_rp_oracle_audit_not_canary,2026-08-01T10:45:19Z,2026-08-01,2026-07-31,separate_no_rp_oracle_573_rows_78_properties,ASPENSQUARE_OPERATOR,4079,The View at Waters Edge,aspensquare_public_knock_units_api,true,https://doorway-api.knockrentals.com/v1/property/2007449/units,202,1x1 The Baybreeze,2050-01-02,2050-01-02,sentinel_future,false,availableOn,knock.parse_knock_units,exact_current_parser,true,false,,,,,source_blank,false,false,,,,,false,false,false,NATIVE_ROW_DROPPED,adapter_row_selection_loss,MEDIUM,"Exact current Knock units payload was replayed through the current adapter parser, then the matched unit was formatted.",{},{},,false,,,,,,,,{},{},"{""available"":true,""availableOn"":""2050-01-02"",""availableRaw"":true,""displayPrice"":null,""hidden"":false,""id"":""14c4cbea-31ce-477f-8ce3-bd99e2811ada"",""layoutId"":""568f7e6a-5fae-4519-b1df-e6a072d9a10f"",""layoutName"":""1x1 The Baybreeze"",""leased"":false,""name"":""202"",""occupied"":true,""price"":null,""reserved"":false}"
local_current_live_no_rp_oracle_audit_not_canary,2026-08-01T10:45:19Z,2026-08-01,2026-07-31,separate_no_rp_oracle_573_rows_78_properties,ASPENSQUARE_OPERATOR,4079,The View at Waters Edge,aspensquare_public_knock_units_api,true,https://doorway-api.knockrentals.com/v1/property/2007449/units,103,2x2 The Santa Maria,2026-08-11,2026-08-11,explicit_future,true,availableOn,knock.parse_knock_units,exact_current_parser,true,true,,availability_date,2026-08-11,2026-08-11,explicit_future,true,false,2026-08-11,2026-08-11,explicit_future,,true,true,false,EXPLICIT_FUTURE_PRESERVED_END_TO_END,none,HIGH,"Exact current Knock units payload was replayed through the current adapter parser, then the matched unit was formatted.","{""availability_date"":""2026-08-11"",""availability_status"":""AVAILABLE"",""bathrooms"":""2"",""bedrooms"":""2"",""building"":"""",""concession"":"""",""extraction_tier"":""TIER_1_KNOCK_API"",""floor_plan_name"":""2x2 The Santa Maria"",""market_rent_high"":2414,""market_rent_low"":2414,""rent_range"":""2414"",""sqft"":""1064"",""unit_number"":""103""}","{""_available_date_raw"":""2026-08-11"",""_concession_quality"":null,""_date_placeholder"":null,""_extra"":null,""_inferred_id"":null,""_rent_range_raw"":""2414"",""amenities"":null,""area"":1064,""area_absence"":null,""area_absence_evidence"":null,""availability_date_provenance"":""explicit_future"",""availability_status"":""AVAILABLE"",""available_date"":""2026-08-11"",""available_units"":null,""baths"":2.0,""beds"":2,""building"":null,""concession_source"":null,""concession_text"":null,""concession_text_clean"":null,""concession_value"":null,""date_captured"":""2026-08-01 10:45:19"",""deposit"":null,""extraction_tier"":""TIER_1_KNOCK_API"",""floor"":null,""floor_plan_id"":""42716ea83b38"",""floor_plan_name"":""2x2 The Santa Maria"",""is_floor_plan_level"":false,""lease_term"":null,""move_in_date"":null,""offer_banner"":null,""offer_conditions"":null,""offer_target"":null,""offer_type"":null,""offer_value"":null,""rent_high"":2414.0,""rent_low"":2414.0,""source_ids"":{},""unit_id"":""103"",""unit_name"":null}",,false,,,,,,,,{},{},"{""available"":true,""availableOn"":""2026-08-11"",""availableRaw"":true,""displayPrice"":""2414"",""hidden"":false,""id"":""bd8e785d-26d8-4514-9bb8-a11f0c846991"",""layoutId"":""69512f2b-a692-4ffd-b399-b2f0845da62c"",""layoutName"":""2x2 The Santa Maria"",""leased"":false,""name"":""103"",""occupied"":false,""price"":""2414"",""reserved"":false}"
local_current_live_no_rp_oracle_audit_not_canary,2026-08-01T10:45:19Z,2026-08-01,2026-07-31,separate_no_rp_oracle_573_rows_78_properties,ASPENSQUARE_OPERATOR,4079,The View at Waters Edge,aspensquare_public_knock_units_api,true,https://doorway-api.knockrentals.com/v1/property/2007449/units,108,1x1 The Baybreeze,2026-06-25,2026-06-25,historical_embedded,false,availableOn,knock.parse_knock_units,exact_current_parser,true,true,,availability_date,2026-06-25,2026-06-25,historical_embedded,true,false,2026-06-25,2026-06-25,historical_embedded,,false,false,false,HISTORICAL_SOURCE_DATE_PRESERVED,none,HIGH,"Exact current Knock units payload was replayed through the current adapter parser, then the matched unit was formatted.","{""availability_date"":""2026-06-25"",""availability_status"":""AVAILABLE"",""bathrooms"":""1"",""bedrooms"":""1"",""building"":"""",""concession"":"""",""extraction_tier"":""TIER_1_KNOCK_API"",""floor_plan_name"":""1x1 The Baybreeze"",""market_rent_high"":2079,""market_rent_low"":2079,""rent_range"":""2079"",""sqft"":""752"",""unit_number"":""108""}","{""_available_date_raw"":""2026-06-25"",""_concession_quality"":null,""_date_placeholder"":null,""_extra"":null,""_inferred_id"":null,""_rent_range_raw"":""2079"",""amenities"":null,""area"":752,""area_absence"":null,""area_absence_evidence"":null,""availability_date_provenance"":""historical_embedded"",""availability_status"":""AVAILABLE"",""available_date"":""2026-06-25"",""available_units"":null,""baths"":1.0,""beds"":1,""building"":null,""concession_source"":null,""concession_text"":null,""concession_text_clean"":null,""concession_value"":null,""date_captured"":""2026-08-01 10:45:19"",""deposit"":null,""extraction_tier"":""TIER_1_KNOCK_API"",""floor"":null,""floor_plan_id"":""e86c8198cbc1"",""floor_plan_name"":""1x1 The Baybreeze"",""is_floor_plan_level"":false,""lease_term"":null,""move_in_date"":null,""offer_banner"":null,""offer_conditions"":null,""offer_target"":null,""offer_type"":null,""offer_value"":null,""rent_high"":2079.0,""rent_low"":2079.0,""source_ids"":{},""unit_id"":""108"",""unit_name"":null}",,false,,,,,,,,{},{},"{""available"":true,""availableOn"":""2026-06-25"",""availableRaw"":true,""displayPrice"":""2079"",""hidden"":false,""id"":""72e5635f-f08b-4583-a2e3-60339d7d1056"",""layoutId"":""568f7e6a-5fae-4519-b1df-e6a072d9a10f"",""layoutName"":""1x1 The Baybreeze"",""leased"":false,""name"":""108"",""occupied"":false,""price"":""2079"",""reserved"":false}"
local_current_live_no_rp_oracle_audit_not_canary,2026-08-01T10:45:19Z,2026-08-01,2026-07-31,separate_no_rp_oracle_573_rows_78_properties,ASPENSQUARE_OPERATOR,4079,The View at Waters Edge,aspensquare_public_knock_units_api,true,https://doorway-api.knockrentals.com/v1/property/2007449/units,201,2x1 The Osborne,2026-07-27,2026-07-27,historical_embedded,false,availableOn,knock.parse_knock_units,exact_current_parser,true,true,,availability_date,2026-07-27,2026-07-27,historical_embedded,true,false,2026-07-27,2026-07-27,historical_embedded,,false,false,false,HISTORICAL_SOURCE_DATE_PRESERVED,none,HIGH,"Exact current Knock units payload was replayed through the current adapter parser, then the matched unit was formatted.","{""availability_date"":""2026-07-27"",""availability_status"":""AVAILABLE"",""bathrooms"":""1"",""bedrooms"":""2"",""building"":"""",""concession"":"""",""extraction_tier"":""TIER_1_KNOCK_API"",""floor_plan_name"":""2x1 The Osborne"",""market_rent_high"":2157,""market_rent_low"":2157,""rent_range"":""2157"",""sqft"":""867"",""unit_number"":""201""}","{""_available_date_raw"":""2026-07-27"",""_concession_quality"":null,""_date_placeholder"":null,""_extra"":null,""_inferred_id"":null,""_rent_range_raw"":""2157"",""amenities"":null,""area"":867,""area_absence"":null,""area_absence_evidence"":null,""availability_date_provenance"":""historical_embedded"",""availability_status"":""AVAILABLE"",""available_date"":""2026-07-27"",""available_units"":null,""baths"":1.0,""beds"":2,""building"":null,""concession_source"":null,""concession_text"":null,""concession_text_clean"":null,""concession_value"":null,""date_captured"":""2026-08-01 10:45:19"",""deposit"":null,""extraction_tier"":""TIER_1_KNOCK_API"",""floor"":null,""floor_plan_id"":""137ed42b5aaa"",""floor_plan_name"":""2x1 The Osborne"",""is_floor_plan_level"":false,""lease_term"":null,""move_in_date"":null,""offer_banner"":null,""offer_conditions"":null,""offer_target"":null,""offer_type"":null,""offer_value"":null,""rent_high"":2157.0,""rent_low"":2157.0,""source_ids"":{},""unit_id"":""201"",""unit_name"":null}",,false,,,,,,,,{},{},"{""available"":true,""availableOn"":""2026-07-27"",""availableRaw"":true,""displayPrice"":""2157"",""hidden"":false,""id"":""6ec4f844-90da-4665-a346-4400d397a367"",""layoutId"":""b5619056-d948-4bce-9cc0-dcb9d873e59e"",""layoutName"":""2x1 The Osborne"",""leased"":false,""name"":""201"",""occupied"":false,""price"":""2157"",""reserved"":false}"
local_current_live_no_rp_oracle_audit_not_canary,2026-08-01T10:45:19Z,2026-08-01,2026-07-31,separate_no_rp_oracle_573_rows_78_properties,ASPENSQUARE_OPERATOR,4079,The View at Waters Edge,aspensquare_public_knock_units_api,true,https://doorway-api.knockrentals.com/v1/property/2007449/units,208,1x1 The Baybreeze,2026-06-19,2026-06-19,historical_embedded,false,availableOn,knock.parse_knock_units,exact_current_parser,true,true,,availability_date,2026-06-19,2026-06-19,historical_embedded,true,false,2026-06-19,2026-06-19,historical_embedded,,false,false,false,HISTORICAL_SOURCE_DATE_PRESERVED,none,HIGH,"Exact current Knock units payload was replayed through the current adapter parser, then the matched unit was formatted.","{""availability_date"":""2026-06-19"",""availability_status"":""AVAILABLE"",""bathrooms"":""1"",""bedrooms"":""1"",""building"":"""",""concession"":"""",""extraction_tier"":""TIER_1_KNOCK_API"",""floor_plan_name"":""1x1 The Baybreeze"",""market_rent_high"":2094,""market_rent_low"":2094,""rent_range"":""2094"",""sqft"":""752"",""unit_number"":""208""}","{""_available_date_raw"":""2026-06-19"",""_concession_quality"":null,""_date_placeholder"":null,""_extra"":null,""_inferred_id"":null,""_rent_range_raw"":""2094"",""amenities"":null,""area"":752,""area_absence"":null,""area_absence_evidence"":null,""availability_date_provenance"":""historical_embedded"",""availability_status"":""AVAILABLE"",""available_date"":""2026-06-19"",""available_units"":null,""baths"":1.0,""beds"":1,""building"":null,""concession_source"":null,""concession_text"":null,""concession_text_clean"":null,""concession_value"":null,""date_captured"":""2026-08-01 10:45:19"",""deposit"":null,""extraction_tier"":""TIER_1_KNOCK_API"",""floor"":null,""floor_plan_id"":""e86c8198cbc1"",""floor_plan_name"":""1x1 The Baybreeze"",""is_floor_plan_level"":false,""lease_term"":null,""move_in_date"":null,""offer_banner"":null,""offer_conditions"":null,""offer_target"":null,""offer_type"":null,""offer_value"":null,""rent_high"":2094.0,""rent_low"":2094.0,""source_ids"":{},""unit_id"":""208"",""unit_name"":null}",,false,,,,,,,,{},{},"{""available"":true,""availableOn"":""2026-06-19"",""availableRaw"":true,""displayPrice"":""2094"",""hidden"":false,""id"":""461c3bbe-de30-4de7-80a1-8a041e018acf"",""layoutId"":""568f7e6a-5fae-4519-b1df-e6a072d9a10f"",""layoutName"":""1x1 The Baybreeze"",""leased"":false,""name"":""208"",""occupied"":false,""price"":""2094"",""reserved"":false}"
local_current_live_no_rp_oracle_audit_not_canary,2026-08-01T10:45:19Z,2026-08-01,2026-07-31,separate_no_rp_oracle_573_rows_78_properties,ASPENSQUARE_OPERATOR,4079,The View at Waters Edge,aspensquare_public_knock_units_api,true,https://doorway-api.knockrentals.com/v1/property/2007449/units,308,2x2 The Santa Maria,2050-01-02,2050-01-02,sentinel_future,false,availableOn,knock.parse_knock_units,exact_current_parser,true,false,,,,,source_blank,false,false,,,,,false,false,false,NATIVE_ROW_DROPPED,adapter_row_selection_loss,MEDIUM,"Exact current Knock units payload was replayed through the current adapter parser, then the matched unit was formatted.",{},{},,false,,,,,,,,{},{},"{""available"":true,""availableOn"":""2050-01-02"",""availableRaw"":true,""displayPrice"":null,""hidden"":false,""id"":""e6914d94-68b4-4941-a4d4-dd35693bd76b"",""layoutId"":""69512f2b-a692-4ffd-b399-b2f0845da62c"",""layoutName"":""2x2 The Santa Maria"",""leased"":false,""name"":""308"",""occupied"":false,""price"":null,""reserved"":false}"
local_current_live_no_rp_oracle_audit_not_canary,2026-08-01T10:45:19Z,2026-08-01,2026-07-31,separate_no_rp_oracle_573_rows_78_properties,ASPENSQUARE_OPERATOR,4079,The View at Waters Edge,aspensquare_public_knock_units_api,true,https://doorway-api.knockrentals.com/v1/property/2007449/units,304,2x2 The Santa Maria,2026-05-08,2026-05-08,historical_embedded,false,availableOn,knock.parse_knock_units,exact_current_parser,true,true,,availability_date,2026-05-08,2026-05-08,historical_embedded,true,false,2026-05-08,2026-05-08,historical_embedded,,false,false,false,HISTORICAL_SOURCE_DATE_PRESERVED,none,HIGH,"Exact current Knock units payload was replayed through the current adapter parser, then the matched unit was formatted.","{""availability_date"":""2026-05-08"",""availability_status"":""AVAILABLE"",""bathrooms"":""2"",""bedrooms"":""2"",""building"":"""",""concession"":"""",""extraction_tier"":""TIER_1_KNOCK_API"",""floor_plan_name"":""2x2 The Santa Maria"",""market_rent_high"":2390,""market_rent_low"":2390,""rent_range"":""2390"",""sqft"":""1064"",""unit_number"":""304""}","{""_available_date_raw"":""2026-05-08"",""_concession_quality"":null,""_date_placeholder"":null,""_extra"":null,""_inferred_id"":null,""_rent_range_raw"":""2390"",""amenities"":null,""area"":1064,""area_absence"":null,""area_absence_evidence"":null,""availability_date_provenance"":""historical_embedded"",""availability_status"":""AVAILABLE"",""available_date"":""2026-05-08"",""available_units"":null,""baths"":2.0,""beds"":2,""building"":null,""concession_source"":null,""concession_text"":null,""concession_text_clean"":null,""concession_value"":null,""date_captured"":""2026-08-01 10:45:19"",""deposit"":null,""extraction_tier"":""TIER_1_KNOCK_API"",""floor"":null,""floor_plan_id"":""42716ea83b38"",""floor_plan_name"":""2x2 The Santa Maria"",""is_floor_plan_level"":false,""lease_term"":null,""move_in_date"":null,""offer_banner"":null,""offer_conditions"":null,""offer_target"":null,""offer_type"":null,""offer_value"":null,""rent_high"":2390.0,""rent_low"":2390.0,""source_ids"":{},""unit_id"":""304"",""unit_name"":null}",,false,,,,,,,,{},{},"{""available"":true,""availableOn"":""2026-05-08"",""availableRaw"":true,""displayPrice"":""2390"",""hidden"":false,""id"":""642a37a8-29dc-4133-98b2-6ac82263d703"",""layoutId"":""69512f2b-a692-4ffd-b399-b2f0845da62c"",""layoutName"":""2x2 The Santa Maria"",""leased"":false,""name"":""304"",""occupied"":false,""price"":""2390"",""reserved"":false}"
local_current_live_no_rp_oracle_audit_not_canary,2026-08-01T10:45:19Z,2026-08-01,2026-07-31,separate_no_rp_oracle_573_rows_78_properties,SQUARESPACE_UNIT_BLOCK,241432,Cricket Flats,squarespace_visible_unit_block,true,https://cricketflats.com/availability,406,One Bedroom Luxury Apartment,Available Now,2026-08-01,available_now,false,visible unit block fourth line,_avail_table_recovery.parse_squarespace_unit_blocks,exact_current_parser,true,true,,available_date,Available Now,2026-08-01,available_now,true,false,2026-08-01,Available Now,available_now,,false,false,false,AVAILABLE_NOW_PRESERVED_END_TO_END,none,HIGH,"Exact current /availability HTML was replayed through the current Squarespace unit-block parser, then formatted.","{""_concession_quality"":null,""availability_date"":""Available Now"",""availability_status"":""AVAILABLE"",""available_date"":""Available Now"",""available_units"":"""",""bathrooms"":"""",""bed_label"":""1 Bedroom"",""bedrooms"":""1"",""building"":"""",""concession"":"""",""concession_source"":null,""concession_text"":null,""concession_text_clean"":null,""concession_value"":null,""data_gaps"":[],""data_quality_flag"":"""",""deposit"":"""",""extraction_tier"":""TIER_1_DOM_SQUARESPACE_UNIT_BLOCK"",""floor"":"""",""floor_plan_name"":""One Bedroom Luxury Apartment"",""lease_term"":"""",""market_rent_high"":2850,""market_rent_low"":2850,""move_in_date"":"""",""offer_banner"":null,""offer_conditions"":null,""offer_target"":null,""offer_type"":null,""offer_value"":null,""rent_range"":""$2,850"",""source_api_url"":""https://cricketflats.com/availability"",""source_ids"":{},""sqft"":"""",""unit_name"":"""",""unit_number"":""406""}","{""_available_date_raw"":""Available Now"",""_concession_quality"":null,""_date_placeholder"":null,""_extra"":null,""_inferred_id"":null,""_rent_range_raw"":""$2,850"",""amenities"":null,""area"":-1,""area_absence"":""UNKNOWN"",""area_absence_evidence"":""no_evidence"",""availability_date_provenance"":""available_now"",""availability_status"":""AVAILABLE"",""available_date"":""2026-08-01"",""available_units"":null,""baths"":null,""beds"":1,""building"":null,""concession_source"":null,""concession_text"":null,""concession_text_clean"":null,""concession_value"":null,""date_captured"":""2026-08-01 10:45:19"",""deposit"":null,""extraction_tier"":""TIER_1_DOM_SQUARESPACE_UNIT_BLOCK"",""floor"":null,""floor_plan_id"":""0b545f7e2d8b"",""floor_plan_name"":""One Bedroom Luxury Apartment"",""is_floor_plan_level"":false,""lease_term"":null,""move_in_date"":null,""offer_banner"":null,""offer_conditions"":null,""offer_target"":null,""offer_type"":null,""offer_value"":null,""rent_high"":2850.0,""rent_low"":2850.0,""source_ids"":{},""unit_id"":""406"",""unit_name"":null}",,false,,,,,,,,{},{},"{""availability"":""Available Now"",""floor_plan_name"":""One Bedroom Luxury Apartment"",""rent"":""$2,850"",""unit_number"":""406"",""visible_block"":""Unit 406 | One Bedroom Luxury Apartment | $2,850 | Available Now""}"
local_current_live_no_rp_oracle_audit_not_canary,2026-08-01T10:45:19Z,2026-08-01,2026-07-31,separate_no_rp_oracle_573_rows_78_properties,SQUARESPACE_UNIT_BLOCK,241432,Cricket Flats,squarespace_visible_unit_block,true,https://cricketflats.com/availability,514,"Spacious One Bedroom, One Bath",Available 8/1,2026-08-01,explicit_capture_date,false,visible unit block fourth line,_avail_table_recovery.parse_squarespace_unit_blocks,exact_current_parser,true,true,,available_date,Available 8/1,2026-08-01,explicit_capture_date,true,false,2026-08-01,Available 8/1,explicit_capture_date,,false,false,false,EXPLICIT_CAPTURE_DATE_PRESERVED,none,HIGH,"Exact current /availability HTML was replayed through the current Squarespace unit-block parser, then formatted.","{""_concession_quality"":null,""availability_date"":""Available 8/1"",""availability_status"":""AVAILABLE"",""available_date"":""Available 8/1"",""available_units"":"""",""bathrooms"":""1"",""bed_label"":""1 Bedroom"",""bedrooms"":""1"",""building"":"""",""concession"":"""",""concession_source"":null,""concession_text"":null,""concession_text_clean"":null,""concession_value"":null,""data_gaps"":[],""data_quality_flag"":"""",""deposit"":"""",""extraction_tier"":""TIER_1_DOM_SQUARESPACE_UNIT_BLOCK"",""floor"":"""",""floor_plan_name"":""Spacious One Bedroom, One Bath"",""lease_term"":"""",""market_rent_high"":2967,""market_rent_low"":2967,""move_in_date"":"""",""offer_banner"":null,""offer_conditions"":null,""offer_target"":null,""offer_type"":null,""offer_value"":null,""rent_range"":""$2,967"",""source_api_url"":""https://cricketflats.com/availability"",""source_ids"":{},""sqft"":"""",""unit_name"":"""",""unit_number"":""514""}","{""_available_date_raw"":""Available 8/1"",""_concession_quality"":null,""_date_placeholder"":null,""_extra"":null,""_inferred_id"":null,""_rent_range_raw"":""$2,967"",""amenities"":null,""area"":-1,""area_absence"":""UNKNOWN"",""area_absence_evidence"":""no_evidence"",""availability_date_provenance"":""explicit_capture_date"",""availability_status"":""AVAILABLE"",""available_date"":""2026-08-01"",""available_units"":null,""baths"":1.0,""beds"":1,""building"":null,""concession_source"":null,""concession_text"":null,""concession_text_clean"":null,""concession_value"":null,""date_captured"":""2026-08-01 10:45:19"",""deposit"":null,""extraction_tier"":""TIER_1_DOM_SQUARESPACE_UNIT_BLOCK"",""floor"":null,""floor_plan_id"":""b02f7f80f336"",""floor_plan_name"":""Spacious One Bedroom, One Bath"",""is_floor_plan_level"":false,""lease_term"":null,""move_in_date"":null,""offer_banner"":null,""offer_conditions"":null,""offer_target"":null,""offer_type"":null,""offer_value"":null,""rent_high"":2967.0,""rent_low"":2967.0,""source_ids"":{},""unit_id"":""514"",""unit_name"":null}",,false,,,,,,,,{},{},"{""availability"":""Available 8/1"",""floor_plan_name"":""Spacious One Bedroom, One Bath"",""rent"":""$2,967"",""unit_number"":""514"",""visible_block"":""Unit 514 | Spacious One Bedroom, One Bath | $2,967 | Available 8/1""}"
local_current_live_no_rp_oracle_audit_not_canary,2026-08-01T10:45:19Z,2026-08-01,2026-07-31,separate_no_rp_oracle_573_rows_78_properties,SQUARESPACE_UNIT_BLOCK,241432,Cricket Flats,squarespace_visible_unit_block,true,https://cricketflats.com/availability,303,Luxury One Bedroom plus Den,Available 9/1,2026-09-01,explicit_future,true,visible unit block fourth line,_avail_table_recovery.parse_squarespace_unit_blocks,exact_current_parser,true,true,,available_date,Available 9/1,2026-09-01,explicit_future,true,false,2026-09-01,Available 9/1,explicit_future,,true,true,false,EXPLICIT_FUTURE_PRESERVED_END_TO_END,none,HIGH,"Exact current /availability HTML was replayed through the current Squarespace unit-block parser, then formatted.","{""_concession_quality"":null,""availability_date"":""Available 9/1"",""availability_status"":""AVAILABLE"",""available_date"":""Available 9/1"",""available_units"":"""",""bathrooms"":"""",""bed_label"":""1 Bedroom"",""bedrooms"":""1"",""building"":"""",""concession"":"""",""concession_source"":null,""concession_text"":null,""concession_text_clean"":null,""concession_value"":null,""data_gaps"":[],""data_quality_flag"":"""",""deposit"":"""",""extraction_tier"":""TIER_1_DOM_SQUARESPACE_UNIT_BLOCK"",""floor"":"""",""floor_plan_name"":""Luxury One Bedroom plus Den"",""lease_term"":"""",""market_rent_high"":3250,""market_rent_low"":3250,""move_in_date"":"""",""offer_banner"":null,""offer_conditions"":null,""offer_target"":null,""offer_type"":null,""offer_value"":null,""rent_range"":""$3,250"",""source_api_url"":""https://cricketflats.com/availability"",""source_ids"":{},""sqft"":"""",""unit_name"":"""",""unit_number"":""303""}","{""_available_date_raw"":""Available 9/1"",""_concession_quality"":null,""_date_placeholder"":null,""_extra"":null,""_inferred_id"":null,""_rent_range_raw"":""$3,250"",""amenities"":null,""area"":-1,""area_absence"":""UNKNOWN"",""area_absence_evidence"":""no_evidence"",""availability_date_provenance"":""explicit_future"",""availability_status"":""AVAILABLE"",""available_date"":""2026-09-01"",""available_units"":null,""baths"":null,""beds"":1,""building"":null,""concession_source"":null,""concession_text"":null,""concession_text_clean"":null,""concession_value"":null,""date_captured"":""2026-08-01 10:45:19"",""deposit"":null,""extraction_tier"":""TIER_1_DOM_SQUARESPACE_UNIT_BLOCK"",""floor"":null,""floor_plan_id"":""7a7eb7171bfd"",""floor_plan_name"":""Luxury One Bedroom plus Den"",""is_floor_plan_level"":false,""lease_term"":null,""move_in_date"":null,""offer_banner"":null,""offer_conditions"":null,""offer_target"":null,""offer_type"":null,""offer_value"":null,""rent_high"":3250.0,""rent_low"":3250.0,""source_ids"":{},""unit_id"":""303"",""unit_name"":null}",,false,,,,,,,,{},{},"{""availability"":""Available 9/1"",""floor_plan_name"":""Luxury One Bedroom plus Den"",""rent"":""$3,250"",""unit_number"":""303"",""visible_block"":""Unit 303 | Luxury One Bedroom plus Den | $3,250 | Available 9/1""}"
local_current_live_no_rp_oracle_audit_not_canary,2026-08-01T10:45:19Z,2026-08-01,2026-07-31,separate_no_rp_oracle_573_rows_78_properties,SQUARESPACE_UNIT_BLOCK,241432,Cricket Flats,squarespace_visible_unit_block,true,https://cricketflats.com/availability,517,"Luxury Two Bedroom, Two Baths",Available 8/1,2026-08-01,explicit_capture_date,false,visible unit block fourth line,_avail_table_recovery.parse_squarespace_unit_blocks,exact_current_parser,true,true,,available_date,Available 8/1,2026-08-01,explicit_capture_date,true,false,2026-08-01,Available 8/1,explicit_capture_date,,false,false,false,EXPLICIT_CAPTURE_DATE_PRESERVED,none,HIGH,"Exact current /availability HTML was replayed through the current Squarespace unit-block parser, then formatted.","{""_concession_quality"":null,""availability_date"":""Available 8/1"",""availability_status"":""AVAILABLE"",""available_date"":""Available 8/1"",""available_units"":"""",""bathrooms"":""2"",""bed_label"":""2 Bedroom"",""bedrooms"":""2"",""building"":"""",""concession"":"""",""concession_source"":null,""concession_text"":null,""concession_text_clean"":null,""concession_value"":null,""data_gaps"":[],""data_quality_flag"":"""",""deposit"":"""",""extraction_tier"":""TIER_1_DOM_SQUARESPACE_UNIT_BLOCK"",""floor"":"""",""floor_plan_name"":""Luxury Two Bedroom, Two Baths"",""lease_term"":"""",""market_rent_high"":3799,""market_rent_low"":3799,""move_in_date"":"""",""offer_banner"":null,""offer_conditions"":null,""offer_target"":null,""offer_type"":null,""offer_value"":null,""rent_range"":""$3,799"",""source_api_url"":""https://cricketflats.com/availability"",""source_ids"":{},""sqft"":"""",""unit_name"":"""",""unit_number"":""517""}","{""_available_date_raw"":""Available 8/1"",""_concession_quality"":null,""_date_placeholder"":null,""_extra"":null,""_inferred_id"":null,""_rent_range_raw"":""$3,799"",""amenities"":null,""area"":-1,""area_absence"":""UNKNOWN"",""area_absence_evidence"":""no_evidence"",""availability_date_provenance"":""explicit_capture_date"",""availability_status"":""AVAILABLE"",""available_date"":""2026-08-01"",""available_units"":null,""baths"":2.0,""beds"":2,""building"":null,""concession_source"":null,""concession_text"":null,""concession_text_clean"":null,""concession_value"":null,""date_captured"":""2026-08-01 10:45:19"",""deposit"":null,""extraction_tier"":""TIER_1_DOM_SQUARESPACE_UNIT_BLOCK"",""floor"":null,""floor_plan_id"":""3d22c8a644c6"",""floor_plan_name"":""Luxury Two Bedroom, Two Baths"",""is_floor_plan_level"":false,""lease_term"":null,""move_in_date"":null,""offer_banner"":null,""offer_conditions"":null,""offer_target"":null,""offer_type"":null,""offer_value"":null,""rent_high"":3799.0,""rent_low"":3799.0,""source_ids"":{},""unit_id"":""517"",""unit_name"":null}",,false,,,,,,,,{},{},"{""availability"":""Available 8/1"",""floor_plan_name"":""Luxury Two Bedroom, Two Baths"",""rent"":""$3,799"",""unit_number"":""517"",""visible_block"":""Unit 517 | Luxury Two Bedroom, Two Baths | $3,799 | Available 8/1""}"
local_current_live_no_rp_oracle_audit_not_canary,2026-08-01T10:45:19Z,2026-08-01,2026-07-31,separate_no_rp_oracle_573_rows_78_properties,SQUARESPACE_UNIT_BLOCK,241432,Cricket Flats,squarespace_visible_unit_block,true,https://cricketflats.com/availability,217,"Luxury Two Bedroom, Two Baths",Available 9/3,2026-09-03,explicit_future,true,visible unit block fourth line,_avail_table_recovery.parse_squarespace_unit_blocks,exact_current_parser,true,true,,available_date,Available 9/3,2026-09-03,explicit_future,true,false,2026-09-03,Available 9/3,explicit_future,,true,true,false,EXPLICIT_FUTURE_PRESERVED_END_TO_END,none,HIGH,"Exact current /availability HTML was replayed through the current Squarespace unit-block parser, then formatted.","{""_concession_quality"":null,""availability_date"":""Available 9/3"",""availability_status"":""AVAILABLE"",""available_date"":""Available 9/3"",""available_units"":"""",""bathrooms"":""2"",""bed_label"":""2 Bedroom"",""bedrooms"":""2"",""building"":"""",""concession"":"""",""concession_source"":null,""concession_text"":null,""concession_text_clean"":null,""concession_value"":null,""data_gaps"":[],""data_quality_flag"":"""",""deposit"":"""",""extraction_tier"":""TIER_1_DOM_SQUARESPACE_UNIT_BLOCK"",""floor"":"""",""floor_plan_name"":""Luxury Two Bedroom, Two Baths"",""lease_term"":"""",""market_rent_high"":3799,""market_rent_low"":3799,""move_in_date"":"""",""offer_banner"":null,""offer_conditions"":null,""offer_target"":null,""offer_type"":null,""offer_value"":null,""rent_range"":""$3,799"",""source_api_url"":""https://cricketflats.com/availability"",""source_ids"":{},""sqft"":"""",""unit_name"":"""",""unit_number"":""217""}","{""_available_date_raw"":""Available 9/3"",""_concession_quality"":null,""_date_placeholder"":null,""_extra"":null,""_inferred_id"":null,""_rent_range_raw"":""$3,799"",""amenities"":null,""area"":-1,""area_absence"":""UNKNOWN"",""area_absence_evidence"":""no_evidence"",""availability_date_provenance"":""explicit_future"",""availability_status"":""AVAILABLE"",""available_date"":""2026-09-03"",""available_units"":null,""baths"":2.0,""beds"":2,""building"":null,""concession_source"":null,""concession_text"":null,""concession_text_clean"":null,""concession_value"":null,""date_captured"":""2026-08-01 10:45:19"",""deposit"":null,""extraction_tier"":""TIER_1_DOM_SQUARESPACE_UNIT_BLOCK"",""floor"":null,""floor_plan_id"":""3d22c8a644c6"",""floor_plan_name"":""Luxury Two Bedroom, Two Baths"",""is_floor_plan_level"":false,""lease_term"":null,""move_in_date"":null,""offer_banner"":null,""offer_conditions"":null,""offer_target"":null,""offer_type"":null,""offer_value"":null,""rent_high"":3799.0,""rent_low"":3799.0,""source_ids"":{},""unit_id"":""217"",""unit_name"":null}",,false,,,,,,,,{},{},"{""availability"":""Available 9/3"",""floor_plan_name"":""Luxury Two Bedroom, Two Baths"",""rent"":""$3,799"",""unit_number"":""217"",""visible_block"":""Unit 217 | Luxury Two Bedroom, Two Baths | $3,799 | Available 9/3""}"
local_current_live_no_rp_oracle_audit_not_canary,2026-08-01T10:45:19Z,2026-08-01,2026-07-31,separate_no_rp_oracle_573_rows_78_properties,SQUARESPACE_UNIT_BLOCK,241432,Cricket Flats,squarespace_visible_unit_block,true,https://cricketflats.com/availability,213,Luxury One Bedroom Gem,Available Now,2026-08-01,available_now,false,visible unit block fourth line,_avail_table_recovery.parse_squarespace_unit_blocks,exact_current_parser,true,true,,available_date,Available Now,2026-08-01,available_now,true,false,2026-08-01,Available Now,available_now,,false,false,false,AVAILABLE_NOW_PRESERVED_END_TO_END,none,HIGH,"Exact current /availability HTML was replayed through the current Squarespace unit-block parser, then formatted.","{""_concession_quality"":null,""availability_date"":""Available Now"",""availability_status"":""AVAILABLE"",""available_date"":""Available Now"",""available_units"":"""",""bathrooms"":"""",""bed_label"":""1 Bedroom"",""bedrooms"":""1"",""building"":"""",""concession"":"""",""concession_source"":null,""concession_text"":null,""concession_text_clean"":null,""concession_value"":null,""data_gaps"":[],""data_quality_flag"":"""",""deposit"":"""",""extraction_tier"":""TIER_1_DOM_SQUARESPACE_UNIT_BLOCK"",""floor"":"""",""floor_plan_name"":""Luxury One Bedroom Gem"",""lease_term"":"""",""market_rent_high"":3050,""market_rent_low"":3050,""move_in_date"":"""",""offer_banner"":null,""offer_conditions"":null,""offer_target"":null,""offer_type"":null,""offer_value"":null,""rent_range"":""$3,050"",""source_api_url"":""https://cricketflats.com/availability"",""source_ids"":{},""sqft"":"""",""unit_name"":"""",""unit_number"":""213""}","{""_available_date_raw"":""Available Now"",""_concession_quality"":null,""_date_placeholder"":null,""_extra"":null,""_inferred_id"":null,""_rent_range_raw"":""$3,050"",""amenities"":null,""area"":-1,""area_absence"":""UNKNOWN"",""area_absence_evidence"":""no_evidence"",""availability_date_provenance"":""available_now"",""availability_status"":""AVAILABLE"",""available_date"":""2026-08-01"",""available_units"":null,""baths"":null,""beds"":1,""building"":null,""concession_source"":null,""concession_text"":null,""concession_text_clean"":null,""concession_value"":null,""date_captured"":""2026-08-01 10:45:19"",""deposit"":null,""extraction_tier"":""TIER_1_DOM_SQUARESPACE_UNIT_BLOCK"",""floor"":null,""floor_plan_id"":""1193b379230d"",""floor_plan_name"":""Luxury One Bedroom Gem"",""is_floor_plan_level"":false,""lease_term"":null,""move_in_date"":null,""offer_banner"":null,""offer_conditions"":null,""offer_target"":null,""offer_type"":null,""offer_value"":null,""rent_high"":3050.0,""rent_low"":3050.0,""source_ids"":{},""unit_id"":""213"",""unit_name"":null}",,false,,,,,,,,{},{},"{""availability"":""Available Now"",""floor_plan_name"":""Luxury One Bedroom Gem"",""rent"":""$3,050"",""unit_number"":""213"",""visible_block"":""Unit 213 | Luxury One Bedroom Gem | $3,050 | Available Now""}"
local_current_live_no_rp_oracle_audit_not_canary,2026-08-01T10:45:19Z,2026-08-01,2026-07-31,separate_no_rp_oracle_573_rows_78_properties,SQUARESPACE_UNIT_BLOCK,241432,Cricket Flats,squarespace_visible_unit_block,true,https://cricketflats.com/availability,318,"Luxury Two Bedroom, Two Baths",Available 8/1,2026-08-01,explicit_capture_date,false,visible unit block fourth line,_avail_table_recovery.parse_squarespace_unit_blocks,exact_current_parser,true,true,,available_date,Available 8/1,2026-08-01,explicit_capture_date,true,false,2026-08-01,Available 8/1,explicit_capture_date,,false,false,false,EXPLICIT_CAPTURE_DATE_PRESERVED,none,HIGH,"Exact current /availability HTML was replayed through the current Squarespace unit-block parser, then formatted.","{""_concession_quality"":null,""availability_date"":""Available 8/1"",""availability_status"":""AVAILABLE"",""available_date"":""Available 8/1"",""available_units"":"""",""bathrooms"":""2"",""bed_label"":""2 Bedroom"",""bedrooms"":""2"",""building"":"""",""concession"":"""",""concession_source"":null,""concession_text"":null,""concession_text_clean"":null,""concession_value"":null,""data_gaps"":[],""data_quality_flag"":"""",""deposit"":"""",""extraction_tier"":""TIER_1_DOM_SQUARESPACE_UNIT_BLOCK"",""floor"":"""",""floor_plan_name"":""Luxury Two Bedroom, Two Baths"",""lease_term"":"""",""market_rent_high"":3699,""market_rent_low"":3699,""move_in_date"":"""",""offer_banner"":null,""offer_conditions"":null,""offer_target"":null,""offer_type"":null,""offer_value"":null,""rent_range"":""$3,699"",""source_api_url"":""https://cricketflats.com/availability"",""source_ids"":{},""sqft"":"""",""unit_name"":"""",""unit_number"":""318""}","{""_available_date_raw"":""Available 8/1"",""_concession_quality"":null,""_date_placeholder"":null,""_extra"":null,""_inferred_id"":null,""_rent_range_raw"":""$3,699"",""amenities"":null,""area"":-1,""area_absence"":""UNKNOWN"",""area_absence_evidence"":""no_evidence"",""availability_date_provenance"":""explicit_capture_date"",""availability_status"":""AVAILABLE"",""available_date"":""2026-08-01"",""available_units"":null,""baths"":2.0,""beds"":2,""building"":null,""concession_source"":null,""concession_text"":null,""concession_text_clean"":null,""concession_value"":null,""date_captured"":""2026-08-01 10:45:19"",""deposit"":null,""extraction_tier"":""TIER_1_DOM_SQUARESPACE_UNIT_BLOCK"",""floor"":null,""floor_plan_id"":""3d22c8a644c6"",""floor_plan_name"":""Luxury Two Bedroom, Two Baths"",""is_floor_plan_level"":false,""lease_term"":null,""move_in_date"":null,""offer_banner"":null,""offer_conditions"":null,""offer_target"":null,""offer_type"":null,""offer_value"":null,""rent_high"":3699.0,""rent_low"":3699.0,""source_ids"":{},""unit_id"":""318"",""unit_name"":null}",,false,,,,,,,,{},{},"{""availability"":""Available 8/1"",""floor_plan_name"":""Luxury Two Bedroom, Two Baths"",""rent"":""$3,699"",""unit_number"":""318"",""visible_block"":""Unit 318 | Luxury Two Bedroom, Two Baths | $3,699 | Available 8/1""}"
local_current_live_no_rp_oracle_audit_not_canary,2026-08-01T10:45:19Z,2026-08-01,2026-07-31,separate_no_rp_oracle_573_rows_78_properties,SQUARESPACE_UNIT_BLOCK,241432,Cricket Flats,squarespace_visible_unit_block,true,https://cricketflats.com/availability,212,"Luxury One Bedroom, Two Baths",Available 9/4,2026-09-04,explicit_future,true,visible unit block fourth line,_avail_table_recovery.parse_squarespace_unit_blocks,exact_current_parser,true,true,,available_date,Available 9/4,2026-09-04,explicit_future,true,false,2026-09-04,Available 9/4,explicit_future,,true,true,false,EXPLICIT_FUTURE_PRESERVED_END_TO_END,none,HIGH,"Exact current /availability HTML was replayed through the current Squarespace unit-block parser, then formatted.","{""_concession_quality"":null,""availability_date"":""Available 9/4"",""availability_status"":""AVAILABLE"",""available_date"":""Available 9/4"",""available_units"":"""",""bathrooms"":""2"",""bed_label"":""1 Bedroom"",""bedrooms"":""1"",""building"":"""",""concession"":"""",""concession_source"":null,""concession_text"":null,""concession_text_clean"":null,""concession_value"":null,""data_gaps"":[],""data_quality_flag"":"""",""deposit"":"""",""extraction_tier"":""TIER_1_DOM_SQUARESPACE_UNIT_BLOCK"",""floor"":"""",""floor_plan_name"":""Luxury One Bedroom, Two Baths"",""lease_term"":"""",""market_rent_high"":2950,""market_rent_low"":2950,""move_in_date"":"""",""offer_banner"":null,""offer_conditions"":null,""offer_target"":null,""offer_type"":null,""offer_value"":null,""rent_range"":""$2,950"",""source_api_url"":""https://cricketflats.com/availability"",""source_ids"":{},""sqft"":"""",""unit_name"":"""",""unit_number"":""212""}","{""_available_date_raw"":""Available 9/4"",""_concession_quality"":null,""_date_placeholder"":null,""_extra"":null,""_inferred_id"":null,""_rent_range_raw"":""$2,950"",""amenities"":null,""area"":-1,""area_absence"":""UNKNOWN"",""area_absence_evidence"":""no_evidence"",""availability_date_provenance"":""explicit_future"",""availability_status"":""AVAILABLE"",""available_date"":""2026-09-04"",""available_units"":null,""baths"":2.0,""beds"":1,""building"":null,""concession_source"":null,""concession_text"":null,""concession_text_clean"":null,""concession_value"":null,""date_captured"":""2026-08-01 10:45:19"",""deposit"":null,""extraction_tier"":""TIER_1_DOM_SQUARESPACE_UNIT_BLOCK"",""floor"":null,""floor_plan_id"":""793915171796"",""floor_plan_name"":""Luxury One Bedroom, Two Baths"",""is_floor_plan_level"":false,""lease_term"":null,""move_in_date"":null,""offer_banner"":null,""offer_conditions"":null,""offer_target"":null,""offer_type"":null,""offer_value"":null,""rent_high"":2950.0,""rent_low"":2950.0,""source_ids"":{},""unit_id"":""212"",""unit_name"":null}",,false,,,,,,,,{},{},"{""availability"":""Available 9/4"",""floor_plan_name"":""Luxury One Bedroom, Two Baths"",""rent"":""$2,950"",""unit_number"":""212"",""visible_block"":""Unit 212 | Luxury One Bedroom, Two Baths | $2,950 | Available 9/4""}"
