apartmentid,name,address,city,state,zip,website
67598,Lofts At Little Creek,1315 Creekshire Way,Winston-Salem,NC,27103,http://www.loftsatlittlecreek.com/
45534,Walnut Creek,700 Ryan Ct,Raleigh,NC,27606,https://www.liveatwalnutcreekapts.com/?rcstdid=Mg%3D%3D-YRjTEizZPgM%3D
77595,Inspire,2656 N Buffalo Dr,Las Vegas,NV,89128,https://ovationco.com/property/inspire/
87590,888 on Main,888 N Main St,Santa Ana,CA,92701,https://www.888onmain.com/
5119,Embarc at West Jordan,6885 S Redwood Rd,West Jordan,UT,84084,http://www.embarcatwestjordan.com/
76405,Lancaster Ridge,800 Hickory Knoll Dr,Canton,GA,30114,http://www.lancasterridgeapts.com
218586,Cedar Ridge,4945 Mack Rd,Sacramento,CA,95823,https://cedarridgeapts.rentaladdress.com/
7931,Lamonte Park,3737 Watonga Blvd,Houston,TX,77092,https://www.lamonteparktownhomes.com/
71345,Westgate Village Townhouses,680 Pinckney Ct,Comstock Park,MI,49321,https://www.westgate-village-townhouses.com/
74592,Crosswynde Apartments,1502 Marsh Cove Ct,Tampa,FL,33619,http://www.crosswyndeapts.com/
24928,Summer Winds,2725 W Wigwam Ave,Las Vegas,NV,89123,https://lasvegasliving.com/properties/summer-winds/
10966,Colonies,2525 Bolton Boone Dr,DeSoto,TX,75115,https://www.thecoloniesapartments.com/
16982,Pleasant View Gardens,258 Carlton Ave,Piscataway,NJ,8854,http://www.pleasantviewgardensnj.com/
31890,The Oaks,101 Arbor Run Dr,Lincolnton,NC,28092,https://www.theoaksapartments.com/
53382,The Martin,2105 5th Ave,Seattle,WA,98121,http://www.themartinseattle.com
16196,Village Square Apartments,12011 Veirs Mill Rd,Wheaton,MD,20906,http://www.villagesquarewheaton.com/Home/Index/36189
74567,Woodland Creek,5216 Penrith Dr,Durham,NC,27713,www.woodlandcreekdurham.com
11797,Wray North Dallas,18749 Marsh Ln,Dallas,TX,75287,https://www.wraynorthdallas.com/wray-north-dallas-tx/
55940,Eleven by Windsor,811 E 11th St,Austin,TX,78702,www.elevenbywindsor.com
285770,The Rise Living Community,2100 W Iris Dr SE,Conyers,GA,30013,https://www.riselivingapts.com/
21997,Roundtree,2835 Roundtree Blvd,Ypsilanti,MI,48197,http://www.mckinley.com/apartments/michigan/ypsilanti/roundtree-apartments#.VQhSL2X4LEE
251190,The Carlaw,1020 R St,Sacramento,CA,95811,https://liveatthecarlaw.com/
3106,Woodhollow,4502 Lake Shore Dr,Waco,TX,76710,http://www.woodhollowwaco.com/
227334,Grand by Gehry,151 S Olive St,Los Angeles,CA,90012,https://www.relatedrentals.com/apartment-rentals/los-angeles/downtown/the-grand-gehry
74364,Wilmington Pointe,933 Wilmington Ave,Dayton,OH,45420,www.wilmingtonpointe.com
16186,Edgewood Court,649 Prospect St,Chicopee,MA,1020,https://www.aspensquare.com/apartments/massachusetts/chicopee/edgewood-court
5785,Grove Parkview,1900 Glenn Club Dr,Stone Mountain,GA,30087,https://www.groveparkview.com/
26151,Madera,2600 S Town Center Dr,Las Vegas,NV,89135,https://lasvegasliving.com/properties/madera/
239937,Aventine at Miramar,2436 Centergate Dr,Miramar,FL,33025,https://www.pacificaresidential-aventine.com/?utm_source=GMB&utm_medium=organic
242945,Elevation Luxury Apartments,5000 N Mall Way,Flagstaff,AZ,86004,www.elevationflagstaff.com
18752,Brookstone Apartments,1401 N Lamb Blvd,Las Vegas,NV,89110,https://www.liveatbrookstoneapartments.com/?utm_source=GMB&utm_medium=organic
238370,Magnolia on the Green,1845 Chelsea Blvd,Allen,TX,75013,https://texas.weidner.com/apartments/tx/allen/magnolia-on-the-green-0/
267802,Tessa Springs,11810 Uptown Walker Pl,Thonotosassa,FL,33592,https://www.livetessasprings.com/
300340,Allora Gainesville,900 Elm Grove Ave,Gainesville,GA,30501,https://alloragainesville.com/
36784,Cypress Grove,6C Cypress Grove Dr,Wilmington,NC,28401,https://www.cypressgroveaptliving.com/
227551,Coulee Ridge East,3009 43rd Ave NE,Bismarck,ND,58503,https://www.immapartments.com/coulee-ridge
71773,Cloister Gardens,845 Dawn Ave,Ephrata,PA,17522,https://www.theapartmentgallery.com/communities/cloister-gardens#k=42298
260546,Park on 20th,10227 20th St SE,Lake Stevens,WA,98258,https://parktwenty.com/
49598,Shelard Village,400420 Ford Rd,St. Louis Park,MN,55426,https://shelardvillage.com/
7165,Tides on 27th,6131 N 27th Ave,Phoenix,AZ,85017,https://www.tideson27th.com/
233188,The Mansions at Sunset Ridge,1440 Carrollton Pkwy,Carrollton,TX,75010,www.mansionsatsunsetridge.com
1258,Crossings at Madison,110 Archwood Pl,Madison,TN,37115,https://www.crossingsmadison.com/
61377,Grant Park Village I - Henshaw,1580 NE 32nd Ave,Portland,OR,97232,https://www.grantparkvillage.com/
261384,OTIS,1661 Roseneath Rd,Richmond,VA,23230,https://liveotis.com/
55954,Waterside Place by Windsor,505 Congress St,Boston,MA,2210,www.watersideplacebywindsor.com
56775,Avalon Hill Country,3499 Ranch Rd 620 S,Austin,TX,78738,https://www.avaloncommunities.com/texas/austin-apartments/avalon-hill-country/
77589,Windsor Sugarloaf,1455 Satellite Blvd,Suwanee,GA,30024,https://www.windsorcommunities.com/properties/windsor-sugarloaf/
43551,Willow Trail,1700 Mindanao Dr,Jacksonville,FL,32246,https://www.willowtrailjax.com/contact-us/
27080,Easton North,1126 J Easton Ave,Somerset,NJ,8873,http://www.oxfordrealtygroup.com/properties/new-jersey/easton-north/
1783,Madison at Largo,601 Rosery Rd NE,Largo,FL,33770,https://gscapts.com/apartments/florida/madison-at-largo/
77782,Atlantico at Miramar,12121 SW 43rd St,Miramar,FL,33025,http://www.atlanticomiramarfl.com/miramar-fl-apartments.asp
238785,The Reserve at Belvedere,200 Reserve Blvd,Charlottesville,VA,22901,www.liveatbelvedere.com
5715,Windsor Westminster,9100 Vance St,Westminster,CO,80021,https://www.windsorwestminster.com/
10993,Hillside Community,1020 Raleigh Dr,Carrollton,TX,75007,http://www.hillsidecarrollton.com
5859,Cypress Winds,6904 Manatee Ave W,Bradenton,FL,34209,https://gscapts.com/apartments/florida/cypress-winds-apartment-homes/?y_source=1_MTUyOTEzMTItNzE1LWxvY2F0aW9uLndlYnNpdGU%3D
49726,Landmark of D'Iberville,11059 Lamey Brg Rd,D'Iberville,MS,39540,www.landmarkdiberville.com
241760,888 Bellevue,888 108th Ave NE,Bellevue,WA,98004,https://www.888bellevue.com/
278353,Bexley Clearfork,5555 Edwards Ranch Rd,Fort Worth,TX,76109,https://www.bexleyclearfork.com/
35736,Loch Raven Village,8402 Greenway Rd,Towson,MD,21286,https://www.lochravenapts.com/
217738,The District at Cypress Water (Scotch Creek),3211 Scotch Creek Rd,Coppell,TX,75019,http://www.thedistrictatcypresswaters.com/
239121,Enclave,1005 W Stassney Ln,Austin,TX,78745,http://www.theenclaveaustin.com/
6526,Southwood Acres,342 Southwick Rd,Westfield,MA,1085,https://www.aspensquare.com/apartments/massachusetts/westfield/southwood-acres
244546,Sterlington,4105 Sterlington Dr,Grovetown,GA,30813,https://www.sterlingtonapts.com
261116,Copper Pointe,6410 S New Braunfels Ave,San Antonio,TX,78223,https://copperpointeapts.com/
56182,Acorn Acres,3605 Brandywine Ct,Lafayette,IN,47905,https://www.liveatacornacres.com/
27190,The Park at Palermo,4302 Gunn Hwy,Tampa,FL,33618,https://theparkatpalermo.com/
64955,Dry Creek Ranch,13861 Raceway Dr,Northlake,TX,76262,http://www.liveatdrycreekranch.com/
1777,Rustic Woods,7901 S Yale Ave,Tulsa,OK,74136,https://www.rusticwoodsapts.com/
267937,Elevate,1990 Grande Cir,Fairfield,CA,94533,https://www.elevatesolano.com/
38923,Forest Hills Racquet Club,934 Courtside Dr,Augusta,GA,30909,www.ForestHillsRacquetClub.com
60939,Greenarch,10 N Greenwood Ave,Tulsa,OK,74120,http://www.greenarchtulsa.com/
35534,The Monarch by Windsor,801 W 5th St,Austin,TX,78703,http://www.themonarchbywindsor.com/
225980,Harborview,819 D Ave,National City,CA,91950,www.harborview-apartments.com
119144,Windsor Burnet,10301 Burnet Rd,Austin,TX,78758,https://www.windsorburnet.com/
64195,Windsor West Lemmon,3650 Cedarplaza Ln,Dallas,TX,75209,https://www.windsorcommunities.com/properties/windsor-west-lemmon/
242344,Franklin Flats,3208 W 7th St,Greeley,CO,80634,www.franklinflatsapts.com
221701,Academy Place,11 W 3rd St,Corning,NY,14830,http://www.academyplaceapartments.com/
16754,Waterford Point,8960 SW 122nd Ave,Miami,FL,33186,https://waterfordpoint.us/
64158,Allure by Windsor,6750 Congress Ave,Boca Raton,FL,33487,https://www.allurebywindsor.com/
68490,The Park At Anzio,4083 Sunbeam Rd,Jacksonville,FL,32257,https://theparkatanzio.com/
38110,Vero Green,2650 69th Terrace,Vero Beach,FL,32966,www.verogreenapts.com
20977,Cobblestone,15449 N 25th Ave,Phoenix,AZ,85023,https://www.cobblestonephx.com/
9746,Westgate Apartments,4003 N Belt Line Rd,Irving,TX,75038,https://www.westgateirving.com/
229373,Shelter Cove I,1 Sound Pl,Cohoes,NY,12047,http://albanysheltercove.com/
274954,Hurston,50 Lago Mar Way,Jacksonville,FL,32258,https://www.hurstonjacksonville.com/
13736,The Langston,2301 Godby Rd,Atlanta,GA,30349,https://thelangstonapt.com/?fbclid=IwAR2uEIPisZyXyAqyGBlftuomKvu-bD-YGOw_3kZ5CqLqiGIYRL0rLIJ-aZE
22187,Golfside Lake Apartments,2345 Woodridge Way,Ypsilanti,MI,48197,http://www.mckinley.com/apartments/michigan/ypsilanti/golfside-lake-apartments#.VeDC7flVhBc
275305,Aria at Ella,20525 Ella Blvd,Spring,TX,77388,https://www.ariaatella.com/
75521,Juniper Apartments,9190 Blue Point Lane,Sacramento,CA,95826,https://www.liveatthejuniper.com/
78179,PROSPER Azalea City,1503 E Park Ave,Valdosta,GA,31602,https://www.prosperazaleacity.com/
221319,Royal Park,501 HWY 54 Bypass,Carrboro,NC,27510,https://gscapts.com/apartments/north-carolina/royal-park/
252496,Bridger Commons,8922 N Kellogg St,Portland,OR,97203,https://www.bridgercommonspdx.com/
74523,Charter Club,1040 Windward Dr,London,OH,43140,http://www.charterclubapts.com/
75722,Birch Pond,5 Birch Pond Dr,Shallotte,NC,28470,http://www.birchpondapts.com/
302701,Ascent At Fitzsimons,1678 Paris St,Aurora,CO,80010,https://ascentfitzsimons.com/
217796,Old Shell Lofts,1706 Old Shell Rd,Mobile,AL,36604,https://themobilelofts.com/apartments/al/mobile/the-old-shell-lofts/
34523,Constellation Ranch,500 W Loop 820 S,Fort Worth,TX,76108,https://www.constellationranchtx.com/
44163,Wycliff West,10515 Mastin St,Overland Park,KS,66212,https://www.rentwycliffwest.com/
244705,Devine District,2712 Lee St,Columbia,SC,29205,https://devinedistrict.com/
16579,Zura Bay,111 73rd Ave N,St Petersburg,FL,33702,https://www.zurabay.com/
46986,Mountain Ridge Manor,820 Monroe Blvd,Ogden,UT,84404,http://www.mountainridgemanor.com
60926,170 Amsterdam,170 Amsterdam Ave,New York,NY,10023,https://www.equityapartments.com/new-york-city/upper-west-side/170-amsterdam-apartments
43097,Big Creek Apartments and Townhomes,11540 Apache Dr,Parma Heights,OH,44130,https://www.goldbergcompanies.com/big-creek-apartments-parma-heights-oh/?utm_source=GMB&utm_medium=Website
8789,Flintridge,708 Woodard Way,Arlington,TX,76011,https://livebh.com/apartments/flintridge-apartment-homes/?utm_source=vanity&utm_medium=redirect&utm_campaign=flintridge-apartment-homes&original_referrer=flintridgeapartments.com
26967,The Estates at Cougar Mountain,2128 NW Shy Bear Way,Issaquah,WA,98027,http://www.estatesatcougarmountain.com/
279352,Aspire at Sherman,1111 Gallagher Dr,Sherman,TX,75090,https://www.aspireatsherman.com/
21589,Honeyman Hardware Lofts,555 NW Park Ave,Portland,OR,97209,http://www.honeymanhardwarelofts.com/
278957,The Range at Tamarron,28100 Tamarron Pkwy,Katy,TX,77494,https://www.therangeattamarron.com/
13942,Iron Horse Flats,1930 W Rundberg Ln,Austin,TX,78758,https://ironhorseflats.com/
44918,Briarleigh Park,401 Park Ridge Ln,Winston-Salem,NC,27104,http://www.briarleighpark.com/
14907,Boca Winds,530 NE 47th St,Boca Raton,FL,33431,https://www.aspensquare.com/apartments/florida/boca-raton/boca-winds?utm_source=google&utm_medium=referral
93778,Carraway Village,600 Carraway Crossing,Chapel Hill,NC,27516,https://www.livecarrawayvillage.com/
42981,Alexander Pointe,2121 Burwick Ave,Orange Park,FL,32073,https://www.livealexanderpointefl.com/
9741,West Gate,4003 N Belt Line Rd,Irving,TX,75038,https://www.westgateirving.com
61136,Mansions At Timberland,11401 N Riverside Dr,Fort Worth,TX,76244,http://www.mansionsattimberland.com/
38153,Magnolia Trace,5445 Provine Pl,Alexandria,LA,71303,http://www.liveatmagnoliatrace.com/
32794,The Majestic,1155 Museum Blvd,Vernon Hills,IL,60061,https://majesticvernonhills.com/
23788,The Aspect,4900 E Oltorf St,Austin,TX,78741,https://www.theaspectaustin.com/
10898,Park West,7251 Crowley Rd,Fort Worth,TX,76134,https://www.parkwestfortworth.com/
234940,1010 On the Rhine,1010 Walnut St,Cincinnati,OH,45202,http://1010ontherhine.com
268747,Arthur On Aberdeen,210 N Aberdeen St,Chicago,IL,60607,https://arthuronaberdeen.com/
118780,The Lofts Hillside at Little Creek I,1315 Creekshire Way,Winston-Salem,NC,27103,https://www.loftsatlittlecreek.com/
12906,Indigo,11501 Braesview,San Antonio,TX,78213,www.indigosanantonio.com
45791,Signature Place,101 Signature Way,Hampton,VA,23666,www.signatureplaceva.com
253966,Aventura at Maryland Oaks,2100 E Aventura Way,St Louis,MO,63146,https://www.avmarylandoaks.com/
38398,The Monterey by Windsor,3930 McKinney Ave,Dallas,TX,75204,www.themontereybywindsor.com
33691,Odyssey,10600 Cibola Loop NW,Albuquerque,NM,87114,https://www.odysseyabq.com/
38691,Summerlake,207 National Dr,Murfreesboro,TN,37128,http://www.summerlakeliving.com/
275096,Vivo Living Longmont,1900 Ken Pratt Blvd,Longmont,CO,80501,https://www.vivolivinglongmont.com/#
34909,Polo Downs,1135 London Cir Ln,Fenton,MO,63026,http://www.polodowns.com/
26278,The Park at Morella,4300 Flat Shoals Rd,Union City,GA,30291,www.theparkatmorella.com
259397,Edison at Bridlespur,350 W 104th Terrace,Kansas City,MO,64114,https://www.edisonbridlespur.com/
58699,SoDo on Main,1625 Main St,Houston,TX,77002,https://sodoonmain.com/
255500,Poudre Trails I,3004 West A Street,Greeley,CO,80631,https://poudretrailsapartments.com/floor-plans/
298547,Allora Creekbend,7001 Clementine Trl,Fairburn,GA,30213,https://alloracreekbendapartments.com/
18684,Le Mirage,9777 N Thornydale Rd,Tucson,AZ,85742,https://lemirageapts.managebuilding.com/Resident/public/home
34305,Beach Creek,12221 Beach Blvd,Garden Grove,CA,92841,www.beachcreekresort.com
44955,Fulton Woods,1000 Fulton Ave,Sacramento,CA,95825,https://www.kjaxproperty.com/fulton-woods
281911,Laurel Glen,1401 E 24th St,Lawrence,KS,66046,https://www.liveatlaurelglen.com/
6477,Harbour Pointe,4501 71st St W,Bradenton,FL,34210,http://www.gscapts.com/apartments/Bradenton_FL/zip_34210/gsc/15388
76528,Woodbury Heights,4333 Fieldcrest Dr,Sioux City,IA,51103,http://www.woodburyheightsia.com/
27595,Positano,10115 Jeffreys St,Las Vegas,NV,89183,http://lasvegasliving.com/community/positano
7483,West End Flats,200 NC-54,Carrboro,NC,27510,https://www.livewestendflats.com
1085,Sound at Peninsula,4455 Confederate Point Rd,Jacksonville,FL,32210,https://www.livesoundatpeninsulajax.com/
262964,The Bellagio,1384 Empire Blvd,Rochester,NY,14609,https://www.bellagio1384.com/
4709,1020 at Winter Springs,1020 Chatham Pines,Winter Springs,FL,32708,https://www.1020atwinterspringsfl.com/
246591,Kendry,4868 Cypress St,Montclair,CA,91763,https://kendryliving.com/
70913,Zachary Park,3601 NE 162nd Ave,Portland,OR,97230,https://www.zacharyparkprinceton.com/
78759,The Reflection at Montgomery Ridge,1160 Montgomery Blvd,Allen,TX,75013,https://reflectionapartments.com/
65069,Olympic by Windsor,936 S Olive St,Los Angeles,CA,90015,https://www.olympicbywindsor.com/index.aspx
594,Harbinwood,1295 Harbins Rd NW,Norcross,GA,30093,www.harbinwoodbyelon.com
7679,Champions Park,13050 Champions Park Dr,Houston,TX,77069,https://championsparkhomes.com/#
35971,Grand Palms Apartments,2931 Barker Cypress Rd,Houston,TX,77084,https://www.grandpalms.com/
7572,Corsican,400 S Sunkist St,Anaheim,CA,92806,http://www.corsicanapartments.com/
77558,Arriv√© Seattle,2116 4th Ave,Seattle,WA,98121,http://arriveseattle.com/
278953,Ascend at Ventana Lakes,23100 Clay Rd,Katy,TX,77493,https://www.reserveatventanalakes.com/
47710,Adley at 72nd,1214 Applewood Dr,Papillion,NE,68046,https://www.aspensquare.com/apartments/nebraska/papillion/adley-at-72nd?utm_knock=g
12967,Luxor Gardens,1201 Heeney Ave,Johnstown,PA,15904,https://www.luxorgardens.com/
33596,The Park at Sorrento,3400 Shady Hill Dr,Baytown,TX,77521,https://theparkatsorrentoapts.com/
299665,Turner Pointe,100 Turner Pointe Rd,Powdersville,SC,29642,https://turnerpointesc.com/
7759,Champions Centre,13222 Champions Centre Dr,Houston,TX,77069,https://www.championscentrehomes.com/
24098,Windsor Coral Springs,6150 Wiles Rd,Coral Springs,FL,33067,https://www.windsorcoralsprings.com/
64088,The Aldyn,60 Riverside Blvd,New York,NY,10069,www.thealdynnyc.com
263187,Van De Vyver,701 N 1st St,Richmond,VA,23219,https://vandevyver.enterpriseresidential.org/
73916,Riverbank Apartments,4433 Continental Way,Stockton,CA,95207,https://www.riverbankapartments.com/
4079,The View at Waters Edge,6175 Reflections Blvd,Lantana,FL,33462,https://www.aspensquare.com/apartments/florida/lantana/the-view-at-waters-edge?utm_source=google&utm_medium=referral
53928,North Star Lodge,6614 N Cedar St,Spokane,WA,99208,www.nstarlodge.net/
10179,Marion,9750 Forest Ln,Dallas,TX,75243,https://www.livethemarion.com/#hero
247491,Astoria at Celebration,1688 Celebration Blvd,Celebration,FL,34747,https://www.liveastoriaatcelebration.com/
57142,Metro 303,303 Main St,Hempstead,NY,11550,https://www.metro303.com/
1773,Paces Ridge at Vinings,3900 Paces Walk SE,Atlanta,GA,30339,https://www.pacesridgeatvinings.com/
10298,Jaxon,2502 Burney Oaks Ln,Arlington,TX,76006,https://www.jaxonliving.com/
293112,Riverview,111 Hancock Rd,Peterborough,NH,3458,https://keystonemanagement.com/peterborough-new-hampshire-apartments/riverview-apartments/
1084,Black Hawk,3010 Simcoe Dr,Fort Wayne,IN,46815,https://www.theblackhawkapartments.com/
30796,Eden Prairie Apartments,303 L W Besinger Dr,Carpentersville,IL,60110,https://www.aptsedenprairie.com/
17886,The Park at Torino,2035 Philippe Pkwy,Safety Harbor,FL,34695,https://theparkattorino.com/
1721,Hidden Valley Club,600 Hidden Valley Club Dr,Ann Arbor,MI,48104,https://www.hvca2.com/
27360,Aspen Court,1641 N Kadota Ave,Casa Grande,AZ,85122,www.aspencourtapartmenthomes.com
16076,San Lagos at Arrowhead Highlands,5901 W Behrend Dr,Glendale,AZ,85308,https://www.mark-taylor.com/apartments/az/glendale/san-lagos/
50054,Cypress,585 Ellsworth St,Bridgeport,CT,6605,https://www.hubrealty.com/cypress-apartments
240914,District at Civic Square,15400 W Monte Vista Rd,Goodyear,AZ,85395,https://www.mark-taylor.com/apartments/az/goodyear/district-at-civic-square/
57947,The Catherine,214 Barton Springs Rd,Austin,TX,78704,www.thecatherineaustin.com
235473,Rooftop 252,252 Marie Ave E,West St Paul,MN,55118,http://www.rooftop252.com/
119450,Cielo at Tramonto,35035 N Vly Pkwy,Phoenix,AZ,85086,https://www.cieloattramonto.com/
220976,The Summit at Rivery Park I,1400 Rivery Blvd,Georgetown,TX,78628,http://riveryparkapts.com/
14934,Country Manor,59 S Westfield St,Feeding Hills,MA,1030,https://www.aspensquare.com/apartments/massachusetts/feeding-hills/country-manor
246152,Oxford at Lake View,3300 S Garrison Rd,Corinth,TX,76210,http://www.oxfordlakeview.com/
3902,Pelham Apartments,260 Pelham Rd,Greenville,SC,29615,https://pelhamgreenville.com/home
65677,The Vue at Creve Coeur,1001 Old Olive Wy,Creve Coeur,MO,63141,http://www.cthevue.com/
68716,The Harrison Collection 330 Angelo Cifelli,330 Angelo Cifelli Dr,Harrison,NJ,7029,https://ironstate.com/property/330-angelo-cifelli/
16377,Westshore,4601 W Gray St,Tampa,FL,33609,www.westshoretampabay.com/
40567,Midtown at Camp Springs,4400 Telfair Blvd,Camp Springs,MD,20746,www.midtownatcampsprings.com
22382,4418 Spruce Street,4418 Spruce St,Philadelphia,PA,19104,https://www.livecampusapts.com/property/4418-spruce-street/?search-parameters=1&start_date=0&end_date=9999999999&price_min=0&price_max=10000
29755,Dunes,11425 McCormick Rd,Jacksonville,FL,32225,https://www.thedunesjax.com/index.php
13925,Sterling Glen,1121 Indian Trail Lilburn Rd NW,Norcross,GA,30093,http://www.sterlingglenapthomes.com/
238157,Morningside Atlanta by Windsor II,1845 Piedmont Ave NE,Atlanta,GA,30324,https://www.morningsidebywindsor.com
4953,Sawgrass Cove,4801 47th Ave W,Bradenton,FL,34210,https://gscapts.com/apartments/florida/sawgrass-cove/
280734,Northside Place,137 Cayuta St,Corning,NY,14830,https://www.riedman.com/communities/apartments/ny/corning/northside-place/?gclid=EAIaIQobChMIg6GLscnh_wIVSy3UAR2SFwdXEAAYASAAEgJU8_D_BwE
14182,Birch Run,800 Summerwood Dr,Clarkston,GA,30021,https://www.precisionmngmtprop.com/landing/birchrunapts
269664,The Pinnacle at Stone Creek Falls,2269 Stone Falls Rd,Republic,MO,65619,https://www.stonecreekfalls.com/apartments/mo/brookline/the-pinnacle#/
17369,Windsor at Midtown,222 14th St NE,Atlanta,GA,30309,https://www.windsoratmidtown.com/
24049,River Bluff of Lexington,300 Palmetto Park Blvd,Lexington,SC,29072,https://www.aspensquare.com/apartments/south-carolina/lexington/river-bluff-of-lexington?utm_source=google&utm_medium=referral
16940,Clearwater Creek,4000 E Renner Rd,Richardson,TX,75082,www.clearwatercreekapartments.com
48514,The Avenue,300 Chapel Ridge Dr,Cabot,AR,72023,https://www.aspensquare.com/apartments/arkansas/cabot/the-avenue
69928,The Azlee,3480 S 300 E,Salt Lake City,UT,84115,https://www.theazleeapartments.com/
283333,Casa Princeton I,12835 SW 246 Terrace,Homestead,FL,33032,https://www.casaprincetonfl.com/
254122,Avril Cambridge Village,1332 Holly Rush Lane,Denver,NC,28037,https://www.pedcorliving.com/apartments/avril-cambridge-village
44036,Ascot Place,544 Gadsden Hwy,Birmingham,AL,35235,www.elandisascot.com
274983,6375 Broadway,6375 Broadway,Bronx,NY,10471,https://drsrents.com/6375-broadway-bronx/
236195,Walnut Crossing,3300 Union Deposit Rd,Harrisburg,PA,17109,https://parkrunmgt.com/listing/walnut-crossing/#
23592,The View on Vivion,4763 N Highland Ave,Kansas City,MO,64116,https://www.viewonvivion.com/
29154,Cardinal Hill,420 River Rd,Chatham,NJ,7928,https://jcmliving.com/apartment-rentals/nj/chatham/cardinal-hill/
60985,Greenwood Village,114 Washington Ct,Hamilton Township,NJ,8629,https://www.corsamanagement.com/properties/greenwood-village-apartments/
37805,The Gentry's Landing,400 N 4th St,St. Louis,MO,63102,http://www.gentryslanding.com/
118979,Eve East Village,433 E 13th St,New York,NY,10009,https://eve.nyc
36998,M Street,910 8th Ave,Seattle,WA,98104,www.mstreetseattle.com/
2198,Lincoln Green,4000 Presidential Blvd,Philadelphia,PA,19131,www.lincolngreenapartments.com
68765,Continuum,55-57 Bank St,White Plains,NY,10606,https://www.continuumwhiteplains.com/
14198,The Heights by Marston Lake,7929 W Mansfield Pkwy,Lakewood,CO,80235,https://heightsbymarstonlakeapts.com/
256584,The Station at Millrace,77 W 500 S,Provo,UT,84601,https://thestationatmillrace.com/
281149,Irondale at Wharton,47 Kossuth St,Wharton,NJ,7885,http://irondaleatwharton.com/
264994,The Fitzgerald,3914 Monona Dr,Madison,WI,53716,https://primeurbanproperties.com/property/the-fitzgerald/
254556,Park Place,305 W Jack Finney Blvd,Greenville,TX,75402,https://www.parkplacegreenville.com/
263573,Village at Camelback Park,11200 W Camelback Rd,Phoenix,AZ,85037,https://www.villageatcamelbackpark.com/
245993,Alberta Square,450 Alberta Dr,Buffalo,NY,14226,https://www.glendalecommunities.com/property/alberta-square/
58546,Lake Park Estates,1265 Pershing Rd,De Pere,WI,54115,https://wright-weber.com/property/LakePark
78937,River Breeze South,11315 Breeze Cir,Louisville,KY,40272,https://richardsonproperty.wixsite.com/richardsonproperties/river-breeze-south-apts
259733,Rosa,1655 C St,Vancouver,WA,98663,https://ekoliving.life/properties/rosa/
301762,Buffalo Ridge,701 W Founders Pkwy,Andover,KS,67002,https://buffaloridgeandover.com/
28951,Sonoma Valley,975 S Royal Palm Rd,Apache Junction,AZ,85119,https://www.sonomavalleyapartments.com/
237787,Heritage Amity Commons,606A Lake Dr,Douglassville,PA,19518,http://heritagepropertyrentals.com/heritage-amity-commons-overview/
253384,Bella Creek,100 Avram Ave,Rohnert Park,CA,94928,https://www.bellacreekrp.com/
51143,Lauderdale Hollows,1622 Carl St,Lauderdale,MN,55108,https://mgmmgmt.net/property-details/?pid=136
220763,Northwoods I-II,4051 E Olive Rd,Pensacola,FL,32514,https://northwoodsapts.com/
14943,Estates at Eagle's Pointe,2002 Shaw Ave,Peru,IN,46970,https://eaglepointestates.com/#floor-plans
254982,Belle Vue,613 Geneva Dr,Mechanicsburg,PA,17055,https://www.thebellevueapts.com/
253383,Pullman Lofts,755 Wilson St,Santa Rosa,CA,95401,https://www.pullmansantarosa.com/
24360,Wildwood Manor Apartments,260 N Mathilda Ave,Sunnyvale,CA,94086,https://www.wildwoodmanorapts.com/
36175,Chocolate Works,231 N 3rd St,Philadelphia,PA,19106,https://chocolateworks-living.com/
291150,Carlson Place,7954 Jacks Way,Horace,ND,58047,https://www.prg.propertyresourcesgroup.com/carlson-place-apartments
70533,Vivid,219 1st Ave N,Seattle,WA,98109,www.vividqueenanne.com
236919,Reserve At Stone Port,2015 Reserve Cir,Harrisonburg,VA,22801,http://www.liveatstoneport.com/
282530,Lumos,1866 E 93rd St,Cleveland,OH,44106,https://thelumosapts.com/
275759,The Flats on Raymond,21 Raymond Ave,Poughkeepsie,NY,12603,https://arlingtonpok.com/the-flats-on-raymond/
27986,Center Park,1550 N Casa Grande Ave,Casa Grande,AZ,85122,www.centerparkapartments.com
261342,Elevate at 604 West,604 Colonial Dr,Fort Walton Beach,FL,32547,https://www.pedcorhomes.com/Apartments/Home/460
266762,Eight13 on Broad,813 N Broad St,Philadelphia,PA,19123,https://www.ocfrealty.com/buildings/813-n-broad-street/
15049,Verandah at Lakepointe,8300 Farm to Market 1960 Rd E,Humble,TX,77346,https://verandahlake.com/
40523,Hudson Preserve,2600 Beryl Way,Watervliet,NY,12189,http://www.hudsonpreserve.com/
232972,The Dayton,150 S Broad St,Ridgewood,NJ,7450,https://www.gardencommunities.com/Properties/NJ/Bergen/The-Dayton.aspx#overview
231355,Murphy Varnish Lofts,225-239 McWhorter St,Newark,NJ,7105,https://murphyvarnishlofts.com/
49571,Courts of Valle Vista,714 Connors Dr,Greenwood,IN,46143,https://www.courtsofvallevista.com/
30350,Stargate West Apartments,2651 W Broadway Blvd,Tucson,AZ,85745,www.stargatewest.com/
299847,Mirabella,4224 N McColl Rd,McAllen,TX,78504,https://www.mirabellamcallen.com/
37798,Covington Place,1247 Covington Manor Ln,St Louis,MO,63125,http://www.covingtonplace.com/
55317,Woods at Latimer,800 S Clarizz Blvd,Bloomington,IN,47401,https://abodes.com/community/the-woods-at-latimer/
41328,Sunset Ridge Apartments,80 Eastern Ave,Manchester,NH,3104,https://redoakproperties.com/apartments/properties/sunset-ridge-apartments
29970,Delane Glen,1315 Delane Ave,Charlotte,NC,28211,https://www.lernerapartments.com/Delane-Glen-Apartments
12566,High Point Crossing,524 Richmond Hill Rd W,Augusta,GA,30906,https://www.highpointcrossingapts.com/index.php
266934,Liberty Grand,6650 Liberty Grand Blvd,Powell,OH,43065,https://www.libertygrandapts.com/
40188,Bridge at Midtown Commons,810 W St Johns Ave,Austin,TX,78752,https://www.bridgeatmidtowncommons.com/
39093,Mark I Apartments,2501 W 7th St,Hattiesburg,MS,39401,http://hattiesburgmarkapartments.com/mark1/
1146,Signal Pointe Apartment Homes,2500 Howell Branch Rd,Winter Park,FL,32792,http://www.signalpointe.com/
35349,The Redland,18979 Redland Rd,San Antonio,TX,78259,www.livetheredland.com
19171,Sunbay,7001 Aloma Ave,Winter Park,FL,32792,http://www.sunbayapts-wp.com
37930,Autumn Oaks,1102 Autumn Creek Way,Manchester,MO,63088,www.autumnoaksapt.com
296741,Northfield,1825 Center St,Bethlehem,PA,18017,https://www.kriegmanandsmith.com/apartments/pa/bethlehem/northfield/
2382,Quincy Ridge,4404 S Hannibal Way,Aurora,CO,80015,https://quincyridgeapts.com/
261781,One University Drive South,348 Northampton Rd,Amherst,MA,1002,https://oneuds.com/
259386,Fairmount,585 Newark Ave,Elizabeth,NJ,7208,https://www.fairmount-towers.com/
231117,Monroe Village Apartments,3930 Monroeville Blvd,Monroeville,PA,15146,https://www.dbcliving.com/apartment/monroe-village-apartments/
229946,Cascade,3050 SW 37th Ave,Miami,FL,33133,https://www.cascadeatlink.com/
35347,717 Olympic,717 W Olympic Blvd,Los Angeles,CA,90015,https://www.717olympic.com/
43183,Grand Bay of Brecksville,7001 W Cross Creek Trail,Brecksville,OH,44141,https://grandbayapts.com/
232788,Sussex Manor,3000 MacArthur Dr,Orange,TX,77630,https://www.sussexmanorapts.com/
280355,Town Center Apartments,4653 S Amherst Hwy,Madison Heights,VA,24572,https://www.mhtowncenter.com/
1713,Brook Lane,4475 W Dean Rd,Milwaukee,WI,53223,https://www.brooklaneapts.com/
65394,One Hill South,28 K St SE,Washington,DC,20003,https://www.relatedrentals.com/apartment-rentals/washington-dc/capitol-riverfront/one-hill-south
40733,Country Club,8400 Country Club Way,Knoxville,TN,37923,https://www.smdproperty.com/resident-properties/country-club-apartments/
236394,RiverPoint,2121 First St SW,Washington,DC,20024,https://www.riverpointdc.com/
50746,Crawford Square,510 Protectory Pl,Pittsburgh,PA,15219,http://www.crawfordsquareapts.com
2982,Cortland on Pike,1850 Columbia Pike,Arlington,VA,22204,https://cortland.com/apartments/cortland-on-pike/
238708,Stratford Place,4835 E Patrick Rd,Midland,MI,48642,http://www.gldmanagement.com/stratford-place-apartments/
22763,Summerset at International Crossing,5900 Casa Del Rey Cir,Orlando,FL,32809,http://www.jfmanagementgroup.com/summerset/
22104,The Oasis,5316 Danville Ln,Las Vegas,NV,89119,https://www.liveoasisapts.com/
52182,Woodside Village Apartments,21821 Woodruff Rd,Rockwood,MI,48173,http://www.woodsideapartments.net
34785,Pepper Tree,2701 Longmire Dr,College Station,TX,77845,http://adaraportal.yottareal.com/pages/HomePage.aspx?Id=55
15358,Mountain View,13135 Heacock St,Moreno Valley,CA,92553,http://www.mountainviewapartmenthomes.com/
50379,Millbrook Pointe,811 Deatsville Hwy,Millbrook,AL,36054,http://www.millbrookpointeapartments.com/
31565,Oak Grove,3625 S 1st St,Austin,TX,78704,https://www.spearheadproperties.com/property/oak-i/
46915,Barberton,605 Barberton Dr,Virginia Beach,VA,23451,https://www.barbertonapt.com/
119798,829 Garfield,829 Garfield Ave,Jersey City,NJ,7305,https://www.829garfield.com/
53932,Misty Hollow,2826 Misty Ln,Bossier City,LA,71111,http://www.landmarkrealty.org/misty-hollow/
16509,Brooklawn Gardens,1617 Solook Dr,Parlin,NJ,8859,http://brooklawngardensapts.com/property/brooklawn/
43536,Surf A1A,2130 Mayport Rd,Atlantic Beach,FL,32233,https://liveatsurf.com/
1765,Annaberg,2905 Arrowhead Dr,Augusta,GA,30909,https://www.augustarentalhomes.net/_system/listings/56/2905-Arrowhead-Drive---D3-Augusta-GA-30909-US
16788,Beach House,1433 Superior Ave,Newport Beach,CA,92663,www.rentthebeachhouseapts.com
300194,The Residences at Fresh Meadows,510 Sanders Farm Rd,Temple,TX,76502,https://freshmeadowstx.com/
261794,The Falls at Crismon Commons I,1760 S Crismon Rd,Mesa,AZ,85209,https://www.mark-taylor.com/apartments/az/mesa/the-falls-at-crismon-commons/
271195,Indy Flats,1304 N Delaware St,Indianapolis,IN,46202,https://www.indyflatsapts.com/
49921,Legacy At Abbington Place,1025 Kensington Dr,Jacksonville,NC,28546,https://www.pedcorliving.com/apartments/legacy-at-abbington-place
243523,The Elaine,1000 Skokie Blvd,Northbrook,IL,60062,https://www.theelaine.com/
13556,Pine Bluffs,6470 Timber Bluff Pt,Colorado Springs,CO,80918,http://www.pinebluffsapartments.com/
300904,Millbrook Horizon,601 Horizon Dr,Edison,NJ,8817,https://www.gardencommunities.com/Properties/NJ/Middlesex/Millbrook-Horizon.aspx
26527,Aquila Park,8150 W 30 1/2 St,St Louis Park,MN,55426,https://finelivingapts.com/
264397,Linden Ranch,4300 Ranchero Dr,Sachse,TX,75048,https://www.hgliving.com/apartments/tx/sachse/linden-ranch/?utm_source=GBP&utm_medium=organic
252396,Fifteen15,1515 S Lamar Blvd,Austin,TX,78704,https://www.fifteen15southlamarapartments.com/
258497,Casa Blanca I,1100 N Sonora St,Coolidge,AZ,85128,https://www.grandviewmanagementaz.com/casa-blanca-coolidge-az/
76138,Covey Chase,601 Lee Cir SW,Cullman,AL,35055,https://morrowapartments.net/wdk-listing/covey-chase-apartments/
49096,Pondview Apartments,2565 Ivy Ave E,Maplewood,MN,55119,https://tvcproperties.com/community-detail/?pid=19
67327,Windsong Estates,4500 Bluestem Dr,Prosper,TX,75078,https://windsongestatesprosper.com/
54104,Aspen Hills,300 E James Ct Dr,Meridian,ID,83646,https://www.squareone.properties/property-detail/?pid=20&location=1
292955,3140 Clybourn,3140 N Clybourn Ave,Chicago,IL,60618,https://www.3140clybourn.com/
278316,The Gateway at Maverick Square,2 Maverick Square,Boston,MA,2128,https://www.gatewayatmavericksq.com/
299297,Grove Pointe,7712 Harbor Moor Dr,Palmetto,FL,34221,https://www.invitationhomes.com/communities/tampa/grove-pointe/
27349,Country Village of Sherman,900 S FM 1417,Sherman,TX,75092,https://www.countryvillageapthomes.com/
42582,Trinity Commons at Erwin,2530 Erwin Rd,Durham,NC,27705,https://connorgroup.com/apartments-raleigh-durham-nc/trinity-commons/
50114,Woodgrove Point,3318 Galbraith Rd,Cincinnati,OH,45239,https://rookwoodproperties.com/details/?propID=1&rmwebsvc_id=1&rmwebsvc_command=PropertyDetail.aspx&rmwebsvc_corpid=rookwood&rmwebsvc_location=1&rmwebsvc_mode=javascript&rmwebsvc_AvailabilityDate=8/21/2019&rmwebsvc_template=proplist
277582,Frontera at Pioneer Meadows,6618 Cloud Mountain Drive,Sparks,NV,89436,https://leasefrontera.com/
255333,Big Sky Flats,1400 Montana Ave NE,Washington,DC,20018,https://www.bigskyflatsapts.com/
77725,Red Oak Ranch,5601 Bell St,Amarillo,TX,79109,https://www.redoakranch.net/pricing.html
230358,Evergreen Meadows,208 White Birch Rd,Edison,NJ,8837,http://www.gardencommunities.com/Properties/NJ/Middlesex/Evergreen-Meadows.aspx
67978,Lodge Bellevue,645 Old Hickory Blvd,Nashville,TN,37209,https://thelodgebellevue.com/
29330,Country Club Village,320 Country Club Ln,Scotch Plains,NJ,7076,http://www.gardencommunities.com/Properties/NJ/Union/Country-Club-Village.aspx?ref=AG
49548,4th & Plum Apartments,231 W 4th St,Cincinnati,OH,45202,https://www.fourthplum.com/
13095,Trails at Dominion Park,200 Dominion Park Dr,Houston,TX,77090,https://trailsatdominion.com/
221097,Landry Apartment Homes,1304 Wylie Rd,Norman,OK,73072,http://www.liveatlandry.com
56567,Park Forest Apartments,901 W Aaron Dr,State College,PA,16803,https://www.apartmentsstatecollege.com/park-forest-apartments
8923,Chisholm Trail Townhomes,8900 La Palma Dr,Fort Worth,TX,76116,https://npmainc.com/listing/chisholm-trail-townhomes/
36782,Harbor Station Townhomes,4901 Randall Pkwy,Wilmington,NC,28403,https://www.harborstationtownhomes.com/
16536,Asbury Plaza,5170 E Asbury Ave,Denver,CO,80222,https://www.asburyplazaapartments.com/
63550,City Hyde Park,5105 S Harper Ave,Chicago,IL,60615,http://www.cityhydepark.com/#1
218187,Lafayette Townhomes,4812 University Ct,Niagara Falls,NY,14305,https://apartmentsniagara.com/property-detail/?ID=46
269941,Up House,15 Farm Springs Rd,Farmington,CT,6032,https://www.up-house.com/
34079,The Village Westside,6541 Shady Brook Ln,Dallas,TX,75206,https://villagewestside.prospectportal.com/dallas/the-village-westside/conventional/
3082,Village Club of Farmington Hills,39365 Village Green Blvd,Farmington Hills,MI,48331,https://www.villageclubfarmington.com/
73923,The Vineyards Apartments,7720 Vineyards Ln NE,Bremerton,WA,98311,http://www.vineyardsapt.com/
37317,Vestavia Place,2555 Mountain Lodge Cir,Vestavia Hills,AL,35216,https://vestaviaplace.com/
268888,Artthaus Jack London,233 Broadway,Oakland,CA,94607,https://arthaus.mov/building-community.php?slug=arthaus-jack-london
46133,Alameda Pointe,2021 E Alameda St,Norman,OK,73071,https://alamedapointe.com/
232985,Cityscape Arts,301 Nichols St,Fort Worth,TX,76102,https://cityscapearts.com/
14307,Parkwood Plaza,1436 S Irving St,Denver,CO,80219,https://www.parkwoodplazaapts.com/
282696,Allen Ranch Estates,1893 SW Hungry Hill Dr,Grants Pass,OR,97527,https://www.ishranchestates.com/allen-ranch
266940,Riverfront Lofts I,207 N Front St,Allentown,PA,18102,https://riverfrontloftsallentown.com/
67546,223 E Town,223 E Town St,Columbus,OH,43215,https://223etown.com/
263732,Hoyt Tower,50-54 Sussex Ave,Newark,NJ,7103,https://www.hoyttowernewark.com/
61495,The Cosmopolitan,401 N Chaparral St,Corpus Christi,TX,78401,http://thecosmopolitanapts.com/
22530,Fountain Park,4550 SW Murray Blvd,Beaverton,OR,97005,https://www.fountainparkbeaverton.com/
4868,Oakstone,2600 NE Interstate 410 Loop,San Antonio,TX,78217,https://www.sylispm.com/oakstone-apartment-homes/
272772,Hawkeye Village,1422 Irish Dr,Waterloo,IA,50701,http://hawkeyevillageapartments.com/
232870,Sorrento Apartments,2400 Howell Branch Rd,Winter Park,FL,32792,www.SorrentoApartmentsfl.com
23963,Luna Bear Arcos,1637 E Missouri Ave,Phoenix,AZ,85016,http://www.arcosphx.com/
230078,District West Lofts on Elmwood,1020 Elmwood Ave,Buffalo,NY,14222,https://districtwestlofts.com/
234930,Southwind Prairie Apartment Homes II,775 Southwind Dr,Lake Geneva,WI,53147,http://southwindprairie.com/
49102,Parkview Apartments,1244 Hazelwood St,Saint Paul,MN,55106,https://pmsi.biz/details/?pid=30
13189,Briar Glen Village,16 Kings Way,Waltham,MA,2451,https://www.onmarkliving.com/briar-glen-village/
23671,Penthouse,6560 Montezuma Rd,San Diego,CA,92115,www.penthousebysdsu.com/
292317,Alders Grove,1068 Boones Creek Rd,Jonesborough,TN,37659,https://aldersgroveliving.com/
55709,Vista Pointe Apartments,2981 Ridge Ave,Macon,GA,31204,https://ridgepointeblueridgeapts.com/en/
69511,Eden Roc,1200 Elm St,Austin,TX,78703,https://www.spearheadproperties.com/property/elm/
50586,Murray Station Apartments,1262 Murray Ave,San Luis Obispo,CA,93405,https://murraystationapartments.com/
29597,The Life at Jackson Square,5410 N Braeswood Blvd,Houston,TX,77096,https://www.thelifeatjacksonsquare.com/
47077,Beldon Spring Lake,3611 Ranch Rd,Columbia,SC,29206,https://www.kunarquen.com/beldonspringlake
52562,Juniper Square,5723 Richwood St,Lansing,MI,48911,https://www.dwellara.com/property/park-place-manor
50501,Round Barn Manor,1180 Horseshoe Dr,Greencastle,IN,46135,https://www.pedcormanagement.com/Apartments/Home/295
20892,Las Palomas,4040 Boulder Hwy,Las Vegas,NV,89121,https://www.laspalomaslasvegas.com/
32065,Carlisle Park Apartments,525 3rd St,Carlisle,PA,17013,http://www.rentcarlislepark.com/
283741,Residences on Hunter Trail III,1150 Hunter Trl,Acworth,GA,30102,https://coveyhomesbymore.com/neighborhood/hunter-trail/
46355,Kickingbird Hills,1900 Kickingbird Rd,Edmond,OK,73034,https://kickingbirdapts.com/
274342,Amara,6 Rantoul St,Beverly,MA,1915,https://amarabeverly.com/
47909,Westerville Park Apartment Homes,4565 Northland Square Dr E,Columbus,OH,43231,https://www.capcityapartments.com/westerville-park
257779,38 North,1020 Kawana Springs Rd,Santa Rosa,CA,95404,https://www.rent38north.com/?utm_source=apartmentseo&utm_medium=gmb&utm_campaign=organicmaplisting
74067,The Huntington,913 Lilly Rd NE,Olympia,WA,98506,https://sites.google.com/site/huntingtonapartments
53773,Mallard Cove,2900 State Rd A1A,Jacksonville,FL,32233,http://mallardcove.org/
30657,Pegasus Apartments,612 Flower St,Los Angeles,CA,90017,https://www.equityapartments.com/los-angeles/financial-district/pegasus-apartments
49364,Brookside Commons,235 Main St,East Hartford,CT,6118,http://www.brooksidecommons.com/
26274,Catalina Gardens,6363 Clarice Ave,Las Vegas,NV,89107,http://www.catalinagardenslv.com
274661,1600 S Albion,1600 S Albion St,Denver,CO,80222,https://cornerstoneapartments.com/our-buildings/1600-s-albion/
56146,Arbor Village,23601 56th Ave W,Mountlake Terrace,WA,98043,http://arborvillageapts.com/
36461,Bermuda Estates Ormond,100 Hamilton Cir,Ormond Beach,FL,32174,https://www.bermudaestates-ormond.com/
261458,Eagan Heights,3340 Pilot Knob Rd,Eagan,MN,55121,https://eaganheights.com/
40515,Forge Homestead,20691 Forge Way,Cupertino,CA,95014,https://www.deanzaproperties.com/south-bay-area/forge-homestead-apartments
56903,The Landmark,550 Washington St,Braintree,MA,2184,https://www.fxmessina.com/the-landmark?rq=The%20Landmark
263716,Village at BLVD,11175 W Roosevelt St,Avondale,AZ,85323,https://www.villageattheblvd.com/
244274,Cornerstone,2115 E Vinson Ave,Harlingen,TX,78550,http://www.cornerstoneaptsharlingen.com/
49869,Colonial Arms,700 N 9th St,Opelika,AL,36801,https://www.colonialarmsopelika.com/
67516,The Eastland,1035 W Eastland Ave,Nashville,TN,37206,https://www.theeastlandnashville.com/
11089,Village Green of Bear Creek,1800 Fuller Wiser Rd,Euless,TX,76039,http://www.villagegreenofbearcreekapts.com/home/
72054,Cedar Glen,603 N Chippewa Ave,Anaheim,CA,92801,http://www.rentcedarglen.com/
43488,Brandywine Manor,785 Cherry Tree Rd,Aston,PA,19014,http://brandywinemanorapts.com/
281503,Magnolia on Main,108 N Hwy 377,Roanoke,TX,76262,https://www.liveatmagnolia.com/homes/tx/fortworth/magnolia-on-main--8c41ac2869694/
252377,The Timbers,1285 S Cheyenne Rd,Sapulpa,OK,74066,http://www.timberssapulpa.com/
52854,Parkside,1408 Brookview Dr,Toledo,OH,43615,https://parksideaptsliving.com/
76703,OceanAire,150 W Ocean Blvd,Long Beach,CA,90802,www.oceanaireapts.com
38378,Park Northside,1601 Roane St,Richmond,VA,23222,https://www.parknorthsiderva.com/
14522,The Charles at Bexley,2765 Coldstream Ln,Columbus,OH,43209,https://www.thecharlesatbexley.com/
18288,Chestnut Lake,17721 Whitney Rd,Strongsville,OH,44136,https://www.chestnutlakeapartments.com/
253929,Wyncrest,9 Presidential Blvd,Bala Cynwyd,PA,19004,https://wyncrestbala.com/
243379,Brookwood,410 Victory Garden Dr,Tallahassee,FL,32301,http://bjbtally.com/brookwood-apartments/
2917,Muse ATL,300 Cityline Ave NE,Atlanta,GA,30308,https://livemuseatl.com/
38532,Glenbrook at Rocky Hill,100 Robinson Rd,Rocky Hill,CT,6067,www.glenbrook-apts.com
261580,1515 Park Place,1515 Park Pl,Brooklyn,NY,11213,https://www.1515parkplace.com/
46336,Westbury Square,406 Lang Rd,Portland,TX,78374,https://www.westburyportlandtx.com/
38677,Tor View Village,1 Kensington Cir,Garnerville,NY,10923,www.torviewvillageapts.com
38298,Courtyard,1620 Carol Sue Ave,Terrytown,LA,70056,http://courtyardgretna.com/
246351,Chatsworth Village Townhomes,17 Chatsworth Ave,Buffalo,NY,14217,https://www.glendalecommunities.com/property/chatsworth-townhouses/
72732,The Willows,426 S Springfield Rd,Clifton Heights,PA,19018,http://www.centralmngt.com/Search?Community=15
18738,Grayton on Dean,420 N Dean Rd,Auburn,AL,36830,https://graytonondean.com/
36855,Olentangy Village,2907 N High St,Columbus,OH,43202,http://www.olentangyvillage.com/
23396,6151 Winthrop Apartments,6151 N Winthrop Ave,Chicago,IL,60660,https://www.6151winthrop.com/
23355,Regents Park,5035 S East End Ave,Chicago,IL,60615,https://www.regentsparkchicago.com/s/
39521,The Gotham,255 Warren St,Jersey City,NJ,7302,https://ironstate.com/property/the-gotham/
299380,Jodeco Landing,150 Purple Finch Pl,McDonough,GA,30253,https://jodecolandingga.com/
45755,The Landings,2248 Hudson Landings Dr,Gastonia,NC,28054,https://www.pedcorliving.com/apartments/the-landings
51921,Deer Run,9957 Darrow Park Dr,Twinsburg,OH,44087,https://www.liveatdeerrunapts.com/
1259,Ashton Parc,1040 Shive Ln,Bowling Green,KY,42103,http://www.ashtonparc.com/
54983,Village on the Green,500 E Main St,Tuckerton,NJ,8087,https://jcmliving.com/apartment-rentals/nj/tuckerton/village-on-the-green/
38156,City Heights Magnolia Place,1001 E Dale St,New Iberia,LA,70560,https://cityheightsmagnoliaplace.com/
254168,X at Sloans,1516 Xavier St,Denver,CO,80204,http://www.xatsloans.com/
269346,Ashford Apartment Homes,1200 Rockmont Cir SW,Conyers,GA,30094,https://rjamesproperties.com/ashford-brook/
73120,Bricks on 13th,2416 S 13th St,Temple,TX,76504,https://www.liveatthebricks.com/
14325,The Berkley,1809 W Rundberg Ln,Austin,TX,78758,https://www.theberkleyatx.com/
34195,Mill Valley Estates,420 Riverglade Dr,Amherst,MA,1002,http://www.millvalleyapts.com/
9128,Kingswood,3400 Joyce Ln,Denton,TX,76207,https://www.kingswoodenton.com/
40640,Niskayuna Gardens,1187 Hillside Ave,Niskayuna,NY,12309,https://www.dawnhomes.com/apartments/ny/niskayuna/niskayuna-gardens/floor-plans
74680,August Place,2310 W 26th St,Lawrence,KS,66047,https://autumnaugust.com/
246468,Colonial Manor,22479 Colonial Manor Rd,Watertown,NY,13601,https://www.rentwatertown.com/colonial-manor
289291,Vivo Living Miamisburg,155 Prestige Pl,Miamisburg,OH,45342,https://www.vivolivingmiamisburg.com/
39664,Canterbury Square,3127 Transcontinental Dr,Metairie,LA,70006,https://1stlake.com/apartments/canterbury-square/
74528,Grand Oaks,7215 Grand Ritz Ln,Indianapolis,IN,46237,https://grandoaks-apartments.com/
15776,LaSalle Park,5443 16th Ave,Chillum,MD,20782,https://jalexrentals.com/property-detail/?propID=61&rmwebsvc_id=61&rmwebsvc_command=PropertyDetail.aspx&rmwebsvc_corpid=jalex&rmwebsvc_location=1&rmwebsvc_mode=javaScript&rmwebsvc_AvailabilityDate=11/18/2019&rmwebsvc_template=default
220042,Chester Tracey,81 Chester Pl,Englewood,NJ,7631,http://englewoodnjapartmentsrent.com/
14987,Pebble Creek,10803 Greencreek Dr,Houston,TX,77070,https://pebblecreekhouston.com/
217578,Acadia Court,2995 S Acadia Ct,Bloomington,IN,47401,https://www.acadiacourtapts.com/
301567,Enby Gardens,50 New Plainville Rd,New Bedford,MA,2745,https://enbygardens.com/
239679,3681 Pavillion Pointe,3681 N Decatur Rd,Decatur,GA,30032,http://www.3681pavilionpointe.com/
235342,Savannah Ridge,4701 Heritage Pl Dr,Norman,OK,73072,https://savannahridgeapts.com/
3041,The Reserve at Bellfort,7987 Bellfort Ave,Houston,TX,77061,www.reserveatbellfort.com
4124,Tramor at Cannon Place,1500 W William Cannon Dr,Austin,TX,78745,https://tramor.com/property/tramor-cannon-place/
44185,Flats on 12,2101 Harvey Mitchell Pkwy S,College Station,TX,77840,https://www.flatson12.com/?utm_knock=gmb
226383,The Colony Apartments,1041 Dabney St,Corpus Christi,TX,78411,http://availability.sparkleam.com/properties/?rmwebsvc_command=PropertyDetail&rmwebsvc_id=4&rmwebsvc_template=Properties
52934,Davis Creek,5419 Meredith St,Portage,MI,49002,https://daviscreekapartments.com/
249960,The Kathryn Ann,2590 NW Upshur St,Portland,OR,97210,https://www.portland-apartment-living.com/communities/the-kathryn-ann/
47570,The Monroe,940 University Woods Dr,New Albany,IN,47150,https://www.themonroenewalbany.com/
58969,Cirrus,2030 8th Ave,Seattle,WA,98121,https://www.cirrusseattle.com/
296794,Willow Creek,1616 Seminole Dr,Johnson City,TN,37604,https://www.homesteadpropertiestn.com/directory/willow-creek/
269659,Avery Creek,3340 Univeter Rd,Canton,GA,30115,https://communities.ah4r.com/communities/avery-creek
98,Bent Oak Apartments,200 Old Boiling Springs Rd,Greer,SC,29650,https://www.dbcliving.com/apartment/bent-oak-apartments/
72631,Linden Lane,2505 E Main Ave,Puyallup,WA,98372,http://www.lindenlaneapartmenthomes.com/
55165,Legacy Oaks,675 White Oak Cir,Independence,OR,97351,http://legacyoaksapts.com/
21553,Chase on Monroe,2163 Commerce Dr,Monroe,NC,28110,https://www.chaseonmonroeapts.com/
47444,Iroquois Green,100 Lawson Ln,Louisville,KY,40214,https://www.sunresidential.com/iroquois-green-apartments0/default
10629,The Oakley,501 Green Oaks Ct,Arlington,TX,76006,https://livebh.com/apartments/the-oakley-apartment-homes/
37384,Pinnacle Ridge,1310 N Cockrell Hill Rd,Dallas,TX,75211,http://www.pinnacleridgeapts.com/
245398,Bellevue Towers,2400 Market St,Harrisburg,PA,17103,https://www.sspropertiesinvestment.com/vacancies/
24306,Cypress Lake,555 Butterfield Rd,Houston,TX,77090,https://cypresslakeapartments.com/
1494,Hunters Glen,1000 Hunters Glen Dr,Plainsboro Township,NJ,8536,https://www.huntersglenapthomes.com/
35901,Promenade Oaks,1160 Northwood Dr,Eagan,MN,55121,https://promenadeoaks-apartments.com/
27514,Festival Field,90 Girard Ave,Newport,RI,2840,https://www.liveatfestivalfield.com/
221113,Coopers Pond,701 Cricklewood Dr,State College,PA,16803,https://www.toftreesapartments.com/coopers-pond/
58319,Fountainview Townhomes,18704 Mesa Terrace,Hagerstown,MD,21742,https://www.shaoolmgt.com/property/fountainview-townhomes/
73791,St. Andrews,1201 Carson Way,Greenwood,IN,46143,http://www.rentindyapartments.com/standrews/
220095,Emerald Gardens,2400 Village Rd,Pittsburgh,PA,15205,https://www.emgardens.com/index.html
36268,Stoney Creek,570 Stowell Dr,Rochester,NY,14616,http://www.stoneycreekapthomes.com/
223864,Kendall Square,209 Old Graves Mill Rd,Lynchburg,VA,24502,http://www.stewartlangleyproperties.com/kendall-square/
20262,Kings Mill,8917 N Davis Hwy,Pensacola,FL,32514,https://www.pedcorliving.com/apartments/kings-mill-apartment-homes
252497,Oliv Boulder,1750 15th St,Boulder,CO,80302,http://olivboulder.com/
55933,Residences at Westgate I,165 S De Lacey Ave,Pasadena,CA,91105,https://www.residencesatwestgate.com/
22459,Colonial Court,36695 Woodward Ave,Birmingham,MI,48009,http://www.colonialcourtapts.com
284683,Sinclair Ridge,445 Warfield Blvd,Clarksville,TN,37043,https://sinclairridgetn.com/
39281,Brandywine Hundred,400-402 Foulk Rd,Wilmington,DE,19803,www.brandywine100.com
226174,Lakeview Townhomes and Villas,4811 Likins Cir,Wichita Falls,TX,76308,https://npmainc.com/listing/lakeview-townhomes/
244756,Town Commons,1600 Town Commons Dr,Howell,MI,48855,https://harvest-properties.com/project/town-commons-apartments/
284663,Quail Creek,890 Quail Crk Blvd,Cuyahoga Falls,OH,44221,https://www.quailcreekliving.com/
12959,Oak Bend,915 Baker Dr,Tomball,TX,77375,https://www.oakbendapt.com/
9473,The Village Cliffs,8610 Southwestern Blvd,Dallas,TX,75206,https://www.thevillagedallas.com/properties/the-village-cliffs/
5555,Heritage at Leesburg,86 Heritage Way NE,Leesburg,VA,20176,https://cortland.com/apartments/heritage-at-leesburg/
48708,Windpoint Apartments,4042 N Main St,Racine,WI,53402,https://karademas.org/properties/windpoint
290028,Orchard at Mountain View,1199 Ashlyn Ct,Lawrenceville,GA,30043,https://communities.amh.com/communities/the-orchard-at-mountain-view
446,Cottages @ Sanford,3291 Sanford Ave,Sanford,FL,32773,https://www.cottagesatsanford.com/
253126,Conklin Townhomes,514 S Conklin St,Spokane,WA,99202,https://conklintowns.com/
295643,Walnut River Residences,925 SE River Rd,El Dorado,KS,67042,https://walnutriverresidences.com/
58773,2970 North Sheridan Road,2970 N Sheridan Rd,Chicago,IL,60657,https://www.wirtzresidential.com/apartments/2970-n-sheridan/
69923,Concord Court Apartments,3701 Concord Rd,Aston,PA,19014,http://www.rentconcordcourtapts.com/
45476,Marbrisa,5200 NW 158th Terrace,Miami Gardens,FL,33014,https://www.marbrisaapartments.com/
23494,Indian Village,930 Old Goddard Rd,Lincoln Park,MI,48146,https://indianvillageapt.wixsite.com/home/apartments
22155,Woodway Apartments,8100 Pinebrook Dr,San Antonio,TX,78230,https://www.sylispm.com/woodway-apartments/
46104,Harvard Apartments,1501 Harvard Cir,Melbourne,FL,32905,https://www.gardencommunitiesfl.com/Properties/FL/Brevard/Harvard-Apartments.aspx
274886,Aster Village Two,1251 Aster Dr,Tiffin,IA,52340,https://parkplace380.com/listings/aster-village-two/
49248,Sandpiper,1496 Spring Ln,Holladay,UT,84117,https://www.sandpiperapartmentssaltlakecity.com/
45986,Aaron Lake Apartments,4325 40th St W,Bradenton,FL,34205,https://www.pedcorhomes.com/Apartments/Home/419
38984,Lakeview Arms,800 Magee Dr,Brookhaven,MS,39601,http://www.lakeviewapartmentsms.com/
32134,Crowders View Townhomes,1926 Hartford Dr,Gastonia,NC,28052,https://crowdersviewtownhomes.com/
217960,Villa Adrian Apartments,2964 Franklin Pike,Nashville,TN,37204,https://villaadrian.schattenproperties.com/overview
39953,Parker Towers,104-20 Queens Blvd,Queens,NY,11375,https://www.parkertowers.com/
42593,Harbor Tower Apartments,1 Harbor Ct,Portsmouth,VA,23704,http://www.harbortowerapartments.com/
295379,Wedgewood Place,10303 Hanson Blvd NW,Coon Rapids,MN,55433,https://krcapartments.com/property-detail/wedgewood-place/
37819,Modena at Mallard,7197 Mallard Creek Dr,Horn Lake,MS,38637,https://www.modenaatmallard.com/
52761,The Westmoor,1001 N Byrne Rd,Toledo,OH,43607,www.thewestmoor.com
234066,Wynbrook West Apartments,400 Dutch Neck Rd,East Windsor,NJ,8520,http://www.kriegmanandsmith.com/nj/hightstown/wynbrook-west-apartments/
241432,Cricket Flats,65 Cricket Ave,Ardmore,PA,19003,http://cricketflats.com/
224617,LAKEWOOD APARTMENT HOMES,119 Putter Dr,Sumter,SC,29150,https://www.lakewoodsumter.com/
3307,The Lake House at Martins Landing,1500 Harbor Landing,Roswell,GA,30076,https://www.lakehouseatmartinslanding.com/
3342,Sahara & Playa Palms,2300 W San Angelo St,Gilbert,AZ,85233,https://www.saharaandplayapalmsapts.com/
7595,La Ramada,2901 E Yorba Linda Blvd,Fullerton,CA,92831,http://www.laramadaapartments.com/
7951,Summer Ridge,5545 Summer Ridge Blvd,Kalamazoo,MI,49009,https://www.summerridgeapartments.com/
51982,Portside,100 Mariner's Cir,Sheffield Lake,OH,44054,www.liveportside.com
50589,Baypointe Manor,2701 13th Ave N,Texas City,TX,77590,https://www.baypointemanor.com/
22166,Regency Grove,1830 Bandera Rd,San Antonio,TX,78228,https://www.liveataspireapts.com/
27553,View@98,10611 E. 98th Terrace,Kansas City,MO,64134,https://www.viewhighlakeapts.com/
15395,Villa Anita,5757 Guhn Rd,Houston,TX,77040,https://www.villaanitaapthomes.com/
57540,Coral Cay Apartments,1234 Nile Dr,Corpus Christi,TX,78412,http://www.coralcayapartments.com/
5185,Regal Pointe,6111 Willowbend Blvd,Houston,TX,77096,https://www.regalpointetx.com/
9564,Villas Del Zocalo Phase 4,3232 Sumter Dr,Dallas,TX,75220,https://phasefour.villasdelzocalo.com/
38551,5 Oaks,18203 Westfield Pl Dr,Houston,TX,77090,https://www.liveatfiveoaks.com/
10787,The Reserve at Lake Highlands,11601 Audelia Rd,Dallas,TX,75243,https://www.reservelh.com/
71777,Regency Springs,103 S 4th St,Lafayette,IN,47901,www.regencyspringsapartmenthomes.com
8995,Blakely Apartment Homes,1908 Randy Snow Rd,Arlington,TX,76011,https://www.blakelyliving.com/
20152,La Mesa Village,7914 La Mesa Blvd,La Mesa,CA,91942,https://www.lamesavillage.rent/
25186,Retreat at Southpointe,200 Clarendon Pl,Fayetteville,GA,30215,https://www.retreatatsouthpointeapts.com/
27552,Laurel Glen,70 Sklar St,Ladera Ranch,CA,92694,www.laurelglen-apts.com
271966,Windswept Gardens,6320 Windswept Ln,Houston,TX,77057,https://www.windsweptgardens-galleria.com/
38936,Edgewater Point Apartments,221 Eisenhower Dr,Biloxi,MS,39531,https://edgewaterpointeapts.com/
43141,Aberdeen Place,2316 Hardy Pkwy,Grove City,OH,43123,http://liveaberdeenplace.com/#home
245519,Alexis,4604 Cypresswood Dr,Spring,TX,77379,http://alexismyhome.com/
233692,Residences,177 Market St,Westlake,OH,44145,https://www.crockerparkliving.com/
14138,Villas at Shadow Oaks,12148 Jollyville Rd,Austin,TX,78759,https://www.villasatshadowoaks.com/
1938,Longwood At Southern Hills,371 Wallace Rd,Nashville,TN,37211,www.longwoodsouthernhills.com
8556,The Ayva,4057 N Belt Line Rd,Irving,TX,75038,https://www.theayvaapts.com/
9186,Encore on Mustang,3037 Mustang Dr,Grapevine,TX,76051,https://www.encoreonmustangapts.com/
17546,Aspire Rialto,1369 N Willow Ave,Rialto,CA,92376,https://www.aspirerialto.com/
217564,Altitude,2769 Palmer Ave,Glenwood Springs,CO,81601,https://www.altitudeglenwoodsprings.com/
40171,Trails at City Park,2201 W Orem Dr,Houston,TX,77047,https://www.trailsatcitypark.com/
71385,Pine Meadow Townhomes,14202 W 63rd Terrace,Shawnee,KS,66216,www.pinemeadowshawnee.com
22591,Lakeview at The Bay,995 E Baseline Rd,Tempe,AZ,85283,http://www.lakeviewatthebayapartments.com/
292753,TerraLane at Campo del Sol,51046 Agave Ct,El Paso,TX,79934,https://www.tlcatcampodelsol.com/
217930,Reserve at City Place,1560 League Line Rd,Conroe,TX,77304,https://www.reserveatcityplace.com
21577,Spring Valley,37850 Spring Ln,Farmington Hills,MI,48331,https://www.springvalleyaparts.com/
9168,The Lake Lofts,2795 N Buckner Blvd,Dallas,TX,75228,https://www.thelakeloftsapts.com/
62354,Aria at Rollingbrook,1700 Rollingbrook Dr,Baytown,TX,77521,http://www.ariarollingbrook.com/
282994,Flats at the Cameron,1308 Mckie Dr,Austin,TX,78752,https://www.flatsatthecameron.com/
55323,Regency Court,1616 S Henderson St,Bloomington,IN,47401,http://www.regencycourt-apts.com/
6698,Flamingo Chateau,6570 W Flamingo Rd,Las Vegas,NV,89103,https://www.flamingochateau.com/
40361,Cypress Point,4760 E Butler Ave,Fresno,CA,93702,https://www.livecypresspoint.com/
97945,Cascades at Jordan Creek,8350 Cascade Ave,West Des Moines,IA,50266,http://www.cascadesatjordancreek.com/
33172,Stonebridge at City Park,11800 City Park Central Ln,Houston,TX,77047,https://www.livestonebridgecitypark.com/
262317,Reata West,1133 Boyd Rd,Azle,TX,76020,http://reatawest.com/
37510,South Wind,549 Southwinds Dr,Franklin,TN,37064,www.southwindapts.com
41323,Windscape,373 W Nees Ave,Fresno,CA,93711,https://www.windscapefresno.com/
3338,The Boardwalk,6400 Northwest Expy,Oklahoma City,OK,73132,http://www.theboardwalkapartments.info/
265114,32 Arcadia,3211 E Pinchot Ave,Phoenix,AZ,85018,https://www.32arcadia.com/
77168,Des Arboles,3209 Cross Keys Dr,Florissant,MO,63033,www.crosskeysapts.com
46967,Wasko Modern,2302 E Fort Lowell Rd,Tucson,AZ,85719,https://www.waskomodern.com/
14728,Vue,7607 Blessing Ave,Austin,TX,78752,www.vueaustin.com
283570,Beall Way,459 Trinity Trail,Denton,TX,76207,https://www.beallwaydenton.com/
246572,Alta North Central,777 E Stella Ln,Phoenix,AZ,85014,https://www.altanorthcentral.com/
63485,La Mariposa I,2930 Plum Creek Ln,Houston,TX,77087,https://www.lifeatlamariposa.com/
234350,Newport At Clear Lake,15900 Space Center Blvd,Houston,TX,77062,www.newportatclearlake.com
266339,Medley,10300 Cedar Ave,Cleveland,OH,44106,https://www.liveatmedley.com/
35323,North Creek,8680 N Cedar Ave,Fresno,CA,93720,http://northcreekapt.com/
9290,Rolling Meadows,1236 Dickens Ct,Arlington,TX,76015,https://www.rollingmeadowsapthomes.com/
266792,Bellaire,7030 Baker Blvd,Richland Hills,TX,76118,https://bellaire.appianwayapthomes.com/
11398,Eclipse Oak Lawn,2930 Kings Rd,Dallas,TX,75219,https://www.eclipsedallas.com/
296945,Seasons on Skyline I,6019 Wasatch Dr,Ogden,UT,84403,https://skyline.seasonsforrent.com/
223730,Aberdeen,2300 Wakarusa Dr,Lawrence,KS,66047,https://www.gbaberdeen.com/
261491,Studio 79,3810 Gallatin Pike,Nashville,TN,37216,https://www.studio79apartments.com/
35325,Sunburst,4294 N Hughes Ave,Fresno,CA,93705,https://www.sunburstapts.com/
5280,Harbour Landing,8033 S Padre Island Dr,Corpus Christi,TX,78412,https://www.harbourlandingtexas.com/
16894,Riveraine,8181 Colony Dr,Houston,TX,77036,https://www.riveraine.com/
68313,The Maxwell,7777 Adelaide St,Frisco,TX,75034,https://www.themaxwellfrisco.com/
7578,Mosaic,27444 Camden,Mission Viejo,CA,92692,https://www.mosaicapthomes.com/
302570,The Landings at Gateway,19290 E 59th Ave,Denver,CO,80249,https://www.landingsatgateway.com/
21570,Kensington at Beverly Hills,18335 W 13 Mile Rd,Southfield,MI,48076,http://www.kensingtonapartments.net/
64942,Lofts at Savannah Park,5724 Byron Anthony Pl,Sanford,FL,32771,http://www.loftssavannahpark.com/
227948,DC Heights I,222 W Boston St,Chandler,AZ,85225,https://www.dcheights.com/
5488,Arcadia 4127,4127 E Indian School Rd,Phoenix,AZ,85018,https://www.4127arcadia.com/
3530,Huntington Parc Townhomes,10811 W 10 Mile Rd,Oak Park,MI,48237,https://www.huntingtonparctownhomes.com/
21458,Silver Stone,4110 Triana Blvd SW,Huntsville,AL,35805,https://www.thesilverstoneapts.com/
299528,Haven Park,1775 W Highland Ave,San Bernardino,CA,92411,https://www.livehavenpark.com/
59698,The Reserve at Whiskey Creek,100 Whiskey Rd,Grovetown,GA,30813,www.reserveatwhiskeycreek.com
25136,Falls of Maplewood,9600 Glenfield Ct,Houston,TX,77096,https://www.fallsofmaplewood.com/
34880,The Morehead,5518 W Market St,Greensboro,NC,27409,http://www.morehead-apts.com/
50279,Seasons on City Creek,230 W North Temple,Salt Lake City,UT,84103,https://citycreek.seasonsforrent.com/
17160,Encore,1725 E G St,Ontario,CA,91764,https://www.rentatencore.com/
224191,Arlington Park,3121 E Park Row Dr,Arlington,TX,76010,http://myarlingtonpark.com/
73079,The Palazzo,5455 Rowley Rd,San Antonio,TX,78240,https://www.thepalazzoapts.com/
33199,Aqua Tempe,1532 S Price Rd,Tempe,AZ,85281,https://www.theportertempe.com/
8667,Chesapeake,6047 S Hulen St,Fort Worth,TX,76132,http://chesapeakeapartments.net/
290323,Creekside Village,3798 Ashlan Ave,Clovis,CA,93619,https://www.creeksidevillageclovis.com/
41134,Waterford Village,5201 Western Ave,Knoxville,TN,37921,www.waterfordvillagetn.com
9324,The Ayva at Oaklawn,2601 Arroyo Ave,Dallas,TX,75219,https://www.theayvaatoaklawn.com/
19912,Reverb at Spring Valley,9750 Peace Way,Las Vegas,NV,89147,https://www.reverbapartments.com/
16634,Residence at Barrington,226 Barrington Pl E,Aurora,OH,44202,https://www.residenceatbarrington.com/
221973,The Park,4690 Log Cabin Dr,Macon,GA,31204,https://www.thepark4690.com/
29721,Westwood Park,1908 Rosharon Rd,Alvin,TX,77511,http://westwoodparkapt.com/
20386,Escondido Apartments,4422 N 36th St,Phoenix,AZ,85018,https://www.escondido-apts.com/
273930,West Shire Village,8710 SW 71st Ave Rd,Ocala,FL,34476,https://www.westshireocala.com/
7596,Palm Court,3800 W Devonshire Ave,Hemet,CA,92545,http://www.palmcourtapts.com/
10252,Amherst,1121 Amherst Dr,Bedford,TX,76021,https://www.amherstbedford.com/
32955,Windsor Cypress,12035 Huffmeister Rd,Cypress,TX,77429,http://www.windsorcypress.com/
76504,Ashton at Harding,4700 Humber Dr,Nashville,TN,37211,https://www.ashtonatharding.com/
65659,Point at Waterford Crossing,100 Spade Leaf Blvd,Hendersonville,TN,37075,http://www.pointatwaterfordapartments.com/
237351,Richland Park,951 Abrams Rd,Richardson,TX,75081,https://www.richlandpark-apts.com/
13756,Ellis Midtown,3117 N 7th Ave,Phoenix,AZ,85013,www.ellismidtown.com
21673,Aspire Redlands,1203 E Central Ave,Redlands,CA,92374,https://www.aspireredlands.com/
93045,Calligraphy Urban Residences,350 W Central Ave,Brea,CA,92821,https://www.calligraphyurbanresidences.com/
43947,Stone Oak,3151 Jennings Rd,Independence,MO,64055,https://www.stoneoakapt.com/
40381,Casa Del Rey,526 E Barstow Ave,Fresno,CA,93710,www.rentatcasadelrey.com
220287,Lansing West Apartments,2250 N Triphammer Rd,Ithaca,NY,14850,http://www.lansingwestapts.com/
13049,The Woodlands of Brookfield,790 Lakeview Dr,Brookfield,WI,53045,https://www.woodlandsofbrookfield.com/
64390,Broadway Palace,1026 S Broadway,Los Angeles,CA,90015,http://www.broadwaypalaceapartments.com
243704,Southwood Townhomes,54 Quay Ct,Sacramento,CA,95831,http://kcmsouthwood.com/
19964,Casa Pacifica,3634 W Savanna St,Anaheim,CA,92804,https://www.casapacificaapts.com/
22767,Sunset Pointe,16700 Muscatel St,Hesperia,CA,92345,https://www.sunsetpointeapts.net/
32582,Lost Creek,1991 N Hwy 360 W,Grand Prairie,TX,75050,https://www.lostcreekapts.com/
38181,The Arts Apartments at Jefferson Heights,8939 Jefferson Hwy,Baton Rouge,LA,70809,https://www.artsatjeffersonheights.com/
1310,Green Oaks at Medical,5903 Danny Kaye Dr,San Antonio,TX,78240,https://www.colinasatmedical.com/
271123,Fox Bridge North,7515 Spring Stuebner Rd,Spring,TX,77379,https://www.foxbridgenorth.com/
1163,Country Woods,315 N Associated Rd,Brea,CA,92821,www.countrywoodsapts.com
62969,Rize at Winter Springs,150 Bear Springs Dr,Winter Springs,FL,32708,https://www.rizeatwintersprings.com/
29784,Pantano Villas,260 S Pantano Rd,Tucson,AZ,85710,http://www.pantanovillas.com/
7593,Maplewood,375 S Randolph Ave,Brea,CA,92821,https://www.maplewoodapthomes.com/
25494,La Casita,313 Sunnyside St,Houston,TX,77076,http://www.mylacasita.com/
257140,The Depot at Twenty Mile,9425 Twenty Mile Rd,Parker,CO,80134,https://www.livethedepot.com/?fbclid=IwAR2ZBb-O9yqiGpgNbUNsfFsQAGcDU0YDwPuVWbmMM3tZ3P1tLAOfFZ934DE
233496,Riverstone Apartments at Long Shoals I,14 Wooster St,Arden,NC,28704,https://www.riverstoneapartmentsatlongshoals.com/
34777,Village at Town Center,6410 Schmidt Ln,El Cerrito,CA,94530,https://www.villagetowncenter.com/
27793,Brigadoon Apartments,3550 S Gevers St,San Antonio,TX,78210,http://www.brigadoonapartments.com/
11728,Preston Valley,5631 Spring Valley Rd,Dallas,TX,75254,www.prestonvalleyapartments.com
15676,Plum Tree,284 Carnegie Ave,Claremont,CA,91711,https://www.plumtreeliving.com/
270345,Olive Tree,9175 3rd Ave,Hesperia,CA,92345,https://www.liveatolivetree.com/
961,Rollingwood,670 Maxey Rd,Houston,TX,77013,https://www.myrollingwoodapt.com/
3092,Chimney Hill,6834 Chimney Hill Dr,West Bloomfield,MI,48322,http://www.chimneyhillapartments.com/
235996,Stratford Chase,275 Lazelle Rd,Westerville,OH,43081,http://stratfordchase.com/
42310,Villas at Hesperia,8810 C Ave,Hesperia,CA,92345,https://www.villashesperia.com/
64181,Parker House,250 W Lancaster Ave,Fort Worth,TX,76102,https://www.liveatparkerhouse.com/
235778,Fox Run,1910 Honeysuckle Rd,Dothan,AL,36305,http://www.foxrundothan.com/
48092,Edgewater Village,5500 Weslo Willow Dr,Greensboro,NC,27409,https://www.edgewatervillageapts.com/
15712,Del Lago Apartments,9800 Hollock St,Houston,TX,77075,http://www.dellagohouston.com/
72703,Montara Apartments,1900 Dill Rd,Barstow,CA,92311,https://www.montaraapts.com/
13966,Parkview Apartments,270 Spring St,Naugatuck,CT,6770,http://www.parkviewapartmenthomes.com/
37685,Sweetwater,12813 Ware Lane,Dade City,FL,33525,www.liveatsweetwaterfl.com
74109,Country Villa Apartment Homes,211 Meadow Dr,Castroville,TX,78009,http://www.countryvillaapts.com/
261381,The Current,614 Central Pkwy,New Braunfels,TX,78130,https://www.liveatcurrent.com/
263705,Lofts 3402,3402 Blalock Rd,Houston,TX,77080,https://www.lofts3402.com/
219660,Lake House,200 Village Pl,Davenport,FL,33896,www.lifeatlakehouse.com
342,Cottages at Bear Branch,1225 E Northfield Blvd,Murfreesboro,TN,37130,https://www.cottagesatbearbranch.com/
282648,Apollo Ridge,4518 Bonnell Dr NW,Huntsville,AL,35816,https://www.apolloridgeapts.com/
7176,Bella Vida,1111 S Cimarron Rd,Las Vegas,NV,89117,https://www.bellavidalv.com/
14956,Mill Creek,1823 Stadium Rd,Wharton,TX,77488,https://www.millcreektx.com/
262310,Stevens Creek Villas,9520 Blacksmith Ct,Lincoln,NE,68507,https://concordemgmt.com/apartments/
39558,Willowbrook,4050 Baker Ln,Reno,NV,89509,https://www.willowbrookreno.com/
1617,Crossing at Riverlake,1070 Lake Front Dr,Sacramento,CA,95831,www.crossingatriverlake.com
47845,Casa De Caro,5240 E Bellevue St,Tucson,AZ,85712,https://www.equilibriumprops.com/casa-de-caro-apartments
17166,Artists Village Apartments,300 W 2nd St,Santa Ana,CA,92701,http://www.artistsvillageapartments.com/
242380,Calvert at Quarterfield Station,442 Pamela Rd,Glen Burnie,MD,21061,https://www.calvertstation.com/
298632,Churchwoods,320 Chapel Dr,Lafayette,IN,47909,https://www.topelitehomes.com/churchwoods-apartments/
46582,Danish Village,1117 S Paige St,Wichita,KS,67207,https://postroadmgmt.com/available-properties/
262174,Star Deluxe Branford,375 E Main St,Branford,CT,6405,https://metrostarapartments.com/star-deluxe-branford/
46179,East Hampton,2901 N Governeour St,Wichita,KS,67226,https://www.hayloftapartmenthomes.com/east-hampton-estates
305576,Westwater Village,2300 Evergreen Park Dr SW,Olympia,WA,98502,https://westwatervillage.com/
255762,Stockyard Lofts,215 Willow Ave,Knoxville,TN,37915,https://www.stockyardlofts.com/
241643,Jade at North Hills,N72W12727 Good Hope Rd,Menomonee Falls,WI,53051,https://www.movetojade.com/
270398,Haven Place,4905 NE 122nd Ave,Vancouver,WA,98682,https://www.realvestcorp.com/havenplace
227561,Pikeview Manor Apartments,315 Pikeview Dr,Beckley,WV,25801,http://pikeviewmanor.com/
16986,Summerwood,600 N Harbor Blvd,La Habra,CA,90631,https://www.summerwoodliving.com/
9394,Sun Ridge Apartments,6608 South Fwy,Fort Worth,TX,76134,https://www.cethron.com/sunridge
97493,Meridia Brownstones,1901 Elizabeth Ave,Rahway,NJ,7065,https://www.meridiabrownstones.com/
19927,Country,1486 Broadway,Chula Vista,CA,91911,https://www.countryapts.com/
41367,Summer Place,445 W Nees Ave,Fresno,CA,93711,http://www.summerplaceapts.com/
70589,Granite Trails Apartments,1829 Furness St,Maplewood,MN,55109,https://www.hrmapartments.com/granite-trails-apartments
46581,Villas on rock,920 S Rock Rd,Wichita,KS,67207,https://www.villasonrock.com/
74138,Woodmere Apartments,6940 Woodmere Rd,Woodbury,MN,55125,https://www.rentnlpm.com/property/woodmere-apartments/
23978,Pacific Palms,2045 S Haster St,Anaheim,CA,92802,www.pacificpalmsapartmenthomes.com
4110,Post Oak,705 Ridgecrest Ct,Norman,OK,73072,http://www.postoakliving.com/
44181,Highpointe,7600 Shawnee Mission Pkwy,Mission,KS,66202,https://athomeaptskc.com/apartments/highpointe/
60177,Autumn Park,1063 Mosser Rd,Breinigsville,PA,18031,http://www.autumnparkapts.com/
272672,Reserve at Millcreek,1717 Kuntz Rd,Erie,PA,16509,https://www.pillarre.com/the-reserve-at-millcreek
297342,Madrona Park,3001 S Tyler St,Tacoma,WA,98409,https://madronaparktacoma.com/
299136,Bearfoot Landing,1350 Trent Blvd,New Bern,NC,28560,https://www.bearfootlandingapts.com/
268738,Quest,13650 Marsh View Blvd,Rogers,MN,55374,https://www.questaptsmn.com/
10947,The Vines,247 E Corporate Dr,Lewisville,TX,75067,https://silverlandsmgmt.com/pages/the-vines
73595,Lockwood Villas,2493 Sweet Home Rd,Buffalo,NY,14228,https://adcoapts.com/properties/lockwood-villa-apartments/
35135,West Fifth,1352 W 5th St,Ontario,CA,91762,www.liveatwestfifth.com
55171,Veri on Sunnyview,4200 Sunnyview Rd NE,Salem,OR,97305,https://www.norris-stevens.com/multifamily/veri-sunnyview/
13345,Bellevue Heights,13902 NE 8th St,Bellevue,WA,98005,https://www.bellevue-heights.com/
74361,860 East,860 Deerfield Blvd,Cincinnati,OH,45245,https://www.860east.com/
267183,Sienna,207 18th Ave,Seattle,WA,98122,https://www.thesiennaapartments.com/
44754,LivGreen Gardens,3128 Utah Pl,Greensboro,NC,27405,https://www.livgreengardens.com/
269721,Skyview Lofts,2105 3rd Ave E,Kalispell,MT,59901,https://skyview-lofts.com/
255903,Elements,3517 Mercury Dr,Santa Maria,CA,93455,https://www.elements-apartments.com/
77936,The Reserve at Mendota Village,720 S Plz Wy,Mendota Heights,MN,55120,https://reservemendotavillage.com/
267754,Ironworks Ithaca,430 W State St,Ithaca,NY,14850,https://ironworksithaca.com/
276375,The Reserve at Jordan Creek,6185 Village View Dr,West Des Moines,IA,50266,https://thereserveatjordancreek.com/
253916,McClaren West End,104 Wardlaw St,Greenville,SC,29601,https://livemcclaren.com/
16749,Highland Pinetree,1501 S Highland Ave,Fullerton,CA,92832,https://highlandpinetreeapartments.com/
19955,Brookside,4611 SE Brookside Dr,Milwaukie,OR,97222,https://www.brooksidejohnsoncreek.com/
38167,The Villas on Brightside,1645 Brightside Dr,Baton Rouge,LA,70820,http://www.livethevillas.com/
40769,Madrona Estate Townhouses,9520 43rd St Ct W,University Place,WA,98466,https://madronaestatesapts.com/
25523,Curve at River Road,705 River Rd,San Marcos,TX,78666,http://smtxliving.com/curve/
268521,The Lucy,2063 Marshall Ave,St Paul,MN,55104,https://thelucystpaul.com/
58321,College Park,3307 College St SE,Lacey,WA,98503,https://collegeparklacey.com/
48517,Foxboro,15551 Adams St,Omaha,NE,68137,https://www.foxboroomaha.com/
18634,Metropolitan Bala,2746 Belmont Ave,Philadelphia,PA,19131,https://www.yourmetropolitan.com/properties/bala/
38951,Biloxi Oaks,1135 Judge Sekul Ave,Biloxi,MS,39530,https://www.biloxioaksapartments.com/
297381,Rainier View,5106 Parker Rd E,Sumner,WA,98390,https://rainierviewsumner.com/
72542,Reside Here,1528 Lebanon Ave,Belleville,IL,62221,http://www.rentandresidehere.net/
42398,Hazelwood Homes,5738 Cedonia Ave,Baltimore,MD,21206,https://hazelwoodhomesmd.com/
15693,Yorba Linda Pines,18700 Yorba Linda Blvd,Yorba Linda,CA,92886,http://www.yorbalindapines.com/
274198,Legacy Ridge,514 S 1990 E St,St. George,UT,84790,www.legacyridgestgeorge.com
25756,Four Seasons,15940 Indiana Ave,Paramount,CA,90723,http://www.fourseasonsapartmenthomes.com/
251357,Riverland,420 SW 27th Ave,Fort Lauderdale,FL,33312,https://liveatriverland.com/
54745,The Park Monroe,3300 16th St NW,Washington,DC,20010,https://keenermanagement.com/properties/the-park-monroe/
4361,Pagewood Place,9767 Pagewood Ln,Houston,TX,77042,https://www.pagewoodplace.com/
44067,Axis 2300,2300 Dupont Dr,Irvine,CA,92612,https://axis2300apts.com/
295964,Tareyton Estates,100 Barclay Ct,Langhorne,PA,19047,https://www.yourmetropolitan.com/properties/tareyton-estates/
62159,Cottages on Tazewell,5120 Andover Green Way,Knoxville,TN,37918,https://www.dlhproperties.net/property/cottages-on-tazewell/
21341,Kinstone Columns Drive,3702 River Heights Crossing SE,Marietta,GA,30067,https://kinstonecolumnsdrive.com/
267933,78 West,1978 W Carson St,Torrance,CA,90501,https://www.78westca.com/
69203,The Marq,4781 Alicia Dr,Virginia Beach,VA,23462,https://www.livemarqvb.com/
219740,Landon Court,146 S Lansdowne Ave,Lansdowne,PA,19050,https://woodwardproperties.com/apartments/landon-court/
26534,Granite Peaks,3907 65th Ave N,Minneapolis,MN,55429,https://www.thegranitepeaksapts.com/
41738,Cherry Tree,3422 86th St S,Lakewood,WA,98499,https://cherrytreetacoma.com/
1112,Lone Oak Villas,710 Lone Oak Rd,Paducah,KY,42003,https://theloneoakvillas.com/
242713,Orchid Place Apartments,1830 49th St S,Fargo,ND,58103,https://www.rentnlpm.com/property/orchid-place-apartments/
231315,Hickory Heights,4221 Hickory Ave,Baltimore,MD,21211,https://www.brooksmanagementcompany.com/hampden
234138,Bowery District,156 S Main St,Akron,OH,44308,https://www.bowerydistrict.com/
252560,The Boardwalk Luxury,5201 Gasol Ct,Bakersfield,CA,93313,https://www.boardwalklux.com/
19712,Steel Lake Plaza,2201 S 312th St,Federal Way,WA,98003,https://steellakeplazaapts.com/
37776,The Gilmore Apartments,6 S McLean Blvd,Memphis,TN,38104,http://thegilmoreapartments.com/
238949,The Cove,512 Hull St,Richmond,VA,23224,https://propertyresults.net/the-cove/
5295,The Greens,8445 N 23rd Ave,Phoenix,AZ,85021,http://greens-apts.com/
16499,Palm Flats,1550 University Woods Pl,Tampa,FL,33612,https://www.palmflats.com/
271721,The Millennium on Monroe,2002 N Monroe St,Spokane,WA,99205,https://www.millenniumnw.com/
74093,Kipling Townhomes,10215 W 25th Ave,Lakewood,CO,80215,http://www.kiplingtownhomes.com/
19538,Stadium Apartments,2999 Woodway Dr SW,Huntsville,AL,35805,http://www.stadiumapartmentshuntsville.com/
241145,Fourth & Selden,3730 4th St,Detroit,MI,48201,https://www.midtownwestdetroit.com/single-family
16907,Torrey Pines,851 S Sunset Ave,West Covina,CA,91790,http://www.torreypinesapartments.com/
276548,Villas at Sandy Creek,101 Brook Blvd,Sandusky,OH,44870,https://villasatsandycreek.com/
3281,Brantley Pines I,1801 Brantley Rd,Fort Myers,FL,33907,https://www.brantleypines.com/
119119,Electric City,240 State St,Schenectady,NY,12305,https://www.primeelectriccity.com/
2899,River Ridge Apartment Homes,12911 County Road 5,Burnsville,MN,55337,http://www.river-ridge-apts.com/
260761,Westridge Lofts,2311 SE 192nd Ave,Camas,WA,98607,http://www.westridgelofts.com/
7925,The George Apartment Homes,5810 Sebring Dr,Indianapolis,IN,46254,https://www.thegeorgeindy.com/
229968,Crosstown of Sun Prairie,651 Schiller St,Sun Prairie,WI,53590,https://www.axiomproperties.com/communities/crosstown-of-sun-prairie
32716,Porto Bella,10853 Firestone Blvd,Norwalk,CA,90650,https://portobellaapts.com/
254139,Weatherstone Flats,240 Windgate Dr,Chester Springs,PA,19425,https://www.weatherstoneflats.com/
20698,Royal Village,1435 Elder Ave,San Diego,CA,92154,http://www.royalvillageapts.com/
229769,Pinecrest,515 Greenbriar Dr,Normal,IL,61761,https://pinecrest-apts.com/
19486,Arbor Woods Apartments,1800 S 330th St,Federal Way,WA,98003,https://www.iconre.org/arborwoods
69282,Vista Del Plaza,272 S Poplar Ave,Brea,CA,92821,http://www.vistadelplaza.com/
253962,Estover Terrace,2003 11th Ave E,Menomonie,WI,54751,https://www.capvestpartner.com/properties-for-rent/estover-terrace/
2507,Terrain,5112 S 1st St,Austin,TX,78745,www.terrainaustin.com
25353,Pease Parkside,1302 W 24th St,Austin,TX,78705,https://www.gbatx.com/properties/pease-parkside-apartments
76334,Williams Gateway,5850 S Power Rd,Gilbert,AZ,85295,http://www.williamsgateway.com
32502,Linden Park,316 34th St,Steger,IL,60475,https://www.aptslindenpark.com/
240745,The Allure at Jefferson I,4660 Monroe Way,Fredericksburg,VA,22407,https://www.liveallureva.com/
26387,Cynthia Gardens,1675 NW 4th Ave,Boca Raton,FL,33432,http://cynthiagardens.com/
250128,Arendal On Viking,21056 Viking Ave NW,Poulsbo,WA,98370,https://www.arendalliving.com/
219388,Chestnut Hill South,865 Mix Ave,Hamden,CT,6514,https://www.liveatfranklin.com/index.php/our-communities/chestnut-hill-south/
31784,The Timbers Apartments,1110 Petree St,El Cajon,CA,92020,http://thetimbersapartments.com/
220345,Vestawood Apartments,1716 Vestawood Ct,Vestavia Hills,AL,35216,https://www.vestawood.com/
230573,Lofts at St. Michael's,6720 W 29th St,Greeley,CO,80634,https://www.stmichaelslofts.com/
258790,Studios180,180 N Martin Luther King Blvd,Lexington,KY,40507,https://studios180.com/
97506,Roebling Lofts I,71 Clark St,Trenton,NJ,8611,http://roeblinglofts.com/
299898,Niima,2519 El Cajon Blvd,San Diego,CA,92104,https://www.niimasd.com/
217343,Eagle Harbor II,220 Marsh Landing,Carrollton,VA,23314,https://www.liveeagleharbor.com/
217566,Standard at White House I,126 Madeline Wy,White House,TN,37188,https://www.leasekibo.com/the-standard
67150,Harbor Vista at Crawford Street,800 Crawford St,Portsmouth,VA,23704,https://www.liveharborvista.com/
244711,The Bend,801 Bend Blvd,East Moline,IL,61244,https://www.becovicholdings.com/the-bend-apartments
49171,Melrose Gates,6401 Camden Ave N,Brooklyn Center,MN,55430,https://www.melrosegates.com/
19715,Trailside,17725 Hall Rd,Bothell,WA,98011,https://www.trailside.graninc.com/
68505,30Sixty Apartments,3060 W Olympic Blvd,Los Angeles,CA,90006,https://www.30sixtyapts.com/
257263,320 East,320 E College Ave,Appleton,WI,54911,https://tip-llc.com/320-east/
22138,Greenway Park,2756 Golfside Rd,Ann Arbor,MI,48108,http://www.barnesapts.com/web/
26515,The Court at Northgate,11300 3rd Ave NE,Seattle,WA,98125,https://northgaterentals.com
77734,Ridgewood,7628 S Soncy Rd,Amarillo,TX,79119,http://www.ridgewoodapt.com/
293154,Kinsley,36 Stony Hill Rd,Bethel,CT,6801,https://www.kinsleyct.com/
266386,Coast at Lakeshore Commons,9324 S Breakwater Blvd,Oak Creek,WI,53154,https://coast.oclakeshore.com/
26772,Parkview Palms,4564 Jones Ave,Riverside,CA,92505,https://www.rentdwp.com/parkviewpalms
29776,Shadowtree,201 N Wilmot Rd,Tucson,AZ,85711,https://www.shadowtreeapts.com/
1074,Estates on Main,5312 Gatehouse Dr,Columbus,OH,43213,www.estatesonmain.com
47346,Pembroke Crossing,825 Crossing Ct,Virginia Beach,VA,23455,https://www.pembrokecrossingapartments.com/contact-us
77955,Saybrook Station,7 N Main St,Old Saybrook,CT,6475,https://www.saybrookstation.com/
54250,Pine Ridge,1301 Richland Ave,Modesto,CA,95351,https://www.pineridgemodesto.com/
74571,Stoney Park Place,56114 Stoney Pl Dr,Shelby Township,MI,48316,http://stoneyparkplace.com/
47595,El Dorado Village,1026 Olson Ln,El Dorado Hills,CA,95762,http://www.browninvestmentgroup.com/el_dorado_village
29792,The Garrison,1801 Fortview Rd,Austin,TX,78704,https://www.urbanflats.com/garrison
1509,Park Place,3132 W Lambright St,Tampa,FL,33614,www.parkplacetampa.com
236771,505 West University,505 W University Pkwy,Baltimore,MD,21210,https://www.realestatedimensions.com/505-w-university-pkwy
13607,Casa Del Mar,5101 Palm Hill Dr,West Palm Beach,FL,33415,https://www.casadelmarwpb.com/
251411,The Collective RiNo,3701 N Marion St,Denver,CO,80205,https://www.zpmgmt.com/the-collective-rino
14941,Deerfield Estates,8812 S Delaware Ave,Tulsa,OK,74137,https://www.deerfieldliving.com/
35392,Wind Chase,9745 Old Placerville Rd,Sacramento,CA,95827,https://www.pearlinvestment.com/properties/wind-chase-apartments
27493,Monterey Pines,15513 Williams St,Tustin,CA,92780,http://www.montereypinesaptsgm.com/
41193,Village Park of Hoffman Estates,985 Grand Canyon Pkwy,Hoffman Estates,IL,60169,www.villageparkhe.com
3788,Citadel Village,913 N Chelton Rd,Colorado Springs,CO,80909,http://www.citadelvillageco.com/
20988,Orange Terrace,698 Orange Ave,Long Beach,CA,90802,https://www.plentyofplaces.com/orange-terrace
238178,Boulder Creek,1915 NE Terre View Dr,Pullman,WA,99163,https://www.summerhillapts.net/boulder-creek-apartments
17351,Kipling Village,4665 Kipling St,Wheat Ridge,CO,80033,https://www.plentyofplaces.com/kipling-village
50129,Middlebury Crossing,77 Newfield Ave,Waterbury,CT,6708,https://www.middleburycrossingapts.com/
49919,Cambridge Court,1225 11th St,West Des Moines,IA,50265,https://www.cambridgecourtwdm.com/
21586,Renaissance Uptown,1000 S Denver Ave.,Tulsa,OK,74119,http://www.renaissanceuptown.com/
289568,Mariners Landing,142 E 31st St,National City,CA,91950,http://www.liveatml.com/
68983,Gia at Oak Forest,3130 Mangum Rd,Houston,TX,77092,https://www.giacapital.com/gia-at-forest-oak
23572,Somerset La Costa,2939 Unicornio St,Carlsbad,CA,92009,https://www.riveroaksmgmt.com/vacancies-sommerset-la-costa
268576,The Weston,720 W Thompson St,Philadelphia,PA,19122,https://www.hightoprents.com/the-weston-availability
230574,Northdale,2717 5th St NW,Minot,ND,58703,https://www.immapartments.com/northdale
53956,Kingwood Forest,8200 Wild Briar Dr,Shreveport,LA,71108,www.kingwoodforest.com
30279,Constitution Square,7230 Constitution Square Heights,Colorado Springs,CO,80915,http://www.constitutionsquareco.com/
242340,Latitude 37,1255 Babb Ct,San Jose,CA,95125,www.latitude37sanjose.com
44987,Hampton Arms,698 Lafayette Rd,Hampton,NH,3842,https://www.pegasusapt.com/hampton-arms
45370,Chloe On Cirby,425 Cirby Way,Roseville,CA,95678,https://www.chloeoncirby.com/
228767,Edgewater Village,115 W Edgewater Dr,Greensburg,IN,47240,https://www.edgewatervillage.com/
292887,Horizon Apartments and Villas,4750 Innovation Dr,Lincoln,NE,68521,https://www.horizonlivingtoday.com/
18859,Carlsbad View,3675 Barnard Dr,Oceanside,CA,92056,https://www.carlsbadviewapts.com/
73912,Shadow Ridge,6111 Shupe Dr,Citrus Heights,CA,95621,www.shadowridgeaptsliving.com
269983,J Street Lofts,3460 J St,Philadelphia,PA,19134,https://www.gmholdingsmanagement.com/residential-propertiesv
245975,Verandas,219 Semanski St S,Enumclaw,WA,98022,https://www.cgoproperties.com/
11399,Southcrest,3700 Conway St,Dallas,TX,75224,https://www.ironridge-capital.com/vacancies?search=southcrest
27390,The Willows,600 S 1st St,Austin,TX,78704,http://rainieratx.com/listing/the-willows/
1912,Chasewood,3420 S Coulter,Amarillo,TX,79109,www.chasewoodamarillo.com
299097,The Lofts,14912 Mallett Rd,Biloxi,MS,39532,https://www.the-lofts.com/
76398,Signature Pointe,607 Emily Ln,Piedmont,SC,29673,https://www.dlhproperties.net/property/signature-pointe/
7763,Scottsdale 5th Ave,6405 E Indian School Rd,Scottsdale,AZ,85251,https://www.scottsdale5th.com/
44304,LaSalle Villas,2104 La Salle Ave,Lubbock,TX,79407,http://www.lasallevillas.com/
298587,The Edge at Terravessa,4888 Brassica Rd,Fitchburg,WI,53711,https://www.edgeatterravessa.com/
235903,Villages of Sugar Road,5228 S Sugar Rd,Edinburg,TX,78539,https://www.villagessugarroad.com/
45353,Mall,83 Edbert St,Chicopee,MA,1020,https://www.mall-apartments.com/
17555,North Tower,7440 North Sepulveda Blvd,Van Nuys,CA,91405,https://www.bamliving.com/nt
1340,Waterway Crossing,685 Burcale Rd,Myrtle Beach,SC,29579,https://www.boltpm.com/waterway-crossing
281174,1700 Forest,1700 Forest Knoll Dr NE,Palm Bay,FL,32905,http://www.1700forest.com/
67736,210 Main,210 Main St,Hackensack,NJ,7601,https://live210main.com/
259585,Seaglass at Rehoboth,32015 Azure Ave,Rehoboth Beach,DE,19971,https://www.seaglassatrehoboth.com/
72988,River Springs at Barge Ranch,3300 N Main St,Belton,TX,76513,http://www.riverspringsatbargeranchapts.com/
25443,Lee Square,126 Chanel Terrace,Falls Church,VA,22046,http://www.leesquareapartments.com/
4190,Edenbridge,18134 S 66th Court,Tinley Park,IL,60477,https://www.edenbridgeapartments.com/
44985,The Park at Whispering Pines,3030 E Fountain Blvd,Colorado Springs,CO,80910,https://www.theparkwpapts.com/
224569,Beaumont Cove,3147 S 108th E Ave,Tulsa,OK,74146,https://www.beaumontcove.net/
40583,The Orchard at Solo,125 Roxboro Cir,Mattydale,NY,13211,https://www.soloorchard.com/
297721,Parkview at Spring Hill,1000 Spring Hill Dr,Akron,OH,44312,https://www.liveatparkviewspringhill.com/
44905,Oakpoint,5018 Marconi Ave,Carmichael,CA,95608,https://www.oakpointapts.com/
24251,Milano Apartments,12224 NE 8th St,Bellevue,WA,98005,https://www.milanoapts.com/milano-apartments
20375,Desert Springs Apartments,1750 E Bell Rd,Phoenix,AZ,85022,www.desertspringsapts.com
240127,Maple Gardens,2655 W Farm Rd 164,Springfield,MO,65807,http://www.maplegardensapthomes.com/
43746,West on Murray,14095 SW Walker Rd,Beaverton,OR,97005,https://www.westonmurrayapts.com/
220532,Fremont Villas,121 N 15th St,Las Vegas,NV,89101,https://www.plentyofplaces.com/fremont-villas
220162,Overlook at Stone Spring,607 John Tyler Cir,Harrisonburg,VA,22801,www.overlookatstonespring.net
284346,Empire,6501 Lipes Blvd,Corpus Christi,TX,78414,https://www.empireapts.com/
4791,Quail Creek Apartments,4901 Kinsey Dr,Tyler,TX,75703,www.rentquailcreek.com
266996,The Cove Bakersfield,1050 E Panama Ln,Bakersfield,CA,93307,https://www.homesatthecove.com/
237395,Seabreeze Apartment Homes,2310 Briar Creek Way,Lompoc,CA,93436,https://www.seabreezeapartmentslompoc.com/
282381,Mission Ranch,FM Rd 16,Lindale,TX,75771,https://www.missionmanagementlindale.com/
5571,Pointe Parc at St Johns,7524 Southside Blvd,Jacksonville,FL,32256,https://www.liveatpointeparc.com/
284175,SCS Athens,713 Caroline St,Athens,WI,54411,https://www.livescs.com/property/scs-athens
227165,Waters Edge,1100 Anchor Line Dr,Webster,NY,14580,https://www.apartmentsatwatersedge.com/
94750,The Prairie at Chaffee Crossing I,1800 Frontier Rd,Barling,AR,72923,https://www.prairieatchaffeecrossing.com/
222969,Joshua Tree,476 E Lassen Ave,Chico,CA,95973,https://www.joshuatreechico.com/
5346,Mission Lakes,6890 Southgate Blvd,Tamarac,FL,33321,https://www.missionlakesfl.com/
29118,Bel Air,1490 Bel Air Dr,Concord,CA,94521,https://www.belairconcord.com/
10338,Prairie Oaks,930 W Prairie St,Denton,TX,76201,https://www.ptbproperties.com/prairie-oaks
62113,Icon at Norman,6475 36th Ave NW,Norman,OK,73072,https://www.iconatnorman.com/
293188,Arborview on the River,10807 E Empire Ave,Spokane Valley,WA,99206,https://www.arborviewspokane.com/
47577,The Heritage by Fairlawn,201 Heritage Hill Trail,Louisville,KY,40223,https://www.theheritagebyfairlawn.com/
68956,266 Lofts,266 S Front St,Memphis,TN,38103,https://www.266lofts.com/
226197,Northlink,11244 Greenwood Ave N,Seattle,WA,98133,www.livenorthlink.com
48668,Arbour,100 Edgewood Dr,Maumelle,AR,72113,https://www.thearboursmaumelle.com/
56947,Edington Court,10 NW 20th Ave.,Portland,OR,97209,http://edingtoncourt.com/
46576,Campus Pointe,1601 NW 30th St,Oklahoma City,OK,73118,https://www.proresidential.com/oklahoma-properties/campus-pointe-
60863,Meridian Harbourview,7190 Harbour Towne Pkwy,Suffolk,VA,23435,http://www.meridianharbourview.net
241195,The Falls of Columbia,136 E Old Plank Rd,Columbia,MO,65203,https://www.thefallsofcolumbia.net/
23537,Summer Brook,1587 Oro Vista Rd,San Diego,CA,92154,https://www.summerbrooksandiego.com/
84757,Meridia Transit Plaza,1 W Dickerson St,Dover,NJ,7801,https://www.meridiatransitplaza.com/
265767,Journee,215 N San Fernando Rd,Los Angeles,CA,90031,https://journeela.com/
287500,Level at Village Gardens,5701 Boboli Ln,Lincoln,NE,68516,https://www.levellincoln.com/
238775,Vine Gate,6140 Vine Park Dr,Salt Lake City,UT,84121,www.vinegateaptsut.com
65178,Arbor Oaks,5400 26th St W,Bradenton,FL,34207,https://www.liveatarboroaks.com/
38489,West Gate Town Homes,283 Cooper Pl,New Haven,CT,6515,https://www.westgatetownhomes.com/
53906,Selkirk Lodge,9295 N Coursier Ln,Spokane,WA,99208,https://www.selkirklodgeapts.com/
42965,Indian Plaza,1901 Indian Plaza Dr NE,Albuquerque,NM,87106,https://www.whitepeakmgmt.net/cedars
262496,Parque Kirkland,312 Central Way,Kirkland,WA,98033,https://www.parquekirkland.com/
256938,The Guild,816 Porter Ave,Eau Claire,WI,54701,https://www.pablogroupproperties.com/the-guild
257370,Arden,1050 E Washington Ave,Madison,WI,53703,https://www.ardeninmadison.com/
292378,The Howard at West Brunswick,500 Paramount Blvd,Orwigsburg,PA,17961,https://www.howardwestbrunswick.com/
50178,Lee's Crossing,5326 Lees Crossing Dr,Cincinnati,OH,45239,http://www.leescrossingapartments.net/
42778,The Aspens I,9677 Eagle Ranch Rd NW,Albuquerque,NM,87114,https://www.lifeattheaspens.com/
263779,Opera House,1305 Harris Ave,Bellingham,WA,98225,https://operahouseapts.com/
255309,K≈çz on Interstate,5460 N Interstate Ave,Portland,OR,97217,https://www.kozoninterstate.com/
28881,Lakeshore,600 Wilbur Ave,Antioch,CA,94509,https://www.lakeshoreantioch.com/
289182,Evelyn,4701 Forest Hill Ave,Richmond,VA,23225,https://www.evelynrva.com/
19154,Conway Club,1900 S Conway Rd,Orlando,FL,32812,www.conwayclub.com
16975,Brookstone,7400 Artesia Blvd,Buena Park,CA,90621,https://www.brookstoneaptsgm.com/
14364,ARIUM Cypress Lakes,2829 S Oakland Forest Dr,Oakland Park,FL,33309,https://ariumliving.com/fort-lauderdale/oakland-park/arium-cypress-lakes/
239730,West Park Village II,9902 Brompton Dr,Tampa,FL,33626,https://ariumliving.com/tampa/westchase/west-park-village
52038,Avalon Irvine,2777 Alton Pkwy,Irvine,CA,92606,https://www.avaloncommunities.com/california/irvine-apartments/avalon-irvine
35591,Eaves Twin Creeks,705 Bray Central Dr,Allen,TX,75013,https://www.auberryapthome.com/
36964,Avalon Meydenbauer,10410 NE 2nd St,Bellevue,WA,98004,https://www.avaloncommunities.com/washington/bellevue-apartments/avalon-meydenbauer
1900,Avalon Ballston Square,850 N Randolph St,Arlington,VA,22203,https://www.avaloncommunities.com/virginia/arlington-apartments/ava-ballston-square?utm_source=google&utm_medium=gmb&utm_campaign=gmblist
241309,Avalon Brea Place,115 S State College Blvd,Brea,CA,92821,https://www.avaloncommunities.com/california/brea-apartments/avalon-brea-place
65377,Avalon Alderwood,2510 164th St SW,Lynnwood,WA,98087,http://www.avaloncommunities.com/washington/lynnwood-apartments/avalon-alderwood/map-directions/
25761,Avalon at Cahill Park,754 The Alameda,San Jose,CA,95126,http://www.avaloncommunities.com/california/san-jose-apartments/avalon-at-cahill-park/
77196,Avalon Union,2400 Vauxhall Rd,Union,NJ,7083,http://www.avaloncommunities.com/new-jersey/union-apartments/avalon-union
246196,Avalon West Chelsea Apartments,282 11th Ave,New York,NY,10001,https://www.avaloncommunities.com/new-york/new-york-city-apartments/avalon-west-chelsea?utm_source=google&utm_medium=gmb&utm_campaign=gmblist
53765,Avalon Westbury,1299 Corporate Dr,Westbury,NY,11590,https://www.avaloncommunities.com/new-york/westbury-apartments/avalon-westbury
26892,Avalon at Arlington Square,2350 26th Ct S,Arlington,VA,22206,https://new.avaloncommunities.com/virginia/arlington-apartments/avalon-at-arlington-square/?utm_source=gmb&utm_medium=organic&utm_campaign=gmblist
53333,Avalon Natick,3 Chrysler Rd,Natick,MA,1760,https://www.avaloncommunities.com/massachusetts/natick-apartments/avalon-natick
12190,Eaves North Dallas,4141 Horizon N Pkwy,Dallas,TX,75287,https://www.wimberlyapthome.com/
66971,Avalon Dogpatch,800 Indiana St,San Francisco,CA,94107,https://www.avaloncommunities.com/california/san-francisco-apartments/avalon-dogpatch
39420,Avalon Morningside Park,1 Morningside Dr,New York,NY,10025,https://www.avaloncommunities.com/new-york/new-york-city-apartments/avalon-morningside-park/
262540,AvalonBay Montville,85 Old Bloomfield Ave,Pine Brook,NJ,7058,https://www.avaloncommunities.com/new-jersey/montville-apartments/avalon-montville/
26519,Eaves Burlington,1 Farms Dr,Burlington,MA,1803,https://www.avaloncommunities.com/massachusetts/burlington-apartments/eaves-burlington/?utm_source=gmb&utm_medium=organic&utm_campaign=gmblist
47765,AVA Queen Anne,330 3rd Ave W,Seattle,WA,98119,www.avaqueenanne.com
16134,eaves Lake Forest,22700 Lake Forest Dr,Lake Forest,CA,92630,https://www.avaloncommunities.com/california/lake-forest-apartments/eaves-lake-forest/
262355,Avalon Alderwood Place,18602 Alderwood Mall Pkwy,Lynnwood,WA,98037,https://www.avaloncommunities.com/washington/lynnwood-apartments/avalon-alderwood-place
19976,Avalon Bellevue,11000 NE 10th St,Bellevue,WA,98004,https://www.avaloncommunities.com/washington/bellevue-apartments/avalon-bellevue
13342,Avalon ParcSquare,16080 NE 85th St,Redmond,WA,98052,https://www.avaloncommunities.com/washington/redmond-apartments/avalon-parcsquare?utm_source=gmb&utm_medium=organic&utm_campaign=gmblist
253983,Ava RiNo,2600 Lawrence St,Denver,CO,80205,https://www.avaloncommunities.com/colorado/denver-apartments/ava-rino/?utm_source=gmb&utm_medium=organic&utm_campaign=gmblist
3578,eaves Rancho Penasquitos,10024 Paseo Montril,San Diego,CA,92129,https://www.avaloncommunities.com/california/san-diego-apartments/eaves-rancho-penasquitos/
1918,Eaves West Windsor,1000 Jamie Brooks Ln,West Windsor Township,NJ,8550,https://www.avaloncommunities.com/new-jersey/west-windsor-apartments/eaves-west-windsor/
237769,Avalon Frisco North,12050 Research Rd,Frisco,TX,75033,https://www.avaloncommunities.com/texas/frisco-apartments/avalon-frisco-north/?utm_source=vurl&utm_campaign=valefrisco&utm_medium=redirect
8146,eaves Creekside,151 Calderon Ave,Mountain View,CA,94041,https://www.avaloncommunities.com/california/mountain-view-apartments/eaves-creekside
42179,Avalon Hoboken,800 Madison St,Hoboken,NJ,7030,https://new.avaloncommunities.com/new-jersey/hoboken-apartments/avalon-hoboken/
244123,The Shores of Lake St. Clair,35844 Jefferson Ave,Harrison Township,MI,48045,https://www.beaconmanagement.com/property/the-shores-of-lake-st-clair/
21975,Fairlane Apartments & Townhomes,24268 Haskell St,Taylor,MI,48180,https://liveatfairlaneapartments.com/
24769,Spice Tree Apartments,4854 Washtenaw Ave,Ann Arbor,MI,48108,https://spicetreeannarbor.com/
994,Magnolia Ridge,266 Goldmine Springs Rd,Gaffney,SC,29340,https://www.liveatmagnoliaridgeapartments.com/
42571,Westwood Village,2203 Beck Ave,Panama City,FL,32405,https://westwoodvillageapthomes.com/en/
18187,KRC Reserve,4200 Jimmy Carter Blvd,Norcross,GA,30093,http://www.krcreserveapts.com/
275898,Bradley Pointe,1355 Bradley Blvd,Savannah,GA,31419,https://www.liveatbradleypointe.com/
37545,Camden Cedar Hills,4100 W Slaughter Ln,Austin,TX,78749,https://www.camdenliving.com/apartments/austin-tx/camden-cedar-hills
7383,Camden Lakeway,7355 Grant Ranch Blvd,Lakewood,CO,80123,https://www.camdenliving.com/apartments/lakewood-co/camden-lakeway
234916,Camden Vanderbilt,7171 Buffalo Speedway,Houston,TX,77025,https://www.camdenliving.com/apartments/houston-tx/camden-vanderbilt?utm_source=gmb&utm_medium=local&utm_campaign=camden-vanderbilt&y_source=1_MTE2Nzc0ODMtNzE1LWxvY2F0aW9uLndlYnNpdGU%3D
227989,Camden Riverwalk,3800 Grapevine Mills Pkwy,Grapevine,TX,76051,https://www.camdenliving.com/apartments/grapevine-tx/camden-riverwalk
38541,Camden Brushy Creek,1101 Brushy Creek Rd,Cedar Park,TX,78613,https://www.camdenliving.com/apartments/cedar-park-tx/camden-brushy-creek#overview
32978,Camden Vineyards,24323 Jackson Ave,Murrieta,CA,92562,https://www.camdenliving.com/apartments/murrieta-ca/camden-vineyards
34708,Camden Main & Jamboree,2801 Main St,Irvine,CA,92614,https://www.camdenliving.com/apartments/irvine-ca/camden-main-and-jamboree
26730,Camden Brookwood,147 26th St NW,Atlanta,GA,30309,https://www.camdenliving.com/apartments/atlanta-ga/camden-brookwood
1740,Camden Fairview,8738 Fairview Rd,Charlotte,NC,28226,https://www.camdenliving.com/apartments/charlotte-nc/camden-fairview?utm_source=gmb&utm_medium=local&utm_campaign=camden-fairview&y_source=1_MTE2Nzc0MTctNzE1LWxvY2F0aW9uLndlYnNpdGU%3D
62512,Camden Chandler,2777 S Arizona Ave,Chandler,AZ,85286,https://www.camdenliving.com/apartments/chandler-az/camden-chandler
15332,Camden Ashburn Farm,20886 Isherwood Terrace,Ashburn,VA,20147,https://www.camdenliving.com/apartments/ashburn-va/camden-ashburn-farm?utm_source=gmb&utm_medium=local&utm_campaign=camden-ashburn-farm&y_source=1_MTE2NzczODUtNzE1LWxvY2F0aW9uLndlYnNpdGU%3D
24648,Camden Overlook,4703 Summit Overlook Dr,Raleigh,NC,27612,https://www.camdenliving.com/apartments/raleigh-nc/camden-overlook
15064,Camden Holly Springs,680 W Sam Houston Pkwy S,Houston,TX,77042,https://www.camdenliving.com/apartments/houston-tx/camden-holly-springs
14062,Camden Lake Pine,600 Park Summit Blvd,Apex,NC,27523,https://www.camdenliving.com/apartments/apex-nc/camden-lake-pine
35256,Camden Manor Park,4000 Manor Club Dr,Raleigh,NC,27612,https://www.camdenliving.com/apartments/raleigh-nc/camden-manor-park
30997,Camden Fallsgrove,719 Fallsgrove Dr,Rockville,MD,20850,https://www.camdenliving.com/apartments/rockville-md/camden-fallsgrove
78724,Camden North End,6800 E Mayo Blvd,Phoenix,AZ,85054,https://www.camdenliving.com/apartments/phoenix-az/camden-north-end?utm_source=gmb&utm_medium=local&utm_campaign=camden-north-end&y_source=1_MTE2Nzc1MjAtNzE1LWxvY2F0aW9uLndlYnNpdGU%3D
281130,Alta Crossing,11923 State Ave,Marysville,WA,98271,https://www.altacrossingmarysville.com/
273919,Avon Commons,597 Collins St,Avon,NY,14414,https://www.morgan-properties.com/apartments/ny/avon/avon-commons/
19743,Elan 41,4100 SW Edmunds St,Seattle,WA,98116,http://www.elan41apts.com/
49188,The Meadows,11012 Portland Ave E,Tacoma,WA,98445,http://themeadowsaptstacoma.com/
39789,Nash Springs,4275 Sanders View,Colorado Springs,CO,80916,https://www.nashspringsapts.com/?utm_source=obl&utm_medium=organic
17674,Hollywood Terrace,6550 Yucca St,Los Angeles,CA,90028,http://hpgmanagement.com/property/6550yucca/
55785,Gateway Village,3255 Gateway St,Springfield,OR,97477,http://gatewayvillageapartments.com/
386,Redwood Hollow,600 Weakley Ln,Smyrna,TN,37167,https://www.morgan-properties.com/apartments/tn/smyrna/redwood-hollow/
41388,Greenwoods,225 Battles St,Brockton,MA,2301,http://www.greenwoodsapts.com/
70583,Sofi Riverview Park,251 Brandon St,San Jose,CA,95134,https://www.sofiriverviewpark.com/
273516,The Abbey at Sonterra,20710 Huebner Rd,San Antonio,TX,78258,https://www.abbeyresidential.com/apartments/tx/san-antonio/abbey-at-sonterra/?utm_source=GMB&utm_medium=organic
3896,Preserve At Owings Crossing,10A Brookebury Dr,Reisterstown,MD,21136,https://www.morgan-properties.com/apartments/md/reisterstown/preserve-at-owings-crossing/
25996,Lumberton Apartment Homes,1401 Windmill Way,Lumberton,NJ,8048,https://www.morgan-properties.com/apartments/nj/lumberton/lumberton-homes/
3785,Shadowbrook,3852 S 1845 W,West Valley City,UT,84119,http://www.shadowbrookapartments.com/
15183,Beacon Hill,3100 Southgate Dr,Alexandria,VA,22306,https://www.beaconhillva.com/
26589,Parkview Flats,1306 Bradyville Pike,Murfreesboro,TN,37130,www.liveparkviewflats.com
3587,The Bluffs,10801 Lemon Ave,Rancho Cucamonga,CA,91737,https://www.thebluffs-apts.com/
77913,Sierra Vista,500 Arrowcreek Pkwy,Reno,NV,89511,http://www.sierravistaapt.com/
47164,Satyr Hill Apartments,2005 Lowell Ridge Rd,Parkville,MD,21234,https://www.satyrhillapartments.com/
35045,Carriage Park Apartments,5000 NE 72nd Ave,Vancouver,WA,98661,https://www.carriageparkapartmentswa.com/
275959,Wyndstone,15025 Tahoma Blvd SE,Yelm,WA,98597,https://www.wyndstonetarga.com/
41777,Bristle Pointe Apartments,2050 Longley Ln,Reno,NV,89502,https://www.kromerinvestments.com/apartments/bristle-pointe-apartment/
22393,21 Kristin,21 Kristin Dr,Schaumburg,IL,60195,https://www.21kristinapts.com/
239392,Blair Mill Village East,100 Upland Ave,Horsham,PA,19044,https://www.morgan-properties.com/apartments/pa/horsham/blair-mill-village-east/
265383,Monterey Garden,150 W 3rd Ave,San Mateo,CA,94402,https://www.themontereygarden.com/
74349,Villages at Eden Crossing,1070 Irongate Ln,Columbus,OH,43213,https://www.villagesatedencrossingohio.com/
244361,Cedar Gardens & Towers,8246 Church Ln,Windsor Mill,MD,21244,https://www.morgan-properties.com/apartments/md/windsor-mill/cedar-gardens-and-towers/
62865,The Preserve at Milltown,500 Meadowlake Dr,Downingtown,PA,19335,https://www.morgan-properties.com/apartments/pa/downingtown/preserve-at-milltown/
35788,Las Colinas at Black Canyon,34000 N 27th Dr,Phoenix,AZ,85085,https://www.rentanapt.com/apartments/az/phoenix/las-colinas-at-black-canyon/
26179,Shadow Ridge Apartments,3699 Barnard Dr,Oceanside,CA,92056,https://www.shadowridgeapartment.com/
302348,Spring Rose,10000 Club Creek Dr,Houston,TX,77036,https://www.springroseapartments.com/
217358,Webster Green Phase 1&2,1205 Rousseau Dr,Webster,NY,14580,http://www.webstergreen.com/
22383,Curren Terrace,1011 New Hope St,Norristown,PA,19401,https://www.morgan-properties.com/apartments/pa/norristown/curren-terrace/
72374,Alderwood Park,277 Junction Ave,Livermore,CA,94551,https://www.alderwoodparkaptliving.com/
268767,Market Flats,250 E Broad St,Bethlehem,PA,18018,https://www.marketflatsbethlehem.com/
231970,The Parkview,16551 Victory Blvd,Los Angeles,CA,91406,www.parkviewapartmentliving.com
272354,Alta,2220 97th St Ct S,Tacoma,WA,98444,https://www.altaaptstarga.com/
21110,Avonlea Riverside,3000 Shadowood Pkwy SE,Atlanta,GA,30339,https://www.avonleariverside.com/
58311,Winchester Park,4080 Waderidge Trail,Groveport,OH,43125,https://gowinchesterparkapts.com/
55342,Solana at the Crossing I and 2,7745 Solana Dr,Indianapolis,IN,46240,https://www.solanaluxuryliving.com/
265402,Elevate at Skyline,1999 Skyline Dr,McKinney,TX,75071,https://www.morgan-properties.com/apartments/tx/mckinney/skyline/
35585,The Docks,501 Riverfront Dr,Pittsburgh,PA,15238,https://www.morgan-properties.com/apartments/pa/pittsburgh/the-docks/
22544,The Seasons,3711 164th St SW,Lynnwood,WA,98087,https://www.theseasonsapartmenthomes.com/
219528,Portrait at Hance Park I,1313 N 2nd St,Phoenix,AZ,85004,https://portraitathancepark.com/
2498,Village Place,2111 Brandywine Rd,West Palm Beach,FL,33409,https://www.morgan-properties.com/apartments/fl/west-palm-beach/village-place/?utm_source=GBP&utm_medium=organic
74369,Local 1896,1896 Lorca Dr,Santa Fe,NM,87505,https://www.local1896apts.com/?utm_source=GoogleLocalListing&utm_medium=organic
77054,Saratoga Crossing,6141 Cedar Creek Way,Farmington,NY,14425,https://www.morgan-properties.com/apartments/ny/farmington/saratoga-crossing/
28164,Century Lake,51 Bishopsgate Dr,Cincinnati,OH,45246,https://www.morgan-properties.com/apartments/oh/cincinnati/century-lake/
287981,The Waters at Redstone,301 E Redstone Ave,Crestview,FL,32539,https://www.thewatersatredstone.com/
32971,The Urban,3601 E McDowell Rd,Phoenix,AZ,85008,http://www.liveattheurban.com/
63533,Helios,7901 E Belleview Ave,Englewood,CO,80111,http://www.livehelios.com/
28948,Oak Crest,12025 Richmond Ave.,Houston,TX,77082,https://www.liveoakcrestapts.com/
57772,Avonlea Tributary,2580 Summer Lake Rd,Lithia Springs,GA,30122,https://avonleatributary.com/
272127,The Acorn on Person Street,422 S Person St,Raleigh,NC,27601,https://theacornraleighapartments.com/
28728,ArtHaus Central,544 Central Ave,Alameda,CA,94501,https://www.arthauscentral.mov/
41927,University Heights,250 Colonnade Dr,Charlottesville,VA,22903,http://www.uheights.net/
245185,Parkwood Apartments,826 S Schumaker Dr,Salisbury,MD,21804,https://www.parkwoodsby.com/
282142,Mews at Annandale,1 Ashwood Court,Annandale,NJ,8801,https://www.morgan-properties.com/apartments/nj/annandale/mews-at-annandale/
47367,Westerlee Apartment Homes,8 Poolside Ct,Baltimore,MD,21228,https://www.morgan-properties.com/apartments/md/baltimore/westerlee/
16947,Chateau De Ville,4040 Spring Valley Rd,Farmers Branch,TX,75244,https://www.rentanapt.com/apartments/tx/farmers-branch/chateau-de-ville//?utm_source=GMB&utm_medium=organic
243746,Ventana Hills,1350 Ventana Dr,Coraopolis,PA,15108,https://www.ventanahillsliving.com/
12345,Villas at Parkside,4000 Parkside Center Blvd,Farmers Branch,TX,75244,https://www.rentanapt.com/apartments/tx/farmers-branch/villas-at-parkside/?utm_source=GMB&utm_medium=organic
22581,Tessera,1304 Bruskrud Rd,Everett,WA,98208,https://www.tesseraapartments.com/
161,Hickory Mill,2767 Hickory Mill Dr,Hilliard,OH,43026,https://www.morgan-properties.com/apartments/oh/hilliard/hickory-mill
20507,The Crossing at Henderson Mill,3340 Lansbury Village Dr,Atlanta,GA,30341,http://www.hendersonmill.com/
4775,Parklane Commons,1283 W Parklane Blvd,Chandler,AZ,85224,https://www.parklanecommonsaz.com/
23745,Brookdale at Mark Center,1400 N Beauregard St,Alexandria,VA,22311,https://www.morgan-properties.com/apartments/va/alexandria/brookdale/
272721,Costa Verde,7000 Fonvilla St,Houston,TX,77074,https://www.costaverdehtx.com/
39344,Townhomes at Kyrene,647 W Baseline Rd,Tempe,AZ,85283,https://www.townhomesatkyrene.com/
281928,Mosby Citrus Ridge,130 Orlando Breeze Cir,Davenport,FL,33897,https://www.mosbycitrusridge.com/?utm_source=GBP&utm_medium=organic&utm_knock=g
20953,Lakes at Lewisville,290 Lake Park Rd,Lewisville,TX,75057,https://www.lakesatlewisville.com/
40739,Bouldercrest,2000 Wilson Rd,Knoxville,TN,37912,https://bouldercrestapartments.com/
27762,UCA,2404 Nutwood Ave,Fullerton,CA,92831,https://www.ucaapts.com/
11946,Crystal Ridge,1500 N 9th St,Midlothian,TX,76065,http://www.villasofcrystalridge.com/
240910,Sunblossom Woods,4545 Cook Rd,Houston,TX,77072,https://www.sunblossomwoods.com/
73728,Rockside Park Towers,25400 Rockside Rd,Bedford Heights,OH,44146,https://www.ownerslive.com/apartments/oh/bedford-heights/rockside-park-towers/?utm_source=GBP&utm_medium=organic
1785,Beech Meadow,147 Diplomat Ct,Beech Grove,IN,46107,https://www.beechmeadowaptsin.com/
28598,Mira Vista at La Cantera,16505 La Cantera Pkwy,San Antonio,TX,78256,https://www.rentanapt.com/apartments/tx/san-antonio/mira-vista//?utm_source=GMB&utm_medium=organic
30380,Whispering Woods,2501 Prescott Rd,Modesto,CA,95350,http://www.thewhisperingwoodsapts.com/
49007,Belclaire,5600 SMU Boulevard,Dallas,TX,75206,https://www.belclaireluxuryliving.com/
19582,Bella Fiore,2881 N Rancho Dr,Las Vegas,NV,89130,https://www.bellafioreliving.com/
242360,Oaks Vernon,5400 Vernon Ave S,Edina,MN,55436,http://www.oaksvernon.com/
72979,Rock Creek Commons,11800 NE 124th Ave,Vancouver,WA,98682,https://www.missionrockresidential.com/apartments/wa/vancouver/rock-creek-commons/
12368,Ballantyne,2801 Denton Tap Rd,Lewisville,TX,75067,www.rentanapt.com/ballantyne
75537,The Waverly,100 Waverly Dr,Bay St. Louis,MS,39520,https://www.waverlyms.com/
218595,678 Bellflower,678 Bellflower Ave,Sunnyvale,CA,94086,https://www.liveat678bellflower.com/
22552,La Vina Apartments,4601 Gerrilyn Way,Livermore,CA,94550,https://www.lavinaapts.com/
275753,Deer Park,610 Wood St,Athens,TX,75751,https://www.deerparkathens.com/
73713,Briarcliff Manor,93 Westgate Dr,Wheeling,WV,26003,https://www.briarcliffmanorapts.com/
65792,Starkweather Lofts,301 Plymouth Rd,Plymouth,MI,48170,https://www.starkweatherlofts.com/
224728,Oak Place,12500 S Western Ave,Oklahoma City,OK,73170,https://www.morgan-properties.com/apartments/ok/oklahoma-city/oak-place/
72121,Mango Tree,2002 E Santa Clara Ave,Santa Ana,CA,92705,https://www.mangotreeapt.com/
40722,Eagle Pointe,8608 Eagle Pointe Dr,Knoxville,TN,37931,http://www.eaglepointeknoxville.com
4167,The Hilltop,2402 S 61st St,Temple,TX,76502,https://www.the-hilltop.com/
5954,Riverside North,3507 Dayton Blvd,Chattanooga,TN,37415,https://www.liveriversidenorth.com/
56711,Josephine DTLA,801 S Hope St,Los Angeles,CA,90017,https://www.josephinedtla.com/
24156,Regency Plaza,600 J St,Martinez,CA,94553,https://www.rutherfordliving.com/apartments/ca/martinez/regency-plaza/
41571,Lakefront on Washington,538 Lakeside Ave S,Seattle,WA,98144,https://www.lakefrontonwashington.com/?utm_source=GBP&utm_medium=organic
25930,Edgewater Gardens,762 Greens Ave,Long Branch,NJ,7740,https://www.morgan-properties.com/apartments/nj/long-branch/edgewater-gardens/
18351,Maiden Bridge & Canongate Apartments,100 White Hampton Ln,Pittsburgh,PA,15236,https://www.morgan-properties.com/apartments/pa/pittsburgh/maiden-bridge-and-canongate-apartments/
16373,The Villages At Montpelier,11686 S Laurel Dr,Laurel,MD,20708,https://www.morgan-properties.com/apartments/md/laurel/villages-at-montpelier/
48198,Regency Lakeside,10506 Pacific St,Omaha,NE,68114,https://www.morgan-properties.com/apartments/ne/omaha/regency-lakeside/
221893,Union on Thompson,1000 Thompson Pl,Nashville,TN,37217,http://unionthompson.com/
33530,Hill Brook Place Apartments,2517 Dunks Ferry Rd,Bensalem,PA,19020,https://www.morgan-properties.com/apartments/pa/bensalem/hill-brook-place/
78555,Ridges Of Geneva East,400 Edwards Blvd,Lake Geneva,WI,53147,https://www.blakecapitalcorp.com/apartments/wi/lake-geneva/the-ridges-of-geneva-east/
222719,Penbrooke Meadows,351 Penbrooke Dr,Penfield,NY,14526,https://www.morgan-properties.com/apartments/ny/penfield/penbrooke-meadows-apartments/
16733,Sofi Laguna Hills,24555 Los Alisos Blvd,Laguna Hills,CA,92653,https://www.sofilagunahills.com/
64945,Alcove Apartments,7261 Crossroads Garden Dr,Orlando,FL,32821,https://www.livealcoveapts.com/
7792,Chatham Village,16331 McFadden Ave,Tustin,CA,92780,www.chathamvillageapts.com
234736,Sky at Chandler Airpark,1441 E Germann Rd,Chandler,AZ,85286,https://www.rentanapt.com/apartments/az/chandler/sky-at-chandler-airpark/
37735,Luminous,5905 W Charleston Blvd,Las Vegas,NV,89146,www.liveatluminous.com
60757,The Luke,8280 164th Ave NE,Redmond,WA,98052,http://www.theluke.com
15306,Eagle Crest,5303 Atascocita Road,Humble,TX,77346,https://www.eaglecrestliving.com/
58164,Uptown NW Collection: Benevento,2275 NW Raleigh St,Portland,OR,97210,https://www.uptown-nw.com/
14978,Summit Pointe,108 Summit Pointe,Scranton,PA,18508,https://www.morgan-properties.com/apartments/pa/scranton/summit-pointe/
263368,Marina Villa,8150 Shore Dr,Norfolk,VA,23518,https://www.marinavillaapartments.com/
6141,Sabal Palm At Carrollwood,3602 Carrollwood Pl Cir,Tampa,FL,33624,https://www.sabalpalmaptstampa.com/
25763,One55 Lofts,155 Andersen Dr,San Rafael,CA,94901,https://www.liveatone55lofts.net/
227981,Sixth & Alder,3118 6th Ave,Tacoma,WA,98406,https://www.6thandalderapartments.com
62134,Marquis Place,1000 Marquis Pl,Murrysville,PA,15632,https://www.morgan-properties.com/apartments/pa/murrysville/marquis-place/
51767,Lake Pointe,3471 Sunnyside Drive,Portage,IN,46368,https://www.morgan-properties.com/apartments/in/portage/lake-pointe/
6168,Skyline Redmond,7001 Old Redmond Rd,Redmond,WA,98052,https://www.skylineredmond.com/
74370,The Mica,825 Calle Mejia,Santa Fe,NM,87501,https://www.themicaapts.com/
28393,Stoneybrook,6933 Border Brook,San Antonio,TX,78238,https://www.rentanapt.com/apartments/tx/san-antonio/stoneybrook/
35374,Artemis at Spring Canyon,4510 Spring Canyon Heights,Colorado Springs,CO,80907,https://www.liveartemis.com/
35934,Hawthorn Village,3663 Solano Ave,Napa,CA,94558,http://www.hawthornvillageapts.com
32979,Sofi Shadowridge,1850 Thibodo Rd,Vista,CA,92081,https://www.sofishadowridge.com/
20747,The Citizen on Anza,23418 Anza Ave,Torrance,CA,90505,https://www.liveatcitizen.com/citizenanza/
293198,Pinnacle Point,3518 Pacific Hwy E,Fife,WA,98424,https://www.pinnaclepointapts.com/
46588,Winchester Run,201 SE 89th St,Oklahoma City,OK,73149,http://www.winchesterrun.com/
70904,Place One,777 W Germantown Pike,Plymouth Meeting,PA,19462,https://www.morgan-properties.com/apartments/pa/plymouth-meeting/place-one/
25924,Country Village,480 Country Dr,Dover,DE,19901,https://www.morgan-properties.com/apartments/de/dover/country-village/?utm_source=GMB&utm_medium=organic
1818,Ridgemont,20 Mason Dr,Chattanooga,TN,37415,http://www.ridgemontapartments.com/
14700,Gateway Park,4255 Kittredge St,Denver,CO,80239,https://www.gatewaypark-apts.com/
39094,Bayou Landing,9245 Cuandet Rd,Gulfport,MS,39503,https://www.bayoulandingapts.com/?utm_source=GMB&utm_medium=organic.
6356,Abbey at Champions,14101 Walters Rd,Houston,TX,77014,https://www.abbeyresidential.com/apartments/tx/houston/champions/#/
301324,Plaza on Hammerly,8515 Hammerly Blvd,Houston,TX,77055,https://www.plazaonhammerlyapartments.com/
243907,Tall Oaks Apartments,2330 N Oliver St,Wichita,KS,67220,http://www.talloaksapt.com/
25529,Emerald Ridge,12575 9th St,Garden Grove,CA,92840,http://www.emeraldridgeapt.com/
236914,Woodbridge,5710 River Run Trail,Fort Wayne,IN,46825,https://gowoodbridgefortwayne.com/
2540,The Docks at Redmond Lakeview,4250 West Lake Sammamish Pkwy NE,Redmond,WA,98052,https://www.docksatredmond.com/
7370,Morganton Place,5650 Netherfield Pl,Fayetteville,NC,28314,https://www.morgan-properties.com/apartments/nc/fayetteville/morganton-place/
97588,The Landings at Meadowood I,111 Pebblewood Ln,Baldwinsville,NY,13027,https://www.morgan-properties.com/apartments/ny/baldwinsville/the-landings-at-meadowood/
16806,The Retreat at Fitzsimons,13700 E 5th Cir,Aurora,CO,80011,https://www.retreatatfitzsimons.com/
4904,Saybrooke,100 Old MacDonald Rd,Gaithersburg,MD,20877,https://www.saybrookeapartments.com/
19369,Foothill Courtyards,1360 Foothill Dr,Vista,CA,92084,http://www.foothillcourtyard.com/
17697,Sierra Gardens,3915 La Sierra Ave,Riverside,CA,92505,http://www.rent-sierragardens.com/
13901,Carrington Point,50 Carrington Ln,Douglasville,GA,30135,https://www.livecarringtonpoint.com/?utm_knock=gmb
10343,Willow Glen,1301 Sycamore School Rd,Fort Worth,TX,76134,http://www.liveatwillowglen.com/
4767,The Pointe at South Mountain,8809 S Pointe Pkwy E,Phoenix,AZ,85044,https://www.pointeatsouthmountain.com/
41137,The Landing at Channel Islands,3650 Ketch Ave,Oxnard,CA,93035,https://www.thelandingatchannelislands.com/
2356,Lakes of Schaumburg,801 Belinder Ln,Schaumburg,IL,60173,https://www.morgan-properties.com/apartments/il/schaumburg/lakes-of-schaumburg/
25551,Morada Grande,5421 W Indian School Rd,Phoenix,AZ,85031,www.MoradaGrande.com
29486,Avery at Moorpark,4767 Moorpark Ave,Moorpark,CA,93021,https://www.averyatmoorpark.com/
34587,Villas Of Vista Del Norte,13000 Vista Del Norte,San Antonio,TX,78216,https://www.rentanapt.com/apartments/tx/san-antonio/villas-of-vista-del-norte/
11909,Rancho Mirage,1200 Hidden Ridge,Irving,TX,75038,https://www.ranchomirageirvingtx.com/
15495,El Sol Del Rio,14405 Rio Bonito Rd,Houston,TX,77083,https://www.elsoldelrioapartments.com/
32340,Lakewood I & II,50 Lakewood Dr,Salisbury,NC,28147,https://www.morgan-properties.com/apartments/nc/salisbury/lakewood/
49752,Revolve,3945 S 700 W,Murray,UT,84123,https://www.revolveapts.com/
53117,Watersedge Apartments,936 Waterview Way,Champaign,IL,61822,https://www.watersedgeapartments.net/
24910,Bella Vista Apartments,1500 Vista Club Cir,Santa Clara,CA,95054,www.bellavista-apartments.com
17773,Lennox,10350 W McDowell Rd,Avondale,AZ,85392,https://www.lennoxluxuryliving.com/
255748,Everton Flats,3S635 Everton Dr,Warrenville,IL,60555,https://www.evertonflats.com/
27787,Fairways 5,8710 Datapoint Dr,San Antonio,TX,78229,http://www.fairways5.com/
43927,The Arbors at Edenbridge,8309 Arbor Station Way,Parkville,MD,21234,https://www.morgan-properties.com/apartments/md/parkville/arbors-at-edenbridge/
60995,Vineland Village,890 E Walnut Rd,Vineland,NJ,8360,https://www.morgan-properties.com/apartments/nj/vineland/vineland-village/
226992,Forest Ridge,790 S Basswood Dr,Bloomington,IN,47403,https://www.forestridgebloomington.com/forest-ridge-bloomington-in/
42940,Park Vue Place,801 Holly Springs Ave,Richmond,VA,23224,https://www.parkvueplace.com/
26911,Summerlinn at Concord,500 Summerlake Dr SW,Concord,NC,28025,https://www.morgan-properties.com/apartments/nc/concord/summerlin-at-concord/
7950,1820 South Apartments,1820 S Crawford St,Mount Pleasant,MI,48858,https://www.1820southapts.com/
32540,Stonegate at Devon,300 Avon Rd,Devon,PA,19333,https://www.morgan-properties.com/apartments/pa/devon/avon-road/
75475,The Marc Palo Alto,501 Forest Ave,Palo Alto,CA,94301,https://www.themarc-pa.com/
301321,Las Rocas,5810 Fondren Rd,Houston,TX,77036,https://www.lasrocashtx.com/
17091,Museum Terrace,600 S Curson Ave,Los Angeles,CA,90036,https://www.museumterraceapts.com/
37177,Lakeside Landing,67 Blue Stone Ct,Lakeside Park,KY,41017,http://www.lakesidelandingapts.com
275151,Hamlet at MidCity,100 Chawston Ave,Huntsville,AL,35806,https://www.hamletatmidcity.com/?utm_source=GBP&utm_medium=organic&utm_knock=gmb#/
278167,Aspen Vista at Anchor Pointe,548 Aurora Vw Dr,Reno,NV,89506,https://www.aspenvistaliving.com/
235372,Marley Manor I & II,1000 Marley Manor Dr,Salisbury,MD,21804,https://livemarleymanor.com/
4155,Cornerstone at Overlook,4934 Woodstone Dr,San Antonio,TX,78230,https://www.cornerstoneatoverlook.com/
33267,Brookside Village,28700 34th Ave S,Auburn,WA,98001,https://www.brooksidevillageapts.com/
218987,The Retreat at Fairhope Village,300 Fly Creek Ave,Fairhope,AL,36532,https://www.theretreatatfairhopevillage.com/
15117,Village at Potomac Falls,20576 Idle Brook Terrace,Sterling,VA,20165,https://www.morgan-properties.com/apartments/va/sterling/village-at-potomac-falls/?utm_source=google&utm_medium=ILS%20Site&utm_campaign=Village%20at%20Potomac%20Falls%20Apartment%20Homes%20Google
243734,Tuscany Pointe at Somerset Place,23126 Post Gardens Way,Boca Raton,FL,33433,https://www.morgan-properties.com/apartments/fl/boca-raton/tuscany-pointe/
25992,Lakeview Terrace,29 Lakeview Terrace,Eatontown,NJ,7724,https://www.morgan-properties.com/apartments/nj/eatontown/lakeview-terrace/
37352,Falcon View,201 E Palestine Ave,Madison,TN,37115,https://falconviewtn.com/
6392,Abbey at Conroe,231 Interstate 45 N,Conroe,TX,77304,https://www.abbeyresidential.com/apartments/tx/conroe/interstate-45-north/
256322,Lumen Doraville,4256 Tilly Mill Rd,Atlanta,GA,30360,https://www.lumendoraville.com/#/
5356,The Pointe at Stafford,300 Park Ridge Ct,Stafford,VA,22554,https://www.morgan-properties.com/apartments/va/stafford/the-pointe-at-stafford/
35566,Astoria Park,3640 Beluga Ln,Indianapolis,IN,46214,https://www.morgan-properties.com/apartments/in/indianapolis/astoria-park/
239144,Bridges at San Ramon,309 Springfield Dr,San Ramon,CA,94583,http://www.bridgesatsanramonapts.com/
46690,Aqua at Windmeadows,3700 Windmeadows Blvd,Gainesville,FL,32608,https://goaquaapartments.com/
26617,The Avenues at RTP,600 Discovery Way,Durham,NC,27703,https://www.avenuesatrtp.com/
44765,Aero Place Apartments,3885 Lakehurst Drive,Colorado Springs,CO,80916,https://www.aeroplaceliving.com/
46954,The Willows Apartments,425 Willowdale Dr,Spartanburg,SC,29303,https://gothewillows.com/
277540,24Hundred,2400 Watermark Blvd,Oklahoma City,OK,73134,https://www.caseusa.com/apartments/ok/oklahoma-city/24-hundred/
43299,Windsail,9808 E 73rd St,Tulsa,OK,74133,https://www.caseusa.com/apartments/ok/tulsa/windsail/
255548,Redbud Ranch,2701 N 23rd St,Broken Arrow,OK,74012,https://www.caseusa.com/apartments/ok/broken-arrow/redbud-ranch/#/
45912,Villas of Waterford,8510 East 29th St N,Wichita,KS,67226,www.villasofwaterfordapartmentswichita.com
7013,The Mark of Ridgeland,711 Lake Harbour Dr,Ridgeland,MS,39157,https://www.caseusa.com/apartments/ms/ridgeland/the-mark/
7758,The Pointe of Ridgeland,831 Rice Rd,Ridgeland,MS,39157,https://www.caseusa.com/apartments/ms/ridgeland/pointe-of-ridgeland/
43362,Sunchase Apartments,8101 E 93rd St,Tulsa,OK,74133,http://www.sunchaseapartmentstulsa.com/
60311,The Reserve at Elm,701 W 101st Pl S,Jenks,OK,74037,http://www.reserveatelmapartmentstulsa.com/
5135,Summerfield Place,11777 N Meridian Pl,Oklahoma City,OK,73162,www.summerfieldplaceapartmentsoklahomacity.com
57195,Tribeca,720 W 3rd Ave,Columbus,OH,43212,https://tribecacolumbus.com/
72391,Lumina,301 Washington St,Conshohocken,PA,19428,https://liveatlumina.com/
298586,Gateway Lofts Lexington,380 Virginia Ave,Lexington,KY,40504,https://gatewayloftslexington.com/
258789,Luxe 88,1025 Luxe Ave,Columbus,OH,43220,https://luxe88apts.com/
59649,801 Polaris,801 Polaris Pkwy,Columbus,OH,43240,https://801polaris.com/
223507,The West Living,6620 W National Ave,West Allis,WI,53214,https://mandelgroup.com/apartments/the-west-living/
20067,Cayman,12900 E Loop 1604 N,Universal City,TX,78148,https://www.caymanluxuryliving.com/
20770,Lexington Commons,5530 Colony Way,Bartlesville,OK,74006,www.lexingtoncommonsapts.com
255881,City Garden Apartments,357 27th St,Ogden,UT,84401,https://www.liveatcitygarden.com/
234975,Huntley,650 Silver Bluff Rd,Aiken,SC,29803,https://www.liveaikensc.com/
300768,Tabor View Lofts,2655 SE 50th Ave,Portland,OR,97206,https://www.livetaborview.com/
240132,Deerfield Place,1 Patriot Cir,Utica,NY,13502,http://www.deerfieldplaceutica.com/
37756,Civic Center West,4740 US-51,Southaven,MS,38671,http://www.civiccenterapts.com/
32371,Villas de Fontenelle,430 W Rainbow Cir,Kokomo,IN,46902,http://www.villasdefontenelle.com/
26852,Emberwood,100 S Meyers Dr,Lafayette,LA,70508,www.emberwood-apts.com
18701,The Marq at 1600,1600 E University Ave.,Las Vegas,NV,89119,https://www.themarqat1600.vegas/
236298,Strasser Village,300 N 4th St,Manhattan,KS,66502,https://mcculloughcorporate.prospectportal.com/manhattan/strasser-village-300-n-4th-street
19914,Rustic Oaks Apts.,15963 Le Claire Ave,Oak Forest,IL,60452,https://www.rusticoaksapartments.com/
42261,Casas de Soledad,3901 Sonoma Springs Rd,Las Cruces,NM,88011,http://www.casasdesoledadapt.com/
252337,Halston Waterleigh,10091 Tuller Loop,Winter Garden,FL,34787,https://halstonwaterleigh.com/
227941,Spring River I,1600 N Sycamore Ave,Roswell,NM,88201,http://www.springriverapartments.com/
282930,Spring Ridge on Fletcher,794 Fletcher Ln,Hayward,CA,94544,http://www.springridgeonfletcher.com/?utm_knock=g
257301,SoNa Lofts,6675 W National Ave,West Allis,WI,53214,https://sonalofts.prospectportal.com/
48052,Summerville Station,1660 Old Trolley Rd,Summerville,SC,29485,https://www.summervillestationapts.com/
12285,Parks at Treepoint,6601 Treepoint Dr,Arlington,TX,76017,http://www.parksattreepoint.com/
17158,Ashford Casa Serena,6310 Dumfries Dr,Houston,TX,77096,https://www.ashfordcasaserena.com/
257328,Seasons at Mount Pleasant,4301 Yates Dr,Mt Pleasant,WI,53403,https://www.seasonsmtpleasant.com/
233260,Republic Palms,1740 E Hamilton St,Republic,MO,65738,https://republicpalms.thewootenco.com/
37538,Amalie Apartment Homes,5646 Amalie Dr,Nashville,TN,37211,https://www.liveamalie.com/
293923,Woods at Countryside Crossing,994 Countryside Xing Wy,Avon,IN,46123,https://www.woodsatcountrysidecrossing.com/
58697,Vargos On The Lake,2411 Fondren Rd,Houston,TX,77063,www.vargosonthelake.com
263992,Rivermont Park,2935 Rivermont Ave,Lynchburg,VA,24503,https://www.rivermontparkapts.com/
23723,Pheasant Run,9 Silver Dr,Nashua,NH,3060,http://www.yourpheasantrun.com/
48482,Residences at Old Carolina,66 Buck Island Rd,Bluffton,SC,29910,https://www.residencesoldcarolina.com/
20959,Dove Valley Apartment Homes,7550 S Blackhawk St,Englewood,CO,80112,https://www.dovevalleyapts.com/
234772,The Pointe at Harpers Mill,600 Harpers Mill Rd,Glen Burnie,MD,21108,http://www.liveattp.com/
5735,Aventura Apartments,5300 Cinderlane Pkwy,Orlando,FL,32808,https://aventuraorlandoapartments.prospectportal.com/
221266,Stonegate Apartments,1424 Stoney Meadows Dr,Manchester,MO,63088,http://www.stonegateapartmentsstl.com/
62199,Cyan on Peachtree,3380 Peachtree Rd NE,Atlanta,GA,30326,http://www.cyanonpeachtree.com/
64369,Modera South Lake Union,435 Dexter Ave N,Seattle,WA,98109,http://www.moderasouthlakeunion.com/
44339,Pronghorn Apartments,1700 W 25th St,Casper,WY,82604,https://www.pronghorncasper.com/?utm_source=GMB&utm_medium=organic
69656,Nordica Landing,1756 S Clyde Morris Blvd,Daytona Beach,FL,32119,https://nl.prospectportal.com/
67684,Two Light,1444 Grand Blvd,Kansas City,MO,64106,http://twolightkc.com/
75081,The Falls at Mesa Point,368 S Mall Dr,St George,UT,84790,https://www.live-mesapoint.com/
58169,4th Main,390 E Main St,Hillsboro,OR,97123,https://4thmain.tokolaproperties.com/
77051,Solameer,13357 S Prima Sol Drive,Herriman,UT,84096,https://www.solameerslc.com/solameer-townhomes-herriman-ut/
23372,Stewart Arms,230 N 11th St,Las Vegas,NV,89101,https://www.stewartarms.vegas/
68702,Regalia Bella Terra I,24151 Bella Dolce Ln,Katy,TX,77494,https://www.regaliabellaterra.com/
35859,Echelon Chicago,353 N Desplaines St,Chicago,IL,60661,www.echelonchicago.com
20791,The Avenues of Kennesaw West,3900 George Busbee Pkwy NW,Kennesaw,GA,30144,www.theavenuesofkennesaw.com
38285,Warwick,8001 Jefferson Hwy,Baton Rouge,LA,70809,www.liveatwarwick.com/
30249,Emerald Pointe,201 S Camino Seco,Tucson,AZ,85710,www.emeraldpointeapartments.com
39372,Redfield Ridge,4959 Talbot Ln,Reno,NV,89509,http://www.redfieldridgeapts.com
232502,Drexel Ridge I,7798 S Drexel Ridge Way,Oak Creek,WI,53154,http://drexelridge.com/
23296,Clinton Manor,24666 Katherine Ct,Harrison Township,MI,48045,https://www.clintonmanor-apts.com
29448,Manor Homes of Fox Crest,3151 NW 90th St,Kansas City,MO,64154,http://www.manorhomesapts.com/
36905,Kilburn Crossing,6601 Charmed Way,Fredericksburg,VA,22407,https://www.livekilburncrossing.com/
63940,Riverhouse,1200 Brookwood Dr,Little Rock,AR,72202,http://www.riverhouselittlerock.com/
67722,North End Vignette,1551 N Water St,Milwaukee,WI,53202,https://thenorthendapartments.com/
23950,Argenta,4104 E Broadway Rd,Mesa,AZ,85206,https://www.argentaaz.com/
19540,Chopaka,145 Newport Way NW,Issaquah,WA,98027,www.chopakaapartments.com
280797,Aspire,6611 Seahurst Dr,Canal Winchester,OH,43110,https://www.aspireapthomes.com/
30171,The Henry at Rosenberg,3419 Fountains Dr,Rosenberg,TX,77471,https://www.thehenryatrosenberg.com/
289113,Infinity Hammock Bay West,205 Hammock Trail E,Freeport,FL,32439,https://infinityhammockbay.com/infinity-hammock-bay-west/
26513,Arrive Oak Brook Heights,201 W Oakley Dr NW,Westmont,IL,60559,https://www.arriveoakbrookheights.com/
11727,Rise Bedford Lake,1300 Shady Ln,Bedford,TX,76021,https://www.risebedfordlake.com/
258254,14Fifty Neo City,1450 Neo Square Blvd,Kissimmee,FL,34744,https://www.14fiftyapartments.com/
78720,Kingsley Apartments,287 Textile Wy,Fort Mill,SC,29715,http://www.kingsleyapartmenthomes.com/
231669,Riverwood Apartments,10916 75th St,Kenosha,WI,53142,www.riverwoodapts.com
239274,Strata on California,6312 California Ave SW,Seattle,WA,98136,http://www.strataoncalifornia.com
218956,Coronado Villas,9225 E Tanque Verde Rd,Tucson,AZ,85749,https://coronadovillas.tokolaproperties.com/
28085,Canyon Square Townhomes,8030 Old Kings Rd S,Jacksonville,FL,32217,http://www.canyonsquare.com/
242976,Kelly Farms,1280 Cinnamon Hill Ln,Columbia,MO,65201,http://www.kellyfarms.com/?fbclid=IwAR3Ht2UTDJGEhVJqHMlcBmpL_RXbUH4u9mVSJ-Z1gopj5mzcXzrLI4u3ilk
74344,Private Reserve Townhomes,2044 Suffolk Ln,Indianapolis,IN,46260,http://www.privatereserveapts.com
220317,The Logan at Osborn,240 W Osborn Rd,Phoenix,AZ,85013,https://www.loganatosborn.com/
36173,Wedgewood on the Green,161 Green Moor Way,Henrietta,NY,14467,https://wg.barringtonresidential.com/
40942,Los Altos,5412 S Steele St,Tacoma,WA,98409,https://www.rentatlosaltos.com/
52339,Legacy Crossing,1162 W 200 N,Centerville,UT,84014,http://www.legacycrossingapartments.com
259777,Covey Homes Greene,207 Wild Fern Dr,Boiling Springs,SC,29316,https://coveyhomesbymore.com/neighborhood/greene/
44148,Glacier View,3000 SW Corbeth Ln,Troutdale,OR,97060,https://glacierview.tokolaproperties.com/
255110,Broadway190,11813 E Broadway Ave,Spokane Valley,WA,99206,https://www.broadway190.com/
41644,West Mall Terrace,4720 S Pine St,Tacoma,WA,98409,www.rentatwestmallterrace.com
8079,Aspen Lakes,1701 Knapp St NE,Grand Rapids,MI,49505,https://www.ampresidential.com/aspen-lakes-grand-rapids-mi/contact?utm_source=GoogleMyBusiness&utm_medium=organic&utm_campaign=website_link
63498,Hanover Montrose,3400 Montrose Blvd,Houston,TX,77006,http://www.hanovermontrose.com/
37910,Maryland Park,2170 McKelvey Rd,Maryland Heights,MO,63043,https://www.livemarylandpark.com/
282258,Mystic Point,180 Exton Rd,Somers Point,NJ,8244,https://www.frginc.com/apartment/mystic-point/
9297,Park Creek Manor,2520 Coombs Creek Dr,Dallas,TX,75211,https://www.parkcreekmanor.com/
239312,Eland Downe Townhouses,1401 Eland Downe,Phoenixville,PA,19460,https://www.liveeland.com/
55299,High Grove,100 Lochlyn Pl,Bonaire,GA,31005,https://www.highgrovegeorgia.com/
36551,Deer Wood,110 Champions Dr,Lufkin,TX,75901,www.deerwood411.com
77161,Wendwood Square,100 Radcliff Ln,Newport News,VA,23602,https://wsa.prospectportal.com/
225952,Seranado Fountain,100 S Seranado St,Orange,CA,92869,http://www.seranadofountainapartments.com/
20551,Rise at the Preserve,1502 W Glendale Ave,Phoenix,AZ,85021,https://www.riseatthepreserve.com/?utm_source=google_business&utm_medium=profile&utm_campaign=google
44938,Sunset Ridge,3825 Little Rock Dr,Antelope,CA,95843,www.thesunsetridgeapts.com
52243,Ashley Village,2272 Sunshine Pl,Columbus,OH,43232,https://www.ashleyvillageapts.com/
223037,River House,891 Ingleside Ave,Columbus,OH,43215,https://riverhousecolumbus.com/
252116,Emerson Park,6735 Brookline Gardens Rd,Westerville,OH,43081,https://www.liveemersonpark.com/
62790,Cottonwood Lighthouse Point,4411 N Federal Hwy,Pompano Beach,FL,33064,https://www.cottonwoodlighthousepointapts.com/
13793,Bear Run Village,100 Bear Run Dr,Pittsburgh,PA,15237,https://www.liveatbearrunvillage.com/bear-run-village-pittsburgh-pa/
486,Rosewood,8525 N Armenia Ave,Tampa,FL,33604,https://rwoodapts.prospectportal.com/
35778,Brazos Ranch,7404 Town Center Blvd,Rosenberg,TX,77471,https://www.brazosranch-apts.com/
255637,Tuscany at Gabriella Pointe,3545 E Warner Rd,Gilbert,AZ,85296,https://www.rentanapt.com/apartments/az/gilbert/e-warner-rd/
269642,Veranda,1000 W Girard Ave,Philadelphia,PA,19123,https://www.verandaphilly.com/
52697,Clearview,12100 Clearview Ln,Holland,MI,49424,https://www.liveatclearview.com/
237704,AMLI on Aldrich,2401 Aldrich St,Austin,TX,78723,https://www.amli.com/apartments/austin/mueller-apartments/amli-on-aldrich
37065,Pointe Inverness,7051 Pointe Inverness Way,Fort Wayne,IN,46804,https://www.ptinverness.com/
220088,Ashbrooke,415 NE Delaware Ave,Ankeny,IA,50021,http://www.ashbrookeapts.com/
21597,Arrive West Linn,4001 Robin Pl,West Linn,OR,97068,https://arrivewestlinn.com/
67734,1213 Walnut,1213 Walnut St,Philadelphia,PA,19107,https://www.1213walnut.com/
16060,Ellyn Crossing,440 Gregory Ave,Glendale Heights,IL,60139,https://www.ellyncrossing.com/?utm_source=Google%20Local%20Listing&utm_medium=Organic
26716,Colony Oaks,19 Petunia Dr,North Brunswick Township,NJ,8902,http://www.colonyoaksapartments.com/
18082,River Rock,11301 N 53rd St,Temple Terrace,FL,33617,https://riverrockapt.prospectportal.com/
20169,Rivoli Run,200 Charter Ln,Macon,GA,31210,https://www.rivolirunapartments.com/?switch_cls[id]=100991
298704,Canyon Ridge,2552 E Gowen Rd,Boise,ID,83716,https://www.canyonridgeboise.com/
48847,Cimarron Ridge,6427 Grelot Rd,Mobile,AL,36695,http://www.cimarronridgeapartmenthomes.com/
5967,Bryan Hill,7204 NW 36th St,Bethany,OK,73008,https://www.bryanhillapartments.com/
235788,Rails,2939 Main St,Buffalo,NY,14214,https://www.therailsapt.com/
253444,Advenir at Boulder Creek,11576 Pearland Pkwy,Houston,TX,77089,https://www.advenirliving.com/bouldercreek/
254973,Oakwood Hills,2451 Oakwood Hills Dr,Mechanicsburg,PA,17055,https://www.oakwoodhillsapts.com/
97778,Brookview at Navarre Sound,7381 Navarre Pkwy,Navarre,FL,32566,https://www.brookviewatnavarresound.com/
31432,Vineyards,21550 Provincial Blvd,Katy,TX,77450,https://www.vineyardsapts.com/
21092,Royale,3593 Buford Hwy NE,Atlanta,GA,30329,https://royale.prospectportal.com/
238862,Bells Bluff,7600 Cabot Dr,Nashville,TN,37209,https://www.bellsbluff.com/
56687,Cottonwood Westside,691 14th St NW,Atlanta,GA,30318,www.cottonwoodwestside.com
1060,Bolton Estates,5400 Lindbergh Blvd,Columbus,OH,43228,www.boltonestatesapts.com
33550,Princeton Bradford Apartment Homes,28 Forest Acres Dr,Haverhill,MA,1835,https://www.princetonbradford.com/
240761,The Pearl,1661 Pearl St,Eugene,OR,97401,https://www.ptlamgmt.com/eugene/the-pearl/conventional/
247119,Riverside Place,2800 NE Green Oaks Blvd,Grand Prairie,TX,75050,https://www.riversidegp.com/
234186,Middle Branch Apartments and Townhomes,2868 Potee St,Baltimore,MD,21225,http://www.middlebranchmanor.com
22287,Easton,6033 De Zavala Rd,San Antonio,TX,78249,https://www.eastonluxuryliving.com/
34482,Abberly Grove,1160 Auston Grove Dr,Raleigh,NC,27610,www.abberlygrove.com
7837,Cedar Shores,2151 Oliver Ave,San Diego,CA,92109,http://www.cedarshoresapts.com/
35042,Allegro Corner Canyon,292 W Galena Park Blvd,Draper,UT,84020,www.allegroatcornercanyon.com
42925,Lakeside,112 S Little Flower Rd,El Paso,TX,79915,https://www.thelakesideapthomes.com/
65562,Lantower Waverly,6101 Ardrey Kell Rd,Charlotte,NC,28277,https://www.lantower.com/properties/nc/charlotte/lantower-waverly/
239250,Sweetwater,21300 Cotton Creek Dr,Gulf Shores,AL,36542,www.sweetwaterapts.net
263912,Leo at Augusta Commons,10 Walnut Ln,North Augusta,SC,29860,https://www.advenirliving.com/leoataugustacommons/
42064,Elements at 1600,1600 Travion Ct,Fairfield,CA,94533,https://www.elements1600.com/
272520,Wellington Woods,1 Sweetbriar Rd,Morrisville,PA,19067,https://www.wellingtonwoodsapartments.com/?utm_source=yext%20-%20entrataseo&utm_medium=referral&utm_campaign=directories&utm_content=website%20click
5091,Rise Broadway,945 W Broadway Rd,Mesa,AZ,85210,https://www.risebroadway.com/
48344,Copper Commons,272 Shadow Mountain Dr,El Paso,TX,79912,http://www.coppercommons.com/
25392,Chappell Creek Village,3010 Ira Young Dr,Temple,TX,76504,http://www.chappellcreekapts.com/
273828,Pointe Grand Southlake,7147 Mt Zion Cir,Morrow,GA,30260,https://www.pointegrandsouthlake.com/
40750,The Abigail,4831 Summit Cir,Knoxville,TN,37919,https://www.theabigailapts.com/
63191,Avenir on Fifteenth,42 S 15th St,Philadelphia,PA,19102,http://avenirphilly.com/
38256,Maison Bocage,655 Marie Antoinette St,Lafayette,LA,70506,https://www.maison-bocage.com/
43,Centennial Place,7001 S Congress Ave,Austin,TX,78745,http://www.centennialplaceapts.com/
5252,Shenandoah Ridge,4079 River Watch Pkwy,Martinez,GA,30907,http://www.shenandoahridge.com/
62475,Skyline Vista,2400 Skyline Dr,Pacifica,CA,94044,https://www.skylinevistapacifica.com/
22337,Park Wood,7300 Parkwood Cir,Dublin,CA,94568,https://www.parkwoodluxury.com/
64545,The Lofts at White Furniture,201 E Center St,Mebane,NC,27302,https://www.whitefurniturelofts.com/
52714,Grand Oaks Apartments,6300 SW Grand Oaks Dr,Corvallis,OR,97333,http://www.grandoakscommunity.com/
40251,Glo Las Vegas,5035 E Russell Rd,Las Vegas,NV,89122,https://www.glolasvegas.com/
30775,Tremezzo on the Lake,1007 W 1st St,Tempe,AZ,85281,https://www.tremezzoonthelake.com/
61594,Xavier,625 W Division St,Chicago,IL,60610,http://livexavier.com/
70238,Grace Apartments,1002 SW Gaines st,Portland,OR,97239,http://www.graceapartmentscr.com/
302308,Madison Station,577 Trejo St,Rexburg,ID,83440,https://www.liveatmadisonstation.com/
6620,ReNew Marina Shores,2257 Willow Oak Cir,Virginia Beach,VA,23451,https://www.renewmarinashores.com/
262769,The Standard at Champions,6701 FM 1960 Rd W,Houston,TX,77069,https://www.hpithestandard.com/
273145,SUR17,385 W 1700 S,Salt Lake City,UT,84115,https://www.gosur17.com/
78039,Abberly CenterPointe,1900 Abberly Cir,Midlothian,VA,23114,http://www.abberlycenterpointe.com/
240934,Townhome Villas,1000 Dumont Blvd,Las Vegas,NV,89169,https://www.mytownhomevillasapartments.com/
256319,Modera Decatur,155 Clairemont Ave,Decatur,GA,30030,https://www.moderadecatur.com/
291653,Parkway Apartments,2700 Snake River Pkwy,Idaho Falls,ID,83402,https://www.parkwayidahofalls.com/
76849,St Phillip Villas,829 N Hill St,Griffin,GA,30223,https://www.liveatstphillipvillas.com/
25490,Rise Creekside,8299 Small Block Rd,Northlake,TX,76262,https://www.risecreekside.com/
74900,Fox Lake,505 Fox Crossing Blvd,Knoxville,TN,37923,https://www.foxlakeonline.com/
19650,Briarwood Terrace,1501 S Wolf Rd,Prospect Heights,IL,60070,http://www.briarwoodapartments.com/
229671,Heather Glen,1650 West Chester Pike,West Chester,PA,19382,www.liveheatherglen.com
245290,The Slate at 96,1841 Lascassas Pike,Murfreesboro,TN,37130,https://www.slate96.com/
27646,Hilltop Apartments,5345 85th Ave,New Carrollton,MD,20784,https://www.liveatha.com/
41784,Sturbridge,1400 Old Forge Dr,Little Rock,AR,72227,https://www.sturbridgetownhomes.com/?rcstdid=MzI%3d-GJOvflXLv8M%3d&_yTrackUser=MTU5NzYzNjg4NyMxMzQwMzMwNTM3-KX%2bWezuhGno%3d&_yTrackVisit=Mjc3NTUyMjk4NiMxMzQwOTUyMzAx-5Uhx6V84PYo%3d&_yTrackReqDT=36362020220504
51286,Sunrise Pointe,901 Wooded Acres Dr,Waco,TX,76710,https://www.sunrisepointewaco.com/
253100,Aspire Gulch,805 Division St,Nashville,TN,37203,https://www.aspiregulch.com/
230737,Emerald Downs,910 NE Providence Ct,Pullman,WA,99163,https://www.emerald-downs-apts.com/
16980,Springdale Villa,6000 Garden Grove Blvd,Westminster,CA,92683,https://www.springdalevilla.com/
15705,Arrive North Bethesda,5901 Montrose Rd,North Bethesda,MD,20852,https://www.arrivenorthbethesda.com/
5822,The Izzy,8557 Candlewood Dr,Oklahoma City,OK,73132,https://www.theizzyokc.com/
273790,Pointe Grand Augusta,1400 Pointe Grand Dr,Augusta,GA,30909,https://www.pointegrandaugusta.com/
74711,Countryside Village Apartments,2503 Reese Grove Ct,Bartlett,TN,38133,www.reeseroadtn.com
16831,Agora at Port Richey,8228 Chasco Woods Blvd,Port Richey,FL,34668,https://agoraatportrichey.prospectportal.com/
254955,The Club at Enclave,1629 Santa Venetia St,Chula Vista,CA,91913,https://www.clubatenclave.com/
16380,Center Place,50 Park Row W,Providence,RI,2903,https://www.centerplaceprovidence.com/
67721,State Street Station,7400 W State St,Wauwatosa,WI,53213,https://www.statestreettosa.com/
27245,Halston Shiloh Valley,2100 Shiloh Valley Dr,Kennesaw,GA,30144,https://www.halstonshilohvalley.com/
45385,Greenview Village,55 Golfview Dr,Manchester,NH,3102,www.greenviewvillage-apts.com
253978,Turtle Creek,4826 Van Buren Boulevard,Riverside,CA,92503,https://www.turtlecreekliving.com/
262292,Camelot at Marlboro,98 Lukas Blvd,Morganville,NJ,7751,https://www.kaplanatmarlboro.com/
11112,Rise West Arlington,3601 S Fielder Rd,Arlington,TX,76015,https://www.risewestarlington.com/
16454,Casa Del Mar,2431 Farm to Market 1960 Rd W,Houston,TX,77068,www.livecasadelmar.com
72446,Chesapeake Village,227 Carroll Island Rd,Middle River,MD,21220,https://www.rentchesapeakevillage.com/
47878,Port Royal At Spring Hill,1001 Pinehurst Dr,Spring Hill,TN,37174,https://www.portroyaltn.com/
253035,The Court Yard,211 Court St NE,Salem,OR,97301,http://www.thecourtyardsalem.com/
259855,The Quentin,4900 Cedar Lake Rd,St Louis Park,MN,55416,https://www.thequentinmn.com/
15014,Wildwood Park,5550 Columbia Pike,Arlington,VA,22204,http://www.rentdittmar.com/apartment-communities/wildwood-park
38836,Braewood,76 Lester Ave,Murray,UT,84107,https://www.braewoodutah.com/
262156,Modera Woodbridge,10 Main St,Woodbridge,NJ,7095,https://www.moderawoodbridge.com/
257918,Modera Newton,2 Los Angeles St,Newton,MA,2458,https://www.moderanewton.com/
37416,Lunaire at Estrella,949 S Goodyear Blvd E,Goodyear,AZ,85338,https://www.lunaireatestrella.com/?switch_cls%5Bid%5D=101204
19299,Phoenix Orlando,10801 Heather Ridge Cir,Orlando,FL,32817,https://www.livephoenixorlando.com/
38737,Stonegate,7119 62nd Ave W,Lakewood,WA,98499,http://www.rentatstonegateapartments.com/
78992,22Slate,5711 Slate Dr,Madison,WI,53718,http://www.22slate.com/
60141,Bridgeview,701 Harrison St,Allentown,PA,18103,http://www.scullycompany.com/bridgeview-14.html
75936,Keystone,1101 Burlew Blvd,Owensboro,KY,42303,https://www.livekeystone.com/
44157,Quality Hill,1003 Broadway Blvd,Kansas City,MO,64105,http://www.liveatqualityhill.com/
54359,Riverton Terrace,1908 E South Riverton Ave,Spokane,WA,99207,https://www.rivertonterrace.com/spokane/riverton-terrace/conventional/
22986,Tuscany Hills,715 Ash Ln,San Marcos,CA,92069,http://www.tuscanyhillsapartments.com/
39378,Andante,3310 S Kenton St,Denver,CO,80014,www.andanteapts.biz
77834,Hanover Northgate,2450 Valdez St,Oakland,CA,94612,https://www.hanovernorthgate.com/
47232,Chapel Manor,4217 Chapel Rd #203,Nottingham,MD,21236,https://aandgmanagement.com/apartments-for-rent/perry-hall-md/chapel-manor/7/
21129,Rise Suncrest,6507 S Hardy Dr,Tempe,AZ,85283,www.risesuncrest.com
253014,Lector 85,2409 E 2nd Ave,Tampa,FL,33605,http://www.lector85.com/
26733,Parc 85,2620 N Berkeley Lake Rd NW,Duluth,GA,30096,https://www.parc85.com/
234616,Mountain View Apartment Homes,3555 US Hwy 78 E,Anniston,AL,36207,www.liveatmountainview.com
40517,Islands of Fox Chase,208 Somerset Bay Dr,Glen Burnie,MD,21061,https://www.islandsoffoxchase.com/
276018,Covey Homes Lexington,4505 Lexington Rd,Athens,GA,30605,https://coveyhomesbymore.com/neighborhood/lexington/
51860,Ravenswood,3674 Kent Rd,Stow,OH,44224,https://www.ravenswoodapartmentsstow.com/
35683,Parkcrest at the Lakes,13621 Parkcrest Blvd,Fort Myers,FL,33912,www.parkcrestatthelakesapts.com
12550,Cuestas,2800 N Roadrunner Pkwy,Las Cruces,NM,88011,https://www.liveatcuestas.com/
65468,Red Tail Apartments,121 E Victory Rd,Meridian,ID,83642,www.redtailapartments.com
40398,Canyon Springs,6185 N Figarden Dr,Fresno,CA,93722,https://www.canyonspringsfresno.com/
299569,The Summit,16625 N Idaho Center Blvd,Nampa,ID,83687,https://www.libertyassetgroup.com/TheSummitApartments/
270672,Pointe Grand Warner Robins,1601 Leverette Rd,Warner Robins,GA,31088,https://www.pointegrandwarnerrobins.com/
47101,Pinebrook,381 N Washington Blvd,Ogden,UT,84404,https://www.live-pinebrook.com/
236447,Prescott at West Hills,1201 Vista Ridge Way,Knoxville,TN,37909,https://www.prescottwesthills.com/
38843,Park Court,28 S Water St,Womelsdorf,PA,19567,https://www.rentparkcourtapts.com/
18140,Villas at Park La Brea,5555 W 6th St,Los Angeles,CA,90036,http://www.thevillasapts.com/
227354,Sandstone,5101 Sanger Ave,Waco,TX,76710,https://www.sandstoneapartmenthomes.com/
46257,Advenir at Mayfield,3200 Bromley Pl,Midland,TX,79705,https://www.adveniratmayfield.com/
60798,Liv Ahwatukee,16025 S 50th St,Phoenix,AZ,85048,www.livahwatukee.com
36158,Allen Meadows,5562 Bear Rd,Syracuse,NY,13212,https://allenmeadows.prospectportal.com/
46559,Spanish Trace,3500 Windmeadows Blvd,Gainesville,FL,32608,https://spanishtrace.org/
22297,Chestnut Park,901 W Silver Sands Dr,San Antonio,TX,78216,https://www.mychestnutparkapartments.com/
4785,Autumn Creek Apartments,1320 N McQueen Rd,Chandler,AZ,85225,http://www.autumncreekapts.com
30747,Timber Hollow,201 Parkland Hills Dr,Fairfield,OH,45014,https://www.timberhollowapts.net/
11543,Westwind Apartments,4300 Old Benbrook Rd,Fort Worth,TX,76116,http://www.leasewestwindapartments.com/
74872,Heather Ridge,454 Heather Dr N,Mantua,NJ,8051,http://heatherridgeapts.net/
19877,Advenir at Magnolia,210 Welcome Way,Fern Park,FL,32730,http://www.adveniratmagnolia.com/
244533,Lynn Hill,416-201 Hillview Dr,Linthicum,MD,21090,https://www.marylandmanagement.com/linthicum/lynn-hill-apartments
236587,Williamsburg Manor,1248 Donaldson Dr,Cary,NC,27511,http://www.williamsburgmanorcary.com/
2375,The Grove Luxury,1 Lakeville Cir,Petaluma,CA,94954,https://www.thegroveluxuryapartments.com/
9334,London Square,4030 Valley View Ln,Farmers Branch,TX,75244,http://www.leaselondonsquareapartments.com/
270909,Union Mill,2023 N Broadmoor Ave,Wichita,KS,67206,https://www.liveunionmill.com/
21293,Beach Villas,11555 Beach Blvd,Jacksonville,FL,32246,www.beachvillasapts.com
76142,Ashford Santa Fe,4010 W Bellfort Ave,Houston,TX,77025,https://www.ashfordsantafe.com/?switch_cls[id]=105131&utm_source=google%20-%20entrataseo&utm_medium=organic&utm_campaign=gmb&utm_content=website%20click
49549,Wing Pointe,900 S 1500 E,Clearfield,UT,84015,www.wingpointeapts.com
23747,Parkview Terrace,4103 54th Pl,San Diego,CA,92105,https://www.parkviewterrace.com
37984,Belmont Station,6900 Tasker Falls,Elkridge,MD,21075,https://www.belmontstationapts.com/
31099,Woodward Place Apartments,3400 SW 44th St,Oklahoma City,OK,73119,https://www.woodwardplace.com/
18271,Bryn Mawr,100 Bryn Mawr Ct,Pittsburgh,PA,15221,http://www.brynmawrapartments.com/
7445,Advenir at Walden Lake,950 NW 214th St,Miami,FL,33169,https://www.advenirliving.com/waldenlake
63465,Hanover Southampton,5122 Morningside Dr,Houston,TX,77005,http://www.hanoversouthampton.com/Apartments/module/property_info/property%5Bid%5D/91437/launch_guest_card/1/
52949,Woodlands at Nashua,3 Sapling Cir,Nashua,NH,3062,https://www.livewoodlandsatnashua.com/
54936,Brentwood Square,13433 Greenwood Ave N,Seattle,WA,98133,https://brentwoodsquareapts.prospectportal.com/
37847,Preserve at Research Park,700 Mallards Way,O'Fallon,MO,63368,www.preserveresearchpark.com
48387,Lindsey Manor,472 Lindsay St,Kernersville,NC,27284,www.lindseymanor.com
31550,Cala Paradise Valley,12211 N Paradise Village Pkwy,Phoenix,AZ,85032,https://www.calaparadisevalleyapts.com
229616,93 East,2565 Shallowford Rd,Atlanta,GA,30345,https://93east.prospectportal.com/
46466,Hidden Village,2725 SW 27th Ave,Gainesville,FL,32608,www.hiddenvillageapt.com
42085,Revive Apartments,2341 58th Ave E,Fife,WA,98424,https://www.reviveapartments.com/
22900,Canyon Springs,15914 44th Ave W,Lynnwood,WA,98087,https://www.liveatcanyonsprings.com/
35192,Enclave on Golden Triangle,5001 Golden Triangle Boulevard,Fort Worth,TX,76244,http://www.enclaveongoldentriangle.com/
69613,Spectrum on Spring,1270 Spring St NW,Atlanta,GA,30309,http://www.spectrumonspring.com/
67393,Southpark Crossing,1701 Oak Hill Ln,Austin,TX,78744,https://www.southparkcrossing.com/
18941,Emerald Bay,4701 E Sahara Ave,Las Vegas,NV,89104,https://www.myemeraldbayapartments.com/
43995,Hamilton Hall,449 Hamilton St,Norristown,PA,19401,http://www.scullycompany.com/hamilton-hall-18.html
27790,Magnolia Flats,3102 Hillcrest Dr,San Antonio,TX,78201,https://www.magnoliaflatssa.com/
43908,ReNew Johnson Creek,12435 SE Linwood Ave,Milwaukie,OR,97222,https://www.renewjohnsoncreek.com/
12459,Bridge Lane,10227 N 32nd Ln,Phoenix,AZ,85051,http://www.bridgelaneapartments.com/Home.aspx
19939,Haven at South Mountain,1630 E Baseline Rd,Phoenix,AZ,85042,https://www.havenatsouthmountainapts.com/
51746,Eagle Crossing,3000 Calvin Dr,Hopkinsville,KY,42240,https://www.liveeaglecrossing.com/
18764,Americana Palos Verdes,4050 Palos Verdes St,Las Vegas,NV,89119,https://www.americana-apts.com/
37979,Steeplechase Village,1552 Pine St,Columbus,OH,43217,https://www.steeplechasevillagecolumbus.com/
18865,Meridian Green,11305 SE Kent-Kangley Rd,Kent,WA,98030,www.meridiangreentownhomes.com
64551,Festival Park,3524 Festival Park Plaza,Chester,VA,23831,www.festival-park.com
12618,Retreat at Peachtree City,1600 Barberry Ln,Peachtree City,GA,30269,http://www.retreatatptc.com/
52105,The District,10015 Madison Square Pl,Charlotte,NC,28216,http://www.alapts.com/apartments/nc/charlotte/the-district/
65287,Trio Apartments,124 W Washington St,Milwaukee,WI,53204,https://www.triomke.com/
7287,Ashford Willow Falls,10100 Westpark Dr,Houston,TX,77042,https://www.ashfordwillowfalls.com/
246614,French Mill I,29 French Mill Run,Cuyahoga Falls,OH,44223,http://www.frenchmill.com
42949,La Cima,10517 Ashwood Dr,El Paso,TX,79935,https://www.lacimaapts.com/
52570,ReNew High Ridge,2302 High Ridge Trail,Fitchburg,WI,53713,https://www.renewhighridge.com/
71862,Lakeview Villas,2090 Sundance Parkway,New Braunfels,TX,78130,https://www.lakeviewvillasapartments.com/
46267,The Ridge,3834 N Oak Grove Dr,Midwest City,OK,73110,https://www.theridgeokc.com/
55012,Gallery Park,1436 SW Park Ave,Portland,OR,97201,www.galleryparkpdx.com
261603,Wellspring,2327 S Arizona Ave,Pecos,TX,79772,https://www.wellspringpecos.com/
36926,Fenestra at the Square,20 Maryland Ave,Rockville,MD,20850,www.fenestraapts.com
58062,Cottonwood Bayview,235 3rd Ave N,St. Petersburg,FL,33701,www.cottonwoodbayview.com
76376,Panorama,45205 Panorama Dr,Palm Desert,CA,92260,https://rentatpanorama.com/contact.aspx
243358,The Villas of Castleton,310 Honeysuckle Dr,Marietta,PA,17547,http://www.castletonvillas.com/
16891,Cobble Creek,920 Lawrence St,Tomball,TX,77375,https://www.cobblecreekliving.com
44719,Arwen Vista,11505 Masterton Rd,Charlotte,NC,28262,www.arwenvista.com
8717,Las Colinas Heights,3701 N O'Connor Rd,Irving,TX,75062,www.liveatlascolinasheights.com
40867,Garden Park,1225 W Mt Comfort Rd,Fayetteville,AR,72703,http://gardenparkinfo.com/
38509,The Belle Meade at River Oaks,2929 Westheimer Rd,Houston,TX,77098,http://www.thebellemeade.com/
48752,Valley Ridge Apartments,1650 George Dieter Dr,El Paso,TX,79936,http://www.valleyridgeapts.com/
228073,Alister Montclair,11 Pine St,Montclair,NJ,7042,https://www.alistermontclair.com/
265376,The Cottages at Daytona Beach,1850 N Williamson Blvd,Daytona Beach,FL,32117,https://thecottagesatdaytonabeach.com/
78561,Harlow,10620 W Alexander Rd,Las Vegas,NV,89129,www.harlowvegas.com
39038,The Lodge,464 N Oakley Dr,Columbus,GA,31906,https://www.thelodgecolumbus.com/
8119,St. Andrews of Palm Aire,1000 SW 46th Ave,Pompano Beach,FL,33069,https://www.scullycompany.com/apartments/florida/broward-county/pompano-beach/st-andrews-palm-aire/
236157,Witham Village,4400 NW Walnut Blvd,Corvallis,OR,97330,https://www.withamvillageapartments.com/
1632,Pavilions Apartments,11600 Academy Rd NE,Albuquerque,NM,87111,www.pavilionsapartments.com
4072,Steeplechase Apartments,3700 W Steeplechase Way,Williamsburg,VA,23188,www.steeplechasewilliamsburg.com
246641,Passenger Flats,1362 Passenger St,Chattanooga,TN,37408,http://www.passengerflats.com/
43403,Great Northern Village,5272 Victoria Ln,North Olmsted,OH,44070,http://www.burtoncarol.com/ohio/great-northern-village
281679,The Retreat at Eastlake,13520 Eastlake Blvd,El Paso,TX,79928,https://www.retreatateastlakeapts.com/
47750,The Ridge At Chestnut Hill,6108 Chestnut Ridge Dr,Columbus,OH,43230,https://www.theridgeatchestnuthillapts.com/
41667,Wilmington Commons,455 Racine Dr,Wilmington,NC,28403,https://www.wilmingtoncommons.com/
239601,The Southern,1751 Lascassas Pike,Murfreesboro,TN,37130,https://www.thesouthernapts.com/
50817,Legacy at Festival,500 Festival Pl,Montgomery,AL,36117,https://www.hpilegacyatfestival.com/
44497,9920 Apartments,9920 W Camelback Rd,Phoenix,AZ,85037,http://www.9920apartments.com/
38768,Garden Gate,4020 Versailles Blvd,Oklahoma City,OK,73116,https://www.gardengateokc.com/
46566,College Manor,1216 SW 2nd Ave,Gainesville,FL,32601,www.collegemanor.org
7525,Hunter's Run,5358 Woodruff Farm Rd,Columbus,GA,31907,https://huntersrun.woodruffway.com/
233581,Riverside North Apartments,1643 Riverside Dr,South Bend,IN,46616,http://www.riversidenorth-in.com/
228903,Fitchburg Square Apartments,2001 Greenway Cross,Fitchburg,WI,53713,http://www.fitchburgsquare.com/
68781,Fieldcrest Apartments,31 Trillium Cir,Dothan,AL,36301,http://www.fieldcrestapt.com/
47369,Pleasant Ridge,5 Pleasant Ridge Dr,Owings Mills,MD,21117,https://www.residencesatpleasantridge.com/
6180,Renew One 59,1319 159th Ave,San Leandro,CA,94578,https://www.renewone59.com/
52922,Shadetree North,220 California St,Woodland,CA,95695,www.shadetreenorth.com
257651,Brownpoint Reserve,8860 Blackhawk Rd,Middleton,WI,53562,https://brownpoint.stevebrownapts.com/?utm_medium=social&utm_source=gmb&utm_campaign=conventional+lease+up
254859,The Brooke on Bagley,2420 Bagley St,Detroit,MI,48216,http://www.thebrookedetroit.com/
240789,Sawgrass Point,2163 S Veterans Blvd,Gonzales,LA,70737,https://www.sawgrasspoint.com/
220043,Gardens at Briarwood,3580 Buford Hwy,Brookhaven,GA,30329,https://gardensatbriarwood.prospectportal.com/
20672,Quiet Waters Landing,1293 Thom Ct,Annapolis,MD,21403,https://www.quietwaterslanding.com/
271101,Southern Station,826 Bowman Wy,Grandview Heights,OH,43212,https://www.southernstation.com/
293667,Grand Lake Towers,377 Santa Clara Ave,Oakland,CA,94610,https://www.lakemerrittapartments.com/oakland/grand-lake-towers/conventional/
48810,Manchester Oaks,6801 Parkedge Cir,Franklin,WI,53132,http://www.manchesteroaks.com/
233607,Overlook at Mesa Creek,2640 Grand Vista Cir,Colorado Springs,CO,80904,https://www.gboverlookmesacreek.com/
51142,Three 44,344 Richland Dr,Waco,TX,76710,https://www.liveatthree44.com/
35921,800 Sixth Apartments,800 6th Ave,New York,NY,10001,https://www.800sixth.com/
46036,Serengeti Springs,7898 Serenera Way,West Jordan,UT,84081,http://www.serengetisprings.com
73733,Bellevue Crossing,488 NE Bellevue Dr,Bend,OR,97701,http://www.livebellevuecrossing.com/
5842,Ashford Stancliff Park,10350 Lands End Dr,Houston,TX,77099,https://www.ashfordstancliff.com/
280569,Sweetwater,3476 Sweetwater Blvd,Addis,LA,70710,https://www.sweetwateraddis.com/
73610,Kensington at North Pointe,7570 W State St,Boise,ID,83714,http://www.live-kensington.com
27165,Regatta Apartments Homes,1315 E NASA Pkwy,Houston,TX,77058,https://www.regatta-apts.net/
78679,Piney Ridge,946-A Marimich Ct,Eldersburg,MD,21784,http://www.pineyridgeapts.com/
8314,Deerfield,1771 S Quebec Way,Denver,CO,80231,http://www.deerfieldapartmenthomes.com/
1759,Taro Walk,5826 Newtown Arch,Virginia Beach,VA,23462,https://www.tarowalk.com/
1589,The Hills at North Mesa,4848 N Mesa St,El Paso,TX,79912,http://www.thehillsatnorthmesa.com/
283566,The Standard at Franz,24300 Franz Rd,Katy,TX,77493,https://www.hpifranz.com/
238698,Stone Creek Apartments,2100 36th Ave S,Grand Forks,ND,58201,https://www.stonecreekgf.com/
230802,ReNew Little Creek II,6450 Crescent Way,Norfolk,VA,23513,https://www.renewlittlecreek.com/
68952,Wy' East Pointe,812 SE 136th Ave,Vancouver,WA,98683,https://www.livewyeast.com/
16554,Ridgeview,6321 113th St,Seminole,FL,33772,http://www.ridgeviewseminole.com/
20683,Alister Parx,12102 4th Ave W,Everett,WA,98204,https://www.alisterparx.com/
77245,Pembrook Place,2775 Stowmarket Ave,Rockford,IL,61109,http://www.pembrookplaceapartments.com/
60118,Autumn Springs,5500 Floral Cir S,Columbus,OH,43228,https://www.liveautumnsprings.com/
48564,Arrive Thousand Oaks,1394 E Hillcrest Dr,Thousand Oaks,CA,91362,https://arrivethousandoaks.com/
257819,Sonoma Ranch Apartment Homes,4450 Old Redwood Hwy,Santa Rosa,CA,95403,https://www.rentsonomaranch.com/
39154,ReNew on Ridgewood,5000 Ridgewood Rd,Jackson,MS,39211,https://www.renewonridgewood.com/
218853,Brownstone Apartment Homes,2224 E Main St,Uvalde,TX,78801,https://www.brownstonetx.com/
42818,Westbury Apartments,9522 Shepton Drive,Henrico,VA,23294,http://www.westburyapartments.net/
45061,Cottage Meadows,4146 Madison Ave,North Highlands,CA,95660,https://www.cottagemeadows.com/
74119,The Grove,13944 Sandy Hill Loop,Tampa,FL,33613,https://www.mygroveapartments.com/
75050,Santa Cruz,10637 Edgemere Blvd,El Paso,TX,79925,https://www.santacruzapartmenthomes.com/
62782,Cortland Alameda Station,415 S Cherokee St,Denver,CO,80223,https://cortland.com/apartments/cortland-alameda-station/
221098,Ayla Stonebriar,3030 Ohio Dr,Frisco,TX,75035,https://www.equityapartments.com/dallas/frisco/ayla-stonebriar-apartments##neighborhood-tile
13985,Cortland at the Hammocks,15000 SW 104th St,Miami,FL,33196,https://cortland.com/apartments/cortland-at-the-hammocks/
258381,Cortland at the Nations,4731 Centennial Blvd,Nashville,TN,37209,https://cortland.com/apartments/cortland-at-the-nations/
78693,Cortland Peachtree Corners,510 Guthridge Ct NW,Peachtree Corners,GA,30092,https://cortland.com/apartments/cortland-peachtree-corners/
3181,Cortland Mirror Lake,700 Post Lake Pl,Apopka,FL,32703,https://cortland.com/apartments/cortland-mirror-lake/
252935,Cortland Bull City,600 Willard St,Durham,NC,27701,https://cortland.com/apartments/cortland-bull-city/?utm_source=gmb_site&utm_medium=organic
25550,Cortland at Raven,3606 E Baseline Rd,Phoenix,AZ,85042,https://cortland.com/apartments/cortland-at-raven/
76389,Abbie Lakes,3793 Lakeview Trail,Canal Winchester,OH,43110,https://cortland.com/apartments/abbie-lakes/?utm_source=gmb_site&utm_medium=organic
21311,Cortland Research Park,4405 Waterford Valley Dr,Durham,NC,27713,www.cortland.com/research-park
237736,Cortland Reunion,7995 Haven Wy,Kissimmee,FL,34747,https://cortland.com/apartments/cortland-reunion/
34500,Cortland Brier Creek,7920 Oak Estate St,Raleigh,NC,27617,https://cortland.com/apartments/cortland-brier-creek/
35517,Paseo at Bee Cave,12531 State Hwy 71,Bee Cave,TX,78738,https://cortland.com/apartments/paseo-at-bee-cave/
5534,Cortland North Tucson,699 W Magee Rd,Tucson,AZ,85704,https://cortland.com/apartments/casas-lindas/?utm_source=gmb_site&utm_medium=organic
64971,Cortland Hollywood,2300 N 29th Ave,Hollywood,FL,33020,https://cortland.com/apartments/cortland-hollywood/
25489,Cortland North Dallas,17811 Vail St,Dallas,TX,75287,https://cortland.com/apartments/cortland-north-dallas/
264552,Cortland Riverview,9246 Headwaters Ave,Riverview,FL,33578,https://cortland.com/apartments/cortland-riverview/
64973,Cortland Onion Creek,1900 Onion Creek Pkwy,Austin,TX,78748,https://cortland.com/apartments/cortland-onion-creek/
13898,Cortland West Houston,15000 Park Row,Houston,TX,77084,https://cortland.com/apartments/cortland-west-houston/
30918,Cortland Bear Creek,1401 TX-360,Euless,TX,76039,https://cortland.com/apartments/cortland-bear-creek/
87343,Cortland Columbia Pike,1201 S Ross St,Arlington,VA,22204,https://cortland.com/apartments/cortland-columbia-pike/
232480,Vintage at 425 Broadway,1455 4th St,Santa Monica,CA,90401,https://www.equityapartments.com/los-angeles/santa-monica/vintage-at-425-broadway-apartments
27574,Belle Fontaine Apartments,4077 Glencoe Ave,Marina Del Rey,CA,90292,https://www.equityapartments.com/los-angeles/marina-del-rey/belle-fontaine-apartments?propertyid=4035&s_kwcid=TC|4015|marina%20del%20rey%20apartments||S|e|15154714153
218378,The Terraces Apartments,1330 Bush St,San Francisco,CA,94109,http://www.equityapartments.com/california/san-francisco-bay-apartments/lower-nob-hill/the-terraces-apartments.aspx
32995,2400 M Apartments,2400 M St NW,Washington,DC,20037,http://www.equityapartments.com/washington-dc/georgetown/2400-m-apartments
2955,2501 Porter Apartments,2501 Porter St NW,Washington,DC,20008,http://www.equityapartments.com/washington-dc/washington-dc-apartments/cleveland-park/2501-porter-apartments.aspx
24542,Archstone Fremont Center Apartments,39410 Civic Center Dr,Fremont,CA,94538,http://www.equityapartments.com/california/san-francisco-bay-apartments/fremont/archstone-fremont-center-apartments.aspx
13153,Canyon Creek Apartments,1000 Canyon Village Cir,San Ramon,CA,94583,http://www.equityapartments.com/california/san-francisco-bay-apartments/san-ramon/canyon-creek-apartments.aspx
7797,Village at Del Mar Heights,13138 Kellam Ct,San Diego,CA,92130,https://www.equityapartments.com/san-diego/del-mar/the-village-at-del-mar-heights-apartments
13379,Verde Apartments,5322 Wong Ct,San Jose,CA,95123,http://www.equityapartments.com/california/san-francisco-bay-apartments/san-jose/verde-apartments.aspx
118445,Mara Pacific Beach Apartments,4275 Mission Bay Dr.,San Diego,CA,92109,https://www.equityapartments.com/san-diego/pacific-beach/mara-pacific-beach-apartments
35540,The Flats At Dupont Circle Apartments,2000 N St NW,Washington,DC,20036,https://www.equityapartments.com/washington-dc/dupont-circle/the-flats-at-dupont-circle-apartments
32336,1210 Mass Apartments,1210 Massachusetts Ave NW,Washington,DC,20005,http://www.equityapartments.com/washington-dc/washington-dc-apartments/northwest-dc/1210-mass-apartments.aspx
24998,Liberty Park Apartments,1 Matthew Ln,Braintree,MA,2184,https://www.equityapartments.com/south-boston/braintree/liberty-park-apartments
8418,City Gate at Cupertino Apartments,5608 Stevens Creek Blvd,Cupertino,CA,95014,http://www.equityapartments.com/california/san-francisco-bay-apartments/cupertino/archstone-cupertino-apartments.aspx
35919,Murray Hill Tower,245 E 40th St,New York,NY,10016,http://www.equityapartments.com/new-york/new-york-city-apartments/gramercy-park-murray-hill/archstone-murray-hill-apartments.aspx
37920,Parc Cameron,41 W 86th St,New York,NY,10024,http://www.equityapartments.com/new-york/new-york-city-apartments/upper-west-side/parc-cameron-apartments.aspx
255578,Circa Fitzsimons,11700 E 26th Ave,Denver,CO,80238,https://www.equityapartments.com/denver/central-park/circa-fitzsimons-apartments
38733,Versailles Koreatown Apartments,918 S Oxford Ave,Los Angeles,CA,90006,http://www.equityapartments.com/bbrochure.aspx?PropertyId=2359&utm_source=google&utm_medium=cpc&utm_campaign=losangelesproperties_versailleskoreatown&s_kwcid=TC%7c4015%7cversailles+koreatown+apartments%7c%7cS%7cp%7c9013274593
265281,The Louise,4151 Viridian Village Dr,Arlington,TX,76005,https://www.equityapartments.com/dallas/arlington/the-louise-apartments##unit-availability-tile
6167,Chelsea Square,16340 NE 83rd St,Redmond,WA,98052,https://www.equityapartments.com/seattle/downtown-redmond/chelsea-square-apartments
33986,South City Station Apartments,101 McLellan Drive,South San Francisco,CA,94080,http://www.equityapartments.com/california/san-francisco-bay-apartments/south-san-francisco/archstone-south-san-francisco-apartments.aspx
71558,The Bishop,1115 Springwood Connector,Sandy Springs,GA,30328,https://www.equityapartments.com/atlanta/sandy-springs/the-bishop-apartments
228359,Milo,4109 E 10th Ave,Denver,CO,80220,https://www.equityapartments.com/denver/congress-park/milo-apartments
245501,Luna Upper Westside Apartments,2265 Marietta Blvd NW,Atlanta,GA,30318,https://www.equityapartments.com/atlanta/upper-westside/luna-upper-westside-apartments#/
40710,Chloe on Union,1408 E Union St,Seattle,WA,98122,https://www.equityapartments.com/seattle/pike-pine/chloe-apartments
13341,Heritage Ridge Apartments,16619 Larch Way,Lynnwood,WA,98037,http://www.equityapartments.com/washington/seattle-apartments/lynnwood/heritage-ridge-apartments.aspx
37919,Parc Coliseum Apartments,228 W 71st St,New York,NY,10023,http://www.equityapartments.com/New-York/New-York-City-apartments/Upper-West-Side/Parc-Coliseum-apartments.aspx
55910,1111 Belle Pre Apartments,1111 Belle Pre Way,Alexandria,VA,22314,http://www.equityapartments.com/developments/1111-belle-pre/1111-belle-pre.html
12586,Avondale at Warner Center,22222 Victory Blvd,Woodland Hills,CA,91367,https://www.essexapartmenthomes.com/apartments/woodland-hills/avondale-at-warner-center
24180,Pinnacle at Otay Ranch,1310 Santa Rita E,Chula Vista,CA,91913,https://www.essexapartmenthomes.com/california/san-diego-area-apartments/chula-vista-apartments/pinnacle-otay-ranch
12985,Meadowood,1733 Cochran St,Simi Valley,CA,93065,https://www.essexapartmenthomes.com/california/ventura-county-apartments/simi-valley-apartments/meadowood
21149,Pinnacle at MacArthur Place,31 E Macarthur Cres,Santa Ana,CA,92707,https://www.essexapartmenthomes.com/apartments/santa-ana/pinnacle-at-macarthur-place
3748,Brookside Oaks,1651 Belleville Way,Sunnyvale,CA,94087,https://www.essexapartmenthomes.com/apartments/sunnyvale/brookside-oaks
229748,Chestnut Street,143 Chestnut St,Santa Cruz,CA,95060,https://www.essexapartmenthomes.com/apartments/chestnut-street
27577,Park Catalina,690 S Catalina St,Los Angeles,CA,90005,https://www.essexapartmenthomes.com/california/los-angeles-area-apartments/los-angeles-apartments/park-catalina
2405,Foster's Landing,700 Bounty Dr,Foster City,CA,94404,https://www.essexapartmenthomes.com/apartments/foster-city/fosters-landing
63770,1000 Kiely,1000 Kiely Blvd,Santa Clara,CA,95051,https://www.essexapartmenthomes.com/apartments/1000-kiely?sc_camp=2648D1300BEC431BB11EB86F02F52DBD&utm_source=googlesearch
2587,The Palms at Laguna Niguel,28188 Moulton Pkwy,Laguna Niguel,CA,92677,https://www.essexapartmenthomes.com/california/orange-county-area-apartments/laguna-niguel-apartments/the-palms-laguna-niguel
24315,Riley Square,3707 Poinciana Dr,Santa Clara,CA,95051,https://www.essexapartmenthomes.com/apartments/santa-clara/riley-square
2537,Bothell Ridge,19928 Bothell Everett Hwy,Bothell,WA,98012,https://www.essexapartmenthomes.com/apartments/bothell-ridge
77713,Pure Redmond Apartments,17634 NE Union Hill Rd,Redmond,WA,98052,https://www.essexapartmenthomes.com/apartments/pure-redmond
13181,Park Hill at Issaquah,22500 SE 56th St,Issaquah,WA,98029,https://www.essexapartmenthomes.com/apartments/park-hill-at-issaquah
21381,Summit Park Village,8563 Lake Murray Blvd,San Diego,CA,92119,https://www.essexapartmenthomes.com/apartments/summit-park-village
17984,Alessio,5700 W Centinela Ave,Los Angeles,CA,90045,https://www.essexapartmenthomes.com/apartments/los-angeles/alessio
226350,1250 Lakeside,1250 Lakeside Dr,Sunnyvale,CA,94085,https://www.essexapartmenthomes.com/apartments/sunnyvale/1250-lakeside
2282,City View,25200 Carlos Bee Blvd,Hayward,CA,94542,https://www.essexapartmenthomes.com/california/san-francisco-bay-area-apartments/hayward-apartments/city-view
20050,Carmel Creek,11724 Carmel Creek Rd,San Diego,CA,92130,https://www.essexapartmenthomes.com/apartments/san-diego/carmel-creek?sc_camp=2648D1300BEC431BB11EB86F02F52DBD&utm_source=googlesearch
4170,Beechwood,2700 Cottage Pl,Greensboro,NC,27455,www.beechwoodnc.net
32390,Laurel Gardens,2616 Mission Rd,Tallahassee,FL,32304,https://oakwoodreserveapts.com/
58156,District at Seven Springs,300 Seven Springs Way,Brentwood,TN,37027,http://www.districtsevensprings.com/
234936,Amber Ridge Apartments,2312 55th St S,Fargo,ND,58104,https://www.prg.propertyresourcesgroup.com/amber-ridge-apartments
61951,Ellis at Germantown,1600 Rosa L Parks Blvd,Nashville,TN,37208,https://www.ellisgermantown.com/
1752,Kensington Park,11651 Norbourne Dr,Forest Park,OH,45240,www.kensingtonparkaptsoh.com
296916,Vivo Living Port Royal,1660 Ribaut Rd,Port Royal,SC,29935,https://www.vivolivingportroyal.com/
17254,Gables Montclair,100 Ladson Ct,Decatur,GA,30033,https://www.gables.com/community/528460
13977,Mizner Park Apartments,401 NE Mizner Blvd,Boca Raton,FL,33432,https://www.gables.com/communities/florida/boca-raton/mizner-park-apartments/
241980,The Residences at Thesis,1340 S Dixie Hwy,Coral Gables,FL,33146,https://www.gables.com/communities/florida/coral-gables/the-residences-at-thesis/
78737,Gables Columbus Center,60 Minorca Ave,Coral Gables,FL,33134,https://www.gables.com/communities/florida/coral-gables/gables-columbus-center/
66950,Gables Brookhaven,4420 Peachtree Rd,Atlanta,GA,30319,https://www.gables.com/community/528437
17951,Gables Alta Murrieta,39930 Whitewood Rd,Murrieta,CA,92563,https://www.gables.com/communities/california/murrieta/gables-alta-murrieta/?utm_knock=gmb
2319,Gables CityWalk,2828 Greenbriar Dr,Houston,TX,77098,https://www.gables.com/communities/texas/houston/gables-citywalk-waterford-square?utm_knock=gmb#community-immersive
27292,Villas at Stone Oak Ranch,13021 Legendary Dr,Austin,TX,78727,https://villasatsor.com/
5046,Aurella Cary,101 Harlon Dr,Cary,NC,27511,https://www.harborgroupmanagement.com/apartments/nc/cary/aurella-cary
257194,The Prospector Modern Apartments,3360 Esker Cir,Castle Rock,CO,80108,https://www.prospectorliving.com/
67524,Riverworks,45 N Main St,Phoenixville,PA,19460,https://www.hgliving.com/apartments/pa/phoenixville/riverworks
30734,Waterford Village,51 Meadow Ln,Bridgewater,MA,2324,https://www.harborgroupmanagement.com/apartments/MA/Bridgewater/Waterford-Village/
260340,Linden At The Rim,15022 Vance Jackson Rd,San Antonio,TX,78249,https://www.hgliving.com/apartments/tx/san-antonio/linden-at-the-rim
4944,Triangle Place,2800 Bainbridge Dr,Durham,NC,27713,https://www.hgliving.com/apartments/nc/durham/triangle-place/
43715,The Heritage at Boca Raton,320 W Palmetto Park Rd,Boca Raton,FL,33432,www.theheritageatbocaraton.com
19396,Alcove at Seahurst,14001 Ambaum Blvd SW,Burien,WA,98166,https://www.hgliving.com/apartments/wa/burien/alcove-at-seahurst/
221349,Chandlers Bay Apartments,1020 Central Ave N,Kent,WA,98032,http://www.chandlersbay.com/
26312,Creekwood Estates,1328 Lake St NE,Hopkins,MN,55343,https://highlandapts.com/Property%20Details/?pid=6
52386,Hemlock Pines,7225 Hemlock Ln N,Maple Grove,MN,55369,https://highlandapts.com/Property%20Details/?pid=112
231107,Crescent Village - Verona,401 River Oaks Pkwy,San Jose,CA,95134,www.irvinecompanyapartments.com/communities/crescent-village
16796,Santa Rosa,500 Cardiff,Irvine,CA,92606,https://www.irvinecompanyapartments.com/locations/orange-county/irvine/westpark/santa-rosa.html
16758,Sonoma at Oak Creek,700 Sonoma Aisle,Irvine,CA,92618,https://www.irvinecompanyapartments.com/locations/orange-county/irvine/oak-creek/sonoma.html
34548,Marbella,2504 Marron Rd,Carlsbad,CA,92010,https://www.irvinecompanyapartments.com/communities/marbella/
16387,The Colony at Fashion Island,5100 Colony Plaza,Newport Beach,CA,92660,https://www.irvinecompanyapartments.com/locations/orange-county/newport-beach/colony-at-fashion-island.html
738,Cross Creek,22 Creek Rd,Irvine,CA,92604,https://www.irvinecompanyapartments.com/communities/cross-creek
263158,Promenade at Irvine Spectrum,1100 Perlita,Irvine,CA,92618,https://www.irvinecompanyapartments.com/locations/orange-county/irvine/spectrum/promenade-at-spectrum.html
32561,Pacific View,5162 Whitman Way,Carlsbad,CA,92008,https://www.irvinecompanyapartments.com/locations/san-diego/carlsbad/pacific-view.html
17102,Woodbridge Willows,344 Knollglen,Irvine,CA,92614,https://www.irvinecompanyapartments.com/locations/orange-county/irvine/woodbridge/woodbridge-willows.html
17178,Oak Glen,100 Oak Glen,Irvine,CA,92618,https://www.irvinecompanyapartments.com/locations/orange-county/irvine/oak-creek/oak-glen.html
230542,Santa Clara Square,3320 Montgomery Dr,Santa Clara,CA,95054,https://www.irvinecompanyapartments.com/locations/northern-california/santa-clara/santa-clara-square.html
17320,The Villas of Renaissance,5280 Fiore Terrace,San Diego,CA,92122,https://www.irvinecompanyapartments.com/communities/the-villas-of-renaissance
26901,Bordeaux,1 Ambroise,Newport Beach,CA,92657,https://www.irvinecompanyapartments.com/communities/bordeaux
225610,610 West,6717 Oak Grove Pkwy,Brooklyn Park,MN,55445,http://610west.com/
259962,The Grand,508 51st St,West New York,NJ,7093,https://www.thegrandwny.com/
272802,The Residences at Water Square,222 Third Ave,Detroit,MI,48226,https://watersquareresidences.com/
268047,The Dial,500 E 8th St,Kansas City,MO,64106,https://thedialkc.com/
78794,The Tremont at 3rd Avenue I,32 Second Ave,Burlington,MA,1803,https://www.tremontburlington.com/Floor-Plans.aspx
257349,Lenox 7th,4910 E 7th St,Austin,TX,78702,https://lenox7th.com
276734,5Line,2005 Empire St,Charlotte,NC,28217,https://liveatfiveline.com/
15104,Portofino Apartment Homes,8702 New Tampa Blvd,Tampa,FL,33647,http://www.rent-portofino.com/
78783,Link 480,480 Rantoul St,Beverly,MA,1915,https://thebeverlycollectionapts.com/
218968,Paxton Cool Springs,2007 Knolltop Ln,Franklin,TN,37067,www.paxtoncoolsprings.com
291560,ABODE at Greenway,2635 W Trade St,Charlotte,NC,28208,https://abodegreenway.com/
61865,Wiregrass at Stone Oak,20303 Stone Oak Pkwy,San Antonio,TX,78258,https://wiregrassatstoneoak.com/
251905,The Dylan,3883 S Moody Ave,Portland,OR,97239,https://livedylanpdx.com/
22372,Presidential City,3900 City Ave,Philadelphia,PA,19131,https://presidentialcity.com/
16818,Santa Fe Village,3700 S Santa Fe Village Dr,Santa Ana,CA,92704,https://www.santafevillagescm.com/
65527,Montaje,449 Canal St,Somerville,MA,2145,https://livemontaje.com/
37701,Eaglewood,1975 Maxwell Ave,Woodland,CA,95776,https://www.eaglewoodaptswoodland.com/
62553,The Alexander,300 Alexander Ct,Philadelphia,PA,19103,http://www.thealexanderphilly.com/
226991,Preserve at Travis Creek I & II,5604 Southwest Pkwy,Austin,TX,78735,www.thepreserveattraviscreek.com
256603,Wyldewood Gosling,23223 Gosling Rd,Spring,TX,77389,https://wyldewoodgosling.com/
300388,Parkview Place,5100 Denali Dr,Stone Mountain,GA,30087,https://homeatparkview.com/
268552,14 Lincoln Place,14 Lincoln Pl,Madison,NJ,7940,https://thelincolnmadison.com/
251690,240 Park Avenue,240 Park Ave,Minneapolis,MN,55415,https://240parkave.com/
259786,Viking Lakes I,710 Vikings Pkwy,Eagan,MN,55121,https://vikinglakesresidences.com/
33764,Haven at Birkdale Village,16725 Birkdale Commons Pkwy,Huntersville,NC,28078,https://havenbirkdalevillage.com/
77585,The Willows at Ashley Park,300 Ashley Park Blvd,Newnan,GA,30265,www.willowsashleypark.com
269755,The Lorrel,3465 Sandler Blvd,Little River,SC,29566,https://thelorrelnmb.com/
54589,Flats on Tanglewilde,2630 Tanglewilde St,Houston,TX,77063,https://www.flatsontanglewilde.com/
5355,Winthrop West,6218 Watermark Dr,Riverview,FL,33578,https://cortland.com/apartments/winthrop-west/
256740,Prime,3251 Prime Park Cir,Kissimmee,FL,34746,http://www.primeluxuryapartments.com/
226526,Wrenstone at the Highlands,350 Old Hickory Blvd,Nashville,TN,37221,https://www.wrenstoneapartments.com/
253571,The Kent,301 American Way N,Carmel,IN,46032,https://www.thekentcarmel.com/
290338,The Arthur,21 Washington Ave,Carteret,NJ,7008,https://arthurcarteret.com/
271339,Citadel Urban,503 Richland Hills Dr,San Antonio,TX,78245,https://www.citadelurban.com/
277728,Residences at Lancaster Ridge,2753 Michaelsway Ave,Lancaster,OH,43130,https://www.lancasterridge.com/
63732,HighLine,13201 Legendary Dr,Austin,TX,78727,http://www.highlineaustin.com
239341,The Union,532 Union St,Oakland,CA,94607,https://theunionapts.com/
267958,Pinnacle,7 New York Ave NE,Washington,DC,20002,https://pinnaclenomaapartments.com/
9791,Alta Vista,700 18th St,Plano,TX,75074,https://thealtavistaapts.com/
41556,Steeplechase on Maple,14949 Manderson Plaza,Omaha,NE,68116,https://www.steeplechase-apartments.com/
255932,Bainbridge Cary,9205 Chapel Hill Rd,Cary,NC,27513,https://www.bainbridgecary.com/
269130,The Watts,7235 Hwy 431 S,Huntsville,AL,35763,https://www.livethewatts.com/
272339,The Harper Trout River,9805 Trout Tides Blvd,Jacksonville,FL,32219,https://theharpertroutrivertownhomes.com/
261766,The Prescott at Park West,8102 N 99th Ave,Peoria,AZ,85345,https://prescotttownhomes.com/
252218,The Piedmont Raleigh,7621 Triangle Promenade Dr,Raleigh,NC,27616,https://thepiedmontraleigh.com/
68318,Broadway,3093 Broadway,Oakland,CA,94611,https://www.livethebroadway.com/
78508,Westpark Townhomes,1225 W Park Way,Indianapolis,IN,46214,https://westparklife.com/
269966,Inspire Missouri City,9944 Hwy 6,Missouri City,TX,77459,https://www.inspiremissouricity.com/
70742,1900 Pacific Residences,1900 Pacific Ave,Dallas,TX,75201,https://www.1900pacific.com/
36377,Ambrose,2901 Indiana St,Dallas,TX,75226,https://www.ambroseliving.com/
263325,Madison Wakefield,11100 Madison Elm Ln,Raleigh,NC,27614,https://livemadisonwakefield.com/
36168,Bennington Hills,340 Bennington Hills Ct,West Henrietta,NY,14586,http://www.benningtonhillsapartments.com/amenities.html
238690,Cardinal,4615 Forest Dr,Columbia,SC,29206,https://www.liveatcardinal.com/
276306,Cape Cottages,2915 Shoals Point Way,Leland,NC,28451,https://livecapecottages.com/
36137,The Preserve at the Meadows,350 Riva Ridge Dr,Fort Collins,CO,80526,https://www.preserveatthemeadowsapts.com/the-preserve-at-the-meadows-fort-collins-co/contact
11611,Skyline at Kessler,2511 Wedglea Dr,Dallas,TX,75211,https://www.skylineatkessler.com/
23714,Carleton East,9747-A Good Luck Rd,Seabrook,MD,20706,http://carletoneastapartments.com/
241655,Encore Skyline,2001 S Hudson Ave,Boise,ID,83705,https://encoreskyline.com/
264774,Lenox Woods I,10801 Wayne Riddell Loop,Austin,TX,78748,https://lenoxwoodsapts.com/
223923,88 Hillside Apartments I,88 Hillside Blvd,Daly City,CA,94014,https://88hillside.com/
258778,The Metropolitan,92 Millburn Ave,Springfield,NJ,7081,https://rentthemetropolitannj.com/
270768,The Centaur,21200 Brookpark Rd,Fairview Park,OH,44126,https://livecentaur.com/
7940,Perimeter 5550,5550 Glenridge Dr,Sandy Springs,GA,30342,https://perimeter5550living.com/
39961,88 Leonard Street,88 Leonard St,New York,NY,10013,http://www.88leonard.com
14397,Kennedy-Warren (South Wing),3133 Connecticut Ave NW,Washington,DC,20008,https://www.kennedywarren.com/
273309,The Palms at Morada,4030 E Morada Ln,Stockton,CA,95212,https://www.palmsatmorada.com/
241923,Two Lincoln Square,60 W 66th St,New York,NY,10023,https://2lincoln.com/
290566,Lookout View Townhomes,1230 Oreo Dr,Chattanooga,TN,37410,https://lookoutviewtownhomes.com/?switch_cls[id]=60727
280017,NOVO Avian Pointe,2500 Conserve Cir,Apopka,FL,32703,https://novoavianpointe.com/
283560,Prosper Crossing,4400 Prairie Xing,Prosper,TX,75078,https://prosefrontier.com/
259505,FarmHouse,635 Lyons Farm Pkwy,Murfreesboro,TN,37127,https://www.farmhouseapts.com/
75082,Jefferson Place Apartments,5835 White Lake Ln,Frederick,MD,21703,https://livejeffersonplace.com/
64360,Kinects Tower,1823 Minor Ave,Seattle,WA,98101,http://www.kinectstower.com
63560,Arabelle City Center,10700 SW City Center Blvd,Pembroke Pines,FL,33025,https://arabellecitycenter.com/
235292,One 65 Main,165 Main St,Cambridge,MA,2142,https://www.one65main.com/
60038,Velo,115 N 2nd St,Minneapolis,MN,55401,https://www.velonorthloop.com/
266329,Skyline at Westfall Station,13600 Hilltop Groves Blvd,Clermont,FL,34711,https://skylineclermont.com/
58727,Maple District Lofts,5415 Maple Ave,Dallas,TX,75235,http://www.mapledistrictdallas.com
261178,The Blossoms at Brentwood,2255 Amber Ln,Brentwood,CA,94513,https://blossomsatbrentwood.com/
269304,Madison Ashley Park,2220 Berryhill Rd,Charlotte,NC,28208,https://livemadisonashleypark.com/
295179,Trentwood,9140 Golden Valley Rd,Golden Valley,MN,55427,https://krcapartments.com/property-detail/?propid=636&propname=Trentwood
78381,Rose Park Commons,1634-1635 W Eldridge Ave,Roseville,MN,55113,https://krcapartments.com/property-detail/?propid=148&propname=1634EA%20Rose%20Park
296392,Cedar Commons,6733 Cedar Ave S,Richfield,MN,55423,https://krcapartments.com/property-detail/?propid=673&propname=Cedar%20Commons
294795,Emerson 2537,2537 Emerson Ave S,Minneapolis,MN,55405,https://krcapartments.com/property-detail/?propid=632&propname=2537%20Emerson
294610,Virginia Flats,219 Virginia St,St Paul,MN,55102,https://krcapartments.com/property-detail/virginia-flats/
296519,Legacy Rose Flats,1583 1/2 Selby Ave,Saint Paul,MN,55104,https://krcapartments.com/property-detail/?propid=618&propname=Legacy%20Rose
69777,Norfolk Place,1720 Norfolk Ave,St Paul,MN,55116,https://krcapartments.com/property-detail/norfolk-place/
68897,Alden Park,2044 Brewster St,St Paul,MN,55108,https://krcapartments.com/property-detail/?propid=133&propname=Alden%20Park
294493,Ashland,657 Ashland Ave,St Paul,MN,55104,https://krcapartments.com/property-detail/?propid=587&propname=Ashland%20Apartments
9480,Huntington Meadows,2311 Stratton Ln,Arlington,TX,76006,https://livebh.com/apartments/huntington-meadows-apartment-homes/?utm_source=realpage&utm_medium=referral&utm_campaign=cta
16331,The Oaks of Woodland Park,4747 W Waters Ave,Tampa,FL,33614,https://livebh.com/apartments/the-oaks-of-woodland-park-apartments/?utm_source=realpage&utm_medium=referral&utm_campaign=cta
34131,Whispering Lake,10415 E 43rd St,Kansas City,MO,64133,https://livebh.com/apartments/whispering-lake/
47182,The Crossings at Bramblewood,1401 Yellowpine Cir,Richmond,VA,23225,https://livebh.com/apartments/the-crossings-at-bramblewood/?utm_source=realpage&utm_medium=referral&utm_campaign=cta
64634,Retreat at Fremaux,1303 Town Center Pkwy,Slidell,LA,70458,https://livebh.com/apartments/retreat-at-fremaux-town-center-apartments/?utm_source=realpage&utm_medium=referral&utm_campaign=cta
33746,Creekside at Matthews,12825 Vinings Creek Dr,Matthews,NC,28105,https://livebh.com/apartments/creekside-at-matthews/?utm_source=realpage&utm_medium=referral&utm_campaign=cta
235156,The Woodland,150 Medical Dr,Boerne,TX,78006,https://livebh.com/apartments/the-woodland-apartments/?utm_source=realpage&utm_medium=referral&utm_campaign=cta
2190,Marisol Vista,1280 102nd Ave N,St Petersburg,FL,33716,https://livebh.com/apartments/marisol-vista-apartment-homes/?utm_source=realpage&utm_medium=referral&utm_campaign=cta
218359,Old Farm,2500 Old Farm Rd,Houston,TX,77063,https://livebh.com/apartments/old-farm/?utm_source=realpage&utm_medium=referral&utm_campaign=cta
8740,Parc Plaza,333 E Denton Dr,Euless,TX,76039,https://livebh.com/apartments/parc-plaza-apartments/
246165,Gray Branch,1760 N Ridge Rd,McKinney,TX,75071,https://livebh.com/apartments/gray-branch-apartments/?utm_source=realpage&utm_medium=referral&utm_campaign=cta
78700,Adley City Springs,6075 Roswell Rd,Sandy Springs,GA,30328,https://livebh.com/apartments/grand-oasis-apartment-homes/
41591,Hawthorne Ridge,3300 N Loop 336 W,Conroe,TX,77304,https://livebh.com/apartments/hawthorne-ridge/?utm_source=realpage&utm_medium=referral&utm_campaign=cta
26110,Butterfield Oaks,2288 Oakmeadow Dr,Aurora,IL,60502,https://livebh.com/apartments/butterfield-oaks-apartments/?utm_source=realpage&utm_medium=referral&utm_campaign=cta
299403,The Willows of Steele Creek,524 Whispering Well,Cibolo,TX,78108,https://livebh.com/apartments/the-willows-of-steele-creek/?utm_source=gbp&utm_medium=organic&utm_campaign=gbp
7902,Captains Landing,3102 69th St,Galveston,TX,77551,https://livebh.com/apartments/captains-landing-apartments/?utm_source=realpage&utm_medium=referral&utm_campaign=cta
6583,Courtney Cove,5510 N Himes Ave,Tampa,FL,33614,https://livebh.com/apartments/courtney-cove-apartments/?utm_source=realpage&utm_medium=referral&utm_campaign=cta
12133,Ashford,2116 Marsh Ln,Carrollton,TX,75006,https://livebh.com/apartments/ashford/?utm_source=vanity&utm_medium=redirect&utm_campaign=liveatashford&original_referrer=liveatashford.com
8098,Heights of Kennesaw,1950 Barrett Lakes Blvd,Kennesaw,GA,30144,https://livebh.com/apartments/heights-of-kennesaw-apartments/?utm_source=realpage&utm_medium=referral&utm_campaign=cta
17144,Park at Chastain Apartments,100 Summer Terrace Ln NE,Atlanta,GA,30342,https://livebh.com/apartments/park-at-chastain-apartments/?utm_source=realpage&utm_medium=referral&utm_campaign=cta
271682,Princeton Place,4344 Wyoga Lake Rd,Cuyahoga Falls,OH,44224,https://livebh.com/apartments/princeton-place/?utm_source=gbp&utm_medium=organic&utm_campaign=gbp
25376,The Preserve at Spring Lake II,895 Wymore Rd,Altamonte Springs,FL,32714,https://livebh.com/apartments/the-preserve-at-spring-lake/
67566,The Kennedy at Brooks City Base,7714 Kennedy Hill Dr,San Antonio,TX,78235,https://livebh.com/apartments/the-kennedy-apartments/?utm_source=realpage&utm_medium=referral&utm_campaign=cta
69066,Promenade at Belleair,2159 Nursery Rd,Clearwater,FL,33764,https://livebh.com/apartments/promenade-at-belleair-apartments/?utm_source=realpage&utm_medium=referral&utm_campaign=cta
5784,The Cornerstone,2409 S Conway Rd,Orlando,FL,32812,https://livebh.com/apartments/the-cornerstone/
232992,The Paddock Club at Providence,685 Providence Main St NW,Huntsville,AL,35806,https://www.maac.com/alabama/huntsville/the-paddock-club-at-providence/
7313,MAA Heathrow,1122 Greenstone Blvd,Heathrow,FL,32746,https://www.maac.com/florida/orlando/maa-heathrow/?utm_medium=local%20listing&utm_source=google&utm_campaign=gmb&utm_content=website
6194,MAA Rocky Point,3101 N Rocky Point Dr E,Tampa,FL,33607,https://www.maac.com/florida/tampa/maa-rocky-point/
14763,MAA Murfreesboro,150 W Thompson Ln,Murfreesboro,TN,37129,https://www.maac.com/tennessee/nashville/maa-murfreesboro
37391,MAA Lowes Farm,1400 N State Hwy 360,Mansfield,TX,76063,https://www.maac.com/texas/dallas/maa-lowes-farm
226997,MAA River's Walk II,301 Seaport Ln,Mount Pleasant,SC,29464,https://www.maac.com/south-carolina/charleston/maa-rivers-walk/
38765,MAA Enclave,710 E 7th St,Charlotte,NC,28202,https://www.maac.com/north-carolina/charlotte/maa-enclave/
268538,Alexan Cathedral Arts,5088 Ross Ave,Dallas,TX,75206,https://alexancathedralartsapartments.com/
36382,MAA Eastside,1801 N Greenville Ave,Richardson,TX,75081,https://www.maac.com/texas/dallas/maa-eastside/
38540,MAA Ashton Oaks,300 S A.W. Grimes Blvd,Round Rock,TX,78664,https://www.maac.com/texas/austin/maa-ashton-oaks/
7732,MAA Sunset Valley,5800 Brodie Ln,Austin,TX,78745,https://www.maac.com/texas/austin/maa-sunset-valley/
7305,Colonial Village at Trussville,90 Meadows Dr,Birmingham,AL,35235,https://www.maac.com/alabama/birmingham/colonial-village-at-trussville/
218985,MAA Trinity II,1140 Trinity Pine Ln,Raleigh,NC,27607,https://www.maac.com/north-carolina/raleigh-cary/maa-trinity/
16583,MAA National Landing,1201 S Joyce St,Arlington,VA,22202,https://www.maac.com/virginia/dc-metro/maa-national-landing/
36143,MAA Beaver Creek,1000 Creekside Hills Dr,Apex,NC,27502,https://www.maac.com/north-carolina/raleigh-cary/maa-beaver-creek/
60179,MAA Wilmington Island,909 Penn Waller Rd,Savannah,GA,31410,https://www.maac.com/georgia/savannah/maa-wilmington-island/
34521,MAA Las Colinas,350 E Las Colinas Blvd,Irving,TX,75039,https://www.maac.com/texas/dallas/maa-las-colinas/
3187,MAA Peachtree Hills,350 Peachtree Hills Ave NE,Atlanta,GA,30305,https://www.maac.com/georgia/atlanta/maa-peachtree-hills/
54580,Post 510,510 Richmond Ave,Houston,TX,77006,http://www.maac.com/texas/houston/post-510/
3167,MAA Chastain,4090 Roswell Rd NE,Atlanta,GA,30342,https://www.maac.com/georgia/atlanta/maa-chastain
54550,MAA West Village,4600 W Village Pl,Smyrna,GA,30080,https://www.maac.com/georgia/atlanta/maa-west-village/
12525,MAA Boulder Ridge,1515 Cannon Pkwy,Roanoke,TX,76262,https://www.maac.com/texas/dallas/maa-boulder-ridge/
12887,MAA Barton Creek,2001 S MoPac Expy,Austin,TX,78746,https://www.maac.com/texas/austin/maa-barton-creek/
232876,MAA Denton Pointe,5951 NW 63rd Terrace,Kansas City,MO,64151,https://www.maac.com/available-apartments/?propertyId=780165&Bedroom=undefined%20Bed
676,Pavilion Place,2801 Pavilion Pl,Midlothian,VA,23112,https://www.maac.com/virginia/richmond/colonial-village-at-waterford/
52140,MAA Wade Park,5443 Wade Park Blvd,Raleigh,NC,27607,https://www.maac.com/north-carolina/raleigh-cary/maa-wade-park/
33167,MAA Crabtree,3300 Grove Crabtree Crescent,Raleigh,NC,27613,https://www.maac.com/north-carolina/raleigh-cary/maa-crabtree/
27941,MAA Twin Lakes,11500 Myrtlewood Dr,Sanford,FL,32771,https://www.maac.com/florida/orlando/maa-twin-lakes/
11992,MAA Worthington,2808 McKinney Ave,Dallas,TX,75204,https://www.maac.com/texas/dallas/maa-worthington/
37474,MAA Onion Creek,1901 Onion Creek Pkwy,Austin,TX,78748,https://www.maac.com/texas/austin/maa-onion-creek
22765,MAA Parkside,431 E Central Blvd,Orlando,FL,32801,https://www.maac.com/florida/orlando/maa-parkside/
63130,MAA Acklen,111 Acklen Park Dr,Nashville,TN,37203,https://www.maac.com/tennessee/nashville/maa-acklen
14596,Portola South Mountain,7611 S 36th St,Phoenix,AZ,85042,https://www.portolasouthmountain.com/
23549,Landmark,6303 Indian School Rd NE,Albuquerque,NM,87110,https://www.thelandmark-apartments.com/
68991,The Reserve At Water Tower Village,7937 W 54th Ave,Arvada,CO,80002,https://www.thereserveatwatertowervillage.com/
255737,Vanguard,225 S 6th St,Boise,ID,83702,https://www.vanguardboise.com/
26194,Ventana Palms,7021 W McDowell Rd,Phoenix,AZ,85035,http://www.ventanapalmsapartments.com/
19940,Portola Biltmore,2323 E Flower St,Phoenix,AZ,85016,https://www.portolabiltmore.com/
224788,Progress Terrace,12230 SW Horizon Blvd,Beaverton,OR,97007,https://www.liveatprogressterrace.com/
54769,Emerson Park Apartment Homes,1701 E Don Carlos Ave,Tempe,AZ,85281,https://www.emersonparkapartmenthomes.com/
13305,Portola Redlands,1250 N University St,Redlands,CA,92374,https://www.portolaredlands.com/
27999,Echo Pointe,4300 Echo Ct,La Mesa,CA,91941,https://www.liveatechopointe.com/
28391,Hill Country Villas,9032 Dugas Rd,San Antonio,TX,78251,http://www.hillcountryvillasapartments.com/
14336,Mountain View Casitas,1130 E Grovers Ave,Phoenix,AZ,85022,https://www.mountainviewcasitas.com/
246962,Portola Bridge Creek,9211 NE 15th Ave,Vancouver,WA,98665,http://www.bridgecreekapthomes.com/
3535,Aspire Thunderbird,5150 W Eugie Ave,Glendale,AZ,85304,https://www.aspirethunderbird.com/
3379,Atwater Cove,425 Merrimac Way,Costa Mesa,CA,92626,https://www.atwatercove.com/
30723,Mountain Ridge,2605 Verde Dr,Colorado Springs,CO,80910,http://www.mountainridge-apts.com/
217956,Cedar Falls Apartments,385 NW Lost Springs Terrace,Portland,OR,97229,https://www.liveatcedarfalls.com/
225934,KD Place,1601 E Katie Ave,Las Vegas,NV,89119,https://www.kdplaceapartmentslv.com/
269136,Coventry Townhomes,2323 S 800 W,Woods Cross,UT,84087,https://www.liveatcoventry.com/?_yTrackUser=MTI0NDc2MzY0OSMxMjE3MjEzNDA2-%2foPyM8O4Dko%3d&_yTrackVisit=MjIwNjgxNzA3NSMxNTk0MTk2MTgz-rdkjryyrv%2fE%3d&_yTrackReqDT=35491920210707
56750,SB1K,1000 S Broadway,Denver,CO,80209,https://www.liveatsb1k.com/
32793,The Reserve,1930 Ridge Ave,Evanston,IL,60201,www.reserveatevanston.com
14561,San Palmilla,750 W Baseline Rd,Tempe,AZ,85283,https://www.mark-taylor.com/apartments/az/tempe/san-palmilla/
27597,Shadow Hills At Lone Mountain,3501 Shady Timber St,Las Vegas,NV,89129,https://www.mark-taylor.com/apartments/nv/las-vegas/shadow-hills/
14538,Mira Santi,800 W Queen Creek Rd,Chandler,AZ,85248,https://www.mark-taylor.com/apartments/az/chandler/mira-santi/
234582,Villa Vita,8175 W Ludlow Dr,Peoria,AZ,85381,https://livevillavita.com/
16078,San Cervantes,400 N Coronado St,Chandler,AZ,85224,https://www.mark-taylor.com/apartments/az/chandler/san-cervantes/
274465,TerraLane at Park McDowell,2200 N 95th Ave,Phoenix,AZ,85037,https://tlcatparkmcdowell.com/
258661,Banyan on Washington,5353 E Washington St,Phoenix,AZ,85034,https://banyanonwashington.com/
14155,Waterside at Ocotillo,4800 S Alma School Rd,Chandler,AZ,85248,https://www.mark-taylor.com/apartments/az/chandler/waterside-at-ocotillo/
65104,The District Lofts,170 W Cullumber Ave,Gilbert,AZ,85233,https://www.mark-taylor.com/apartments/az/gilbert/district-lofts/
30325,Bell Bradburn,11900 Newton St,Westminster,CO,80031,https://www.bellbradburn.com/
32996,TGM Ridge,10901 Wild Ginger Cir,Manassas,VA,20109,https://tgmridge.com/
9133,Lane at Towne Crossing,4035 Towne Crossing Blvd,Mesquite,TX,75150,https://www.hgliving.com/apartments/tx/mesquite/lane-at-towne-crossing/?utm_knock=g
48769,Spring Gate,1500 Springate Dr,Panama City,FL,32404,https://www.hgliving.com/apartments/fl/panama-city/spring-gate/#/
78593,Estes Park,306 Estes Dr Ext,Carrboro,NC,27510,http://www.gscapts.com/apartments/Carrboro_NC/zip_27510/gsc/4510
78785,The Veridian Residences,70 Constitution Ave,Portsmouth,NH,3801,http://veridianresidences.com/
77880,Verde at Greenbelt Station,8010 Greenbelt Station Pkwy,Greenbelt,MD,20770,http://www.verdegreenbelt.com/
540,Bridgepoint I,1500 Monument Rd,Jacksonville,FL,32225,https://www.hgliving.com/apartments/fl/jacksonville/bridgepoint/#/
75912,TGM Creekside Village,303 Maple Tree Dr,Glen Burnie,MD,21060,www.tgmcreeksidevillage.com
13193,Woodview at Randolph,33 Highland Glen Dr,Randolph,MA,2368,http://www.woodviewatrandolph.com/
29583,Norcross Crossings,3400 Peachtree Corners Cir,Norcross,GA,30092,https://www.hgliving.com/apartments/ga/peachtree-corners/norcross-crossing/
256183,Edgemere Crossing at Flint Pond,100 Flint Pond Cir,Shrewsbury,MA,1545,https://www.edgemerecrossing.com/
1575,Hampden Heights,8405 E Hampden Ave,Denver,CO,80231,http://www.hampdenheights-apts.com/
54796,Village at Odenton Station,1415 Duckens St,Odenton,MD,21113,http://www.odentonstation.com/
254187,Crosby Hill,517 N Shipley St,Wilmington,DE,19801,https://www.residecrosbyhill.com/
235871,Elmtree Park Apartments,11023 Elmtree Park Dr,Indianapolis,IN,46229,https://www.hgliving.com/apartments/in/indianapolis/elmtree-park/#/
73993,Royal Palms,5711 W Tropicana Ave,Las Vegas,NV,89103,https://gscapts.com/apartments/nevada/royal-palms/
221995,Booker Creek Townhouse Apartments,2525 Booker Creek Rd,Chapel Hill,NC,27514,http://www.gscapts.com/apartments/Chapel_Hill_NC/zip_27514/gsc/4508
262488,Overlook at Franklin Square,8501 Franklin Square Dr,Baltimore,MD,21237,https://www.myoverlook.com/
34303,Duke Manor,311 S Lasalle St,Durham,NC,27705,http://www.gscapts.com/apartments/Durham_NC/zip_27705/gsc/4506
12370,Rockbrook Creek I,2200 Uecker Dr,Lewisville,TX,75067,https://www.hgliving.com/apartments/tx/lewisville/rockbrook-creek/
266,Ridgewood Apartments,3616 Hogans Run Rd,Columbus,OH,43221,http://www.ridgewoodapartmentscolumbus.com/
75314,Village Park at Paladin,101 Clifton Park Cir,Wilmington,DE,19802,https://pettinaro.com/village-park-paladin/
74488,St. Johns Wood,901 St John's Wood Dr N,Richmond,VA,23225,http://www.gscapts.com/apartments/Richmond_VA/zip_23225/gsc/4497
2844,TGM Danada,2 Sterling Cir,Wheaton,IL,60189,www.tgmdanada.com
56935,The Apartments at Charlestown Crossing I,400 W Claiborne Rd,North East,MD,21901,http://www.charlestowncrossingapts.com/
2239,TGM Autumn Woods,9075 Autumn Woods Dr,Indianapolis,IN,46250,http://www.tgmautumnwoods.com
47669,The Canterbury,3440 Olentangy River Rd,Columbus,OH,43202,https://www.harborgroupmanagement.com/apartments/oh/columbus/the-canterbury/
16381,The Royce at Trumbull,100 Avalon Gates,Trumbull,CT,6611,https://www.royceattrumbull.com/
241798,Waterford Landings,135 Westfield Ct,Clarksville,TN,37040,https://www.waterfordlandingsapartments.com/
18575,The Rosedale,2211 W N Loop Blvd,Austin,TX,78756,www.therosedaleaustin.com
25367,Reserve at Eagle Landing,911 Sun Prairie Dr,Houston,TX,77090,https://www.thereserveateaglelanding.com/?utm_knock=g
47194,Republic Deer Creek,10600 Bilsky Bay Drive,Fort Worth,TX,76140,https://www.republicdeercreek.com/
4918,Arbors of Montgomery,9991 Arbor Montgomery Ln,Cincinnati,OH,45249,https://www.arborsofmontgomery.com/
60305,Preserve At Willow Springs,2252 River Willow Pl,Indianapolis,IN,46260,https://www.preservethelifestyle.com/
12377,Metropolitan at Cityplace,2802 N Carroll Ave,Dallas,TX,75204,https://www.metropolitancityplace.com/
228397,The Residence at Eagle Pass I & II,3477 Bob Rogers Dr,Eagle Pass,TX,78852,https://www.residenceateaglepass.com/
68620,Synergy at the Mayfair Collection,11221 Synergy Dr,Wauwatosa,WI,53222,https://www.liveatsynergy.com/
14324,Bridge at Sweetwater,2323 Wells Branch Pkwy,Austin,TX,78728,https://www.bridgeatsweetwater.com/
1375,Lakewood,11000 Gatesden Dr,Tomball,TX,77377,http://www.lakewood-apartments.net/
6973,Pine Forest,17103 Clay Rd,Houston,TX,77084,https://www.pineforesthouston.com/
36900,Reserve at Saratoga,5701 Saratoga Blvd,Corpus Christi,TX,78414,www.TheReserveSaratoga.com
218597,Valley Oak,2300 Oakdale Rd,Modesto,CA,95355,http://www.valleyoakwelcomehome.com/
62306,Riverwalk Apartments I,517 Pink Moon Dr,Rock Hill,SC,29730,http://www.riverwalkapartments.com/
2196,Hickory Highlands,100 Hickory Highlands Dr,Antioch,TN,37013,https://www.hickoryhighlandsapts.com/
12991,Preserve at Westchase,10615 Meadowglen Ln,Houston,TX,77042,https://www.thepreserveatwestchase.com/
74031,Emerald Pointe,2700 Whitney Ave,Harvey,LA,70058,http://www.liveatemerald.com/
3572,Balcones Club,9218 Balcones Club Dr,Austin,TX,78750,http://www.balconesclub.com/
51775,Aspen Meadow,1050 Denzil Dr,Hopkinsville,KY,42240,https://www.aspenmeadowky.com/
66980,Riverwalk Apartments II,517 Pink Moon Dr,Rock Hill,SC,29730,https://www.riverwalkapartments.com/
11348,Barrett Creek,6525 Glenview Dr,North Richland Hills,TX,76180,https://www.barrettcreekapts.com/
44794,Crowne Polo,875 Crowne Forest Ct,Winston-Salem,NC,27106,http://crownepolo.com/
231586,Cameron Kinney,2400 E Cary St,Richmond,VA,23223,https://theriverlofts.com/floor-plans
39333,Hollow Tree Park,101 Hollow Tree Ln,Houston,TX,77090,https://www.hollowtreeliving.com/
258143,Alleia Long Meadow Farms,5600 Berkeley Knl Cir,Richmond,TX,77407,https://www.alleialongmeadow.com/#hero
47977,The Palazzo,13777 East 51st Street South,Tulsa,OK,74134,http://www.palazzotulsa.com/
279251,Pine Ridge,404 Lynn Ct,Cary,NC,27513,https://pineridgeapartmentscary.com/
8565,Brookbend,3420 Country Square Dr,Carrollton,TX,75006,https://www.livebrookbend.com/
74702,Princeton Lakes,17955 Murray Pl,Noblesville,IN,46060,https://www.princetonlakesapartments.com/
8575,Brooklyn 9590,9590 Forest Ln,Dallas,TX,75243,https://thebrooklynat9590.com/
6395,Serena Woods,2800 Hirschfield Rd,Spring,TX,77373,https://www.villaserenacommunities.com/serena-woods
4358,West Chase Creek,3000 Woodland Park Dr,Houston,TX,77082,www.westchasecreekapts.com
35520,The Bridge at Tech Ridge,12800 Center Lake Dr,Austin,TX,78753,https://www.bridgeattechridge.com/
37143,Village of Cross Creek,7536 Hillcrest Dr,Florence,KY,41042,www.villageofcrosscreek.com
29953,Stratton Park,12324 Starcrest Dr,San Antonio,TX,78216,https://www.strattonparkapt.com/#hero
13327,Briar Park,10401 Old Bammel N Houston Rd,Houston,TX,77086,https://www.ariseequity.com/briar-park#contact
272375,Park on Napoli,13802 Napoli Dr,Houston,TX,77070,https://www.parkonnapoli.com/
11745,316Fry,316 Fry St,Denton,TX,76201,https://www.316fry.com/316-fry-denton-tx/
73578,Reserve at Squirrel Run,2118 W Old Spanish Trail,New Iberia,LA,70560,www.reserveatsquirrelrunapartmenthomes.com
13339,Woodstone,4021 Steck Ave,Austin,TX,78759,https://www.woodstoneaustin.com
21323,Windfern Pointe,9515 W Gulf Bank Rd,Houston,TX,77040,http://windfernpointe.com/
12743,Riley,8631 Fairhaven St,San Antonio,TX,78229,https://www.myrileyapts.com/
7322,Crowne at Overton Village,2901 Crowne Ridge Dr,Birmingham,AL,35243,https://crowneovertonvillage.com/
34644,Laurel Oaks,3334 Smoketree Dr,Sacramento,CA,95834,https://www.laureloaksapartmenthomes.com/
56151,Brandon Place,6700 W Memorial Rd,Oklahoma City,OK,73142,www.brandonplaceapthome.com
4304,Spring Lake Apartments,7645 Garners Ferry Rd,Columbia,SC,29209,http://www.springlakesc.com/
232905,Stone Ridge Apartments,3011 E Gore Blvd,Lawton,OK,73501,https://www.stoneridgeoflawton.com/
53963,Hillside Apartments,9250 Dean Rd,Shreveport,LA,71118,http://hillsideshreveport.com/
11130,Mercer Park,2014 Remington Dr,Arlington,TX,76010,https://www.mercerparkapts.com/
28591,Newport,3800 Perrin Central Blvd,San Antonio,TX,78217,https://www.newportsanantonio.com/
8544,Haven NRH,4205 Rufe Snow Dr,North Richland Hills,TX,76180,https://www.havennrhapts.com/
7551,Midtown Oaks,3543 Carter Hill Rd,Montgomery,AL,36111,https://www.midtownoaksmontgomery.com/
50160,Costa Azul,3404 9th Ave N,Texas City,TX,77590,https://www.costaazulapts.net/
32097,Clemmons Trace Village,114 Willow Trace Cir,Clemmons,NC,27012,http://www.clemmonstracevillage.com/
3141,Venetian Bridges,2244 Rose Marie Ln,Stockton,CA,95207,https://www.venetianbridgesstockton.com/
12727,Riverway,1909 Hamman Rd,Bay City,TX,77414,https://riverway.3cmmultifamily.com/
42588,Green Trails,529 Barker-Clodine Rd,Houston,TX,77094,https://www.syncatgreentrails.com/
17965,Laguna Park,4014 W Waters Ave,Tampa,FL,33614,https://lagunapark.pmiflorida.com/
285742,Allora Bear Creek,11918 Clay Rd,Houston,TX,77043,https://allorabearcreek.com/
70316,Casa Rosa,5555 Antoine Dr,Houston,TX,77091,https://www.villaserenacommunities.com/casa-rosa/
72723,River View Apartments,4034 W Idewild Lp,Coeur d'Alene,ID,83814,https://www.riverviewapts.net/
118367,Novu New Forest,6301 Pale Sage Dr,Houston,TX,77049,https://www.novunewforest.com/
19357,Newport Village Apartments,1827 W Gowan Rd,North Las Vegas,NV,89032,https://newportvillageaptslv.com/?utm_knock=g
56166,Village at Crown Woods,9201 Riverside Pkwy,Tulsa,OK,74137,https://www.crownwoodsvillagelc.com/
32746,Wildwood off Main,200 Lake Forest Blvd,Kalamazoo,MI,49006,https://www.wildwoodoffmainapts.com/
12557,Bridge Pointe Landing,1090 Lang Rd,Portland,TX,78374,https://bridgepointelanding.com/
6997,WestTown,734 S Mesa Hills Dr,El Paso,TX,79912,http://www.westtownapts.com/
61134,The Sovereign,5301 N Tarrant Pkwy,Fort Worth,TX,76244,https://sovereignkeller.com/
8753,Crest River District,124 Roberts Cut Off Rd,Fort Worth,TX,76114,https://www.crestriverdistrict.com/
46565,Uptown Village,3780 NW 24th Blvd,Gainesville,FL,32605,https://uptowngainesville.com/
258134,Horseshoe,501 Horseshoe Dr,Leander,TX,78641,http://www.horseshoeapartments.com/
65101,1818 Church Apartments,1818 Church St,Nashville,TN,37203,https://www.1818church.com/
48494,Shady Lake Apartments,9250 Shady Lake Dr,Streetsboro,OH,44241,https://livemillennium.com/community/shady-lake-apartments/
43180,Monaco Park,5031 S 72nd E Ave,Tulsa,OK,74145,https://www.monacoparklc.com/
64179,Bottle House on Main,650 S Main St,Fort Worth,TX,76104,https://www.bottlehouseonmain.com/
48116,Crown Park,900 Crowne Park Dr,Winston-Salem,NC,27106,http://crownepark.com/
255711,Notch at Nora,8506 Westfield Blvd,Indianapolis,IN,46240,https://www.notchatnora.com/
107,Villas at Pinecrest,2019 S Semoran Blvd,Orlando,FL,32822,http://villasatpinecrest.pmiflorida.com
46734,Norwood Court,7217 Woodstead Ct,St Louis,MO,63121,https://www.norwoodcourtapartments.com/
268883,Sunnyside,21101 Panama City Beach Pkwy,Panama City Beach,FL,32413,https://www.sunnysidefl.com/
39198,Vista De Palmas Apartments,1415 W Freddy Gonzalez Dr,Edinburg,TX,78539,http://www.vistadepalmasapartments.com/
253118,Tamarac Village II,9141 W Commercial Blvd,Tamarac,FL,33351,https://www.tamaracvillage.com/
63482,Sync at Harmony,3530 Discovery Creek Blvd,Spring,TX,77386,http://www.syncatharmony.com/
4700,Brisa Galer√≠a,5331 Beverly Hill St,Houston,TX,77056,https://liveatcdj.com/
12880,Rockridge Park,850 Harvest Time Ln,Houston,TX,77060,https://www.villaserenacommunities.com/rockridge-park/
243936,Centennial Gardens,7841 N Garden Manor Dr,Memphis,TN,38125,http://www.centennialgardensapts.com
269985,Resia Tributary,1851 Market St,Douglasville,GA,30135,https://www.resiatributary.com/
2166,Reserve at Creekbend,7600 Creekbend Dr,Houston,TX,77071,https://www.judwin.com/apartments/tx/houston/reserve-at-creekbend/
10854,Biltmore,2300 Misty Ridge Cir,Arlington,TX,76011,https://www.liveatthebiltmore.com/?utm_knock=g#section-1
35963,The Crossing at St. Charles Place,5505 Pine St,Houston,TX,77081,https://www.crossingsatberkleysquare.com/
49580,Village Crossing,20 Village Crossing Dr S,Greenwood,IN,46143,https://www.villagecrossing-apts.com/
252952,Vantage St Pete,160 16th St N,St Petersburg,FL,33705,https://www.vantagestpete.com/
266574,Mission on Ascension,2501 Ascension Blvd,Arlington,TX,76006,https://www.missiononascension.com/
12989,Grand at Westchase,10881 Richmond Ave.,Houston,TX,77042,https://www.thegrandatwestchase.com/
44925,Crowne Oaks,1000 Crowne Oaks Cir,Winston-Salem,NC,27106,www.crowneoaks.com
43373,Residences at Lakeview,2774 S Mendenhall Road,Memphis,TN,38115,https://www.residencesatlakeview.com/residences-at-lakeview-memphis-tn/contact
8516,Cedar Point Apartments,2020 Cedar Point Dr,Arlington,TX,76010,https://www.cedarpointarlington.com/
15722,Eagle Hollow,11900 Wickchester Ln,Houston,TX,77043,https://www.eaglehollowapartments.com/#hero
43692,Shadow Bay,1700 Baywood Dr,Bay City,TX,77414,https://www.villaserenacommunities.com/shadow-bay
11307,Creek on Park Place,2001 Park Pl Blvd,Bedford,TX,76021,https://www.liveatcreekonparkplace.com/
50327,Access at Rohnert Park,8288 Lancaster Dr,Rohnert Park,CA,94928,https://www.accessrohnertpark.com/
11593,Apollo,404 E 9th St,Dallas,TX,75203,https://www.theapollodallas.com/
12878,Rockridge Springs,17435 Imperial Valley Dr,Houston,TX,77060,http://www.villaserenacommunities.com/rockridge-springs/
1312,Knoll Crest,5700 N Knoll,San Antonio,TX,78240,https://knollcrestsa.com/
14581,Milano,2500 Woodland Park Dr,Houston,TX,77077,https://www.milanoatwestchase.com/#
24575,Deerwood Pines,414 Maxey Rd,Houston,TX,77013,https://deerwoodpines.com/
14953,The Lenox Apartment Homes,6014 Winsome Ln,Houston,TX,77057,http://www.thelenoxapartments.com/
18704,Fifty-Seven 95 Flamingo,5795 W Flamingo Rd,Las Vegas,NV,89103,https://www.fiftyseven95flamingo.com/
268059,Village at Paseo de Luces,9802 W Van Buren St,Tolleson,AZ,85353,https://www.villagepaseodeluces.com/
11524,Casa De Arroyo,8360 W Spring Valley Rd,Dallas,TX,75240,http://www.casadearroyoapts.com
5741,Greyeagle,4551 Old Spartanburg Rd,Taylors,SC,29687,www.greyeagleapts.com
39494,Hamburg Farms,2498 Aristocracy Cir,Lexington,KY,40509,https://www.hamburgfarmslex.com/
39729,The Halston,4247 5th Ave,Lake Charles,LA,70607,https://www.halstonapts.net/
57545,Baytree Ocean Drive,4645 Ocean Dr,Corpus Christi,TX,78412,https://www.baytreeoceandrive.com/
47945,5400 South,4700 E 54th St,Tulsa,OK,74135,https://www.5400southlc.com/
219181,Crown At Steeplechase,4240 High Stakes Cir,Parkton,NC,28371,https://www.livecrownatsteeplechase.com/
12842,Skylar Pointe,1110 El Camino Village Dr,Houston,TX,77058,https://www.skylarpointehouston.com/
7726,Sync at Vinings,2158 Cumberland Pkwy SE,Atlanta,GA,30339,https://www.syncatvinings.com/
57665,The Summit Apartments,2333 Lake Rd,Huntsville,TX,77340,https://www.thesummit-huntsville.com/
21473,Verde,2310 Wickersham Ln,Austin,TX,78741,https://www.verde-austin.com/?utm_source=Google%20My%20Business/
18505,Viewmax,2101 NW 55th Ave,Lauderhill,FL,33313,https://www.rentviewmaxapts.com/?utm_source=Google&utm_medium=directory&utm_campaign=gbp
25166,Triangle Park,5011 S Alston Ave,Durham,NC,27713,https://www.triangleparkapts.com/
16072,Park at Walker's Landing,811 Cloyd Dr,Magnolia,TX,77355,https://www.ariseequity.com/park-at-walkers-landing#neighborhood
222652,Turtle Dove I,3516 Matilda St,Dallas,TX,75206,https://liveatturtledove.com/
4776,Artisan at Downtown Chandler,868 S Arizona Ave,Chandler,AZ,85225,https://www.liveatartisanatdowntownchandler.com/
260077,Club at Hidden River,13564 Cypress Glen Ln,Tampa,FL,33637,https://www.hiddenriveraptstampa.com/
78990,Uptown Fayetteville,3959 N Steele Blvd,Fayetteville,AR,72703,http://uptownfay.com/
247337,Aspire Kenwood,4751 Aspire Blvd,Cincinnati,OH,45236,https://aspirekenwood.com/
65356,The Quaye at Wellington,1090 Quaye Lake Cir,Wellington,FL,33411,http://www.quayewellington.com/
58341,Heritage Park,1818 Evergreen Park Dr SW,Olympia,WA,98502,http://heritageparkolympia.com/
72192,Autumn Oaks,1400 Humphrey Dr,Suisun City,CA,94585,https://www.liveatautumnoaks.com/
22592,Chelsea by the Bay,1823 S Kent Des Moines Rd,Des Moines,WA,98198,http://www.chelseabythebay.com/
42167,Westcreek,5275 W 7th St,Reno,NV,89523,https://www.westcreekapartmentsreno.com/
16198,Rose Luxury Apartments,10853 Rose Ave,Los Angeles,CA,90034,https://www.theroseapts.com/
41199,Coventry Park,751 Central Park Dr,Roseville,CA,95678,https://www.coventryroseville.com/
5995,Skyline,8517 Paradise Valley Rd,Spring Valley,CA,91977,http://www.skylinespringvalley.com/
64618,70 Pine,70 Pine St,New York,NY,10005,http://www.70pine.com/
30356,Summit Park,868 S Magnolia Ave,El Cajon,CA,92020,https://liveatsummitpark.com/contact
25372,Terraza La Jolla,5165 Luigi Terrace,San Diego,CA,92122,https://www.elanterrazalajolla.com/
250342,Station House,16550 NE 79th St,Redmond,WA,98052,https://www.stationhouseredmond.com/
74193,Summerhill Terrace,15267 Hesperian Blvd,San Leandro,CA,94578,https://www.summerhillterraceaptliving.com/
30367,The Rosewood,6208 NE 17th Ave,Vancouver,WA,98665,https://www.therosewoodapts.com/
78373,Fenway Apartments,7112 Fenway Dr,Westminster,CA,92683,https://www.allenproperties.net/fenway-apartments-westminster-ca/
276351,The Parkline,4250 Oregon St,San Diego,CA,92104,https://www.parkline.live/
34275,Bella Rose,4900 Canada Valley Rd,Antioch,CA,94531,www.bellaroseapts.com
23145,Shadow Glen,808 Fort Stockton Dr,San Diego,CA,92103,https://www.liveatshadowglen.com/
4724,MiraBella,40300 Washington St,Bermuda Dunes,CA,92203,www.mirabellalifestyle.com
227568,Elan Shadowridge,1515 S Melrose Dr,Vista,CA,92081,http://www.elanshadowridgemeadows.com/
69323,Fusion 355,355 Eldorado Blvd,Broomfield,CO,80021,https://www.fusion355.com/
289783,Halcyon,825 E Patriot Blvd,Reno,NV,89511,https://www.halcyonreno.com/
46342,The Huntington,173 E Mallard Dr,Boise,ID,83706,http://www.thehuntingtonapartments.com/
28372,Las Ventanas,3819 Vineyard Ave,Pleasanton,CA,94566,www.lasventanasapt.com
26946,Bermuda Terrace,9850 Bermuda Rd,Las Vegas,NV,89183,www.bermudaterraceapts.com
225747,Vivere Lofts,1331 E Katella Ave,Anaheim,CA,92805,www.livevivere.com
39387,High Rock 5300,5300 Los Altos Pkwy,Sparks,NV,89436,www.highrock5300.com
16953,Serrano Highlands,25421 Alta Loma,Lake Forest,CA,92630,https://www.serranohighlandsapts.com/
41132,University Plaza,5469 N Cedar Ave,Fresno,CA,93710,https://www.liveuniversityplaza.com/
262518,Bloom,13120 NE 85th St,Kirkland,WA,98033,https://www.bloomkirkland.com/
37760,Copper Creek,6430 Verner Ave,Sacramento,CA,95841,https://www.livingatcoppercreek.com/
25730,Ellery at Lake Sherwood,8008 Balasands Blvd,Orlando,FL,32818,https://www.elleryapartments.com/
46561,Preserve at Creekside,1299 Antelope Creek Dr,Roseville,CA,95678,http://www.thepreserveatcreeksideapts.com/
262799,220 East 72nd,220 E 72nd St,New York,NY,10021,https://www.dermotcompany.com/building/220-east-72nd-street#availability
77537,Parla Apartments,9176 Holman Rd NW,Seattle,WA,98117,https://www.parlaapts.com/
62178,Bungalows,9755 Silver Sky Pkwy,Reno,NV,89506,https://thebungalowsatskyvista.com/
19108,Canopy,923 112th St SW,Everett,WA,98204,https://www.canopyeverett.com/
1165,Tustin View,2002 & 2010 N Ponderosa St,Santa Ana,CA,92705,https://www.allenproperties.net/tustin-view-santa-ana-ca/
224538,The Toluca Lofts,4605 Cahuenga Blvd,Toluca Lake,CA,91602,http://www.tolucalofts.com/index.aspx
256972,Pottery Creek,2000 SE Sedgwick Rd,Port Orchard,WA,98366,http://www.potterycreek.com/
37577,Siena Villas,9130 Nolan St,Elk Grove,CA,95758,https://www.sienavillaapartment.com/
41937,Row Townhomes,4249 129th Pl SE,Bellevue,WA,98006,http://therowtownhomes.com/
290807,Meri Palm Bay,1880 Mogra Cir NE,Palm Bay,FL,32905,https://www.meripalmbay.com/
5497,Tides on Twain,4455 E Twain Ave,Las Vegas,NV,89121,https://www.tidesontwainapartments.com/
28696,Ellinwood,400 Longbrook Way,Pleasant Hill,CA,94523,https://www.ellinwoodapartments.com/
71651,Waterfront at the Marina,375 Harbour Cove Dr,Sparks,NV,89434,http://www.waterfrontmarinaliving.com/
286725,Kinsley Yards,2801 Grewal Pkwy,Modesto,CA,95356,https://www.kinsleyyardapts.com/
7744,Ascent Apartment Homes,1151 E 6720 S,Cottonwood Heights,UT,84121,https://www.ascentapthomesut.com/
49528,Stonebridge,1601 W Fox Park Dr,West Jordan,UT,84088,www.stonebridgeapt.com
27161,Huntington Gardens,4901 Heil Ave,Huntington Beach,CA,92649,https://www.allenproperties.net/huntington-gardens-huntington-beach-ca/
5386,Bower Village,24006 108th Pl SE,Kent,WA,98030,https://www.bowervillage.com/
21169,Montebello at Summit Ridge,5200 Summit Ridge Dr,Reno,NV,89523,https://www.montebelloatsummitridge.com/
41973,Rosewood Park,4500 Mira Loma Dr,Reno,NV,89502,http://www.rosewoodparkreno.com/
226588,Azara,1650 S Delaware St,San Mateo,CA,94402,https://www.liveazara.com/
57918,Chandler,6767 W Windmill Ln,Las Vegas,NV,89139,http://www.chandlerapthomes.com/
33318,Riverstone,7459 Rush River Dr,Sacramento,CA,95831,http://www.riverstoneaptliving.com/
28386,Greenback Ridge,7566 Greenback Ln,Citrus Heights,CA,95610,www.thegreenbackridge.com
55194,Village,3661 River Rd N,Keizer,OR,97303,https://www.thevillagekeizer.com/
17161,Monterey Villas,7000 La Praix St,Highland,CA,92346,https://www.allenproperties.net/monterey-villas-highland-ca/
4884,Vista Sureno,4727 E Warner Rd,Phoenix,AZ,85044,www.vistasureno.com
246304,Vista Creek Apartments,22432 Center St,Castro Valley,CA,94546,https://www.vistacreekaptliving.com/
15361,Hidden Springs,5220 Pearblossom Dr,Riverside,CA,92507,https://www.allenproperties.net/hidden-springs-riverside-ca/floorplans
23306,Villas Willow Glen,850 Meridian Way,San Jose,CA,95126,www.villaswillowglen.com
16101,Park Place Townhomes,1005 S Gilbert St,Hemet,CA,92543,https://www.allenproperties.net/parkplacetownhomes-hemet-ca
2993,Villa Montana,11350 E Sahuaro Dr,Scottsdale,AZ,85259,www.villamontanaapartments.com
261648,The Larson,3706 Larson Ln W,University Place,WA,98466,https://www.larsonapts.com/
65138,The Thornton,1953 NW Overton St,Portland,OR,97209,https://www.thethorntonpdx.com/
17592,Kenmore Los Feliz,1840 N Kenmore Ave,Los Angeles,CA,90027,https://www.thekenmorelosfeliz.com/
20349,Loma Palisades,2799 Adrian St,San Diego,CA,92110,http://www.lomapalisades.com/
17541,Greentree Gardens,2618 Flint Way,San Bernardino,CA,92408,https://www.allenproperties.net/greentree-gardens-san-bernardino-ca/
65134,Garnet Creek,5002 Jewel St,Rocklin,CA,95677,http://www.garnetcreekapts.com/
28359,Clubs at Rhodes Ranch,8975 W Warm Springs Rd,Las Vegas,NV,89148,https://www.theclubsapt.com/
52967,Seville at Mace Ranch,4501 Alhambra Dr,Davis,CA,95618,http://www.liveattheseville.com/
244381,Sixteen G,521 NE 16th Ave,Portland,OR,97232,https://www.sixteeng.com/
25787,Centennial Park View,3350 Harrison St,Kingman,AZ,86409,http://www.centennialparkview.com/
36198,Lion's Gate,10101 Northeast Ave,Philadelphia,PA,19116,https://galmangroup.com/property/lions-gate-apartments/
37967,Exeter Village,200 Eastwick Dr,Reading,PA,19606,https://galmangroup.com/property/exeter-village/
274291,The Flats at Jenkintown,1300 Greenwood Ave,Jenkintown,PA,19046,https://galmangroup.com/property/the-flats-at-pavilion-town-center/
73649,Lehigh Flats,650 Lehigh Rd,Newark,DE,19711,https://galmangroup.com/property/lehigh-flats/
284832,Hampton Gardens,13451 Philmont Ave,Philadelphia,PA,19116,https://galmangroup.com/property/hampton-gardens/
59063,CityScape Residences,11 S Central Ave,Phoenix,AZ,85004,https://www.cityscaperesidences.com
277576,The Gardens on 40th,955 Country Hills Dr,South Ogden,UT,84403,https://www.gardenson40th.com/
37375,Fox Hunt,2095 Valley Greene Dr,Kettering,OH,45440,https://princetonmanagement.com/communities/fox-hunt-apartments/
222122,Lincoln Meadows,3482 4th Ave E,Dickinson,ND,58601,https://princetonmanagement.com/communities/lincoln-meadows-apartments/
21976,Century Square Townhomes,22459 Century Dr,Taylor,MI,48180,https://princetonmanagement.com/communities/century-square-townhomes/
232583,Custer Crossing Apartments,1763 Carroll St,Dickinson,ND,58601,https://princetonmanagement.com/communities/custer-crossing-apartments/
52541,Woodbridge Manor,517 E Edgewood Blvd,Lansing,MI,48911,https://princetonmanagement.com/communities/woodbridge-manor-apartments/
53567,Trafalgar Square Apartments,33210 Trafalgar Square,Westland,MI,48186,https://princetonmanagement.com/communities/trafalgar-square-apartments/
22962,Fox Lane,45600 Fox Ln W,Shelby Township,MI,48317,https://princetonmanagement.com/communities/fox-lane-apartments/
247411,The Tillery,1720 Villa St,Mountain View,CA,94041,https://prometheusapartments.com/ca/mountain-view-apartments/the-tillery
63766,Madrone II,111 N Rengstorff Ave,Mountain View,CA,94043,https://prometheusapartments.com/ca/mountain-view-apartments/madrone
36536,Icon at Park,1401 Park Ave,Emeryville,CA,94608,https://prometheusapartments.com/ca/emeryville-apartments/icon-at-park
52081,Madera,455 W Evelyn Ave,Mountain View,CA,94041,https://prometheusapartments.com/ca/mountain-view-apartments/madera/?utm_source=googlemybusiness&utm_medium=organic
24139,Boardwalk,3770 Flora Vista Ave,Santa Clara,CA,95051,https://prometheusapartments.com/ca/santa-clara-apartments/boardwalk/
24893,Spruce Apartments I,655 S Fair Oaks Ave,Sunnyvale,CA,94086,https://prometheusapartments.com/ca/sunnyvale-apartments/spruce
78093,Highland at Spring Hill,151 Du Rhu Dr,Mobile,AL,36608,http://highlandatspringhill.com/
270966,COOP @ Heights,2101 N Shepherd Dr,Houston,TX,77008,https://www.coopheights.com/
9378,El Rancho Escondido,2840 Las Vegas Trail,Fort Worth,TX,76116,https://www.elranchoescondidotx.com/
37780,Covington Hills,4800 Raleigh Lagrange Rd,Memphis,TN,38128,https://www.covingtonhills.com/
269570,Trinity Highline,1101 Gounah St,Fort Worth,TX,76102,https://www.trinityhighline.com/
310521,Elevate on Vineyard,6821 S Montezuma St,Phoenix,AZ,85041,https://www.elevateonvineyard.com/
73104,ICO Mayfield,2275 W 250 S,Pleasant Grove,UT,84062,www.liveatmayfield.com
268381,Gathyr Apartments,1117 E Market St,Indianapolis,IN,46202,https://www.gathyrapts.com/
68703,Waterford Trails,21201 Emerald Mist Pkwy,Spring,TX,77379,https://www.alapts.com/apartments/tx/spring/waterford-trails/
71775,Wilkeswood,9d Princeton Ct,Wilkes-Barre,PA,18702,https://www.liveatwilkeswood.com/
27495,Newland Garden,8520 Gloria Ave,Garden Grove,CA,92844,http://www.newlandgardenapts.com/
18194,Parke Place Townhomes,44 New Zealand Rd,Seabrook,NH,3874,https://www.forestproperties.net/property/availabilities/parke-place-village
244349,Albany Landing,416 Hay Dr SW,Decatur,AL,35603,http://albanylandingapts.com/
252962,Homecoming at Creekside,4800 Kokomo Dr,Sacramento,CA,95835,https://www.lewisapartments.com/homecoming-at-creekside-sacramento-ca
86794,Haven,11924 Washington Blvd,Culver City,CA,90230,https://www.havenculver.com/
251987,The Edge,3833 Manson Pike,Murfreesboro,TN,37129,https://www.alapts.com/apartments/tn/murfreesboro/the-edge/
61459,Oak Street Townhomes,417 15th Ave SE,St Cloud,MN,56304,http://www.thiestalle.com/properties/oakstreet-st-cloud.html
37793,Minikahda Court Apartments,3504 Minikahda Ct,St Louis Park,MN,55416,http://www.myminikahdahome.com
26315,Bass Lake Crossing,5601 Quebec Ave N,New Hope,MN,55428,https://www.basslakecrossingmn.com/
252987,The Winston,222 West Blvd,Charlotte,NC,28203,https://thewinstonclt.com/
24332,Parkway Green,2501 Medallion Dr,Union City,CA,94587,https://www.parkwaygreenapts.com/
46313,Crescent Park Commons,401 Elizabeth Sarah Blvd,Greer,SC,29650,https://www.southwoodrealty.com/community/crescent-park-commons/
227791,Delwyn,20 St Asaphs Rd,Bala Cynwyd,PA,19004,https://delwynapartments.com/
19245,Tenzen,4117 124th Ave SE,Bellevue,WA,98006,http://www.tenzenapartments.com/
273116,Reserve at River Place,5530 Ambassador Caffery Pkwy,Youngsville,LA,70592,https://www.reserveatriverplace.com/
237520,81 Arch,81 Arch St,Hartford,CT,6103,https://81arch.com/
284736,Edgewood,3404 Queen Dr SW,Cedar Rapids,IA,52404,https://www.edgewood-cedarrapids.com/
33981,Village at Brookline,77 Village Way,Brookline,MA,2445,https://www.liveinbrookline.com/
263957,The Pointe on Westshore,4950 W Prescott St,Tampa,FL,33616,https://www.thepointeonwestshore.com/
61569,Thalia Gardens Apartments and Townhomes,4129 Inverness Rd,Virginia Beach,VA,23452,http://www.thaliagardensapts.com/
17991,Provence at Valencia,28160 McBean Pkwy,Valencia,CA,91354,https://www.provenceatvalencia.com/
236966,The Dorsey,286 NW 29th St,Miami,FL,33127,https://dorseywynwood.com/
40123,Watersedge,1799 FM 528 Rd,Webster,TX,77598,https://www.lifeatwatersedge.com/
34247,Parc Chateaux,24979 Constitution Ave,Stevenson Ranch,CA,91381,www.parcchateaux.com
30663,Revello - Living at Santa Monica,1234 6th St,Santa Monica,CA,90401,https://www.livingatsantamonica.com/properties/revello/
8654,Riverfalls at Bellmar,10570 Stone Canyon Rd,Dallas,TX,75230,https://www.riverfallsdallas.com/
225197,Pine Forest Apartments,14010 Pine Forest Dr,North Royalton,OH,44133,https://homeatpineforest.com/
52347,Aspen Court,2800 New Brunswick Ave,Piscataway,NJ,8854,www.liveaspencourt.com
12781,The Fuse at Park Row,14220 Park Row,Houston,TX,77084,https://www.thefuseatparkrow.com/
57192,Park Avenue Lofts,320 S University Ave,Little Rock,AR,72205,http://www.theparkavenuelofts.com/
286995,Kodiak LeGrande,668 La Grande Dr,Sunnyvale,CA,94087,http://www.kodiak-legrande.com/
14174,Reserve at Lenox Park,1200 Reserve Dr NE,Atlanta,GA,30319,www.reserveatlenoxpark.net
25586,Huntington Continental,17101 Springdale St,Huntington Beach,CA,92649,https://www.lyonliving.com/huntington-beach-california/huntington-continental
225389,Evergreen at River Oaks I,4650 Nelson Rd,Lake Charles,LA,70605,https://www.evergreenatriveroaks.com/
283391,Valley at Mill Creek,1823 Biscayne Pl,Dalton,GA,30720,https://www.thevalleyatmillcreek.com/
282797,Silver Falls,914 Creekside Dr,Longview,TX,75604,https://livesilverfalls.com/
285397,Vistas Palmetto Bay,18300 SW 98th Ave,Palmetto Bay,FL,33157,https://www.vistaspalmettobay.com/
28797,Meadow Wood,3205 Northwood Dr.,Concord,CA,94520,https://www.rentmeadowwoodapts.com/
51117,The Henry,200 Foxgate Ave,Hattiesburg,MS,39402,https://fosheeresidential.com/communities/the-henry/
60372,Chelsea,4630 Collier St,Beaumont,TX,77706,https://www.thechelseaapartments.com
62275,Villas of Chapel Creek,5775 Parkwood Blvd,Frisco,TX,75034,https://villasofchapelcreek.com/
67392,E6,2400 E 6th St,Austin,TX,78702,https://www.livee6.com/
14374,The Vineyards,11 Sheffield Pl,Cartersville,GA,30121,https://www.vineyardscartersville.com/
282340,The Bend at Gretna,111 E Westplains Rd,Gretna,NE,68028,https://www.thebendatgretna.com/
218584,Springs at Hamburg,2151 Meeting St,Lexington,KY,40509,https://www.springsapartments.com/apartments/ky/lexington/springs-at-hamburg/
285187,Park Cheesman,1177 Race St,Denver,CO,80206,https://www.parkcheesman.com/
29411,Arrezo,507 Wilshire Blvd,Santa Monica,CA,90401,https://www.livingatsantamonica.com/properties/arrezo/
253755,The Residences at Sawmill Station,6701 Dempster St,Morton Grove,IL,60053,https://www.residencesatsawmillstation.com/
259784,Reflection Pointe,4720 Ardmore Dr,Ooltewah,TN,37363,https://www.southwoodrealty.com/community/reflection-pointe-tn/
21996,Marsh Creek Village,25010 Marsh Creek Blvd,Woodhaven,MI,48183,https://www.marshcreekresidential.com/home.aspx
67124,The Garfield,1965 E 6th St,Cleveland,OH,44114,http://thegarfield.com/
284130,Broadstone Amarra,10850 Hammerly Blvd,Houston,TX,77043,https://broadstoneamarra.com/?utm_source=greystar&utm_medium=ils
57787,Blu Atlantic Delray Beach,5550 Nepsa Way,Delray Beach,FL,33484,http://www.livebluatlantic.com
7754,Cary Greens at Preston,2500 Grove Club Ln,Cary,NC,27513,http://carygreens.com/
256989,PURE St Peters,2100 Pure St,St Peters,MO,63376,https://www.purestpeters.com/
21367,4001 Midtown,4001 Fannin St,Houston,TX,77004,https://www.live4001midtown.com/
16973,Cambridge On Devonshire,18013 Devonshire St,Northridge,CA,91325,http://www.cambridgeondevonshireapartments.com/
77581,The Mill at Westside,903 Huff Rd NW,Atlanta,GA,30318,https://www.millatwestside.com/
37075,Spring Lake,1000 Spring Lake Blvd,Byram,MS,39272,http://www.livelifeatspringlake.com/
251766,Liberty Bay Club,190 W 54th St,Bayonne,NJ,7002,https://libertybayclub.com/
25390,Morgan Manor,6815 Academy St,Houston,TX,77025,http://www.morganmanorapartmenthomes.com/
261349,Broadstone Centennial,2 City Pl,Nashville,TN,37209,https://broadstonecentennial.com/
75372,Tamarack On The Lake I & II,3613 Pine Lake Dr,Fayetteville,NC,28311,https://www.tamarack-online.com/
57581,Parma Park East & West,2705 Snow Rd,Parma,OH,44134,https://www.parmapark.com/
287001,Park Terrace,865 Pomeroy Ave,Santa Clara,CA,95051,https://park-terrace-apts.com/
267550,The Chloe Leander,348 Main St,Leander,TX,78641,https://thechloeleander.com/
238797,Revere at Hidden Creek,2067 Springdale Ln,Gallatin,TN,37066,https://www.reverehiddencreek.com/
65566,Bridge Park,6741 Longshore St,Dublin,OH,43017,http://www.bridgeparkliving.com/
51777,Woodfield Heights,120 Cambridge Ave,Waukesha,WI,53188,https://www.woodfieldheightsapts.com/
17303,Santa Rosa,3425 E Chandler Blvd,Phoenix,AZ,85048,http://www.santarosaapartmenthomes.com/
2367,Bellaire Oak Ridge,11200 Perrin Beitel,San Antonio,TX,78217,https://www.oakridgesanantonio.com/
283379,Bridgeford,3709 Bridgeford Ln,Modesto,CA,95356,https://www.bridgefordmodesto.com/
284987,Orchard Ridge,75 N Orchard Dr,Warsaw,IN,46582,https://www.liveatorchardridge.com/
234956,Nove at Knox,3031 Oliver St,Dallas,TX,75205,https://noveatknox.com/
11159,Hunters Court,8550 Spring Valley Rd,Dallas,TX,75240,www.hunterscourtapts.com
229949,Indie Westside,3740 Keystone Av,Los Angeles,CA,90034,https://www.indiewestside.com/
244985,The Crosby,400 S Hall St,Dallas,TX,75226,https://www.thecrosbydallastexas.com/
283599,Homer,66 Homer Ave,Cambridge,MA,2138,https://www.66homer.com/
71747,The Atlas,5657 West Barn Road,Herriman,UT,84096,http://www.copperwoodut.com/
68553,Traditions at Westmoore,12205 S Western Ave,Oklahoma City,OK,73170,https://www.traditionswestmoore.com/
290551,The Asher,100 Chestnut St,Ashland,MA,1721,https://theasher.com/
68584,Springs at West Chester,9050 West Chester Blvd,West Chester,OH,45069,https://www.springsapartments.com/apartments/oh/west-chester/springs-at-west-chester/
30472,Beach,2525 Tingley Dr SW,Albuquerque,NM,87104,https://www.thebeachapts.com/
45301,Highlands Lafayette,3601 Kaliste Saloom Rd,Lafayette,LA,70508,https://www.highlandslafayette.com/
224962,Perse,8151 Patterson Woods Dr,Orlando,FL,32821,https://www.perseapartments.com/
253165,Alcott,2424 Alcott St,Denver,CO,80211,https://www.alcottdenver.com/
282594,Timbercreek,1015 Glendale Dr,Greensboro,NC,27406,https://www.livewithtimbercreek.com/
299791,L‚ÄôAttitude27 Riverview,8683 Holly Grove Ct,Riverview,FL,33578,https://lattitude27riverview.com/
269029,The Plaza at Canoga Park,21031 Parthenia St,Los Angeles,CA,91304,https://www.plazacanogapark.com/?utm_source=gmb&utm_medium=organic&utm_campaign=postengine&utm_content=primary&utm_knock=g
37758,Southcrest Lake Apartments,101 Veranda Boulevard,Southaven,MS,38671,http://www.mrgapartments.com/properties/southcrest-lake/
251974,Domain at Founders Parc,880 W Euless Blvd,Euless,TX,76040,https://www.domainatfoundersparc.com/
251492,The Elysian,65 Sentosa Dr,St Johns,FL,32259,https://www.alapts.com/apartments/fl/st-johns/the-elysian/?utm_source=GMB&utm_medium=organic
11743,Arbor Park,503 Brown Trail,Hurst,TX,76053,https://www.livearborparkapts.com/
13072,Boynton Place,10492 Boynton Pl,Boynton Beach,FL,33437,https://www.robbinspropertyllc.com/apartments/fl/boynton-beach/boynton-place-apartments/
25063,Highgrove at Big Bend,747 Westbrooke Village Dr,Manchester,MO,63021,https://www.highgroveatbigbend.com
73918,Trellis,2120 SW 352nd St,Federal Way,WA,98023,https://trellisapartments.com/
230593,Town Center at Berry Farms I,6001 Hughes Crossing,Franklin,TN,37064,https://towncenteratberryfarms.com/
251167,Metro at Fireclay II,4358 S Main St,Murray,UT,84107,http://www.metroatfireclay.com/
36777,Huntington Woods,701 S Friendswood Dr,Friendswood,TX,77546,www.HuntingtonWoodsapts.com
62381,Flats at 44,44 Gerrish Ave,Chelsea,MA,2150,http://flatsat44.com/
257905,Cypress Lofts,4901 Knollwood Rd,Sherman,TX,75092,https://cypresslofts.com/
40779,Graystone,4213 Court Royale,Schenectady,NY,12304,https://www.burnsmgmt.com/community/graystone-apartments/
9407,The Leighton Apartments,1717 Independence Pkwy,Plano,TX,75075,https://www.theleightonapartments.com/
5778,Centerpointe Greens,8600 18th Ave W,Everett,WA,98204,http://www.centrepointegreensliving.com/
17993,Canyon Village,6949 Laurel Canyon Blvd,North Hollywood,CA,91605,http://www.canyonvillageapartments.com/
61386,East Beach Marina,4921 Pretty Lake Ave,Norfolk,VA,23518,http://www.eastbeachmarinaapartments.com/
15538,Acadia,19900 Broad Vista Terrace,Ashburn,VA,20147,https://www.acadiabysdk.com/
274232,River Oaks Landing,68 Shumard Wy,Garner,NC,27529,https://liveriveroakslanding.com/
29592,Elliott Pointe,2226 Elliott Ave,Seattle,WA,98121,http://www.elliottpointeapts.com
226967,Central Park Apartments,11 Fir St,Park Forest,IL,60466,https://www.aptscentralpark.com/
260988,Aspire at Redwood,6755 W Arby Ave,Las Vegas,NV,89118,https://lasvegasliving.com/properties/aspire-at-redwood/
11961,Fairways at Prestonwood,5769 Belt Line Rd,Dallas,TX,75254,http://www.fairway-living.com
4554,Park at Canyon Ridge,9767 E Colorado Ave,Aurora,CO,80247,https://www.parkatcanyonridge.com/
220367,The Huntington at King Farm,801 Elmcroft Blvd,Rockville,MD,20850,www.huntingtonkingfarm.com
61143,Maple at Med Center,5522 Maple Ave,Dallas,TX,75235,https://www.mapleatmedcenter.com/
228863,Prose Rancho Belago,14147 Darwin Dr,Moreno Valley,CA,92555,https://proseranchobelago.com/
78791,The Watson,116 E Howard St,Quincy,MA,2169,https://www.thewatsonquincy.com/the-watson-quincy-ma/
281338,New Orleans,212 N G St,Tacoma,WA,98403,https://www.theneworleansapts.com/
11327,Plano Park Townhomes,2253 Ashley Park Dr,Plano,TX,75074,https://www.planoparktownhomes.com/
55938,The Oaks at Techridge,14000 The Lakes Blvd,Pflugerville,TX,78660,https://www.theoaksattechridge.com/
4364,The Parker at Ellington,12801 Roydon Dr,Houston,TX,77034,https://www.theparkeratellington.com/
68375,Haven at Highland Knolls,20801 Highland Knolls Dr,Katy,TX,77450,http://www.havenhighlandknolls.com/
253646,Tapestry Westland Village,6505 Collins Rd,Jacksonville,FL,32244,https://www.alapts.com/apartments/fl/jacksonville/tapestry-westland-village/
16540,The Grammercy,9600 E Girard Ave,Denver,CO,80231,https://livegrammercy.com/
53970,Colonial Plaza,215 Sand Beach Blvd,Shreveport,LA,71105,https://colonialplazaulc.com/
260310,Teak,3215 S Westbrooke Ln,Sioux Falls,SD,57106,https://www.teaksiouxfalls.com/
14963,The Carson,3700 McCann Rd,Longview,TX,75605,https://www.thecarsonlongview.com/
41998,Overbrook,5901 John F Kennedy Blvd,North Little Rock,AR,72116,http://www.overbrookapthome.com/
14772,Preserve at Legacy Park,900 Legacy Park Dr,Lawrenceville,GA,30043,https://www.preserveatlegacypark.com/
274971,Bordeaux,2901 Brahma Blvd,Kingsville,TX,78363,https://www.bordeauxapts.com/
33798,Wakefield Glen,2400 Garden Hill Dr,Raleigh,NC,27614,www.wakefieldglen.com
62144,South Ridge,823 S Church St,Greenville,SC,29601,http://www.southridgeliving.com/
68537,SYMBOL Scotts Addition,1814 Highpoint Ave,Richmond,VA,23230,http://symbolrva.com/
49953,Berrington Village,1 Overton Way,Asheville,NC,28803,www.berrington-apts.com/
51928,Sutton Crossings,3814 Cascades Blvd,Kent,OH,44240,https://suttoncrossings.com/#
1971,Park West End,5300 Glenside Dr,Richmond,VA,23228,https://www.parkwestend.com/
259972,The Avenue on Oakland,751 W Oakland Ave,Oakland,FL,34787,https://www.liveavenueonoakland.com/
28358,The Sagewood,14325 Plantation Park Blvd,Charlotte,NC,28277,https://thesagewoodapartments.com/
298932,Genesee Pointe,1000 E Genesee Pointe Dr,West Henrietta,NY,14586,https://geneseepointe.com/
48075,Edgefield,5699 Craneybrook Ln,Portsmouth,VA,23703,https://www.edgefieldaptsva.com/
23787,Estates at East Riverside,1300 Crossing Pl,Austin,TX,78741,www.estatesateastriverside.com
51123,Oak Hill Apartments,22 Strayhorn Wy,Pittsburgh,PA,15213,http://www.oakhillapts.com/
245962,Beacon Station,1480 Wrightsboro Rd,Augusta,GA,30901,https://www.beaconstationaugusta.com/
69368,Creekview,700 S FM 1417,Sherman,TX,75092,https://www.creekviewapthomes.com/
14295,Timber Ridge Apartment Homes,1025 Adams Cir,Boulder,CO,80303,www.myboulderapartment.com
258343,Keystone on 8th,1261 8th St,West Des Moines,IA,50265,https://www.keystoneon8th.com/
94396,The Otis at Fort Ben,9310 Otis Ave,Indianapolis,IN,46216,https://www.theotisfortben.com/
51998,Thousand Oaks,6900 Sumner St,The Colony,TX,75056,http://toapts.com/
60764,Adeline at White Oak,200 Wickerleaf Way,Garner,NC,27529,http://www.adeline-apts.com/
63958,Commonwealth at York,100 Legacy Wy,Yorktown,VA,23693,http://www.thecommonwealthapts.com/apartments-for-rent-in-newport-news-virginia/
29995,Canoan Village,5300 Eubank Blvd NE,Albuquerque,NM,87111,https://www.canoanvillageapts.com/?utm_source=GoogleLocalListing&utm_medium=organic
263745,Mark on Conquest II,2050 Conquest Blvd,Waxahachie,TX,75167,https://themarkonconquest.com/
16172,Towne Crest,17500 Towne Crest Dr,Gaithersburg,MD,20877,http://www.townecrest.com/
24577,Magnolia Crossing,2824 S Burnside Ave,Gonzales,LA,70737,https://www.liveatmagnoliacrossingapts.com/
40191,Crest at Round Rock,610 Greenhill Dr,Round Rock,TX,78665,www.crestroundrock.com
269984,Flats at Market Street,4903 Market St,Wilmington,NC,28405,https://www.flatsatmarketstreet.com/
39125,Gardenbrook Apartments,3561 Hilton Ave,Columbus,GA,31904,www.gardenbrookthayer.com
67154,Southern Pine Apartments,2520 Allie Nicole Cir,Virginia Beach,VA,23456,www.southernpineapts.com
75366,Huntington Park,7019 Crowder Blvd,New Orleans,LA,70127,https://www.thehuntingtonparkapts.com/
218776,The Griffin Apartments,3234 N Scottsdale Rd,Scottsdale,AZ,85251,https://www.thegriffinscottsdale.com/
255949,Magnolia South,1000 Sweet Almond Dr,Holly Springs,NC,27540,https://www.southwoodrealty.com/community/magnolia-south/
36295,Featherstone Village Apartments,4916 Old Page Rd,Durham,NC,27703,http://www.featherstone-apts.com/
50158,Gates of Oakwood,294 Wright Ave,Terrytown,LA,70056,www.liveatgatesofoakwood.com
21370,Collins Junction,4727 200th St SW,Lynnwood,WA,98036,www.collinsjunction.com
254140,J Creekside at Exton,360 Creamery Way,Exton,PA,19341,https://www.jcreeksideatexton.com/
55354,Palisades at Paris Mountain,101 Enclave Paris Dr,Greenville,SC,29609,https://www.southwoodrealty.com/community/palisades-at-paris-mountain/
223329,Washington Village,4211 W Potomac Dr,Greenfield,IN,46140,https://www.washingtonvillageliving.com/
44154,Wyncroft Hill,12235 S Black Bob Rd,Olathe,KS,66062,www.wyncrofthill.com
258370,Broadstone SoBro,800 4th Ave S,Nashville,TN,37210,https://broadstonesobro.com/
32557,Spencer Park Row,15335 Park Row,Houston,TX,77084,https://www.spencerparkrow.com/spencer-park-row-houston-tx/
7770,Twelve 100 Apartments,12100 Metric Blvd,Austin,TX,78758,https://www.twelve100.com/
35395,Stonebridge at the Ranch,1 Stonebridge Cir,Little Rock,AR,72223,https://www.stonebridgeattheranch.com/
78947,Milwaukee Fortress,1726 N 1st St,Milwaukee,WI,53212,https://milwaukeefortress.com/apts/
51540,The Point at West Chester,890 S Matlack St,West Chester,PA,19382,http://www.thepointeatwestchester.com/
265143,The Point at Kingston,1 Kingston Collection Way,Kingston,MA,2364,https://www.thepointatkingston.com/
236188,Monticello Lee,620 Jefferson St,Alexandria,VA,22314,https://monticellolee.com/
1748,Cedars 94,2220 E Franklin Ave,Minneapolis,MN,55404,www.mycedars94home.com
6377,The Lodge at 1550,1550 Katy Flewellen Rd,Katy,TX,77494,https://www.lodgeat1550.com/
23760,Ashton Glen,8850 Golden Oak Dr,Manassas,VA,20109,http://www.ashtonglen.com/
270367,Boulevard 45,4540 Helm Dr,Virginia Beach,VA,23452,https://blvd45apts.com/
298756,Prose Murphy Creek,23501 E Colorado Pl,Aurora,CO,80018,https://prosemurphycreek.com/
25781,Mayflower,205 34th St,Virginia Beach,VA,23451,https://www.iliveonthebeach.com/
14939,The Maya,1946 NE Interstate 410 Loop,San Antonio,TX,78217,https://www.livethemaya.com/
48389,Village Gate Apartments,3311 Turtle Point Dr,Fayetteville,NC,28304,http://www.villagegatenc.com/
38775,Sabal Palms,100 Lochaven Dr,Charleston,SC,29414,https://www.southwoodrealty.com/community/sabal-palms-apartment-homes/
71962,Towne House,151 Sea St,Quincy,MA,2169,https://www.townehousequincy.com/
40539,Albers Mill Lofts,1821 Dock St,Tacoma,WA,98402,www.albersmilllofts.com
34765,Springs at Live Oak,8101 Shin Oak Dr,Live Oak,TX,78233,https://www.springsapartments.com/apartments/tx/live-oak/springs-at-live-oak/
42727,Willow Oaks Apartments,6002-C Willow Oaks Dr,Richmond,VA,23225,https://www.willowoaks-online.com/?utm_source=GBP&utm_medium=organic
293595,Glen Willow,10600 S Post Oak Rd,Houston,TX,77035,https://www.glenwillowapartments.com/
37569,Rocky Creek,7900 Rocky Creek Blvd,Southaven,MS,38671,https://www.mrgapartments.com/properties/rocky-creek/
19785,Cottonwood Creek Apartments,3149 E Desert Inn Rd,Las Vegas,NV,89121,www.cottonwoodcreekapartments.com
271152,Harper Lake Houston,17417 W Lake Houston Pkwy,Humble,TX,77346,https://harperlakehouston.com/
7343,Vista at Palma Sola,3900 75th St W,Bradenton,FL,34209,https://www.vistapalmasola.com/
233583,Canal Overlook Apartments,430 Indiana Ave,Indianapolis,IN,46202,http://liveatcanal.com/
258963,Reflection Pointe,185 Reflection Pointe Cir,Asheville,NC,28806,https://www.southwoodrealty.com/community/reflection-pointe/
37351,Fairway Meadows,93 Weakley Ln,Smyrna,TN,37167,https://www.livefairwaymeadows.com/
283561,946 MLK,946 Dr Martin Luther King Jr St,Indianapolis,IN,46202,https://www.946mlk.com/
8117,The Morgan at Chapel Hill,100 Spring Meadow Dr,Chapel Hill,NC,27517,https://livethemorganchapelhill.com/
228341,The Commons at Cowan Boulevard,2352 Cowan Blvd,Fredericksburg,VA,22401,http://commonsatcowanboulevard.com/
58755,The Yards At NoDa,703 Rollerton Rd,Charlotte,NC,28205,http://www.yardsatnodaapts.com/
68390,Sampson Lofts,806 Sampson St,Houston,TX,77003,http://www.sampsonlofts.com/
1930,James Towne Village,3 Sawgrass Rd,Charleston,SC,29412,https://www.james-towne-village.com/
291774,Gallatin Village,20190 Murphy Rd,Bend,OR,97702,https://www.123taylor.com/gallatin-village
278511,Merchants Plaza,56 St Joseph St,Mobile,AL,36602,https://themerchantsplaza.com/
67747,The Edge at Raritan Heights,11 US Hwy 1,New Brunswick,NJ,8901,https://www.theedgeatraritanheights.com/
260350,The Savoy,12631 Vance Jackson Rd,San Antonio,TX,78230,https://www.thesavoyapartments.com/
48897,Brittany Place of LaGrange,1235 Hogansville Rd,LaGrange,GA,30241,https://www.southwoodrealty.com/community/brittany-place-apartments-of-lagrange/
6994,Stoney Trace,4616 Stoney Trace Dr,Charlotte,NC,28227,https://www.stoneytrace.com/
36530,The Point at Monroe Place,2300 Woodland Crossing Dr,Herndon,VA,20171,https://www.thepointatmonroeplace.com/
52352,Jory Trail at the Grove,8750 SW Ash Meadows Rd,Wilsonville,OR,97070,http://www.jorytrail.com/
254313,LUMA at Delray,7607 W Atlantic Ave,Delray Beach,FL,33446,https://lumadelray.com/
261378,Attain at Harbour View,2000 Ironside Dr,Suffolk,VA,23435,https://www.attainharbourview.com/?utm_source=GBP&utm_medium=organic
252388,Quincy,91 Red River St,Austin,TX,78701,https://quincyatx.com/
267777,The Oliver,3000 Gloryland Ave,Charlotte,NC,28213,https://theoliverclt.com/
253733,Stadia Med Main,9330 S Main St,Houston,TX,77025,https://www.stadiamedmain.com/
17373,39 North,10225 E Girard Ave,Denver,CO,80231,https://www.liveat39north.com/
284144,Lakeview Residences,502 S Ridgeview Rd,Olathe,KS,66061,https://www.livelakeviewres.com/
19517,Crystal Cove,3309 Sky Country Ln,Las Vegas,NV,89117,https://www.lewisapartments.com/crystal-cove-las-vegas-nv/
48187,The Amber at Greenbrier,1140 Ivystone Square,Chesapeake,VA,23320,http://www.theamberapartments.com/
70748,Mercantile River District Apartments,4921 White Settlement Rd,Fort Worth,TX,76114,https://www.mercantileriverdistrict.com/
39346,Bella Mirage,3800 N El Mirage Rd,Avondale,AZ,85392,https://www.bellamirageapts.com/
263788,Autumn Breeze,301 Mars Rd,Wilmer,TX,75172,https://www.autumnbreezeapt.com/
59709,51 Main,5050 Main St,Kansas City,MO,64112,https://www.51mainkc.com/
32155,Montelago,11881 Gulf Pointe Dr,Houston,TX,77089,http://www.montelagoapts.com/
47192,Reserve at Village Creek,444 E Renfro St,Burleson,TX,76028,http://www.reserveatvillagecreek.com/
230132,Bowman Station,5235 Bowman Rd,Macon,GA,31210,https://www.bowmanstation.com/
42918,601 Albany Street,601 Albany St,Boston,MA,2118,https://www.601albanyapartments.com/
64017,The Preserve Scott`s Addition,1310 Roseneath Rd,Richmond,VA,23230,http://www.thepreserverva.com/
229374,Avoca,1405 Avoca Ridge Dr,Louisville,KY,40223,https://www.avocaapartments.com/
72168,San Leandro Racquet Club,2600 San Leandro Blvd,San Leandro,CA,94578,https://www.slracquetclub.com/
43353,Charleston Crossing,4548 S Elm Pl,Broken Arrow,OK,74011,https://charlestoncrossingapthome.com/gallery
296558,The Enclave at Medina,4323 Caraway Bay,Von Ormy,TX,78073,https://www.enclaveatmedina.com/
15310,Fountains of Tomball,1011 Village Square Dr,Tomball,TX,77375,https://www.fountainsoftomball.com/
72935,Broadstone Los Feliz,1800 N New Hampshire Ave,Los Angeles,CA,90027,https://broadstonelosfeliz.com/
2981,Ellipse at Fairfax Corner,11842 Federalist Way,Fairfax,VA,22030,http://www.ellipsefairfaxcorner.com/
259986,The Apartments at the Isles of Porto Vista,3936 Pomodoro Cir,Cape Coral,FL,33909,https://rentipv.com/
43727,ASA Apartments,1200 NW Marshall St,Portland,OR,97209,https://www.liveatasa.com/asa-flats-lofts-portland-or/
63516,Griffis Cheesman Park,2190 E 11th Ave,Denver,CO,80206,https://griffisresidential.com/properties/cheesman-park/
251396,Magnolia on Zang Two,888 N Zang Blvd,Dallas,TX,75208,http://www.liveatmagnolia.com/homes/tx/bishop-arts/magnolia-on-zang-two/
225398,Remington Cove I,15430 Founders Ln,Apple Valley,MN,55124,http://www.remingtoncoveapts.com/
39995,South Pointe,6220 N Murray Dr,Hanahan,SC,29410,https://www.southpointehanahan.com/
21117,Veranda Estates,6516 Spalding Dr,Peachtree Corners,GA,30092,https://www.verandaestatesapts.com/
279103,Shade,10340 S Decatur Blvd,Las Vegas,NV,89141,https://shadeapartments.com/
75553,Capital Place At Southwood,2300 Bluff Oak Way,Tallahassee,FL,32311,http://capitalplaceatsouthwood.com/
15906,The Ridley Apartment Homes,2815 Greenridge Dr,Houston,TX,77057,https://www.theridleyapartments.com/
75975,Wasatch Pointe,1620 N 200 E,Logan,UT,84341,https://www.wasatchpointesenior.com/
68960,Colonial Gardens,8747 Broadmoor St,Overland Park,KS,66212,www.rentcolonialgardens.com
54708,Cresta Bella,11035 Via Livorno,San Diego,CA,92129,www.crestabellaliving.com
75104,Audubon Downs,2639 Central Ave,Memphis,TN,38104,https://www.mrgapartments.com/properties/audubon-downs/
66946,Anthem on Ashley,720 Ralph McGill Blvd NE,Atlanta,GA,30312,http://www.anthemonashley.com
300955,Alcott Woodcroft Glen,9037 - 13577 Woodcroft Trce,North Royalton,OH,44133,https://alcottwoodcroftglen.com/
19713,Elmhurst Terrace,100 Fellows Ct,Elmhurst,IL,60126,https://www.elmhurstterrace.com/
8166,Parc at Wall Street,11700 Wall St,San Antonio,TX,78230,www.parcatwallstreetapts.com
12320,Settler's Gate,1420 W McDermott Dr,Allen,TX,75013,www.settlersgateallen.com
251989,Broadstone Archive,1901 E Dyer Rd,Santa Ana,CA,92705,https://broadstonearchive.com/
20140,Chatham Square,8150 Chatham Manor Blvd,Orlando,FL,32821,https://www.chathamsquareapartments.com/
33173,Hermann Park Lofts,1 Hermann Park Ct,Houston,TX,77021,https://hermannparklofts.com/?utm_knock=gmb
239713,Reserve at Billingsley Place,3501 Reserve Cir,Montgomery,AL,36116,https://fosheeresidential.com/communities/the-reserve-at-billingsley-place/
272063,Westridge,8910 NE 15th Ave,Vancouver,WA,98665,https://www.westridgeaptstarga.com/
35980,River's Edge,2088 E Lakeshore Dr,Lake Elsinore,CA,92530,https://riversedgeapartmentliving.com/
229959,Woodgate Farms,755 St Andrews Dr,Murfreesboro,TN,37128,https://liveatwoodgatefarms.com/
53783,Hale Nani,1100 Seagate Ave,Neptune Beach,FL,32266,https://www.livehalenani.com/
220302,The District,100 District Dr,Asheville,NC,28803,https://www.thedistrictasheville.com/
55499,Crescent Park,2940 Crescent Ave,Eugene,OR,97408,https://www.crescentparkapts.com/
63788,Novus Westshore,4310 W Spruce St,Tampa,FL,33607,http://novuswestshore.com/
258135,Aven Ridge,1141 Pleasant Hill Rd,Leander,TX,78641,https://www.avenridgeleandertx.com/
223652,Half Moon Harbour,7912 River Rd,North Bergen,NJ,7047,https://www.halfmoonharbourapts.com/
234796,Mosby Ingleside,3730 Ingleside Blvd,North Charleston,SC,29456,https://www.mosbyingleside.com/
29739,Gateway at Ellington,15603 Gulf Fwy,Webster,TX,77598,https://www.gatewayatellington.com/
273737,Prose Desert River,7430 W 100th Ave,Glendale,AZ,85307,https://prosedesertriver.com/
40339,Hawthorne Communities,900 Hawthorne Cir,Oakdale,PA,15071,https://www.hawthorneoakdale.com/
52047,Domain on the Parkway,1755 Cres Plaza Dr,Houston,TX,77077,https://www.domainontheparkway.com/
49769,Grey Parc Apartments,800 Walker Ave,Rossville,GA,30741,https://www.greyparcofrossville.com/
257702,The Apartments at Kelton Station,901 Shipwright Loop,Williamsburg,VA,23188,https://www.keltonstationapts.com/
281344,Deca Court,711 N I St,Tacoma,WA,98403,https://www.decacourtapts.com/
11317,Dixon at Stonegate,2501 Oak Hill Cir,Fort Worth,TX,76109,https://www.dixonatstonegate.com/
264505,Monadnock Place,175 Monadnock Hwy,Swanzey,NH,3446,https://www.monadnockplace.com/
260530,The Bohemian,101 SE Coast St,Lake Worth Beach,FL,33460,https://thebohemianlwb.com/
49694,Westbrook Place - SHI,3700 W 19th Ave,Stillwater,OK,74074,www.westbrookplaceapartments.com
270305,Olympus Emerald Coast,2004 98 Palms Blvd,Destin,FL,32541,https://www.olympusproperty.com/apartments/fl/destin/olympus-emerald-coast/?utm_source=gmb&utm_medium=organic&utm_knock=g
280316,Flats,524 Elm St,Troy,AL,36081,https://fosheeresidential.com/properties/the-flats/
266585,The Mark at Arlington I,3701 Dr MLK Jr Dr,Arlington,TX,76014,https://www.themarkatarlington.com/
263174,HenCen,455 Central Ave SE,Minneapolis,MN,55414,https://www.hencenmpls.com/
263723,The E`Laan II,515 E Market St,Indianapolis,IN,46204,https://www.elaanindianapolis.com/elaan-indianapolis-in/contact
12733,Creekside,3018 Knickerbocker Rd,San Angelo,TX,76904,http://www.liveatcreeksideapts.com/
75128,Impressions Apartments,501 Coral Key Pl,Newport News,VA,23606,https://www.impressionsapts.com/
49766,Park Knoll,2212 S Cedar Ln,Fort Oglethorpe,GA,30742,https://parkknollapartment.com/
232495,Inverness Apartments,5150 S Elm Pl,Broken Arrow,OK,74011,https://www.invernessapthome.com
95594,Highline,635 E New Haven Ave,Melbourne,FL,32901,https://highline321.com/
53298,Eton at Warner Center,6701 Eton Ave,Woodland Hills,CA,91303,https://www.etonwarnercenter.com/
27617,Arbors of Gahanna,150 Arbors Cir,Gahanna,OH,43230,https://arborsgahanna.com/
240534,The Willows at Wright Island,1333 Coates Bluff Dr,Shreveport,LA,71104,https://thewillowsulc.com/
276142,Prose Westover Hills,9219 Vista W Dr,San Antonio,TX,78245,https://prosewestoverhills.com/
284199,501 Brady,501 Brady St,Davenport,IA,52801,https://www.501brady.com/
54777,Millennium High Street,4410 Westheimer Rd,Houston,TX,77027,https://millenniumriveroaks.com/
258188,Springs at Lakeville,17400 Glacier Wy,Lakeville,MN,55044,https://www.springsapartments.com/apartments/mn/lakeville/springs-at-lakeville/
32148,Tree Tops Apartment Homes,2908 Birmingham Hwy,Opelika,AL,36801,http://www.treetopsal.com/
289797,Brook Hollow,6731 Southwest Pkwy,Wichita Falls,TX,76310,www.BrookHollowApartments.com
13197,Halstead Beverly Townhomes,201 Broughton Dr,Beverly,MA,1915,https://www.halsteadbeverly.com/
12182,The Reserve on Willow Lake,4101 S Hulen St,Fort Worth,TX,76109,https://thereservefortworth.com/
2114,Townes at University,336 Blackhawk Rd,Charlotte,NC,28213,https://www.townesuniversity.com/
18736,Central Park,2400 Central Pkwy,Montgomery,AL,36106,www.centralparkmontgomery.com
42599,Phoenician,2345 Bering Dr,Houston,TX,77057,http://www.phoenicianliving.com/
27187,Scottish Towers II,444 N Paula Dr,Dunedin,FL,34698,https://myscottishtowershome.com/
219898,The Julian at South Pointe I,1300 Lowe Rd,Mansfield,TX,76063,https://julianatsouthpointe.com/
11495,The Palisades at Bear Creek,200 W Bear Creek Dr,Euless,TX,76039,https://www.palisadesbearcreek.com/
54712,PierHouse at Channelside,1226 E Cumberland Ave,Tampa,FL,33602,http://pierhousetampa.com/
63122,The Artessa,1000 Artessa Cir,Franklin,TN,37067,https://www.artessafranklin.com/?utm_knock=g
93993,The Rise Plantation Walk,333 N University Dr,Plantation,FL,33324,https://www.theriseplantationfl.com/
28143,Lyric Apartment Homes,1738 Canyon Dr,Los Angeles,CA,90028,https://www.liveatlyricapts.com/
297957,James Run,2786 Megan Way,Bel Air,MD,21015,https://www.jamesrunapartments.com/
218296,Park 7,201 Wimberly St,Fort Worth,TX,76107,https://park7tx.com/
44700,Abernathy Park,3624 Belmont St,Greensboro,NC,27406,https://www.southwoodrealty.com/community/abernathy-park/
252891,Bellrock Market Station,24002 Colonial Pkwy,Katy,TX,77493,https://www.livebellrock.com/apartments/tx/katy/bellrock-market-station/
34187,Enclave at the Stadium,1600 S M.L.K. Jr Blvd,Waco,TX,76704,https://www.enclavewaco.com/?utm_knock=g
10380,Trails of Valley Ranch,9478 Valley Ranch Pkwy E,Irving,TX,75063,www.trailsofvalleyranch.com
263714,The Westbrook at Brewers Row,1601 Overbrook Rd,Richmond,VA,23220,https://www.thewestbrookrva.com/?utm_knock=gmb
5176,Citadel Apartments,1702 Bushman Dr,Kansas City,MO,64110,http://www.rentcitadel.com
255891,Shalimar at Plantation West,8500 Cleary Blvd,Plantation,FL,33324,https://www.shalimaratplantation.com/
3148,Aven,3207 Stones Throw Ln,Durham,NC,27713,https://www.avenliving.com
68787,Burgundy House,2901 E Stewart Ave,Visalia,CA,93292,https://www.burgundyhousevisalia.com/
8797,Sagamore,5644 Riverwalk Dr,Benbrook,TX,76109,https://sagamoreaptsliving.com/
240743,Evergreen at River Oaks II,4650 Nelson Rd,Lake Charles,LA,70605,https://www.evergreenatriveroaks.com/?utm_source=bingPlaces&utm_medium=organic
73332,Hollister Village,100 Baldwin Dr,Goleta,CA,93117,https://www.lyonliving.com/goleta-california/hollister-village
94494,Highbridge,2512 Q St NW,Washington,DC,20007,https://highbridgedc.com/
9157,Meadowcrest,5200 Meadowcreek Dr,Dallas,TX,75248,https://www.meadowcrestapartments.com/
296576,Affinity at Hudson,2348 Layman Dr,Gastonia,NC,28054,https://www.affinityathudson.com/
5542,Greentree,2524 Tamarack Ln,Indianapolis,IN,46227,https://www.livegreentreeapts.com/
16144,Casitas,1900 S Campus Ave,Ontario,CA,91761,https://www.casitasapartments.com/
78085,Springs at Laurens Road,1401 Laurens View Rd,Greenville,SC,29607,https://www.springsapartments.com/apartments/sc/greenville/springs-at-laurens-road/
75134,Headwaters at Autumn Hall,612 Council St,Wilmington,NC,28403,http://headwatersautumnhall.com/
41150,Oasis,2127 Peach Ave,Clovis,CA,93612,https://www.oasisclovis.com/
222727,Farnham Park,3333 Turtle Creek Dr,Port Arthur,TX,77642,http://www.farnhamparkapartments.com/
31724,Sherwood Gardens,2901 Auburn Way S,Auburn,WA,98092,www.sherwood-gardens-apts.com
274335,Maverick,7880 W Maule Ave,Las Vegas,NV,89113,https://www.mavericklv.com/
72545,Palisades of Jacksonville,5116 Western Blvd,Jacksonville,NC,28546,https://www.southwoodrealty.com/community/palisades-jacksonville-apartments/
17506,Ten68 West,1068 Merchants Dr,Dallas,GA,30132,https://www.ten68west.com/
246703,Landry at Cross Creek,6301 Old Denton Rd,Fort Worth,TX,76131,https://landryatcrosscreek.com/
77980,The Triangle,3020 Leavenworth St,Omaha,NE,68105,https://www.triangleomaha.com/
36786,Hawthorne Village,3900 Yorktowne Blvd,Port Orange,FL,32129,http://www.hawthornevillageapartments.com/
268941,Azola South Tampa,7701 Interbay Blvd,Tampa,FL,33616,https://www.azolasouthtampa.com/
4353,Commons at Westchase,10751 Meadowglen Ln,Houston,TX,77042,https://www.commonswestchase.com/
47991,Rose Vista,1223 1/2 Rose Vista Ct,Roseville,MN,55113,https://www.myrosevistahome.com/
77682,Palisades at Legacy Oaks,485 Traebert Cir,Knightdale,NC,27545,https://www.southwoodrealty.com/community/palisades-legacy-oaks-apartments/
77105,Springs at Gulf Coast,19520 Highland Oaks Dr,Estero,FL,33928,https://www.springsapartments.com/apartments/fl/estero/springs-at-gulf-coast/
256738,The Palisades at Langley Pond,4020 Furlong Cir,Graniteville,SC,29829,https://www.southwoodrealty.com/community/palisades-at-langley-pond/
68395,Parkside Residences,808 Crawford St,Houston,TX,77010,https://www.parksideatdg.com/
23281,Mill Bridge,1045 Sanger Ave,New Braunfels,TX,78130,https://www.millbridgeapartments.com/
25395,Beach Colony,2821 Camino Del Mar,Del Mar,CA,92014,http://www.beachcolonyapts.com/
253345,theRANDI,218 S 200 E,Salt Lake City,UT,84111,https://meettherandi.com
251562,The Carlton of West Melbourne,4152 Merrillville Dr,West Melbourne,FL,32904,https://www.thecarltonofwestmelbourne.com/
22769,Saltaire Apartments,20530 Anza Ave,Torrance,CA,90503,https://www.saltaireliving.net/
13883,Verano Townhome Rentals,13820 S 44th St,Phoenix,AZ,85044,https://www.veranoapartmenthomes.com/?utm_source=GoogleLocalListing&utm_medium=organic#
97935,Springs at Knapps Crossing,2550 E Beltline Ave NE,Grand Rapids,MI,49525,https://www.springsapartments.com/apartments/mi/grand-rapids/springs-at-knapps-crossing/
54798,The Point at Abington,12 Forsyth Dr,Abington,MA,2351,https://www.thepointatabington.com/
52925,Moria Gardens,1231 Gary Way,Woodland,CA,95695,http://moriagardenapartments.com/
260926,Sweetwater Vista,1905 Riverside Pkwy,Douglasville,GA,30135,https://www.sweetwatervistaapts.com/
2305,Sun Lake Apartments,420 Sun Lake Cir,Lake Mary,FL,32746,www.livesunlake.com
1465,The Rail at 1380,1380 Saylor Dr,Zionsville,IN,46077,http://www.therailat1380.com
273582,La Hacienda,8080 Leigh Ann Dr,Dallas,TX,75232,https://www.lahaciendaapt.com/
31917,Sequoia Meadows,5301 W Pioneer Ave,Las Vegas,NV,89146,http://www.sequoiameadows.com/
77588,The Byron On Peachtree,549 Peachtree St NE,Atlanta,GA,30308,https://www.thebyron.com/
58480,Hayleigh Village Apartments,4020 Eight Belles Ln,Greensboro,NC,27410,http://www.hayleighvillage-apts.com/
236586,Colton Creek Apartments,2014 Avalon Pkwy,McDonough,GA,30253,www.ColtonCreekApartments.com
13094,Hayden at Enclave,12951 Briar Forest Dr,Houston,TX,77077,https://www.alapts.com/apartments/tx/houston/hayden-at-enclave/
62903,M Station,6215 Forest Way Dr,Charlotte,NC,28212,http://www.mstationapts.com/
227512,The Atherton,8655 Brookhollow Blvd,Frisco,TX,75034,https://athertonfrisco.com/
12914,La Valencia,10106 Technology Blvd W,Dallas,TX,75220,https://crestlavalencia.net/
35759,Cortland La Villita,6419 Tranquilo,Irving,TX,75039,www.cortland.com/la-villita
260741,Springs at Cape Coral,2800 Yellow Creek Loop,Cape Coral,FL,33909,https://www.springsapartments.com/apartments/fl/cape-coral/springs-at-cape-coral/
76347,Arden Place,1810 Arden Creek Ln,Charlottesville,VA,22901,https://www.liveardenplace.com/
97739,Larkspur Pointe,1000 Knights Spur Ct,Simpsonville,SC,29681,http://www.larkspurpointeapartments.com/Contact.aspx
38107,Fountain Place,833 Misty Hollow Ln,Columbus,OH,43228,https://www.livefountainplaceapts.com/
251944,Easton Place,1709 Cason Ln,Murfreesboro,TN,37128,https://www.eastonplaceapartments.com/
286929,The Fairlane,101 Holiday Square Blvd,Covington,LA,70433,https://thefairlane.com/
50932,Village Square,900 E Sunset Dr,Monroe,NC,28112,https://www.livewithvillagesquare.com/
283913,Farmstead At Lia Lane,1315 Lia Ln,Santa Rosa,CA,95404,https://www.farmsteadsantarosa.com/
73573,Warwick Court Townhomes,3527 Warwick Blvd,Kansas City,MO,64111,http://www.warwickcourttownhomes.com/
251908,The Post House,215 Vine St,Evansville,IN,47708,https://www.posthouseevv.com/
15079,The Left Bank at River Oaks,5353 Memorial Dr,Houston,TX,77007,http://www.leftbankriveroaks.com/
66959,Vaya,1800 Lacassie Ave,Walnut Creek,CA,94596,https://www.liveatvaya.com/
253326,The Point at Reston,1925 Roland Clarke Pl,Reston,VA,20191,https://www.thepointatreston.com/
271975,The Edge,2818 Meridian Ave E,Edgewood,WA,98372,https://www.edgeapartmentstarga.com/
31965,McKenzie at Natomas Park,4601 Blackrock Dr,Sacramento,CA,95835,http://www.themckenzienatomaspark.com/
217716,Taylor Pointe Residences,4-6 Sanders St,Nashua,NH,3060,https://www.taylorpointeresidences.com/
12574,Wimbledon Square And Gardens,2837 SE Colt Dr,Portland,OR,97202,www.wimbledonsquareandgardens.com
21303,Rosemeade,657 Worcester St,Southbridge,MA,1550,http://www.rosemeadema.com/
2948,Crystal Woods of Alexandria,4905 Southland Ave,Alexandria,VA,22312,www.crystalwoodsapts.com
49691,Monticello Village,606 E Redbud Dr,Stillwater,OK,74075,www.monticellovillageapts.com
242107,@the park,2344 Autumn Green Dr,Memphis,TN,38112,https://www.mrgapartments.com/properties/the-park/
263789,Plum Tree,4200 S Washington St,Kaufman,TX,75142,https://www.plumtreeapt.com/
236112,La Joya Bay Resort II,1514 Ennis Joslin Rd,Corpus Christi,TX,78412,https://www.lajoyabyazali.com/floorplans/
7886,Azure Place,3896 Chippewa Rd,Memphis,TN,38118,https://www.azureplaceapts.com/
278969,Prose Deerbrook,19815 Kenswick Dr,Humble,TX,77338,https://prosedeerbrook.com/
5032,Timber Hollow,101 Timber Hollow Ct,Chapel Hill,NC,27514,http://www.livetimberhollow.com/
62179,The Villas at Keystone Canyon I,3030 Leadership Pkwy,Reno,NV,89503,https://www.kromerinvestments.com/apartments/the-villas-at-keystone-canyon-2/
270766,Hue97,9736 E Balsam Ave,Mesa,AZ,85208,https://www.hue97.com/#
23791,Village at East Riverside,1301 Crossing Pl,Austin,TX,78741,https://www.villageateastriverside.com/index
67383,The Standard at Leander Station,1680 Hero Way,Leander,TX,78641,http://www.lifeatthestandard.com/
74105,La Paloma,102 W Rampart Dr,San Antonio,TX,78216,http://www.rentlapaloma.com/
56773,Ten Oaks,12612 N Lamar Blvd,Austin,TX,78753,http://tenoaks-apts.com/
263081,Culebra Commons,7106 Culebra Commons,San Antonio,TX,78250,https://www.liveculebra.com/
33786,Estates Team Ranch,8889 Cook Ranch Rd,Benbrook,TX,76126,https://www.estatesatteamranch.com/
47719,Hyde Park,5650 Knighthood Ln,Columbus,OH,43231,https://www.hydeparkcolumbus.com/
276686,Alexan Ludlam,2901 SW 69th Ct,Miami,FL,33155,https://alexanludlamtrace.com/
220109,Melrose Station Apartments,902 Valley Rd,Elkins Park,PA,19027,https://www.fmgnj.com/apartments/pa/elkins-park/melrose-station/floor-plans
2706,Chase Heritage,1212 Chase Heritage Cir,Sterling,VA,20164,https://www.chaseheritageapartments.com/
282952,Melissa Ranch,4500 Pue Rd,San Antonio,TX,78245,https://www.melissaranchapartments.com/
254303,The MID,1601 N Dixie Hwy,Lake Worth,FL,33460,https://www.themidlwb.com/
1845,Sterling Place,5399 Coachman Rd,Columbus,OH,43220,https://sterlingplaceapartments.com/
16347,Contempo Lane,1763 Main St,Dunedin,FL,34698,https://palomarproperties.net/contempo-lane-apartments/
17168,Normandy Woods,695 Normandy St,Houston,TX,77015,https://www.normandywoodsapartments.com/
33539,Mercantile Wharf Building,111 Atlantic Ave,Boston,MA,2110,https://www.mercantilewharf.com/
276154,The Domino,3132 Dr Andrew J Brown Ave,Indianapolis,IN,46205,https://www.thedominoindy.com/
15762,The Bentley at Marietta,880 S Cobb Dr SE,Marietta,GA,30060,https://www.thebentleyatmarietta.com/
246318,Haven at Rivergate,14710 Kilkenny Hill Ln,Charlotte,NC,28273,https://www.thehavenatrivergate.com/
247171,75 Public Square,75 Public Square,Cleveland,OH,44113,https://75publicsquare.com/
233289,Elevation 1659,1659 N Jackson St,Milwaukee,WI,53202,https://elevation1659apts.com/
239596,Crossings at Greenland,920 Greenland Dr,Murfreesboro,TN,37130,https://www.crossingsatgreenland.com/
13940,Post Oak Park,1919 Post Oak Park Dr,Houston,TX,77027,http://postoakparkapartments.net/
63795,The Gramercy,650 W North St,Raleigh,NC,27603,http://www.livethegramercy.com/
27920,Abbey at Vista Ridge,350 E Vista Ridge Mall Dr,Lewisville,TX,75067,www.abbeyvistaridge.com
16998,Griffis Lakeline Station,13425 Ranch Rd 620 N,Austin,TX,78717,https://griffisresidential.com/property/lakeline-station/
94997,Sparq,5 E Reed St,San Jose,CA,95113,https://www.sparqsj.com/
6274,The Village at Voorhees,10 Lucas Ln,Voorhees Township,NJ,8043,https://www.fmgnj.com/apartments/nj/voorhees/the-village-apartments/
42563,Lodge at Lakeshore,5010 Hilltop Rd,Greensboro,NC,27407,https://www.southwoodrealty.com/community/the-lodge-at-lakeshore/
2132,Sherwood Acres,12757 Coursey Blvd,Baton Rouge,LA,70816,www.sherwoodacresapts.com
74782,Mondrian on Lake Eola,125 E Pine St,Orlando,FL,32801,https://www.mondrianlakeeola.com/
43278,University Club,1722 S Carson Ave,Tulsa,OK,74119,http://www.universityclubtulsa.com/
44516,Barton Hills Park Place,1200 Barton Hills Dr,Austin,TX,78704,https://livebartonhills.com/
15704,East Perimeter Pointe,4946 Snapfinger Woods Dr,Decatur,GA,30035,http://www.eastperimeterpointe.com/east-perimeter-pointe-decater-ga/home
40493,Bristol Park at Oak Ridge,790 Emory Valley Rd,Oak Ridge,TN,37830,http://www.bristolparkoakridge.com/
62379,MBH,1078-1126 Boylston Street,Boston,MA,2215,https://www.mbhapartments.com/
46108,Stratford Mill,110 Stratford Mill Blvd,St. Augustine Beach,FL,32084,http://www.stratfordmill.com/home.html
292894,Lenox Timbergrove,2825 W 11th St,Houston,TX,77008,https://www.lenoxtimbergroveapts.com/
39156,Seasons at Pebble Creek,1616 Snow Queen Pl,Salt Lake City,UT,84104,https://www.seasonspebblecreek.com/?utm_knock=g
56173,The Edge at Main,125 W Main St,Somerville,NJ,8876,http://www.theedgeatmain.com/index.php
43520,Park at Blanding,222 Blairmore Blvd E,Orange Park,FL,32073,http://www.parkatblanding.com/
22964,Tropicana Village Apartments,4995 S Maryland Pkwy,Las Vegas,NV,89119,https://www.tropicanavillageapartments.com/
63486,Haven Apartments at Eldridge,13115 Whittington Dr,Houston,TX,77077,http://www.havenateldridgeapts.com/
239941,2704 CDMX,2704 S Cockrell Hill Rd,Dallas,TX,75211,https://www.2704cdmxapartments.com/
270148,MAC Residences,758 N Broadway,Milwaukee,WI,53202,https://macresidences.com/
67505,The Addison on Millenia,4673 Gardens Park Blvd,Orlando,FL,32839,http://www.theaddisononmillenia.com/
31341,Carrington Park,100 Carrington Park,Jonesboro,GA,30236,http://www.carringtonparkjonesboro.com/
224888,The Cove at Overlake,1837 Berra Blvd,Tooele,UT,84074,http://www.coveatoverlakeapts.com/
35188,Trinity Loft,1403 Slocum St,Dallas,TX,75207,www.trinityloft.com
7164,Olive Tree,6201 W Olive Ave,Glendale,AZ,85302,https://olivetree-apartments.com/
50339,Parc At Denham Springs I,31050 LA-16,Denham Springs,LA,70726,https://www.parcatdenhamsprings.com/
794,Haven Apartments & Townhomes,1870 Enterprise Ct,Virginia Beach,VA,23454,http://www.haven-apts.com/
254509,Broadstone Vintage Park,14700 Vintage Preserve Pkwy,Houston,TX,77070,https://www.broadstonevintagepark.com/
70938,Maybrook,325 Penn Rd,Wynnewood,PA,19096,http://maybrook.com/
6365,Regency Park,11300 Regency Green Dr,Cypress,TX,77429,https://www.liveatregencypark.com/
282934,Aston Pointe,5001 Pennell Rd,Aston,PA,19014,https://www.liveastonpointe.com/
245526,The Bridgewater Apartments,14916 Riverdale Dr S,Carmel,IN,46033,http://thebridgewaterapartments.com
61343,Paragon at Columbia Overlook,8151 Robinson-Jefferson Dr,Elkridge,MD,21075,http://www.paragoncolumbia.com/
6355,Champions At Ponderosa,17033 Butte Creek Rd,Houston,TX,77090,https://www.championsatponderosa.com/
25875,Sedgefield Square,4215 Bernau Ave,Greensboro,NC,27407,https://www.sedgefieldsquareapts.com/
251597,Wyndham Ridge Townhomes,1112 Ashberry Village Dr,Columbus,OH,43228,https://www.wyndhamridgecolumbus.com/
224139,Meadows Apartments,4300 Meyers Ln,Waco,TX,76705,https://www.themeadows-waco.com/
18389,Westgate Village,333 Lancaster Ave,Malvern,PA,19355,https://www.fmgnj.com/apartments/pa/malvern/westgate-village/
37507,Village Lake Townhomes,93 Village Lake Dr,Smyrna,TN,37167,www.villagelakesmyrna.com
222578,The Pointe at Victoria,2402 N Ben Wilson St,Victoria,TX,77901,https://www.thepointeatvic.com/
5113,Pepperwood Knoll,7200 Pepperwood Knoll Ln,Sacramento,CA,95842,https://www.pepperwoodknoll.com/
231155,Oak Bend Commons,6680 Oak Bend Commons Way,Canal Winchester,OH,43110,www.oakbendcommons.com
301106,Alcott Eastpointe,75 Eastpointe Dr,Tallmadge,OH,44278,https://www.alcotteastpointe.com/
230545,La Sevilla,5929 Bissonnet St,Houston,TX,77081,https://www.lasevillaapartments.com/
1152,Sabal Club,525 Sabal Lake Dr,Longwood,FL,32779,www.sabalclub.com
35066,Legends at Willow Creek,180 S Lexington Dr,Folsom,CA,95630,http://www.legendsatwillowcreek.com/
77918,West Village,835 W Sheridan Ave,Oklahoma City,OK,73106,https://livewestvillageokc.com/
264476,Encore Narcoossee,7551 Narcoossee Rd,Orlando,FL,32822,https://www.encorenarcoossee.com/
281703,Daynor,1001 N L St,Tacoma,WA,98403,https://www.thedaynorapts.com/
70179,Woodington West,402 Colleen Rd,Baltimore,MD,21229,https://www.woodingtonwest.com/
20505,Indie Glendale Collection,1435 Stanley Ave,Glendale,CA,91206,https://www.indieglendale.com/?utm_knock=g
36797,Elan at Bluffview,3850 W Northwest Hwy,Dallas,TX,75220,https://www.elanatbluffview.com/
120503,The Bridges Lofts,1501 State St,Bettendorf,IA,52722,https://bettendorflofts.com/
280469,The Oaks on Chisholm Trail,3000 Chisholm Trail Rd,Round Rock,TX,78681,https://www.theoaksonchisholmtrail.com/
246491,Cedars,22302 Center St,Castro Valley,CA,94546,https://www.rentthecedarsapts.com/
75344,Landmark at 1700,1700 W Main St,Richmond,VA,23220,https://www.landmarkat1700.com/#/
24562,Frank Estates,7510 SW Aloma Way,Portland,OR,97223,http://www.thefrankestate.com/
263289,Landmark At Marshall Broad,5 E Marshall St,Richmond,VA,23219,https://www.landmarkatmarshallbroad.com/
264139,Continuum 115,102 Pullman Ln,Mooresville,NC,28115,https://www.continuum115.com/
256166,Canyon Oaks Luxury Apartments,4627 Thomas Lake Harris Dr,Santa Rosa,CA,95403,https://livecanyonoaks.com/?modalwidget=sg&utm_content=google_appt
303929,Merrill Building,66 Troy St,Fall River,MA,2720,https://downtownloftsfallriver.com/merrill-building/
73066,The Enclave at Homecoming Terra Vista,11755 Malaga Dr,Rancho Cucamonga,CA,91730,https://www.lewisapartments.com/the-enclave-at-homecoming-terra-vista-rancho-cucamonga-ca/
255666,Reverie Belmont,520 McLean Ave,Belmont,NC,28012,https://reveriebelmont.com/
70779,The Kessler,4851 Meadowbrook Pkwy,Prairie Village,KS,66207,http://www.thekessler.com/
252880,Broadacre,9598 S. Clubhouse Way,Oak Creek,WI,53154,https://broadacreliving.com/
253074,Turquesa,4700 Wagon Rd,Santa Fe,NM,87507,https://www.turquesaapartments.com/
264372,Ellison at The Preserve,375 Spring Bluff Ln,Asheville,NC,28803,https://www.ellisonpreserve.com/
54588,Richmond at Uptown,5455 Richmond Ave.,Houston,TX,77056,https://www.therichmondatuptown.com/
38381,Meridian Parkside,1400 Summit Ln,Newport News,VA,23601,www.meridianparkside.com
49180,Washington Townhomes,2307 Washington Ave,Lorain,OH,44052,https://washingtontownhomeslorain.com/
24482,Soma Residences,1045 Mission St,San Francisco,CA,94103,http://www.somaresidences.com/
244894,Savoy,1120 Kifer Rd,Sunnyvale,CA,94086,https://liveatsavoy.com/
256748,Encore Motif,23233 Western Centre Dr,Katy,TX,77494,https://encoremotif.com/
41139,Granada Apartments,215 W Santa Ana Ave,Clovis,CA,93612,https://www.granadaclovis.com/
222197,The Mariner I,4000 S Lake Dr,Saint Francis,WI,53235,https://www.themarinerapts.com/
37483,Kitterman Woods,6600 Woods Island Cir,Port St Lucie,FL,34952,http://www.kittermanwoods.com/
47984,River Pointe,7325 River Pointe Dr,North Little Rock,AR,72113,https://www.riverpointeliving.com/
263722,The E‚ÄôLaan I,515 E Market St,Indianapolis,IN,46204,https://www.elaanindianapolis.com/elaan-indianapolis-in/
62380,Fuse,165 Cambridgepark Dr,Cambridge,MA,2140,http://www.fusecambridge.com/
61870,Whetstone Apartments,501 Willard St,Durham,NC,27701,http://www.whetstoneapartments.com/
53861,Millicent Crossing,8700 Millicent Way,Shreveport,LA,71115,https://millicent.ulcoleman.com/
47180,Manchester Lake Townhouses,2208 Mandalay Dr,Richmond,VA,23224,http://www.manchesterlake.com/
48584,Fox Hill Village,59 Stapleford Way,Hampton,VA,23669,https://www.foxhillvillageapts.com/fox-hill-village-hampton-va
16437,Broadcast Center Apartments,7660 Beverly Blvd,Los Angeles,CA,90036,http://www.broadcastcenterapts.com/apartments/floorplan.do?lid=en_US&pid=1917
268954,The Villages at Sunnybrook,2421 Brightcreek Fls Trl,Raleigh,NC,27610,https://www.thevillagesatsunnybrook.com/?utm_source=GoogleLocalListing&utm_medium=ogranic&utm_campaign=GMB
53990,777 South Broad,777 S Broad St,Philadelphia,PA,19147,www.777southbroad.com
49,Foxchase,766 N Howard St,Alexandria,VA,22304,https://www.foxchaseofalexandriaapts.com/
63577,1045 on the Park,1045 Piedmont Ave NE,Atlanta,GA,30309,http://www.1045onthepark.com/
7750,Riverloft,2300 Walnut St,Philadelphia,PA,19103,https://www.riverloftapartments.com/
4579,Laurel Crossing,203 Laurie Meadows Dr,San Mateo,CA,94403,https://www.laurelcrossingapthomes.com/en/apartments/floor-plans.html
234732,Chase at Overlook Ridge,11 Overlook Ridge Dr,Revere,MA,2151,https://thechaseatoverlookridge.com/
12981,Bank and Boston Lofts,817 17th St,Denver,CO,80202,http://www.bankloftsapartments.com/
270506,Bo,3193 N Atlas Rd,Coeur d'Alene,ID,83814,https://www.liveatbo.com/
260697,LINQ at South Mountain,1700 E Baseline Rd,Phoenix,AZ,85042,https://www.linqatsouthmountain.com/
68550,Reserve at Quail North,2600 Watermark Blvd,Oklahoma City,OK,73134,www.thereserveatquailnorth.com
239247,The Stella,2165 E River Trace Dr,Memphis,TN,38134,https://www.thestellaapts.com/
43547,Reserve Bartram Springs,14951 Walden Springs Way,Jacksonville,FL,32258,www.reservebartramsprings.com
4101,Ocean Oaks,1645 Dunlawton Ave,Port Orange,FL,32127,http://www.oceanoaksapts.com/
56398,Hearthstone Apartment Homes,215 Pinehurst Dr SW,Tumwater,WA,98501,http://www.hearthstonelife.com/
37597,Riverset Apartments,100 Riverset Ln,Memphis,TN,38103,www.riversetapts.com/
243194,Fox Hill Apartments,17611 W 16th Ave,Golden,CO,80401,http://www.foxhillapthomes.com/
15956,The Fields at Peachtree Corners,6520 Hillandale Dr,Norcross,GA,30092,https://www.fieldsatpeachtree.com/
262367,Ellis Station,2015 Watchorn St,Durham,NC,27703,https://www.ellisstationapartments.com/
78696,Linq at North Springs,6919 Peachtree Dunwoody Rd,Sandy Springs,GA,30328,https://www.linqatnorthsprings.com/
55513,Bedford Parke Apartment Homes,1485 Leverette Rd,Warner Robins,GA,31088,https://www.bedfordparke.com/
60803,Vintage Crossing,1391 Foxland Blvd,Gallatin,TN,37066,https://www.livevintagecrossing.com/
2923,Arts Center Tower,1270 W Peachtree St NW,Atlanta,GA,30309,https://www.liveartscentertower.com
8125,The Retreat at Crosstown,10301 Marsh Harbor Way,Riverview,FL,33578,https://www.liveretreatct.com/
29728,Cambridge Park Apartments,30 Cambridgepark Dr,Cambridge,MA,2140,www.livecambridgepark.com
63878,Madison at Providence,550 Campus Dr,Collegeville,PA,19426,https://www.madisonprovidence.com
237587,Vernola Marketplace I,6770 Pats Ranch Rd,Jurupa Valley,CA,91752,https://www.livevernola.com/
38517,Auxo at Memorial,7777 Katy Fwy,Houston,TX,77024,https://www.auxoatmemorial.com/
281185,Territory at Williams Way,5131 Williams Way Blvd,Richmond,TX,77469,http://www.territorywilliamsway.com/
26782,Stonebridge Ranch,575 W Pecos Rd,Chandler,AZ,85225,http://www.stonebridgeranchapartments.com/
284553,Silverstone,5800 Streefkerk Dr,Warren,MI,48092,https://www.silverstoneapartment.com/
33987,Villages at Lost Creek,15302 Judson Rd,San Antonio,TX,78247,www.villagesatlostcreekapts.com
5971,Walnut Crossings,4175 Ivanhoe Dr,Monroeville,PA,15146,https://www.walnutcrossingspgh.com/
3986,Fairlane East,16055 Knollwood Dr,Dearborn,MI,48120,http://www.fairlaneeast.com/
261552,The Quincy,900 Buice Lake Pkwy,Acworth,GA,30102,https://www.livethequincy.com/
251298,Beacon at Gateway,100 Gateway Blvd,Scarborough,ME,4074,https://www.beaconatgateway.com/
75083,Reserve At Carrington Place,6511 Lexi Ln,Fayetteville,NC,28314,https://www.reserveatcarringtonplace.com/
284592,Brighton Townhomes,5900 Woodstock Rd,Acworth,GA,30102,https://www.homeatbrighton.com/
267962,The Mill Old Town,535 S Mill St,Lewisville,TX,75057,https://www.milloldtown.com/
16961,Creek at 2645 Apartments,2645 Stonecreek Dr,Sacramento,CA,95833,https://www.thecreekat2645.com/
15994,Trio,2317 S Pleasant Valley Rd,Austin,TX,78741,http://www.trioapartmentsaustin.com
219834,Hill East Park Kennedy,1901 C St SE,Washington,DC,20003,https://www.parkkennedy.com/
68018,Elle,801 S Financial Pl,Chicago,IL,60605,https://www.theellechicago.com/
58940,Judson Pointe,5126 N Loop 1604 E,San Antonio,TX,78247,https://www.judsonpointe.com/
236589,The Gables at Park Pointe,1361 Hampshire Ave S,Minneapolis,MN,55426,http://www.gablesatparkpointe.com/
15710,The Cobb Apartment Townhomes,7440 Riverside Pkwy,Austell,GA,30168,https://www.lifeatthecobb.com/
75392,Hickory Point Townhomes,399-A Hickory Point Blvd,Newport News,VA,23608,https://www.livehickorypoint.com/
34843,The Atlantic River West,1104 Westchase St,Atlanta,GA,30336,https://www.atlanticriverwestliving.com/
261440,Vintage Century Farms,4065 Cane Ridge Pkwy,Antioch,TN,37013,https://www.livecenturyfarms.com/?
221686,The Plaza,3015 16th St SW,Minot,ND,58701,https://www.plazaminot.com/
5774,River Oak,2400 Mellwood Ave,Louisville,KY,40206,http://www.riveroakapartments-prg.com/
260640,Preston Centre,155 E Broad St,Columbus,OH,43215,https://www.prestoncentrecolumbus.com/
65717,Herbert Residential,202 E 12th St,Tucson,AZ,85701,http://www.herbertliving.com/
253596,Cyan Southcreek,13220 Foster St,Overland Park,KS,66213,https://www.cyansouthcreek.com?utm_source=realpage&utm_medium=referral&utm_campaign=cta
6597,Pearl At Spring Creek,5600 Gibson Blvd SE,Albuquerque,NM,87108,https://www.thepearlnm.com/
12797,Woodmere Trace,3550 Pleasant Hill Rd,Duluth,GA,30096,http://www.woodmeretrace.com/
13582,Del Rio,4601 Monta√±o Rd NW,Albuquerque,NM,87120,https://www.mydelrioapartments.com/
64781,Pleasant Meadows Townhomes,12 Fernwood Dr,Lancaster,NY,14086,https://www.townhomesatpleasantmeadows.com/
8998,The View at Lake Highlands,9855 Shadow Way,Dallas,TX,75243,https://www.theviewatlakehighlands.com/
26785,San Cierra,2400 N Arizona Ave,Chandler,AZ,85225,http://www.liveatsancierra.com/
281395,Belle Meade,204 S 64th St,West Des Moines,IA,50266,https://www.liveatbelle.com/
1985,Town Walk at Hamden Hills,100 Town Walk Dr,Hamden,CT,6518,https://www.townwalkhamden.com/
37360,Goldstone Place,1200 S 1500 E,Clearfield,UT,84015,http://www.goldstoneplace.com
14999,Heritage at Waters landings,20700 Crystal Hill Cir,Germantown,MD,20874,https://www.heritageatwaterslanding.com/
6776,Muirwood Village,74-A Muirwood Village Dr,Delaware,OH,43015,http://www.liveatmuirwoodvillage.com/
65381,Sparc,1201 121st Ave NE,Bellevue,WA,98005,https://www.sparcapartments.com/
68955,Tides at Eastchase,8900 Randol Mill Rd,Fort Worth,TX,76120,https://www.tidesateastchase.com/
40195,Parkview Terraces,10101 S 1st St,Austin,TX,78748,https://www.parkviewterracesapts.com/
97765,Icon One Daytona Rise Collection,1820 Legends Ln,Daytona Beach,FL,32114,https://www.icononedaytona.com/
280186,Streamliner 87th,8757 W Peoria Ave,Peoria,AZ,85345,https://streamliner87th.com/
261361,Ironridge at Hill Country Village,15083 San Pedro Ave,San Antonio,TX,78232,https://www.ironridgeapartments.com/
49167,Carlyle Place,43144 Carlyle Pl,Clinton Township,MI,48038,https://www.carlyleplace.com/
35434,Monterra Las Colinas,301 W Las Colinas Blvd.,Irving,TX,75039,https://www.monterralascolinas.com/
24719,The Aubry,9180 Coors Blvd NW,Albuquerque,NM,87120,https://www.theaubryapts.com/
2561,Camila,1880 Destiny Blvd,Kissimmee,FL,34741,https://www.livecamila.com/
61169,Plaza 25,1114 Clement Ave,Charlotte,NC,28205,https://www.plaza25apartments.com/
27542,Sabal Point,12512 Sabal Point Dr,Pineville,NC,28134,http://www.sabal-point.com/
217605,Bennett Pointe,930 S Blvd,Edmond,OK,73034,https://www.livebennettpointe.com/
2384,Horizon East,1055 S Zeno Way,Aurora,CO,80017,https://www.horizoneastapartments.com/
6987,Cape Harbor,7113 Cape Harbor Dr,Wilmington,NC,28411,https://www.capeharboraptswilmington.com/
305169,Redwood Amherst I,1120 Red Thimbleberry Dr,Elyria,OH,44035,https://www.byredwood.com/apartments/oh/elyria/redwood-amherst/
37394,Mandalay Villas,1395 Towne Centre Village Dr,McDonough,GA,30253,http://www.mandalayvillasapartments.com/
37390,Skyview West,6415 Old Denton Rd,Fort Worth,TX,76131,https://www.skyviewwest.com/
47597,Costa Mesa Family Village,1981 Wallace Ave,Costa Mesa,CA,92627,http://www.costamesafamilyvillage.com/
33996,Hampshire Green,15 Iron Horse Dr,Bedford,NH,3110,https://www.hampshiregreenapartments.com/
37160,Rivers Edge,4339 C1 Riverside Dr,Dayton,OH,45405,http://www.riversedgedayton.com/
67713,Riverfront,745 W Fine Dr,Salt Lake City,UT,84119,www.liveatriverfrontapts.com
258365,The Commons at Rivertown,4702 Rivertown Commons Dr SW,Grandville,MI,49418,https://www.thecommonsatrivertown.com/
70391,The Durham,7201 York Ave S,Edina,MN,55435,http://www.thedurhamapartments.com/
78341,Avanti at Farmington Station,736 W State St,Farmington,UT,84025,http://www.avantiatfarmingtonstation.com
253158,The Lofts at Ten Mile,2940 W Cobalt Dr,Meridian,ID,83642,https://www.tenmilelofts.com/
58162,The Parker,1447 NW 12th Ave,Portland,OR,97209,http://www.theparkerapartments.com/
60599,Sunrise by the Park,155 Birdsall St,Houston,TX,77007,http://www.sunrisebythepark.com/
254788,Bexley Exchange,2925 Buford Dr,Buford,GA,30519,https://www.bexleyexchange.com/
120193,Parks Residential - Richardson,2220 N Glenville Dr,Richardson,TX,75082,https://www.parksrichardson.com/
255368,Birdtown Flats,3730 W Broadway Ave,Robbinsdale,MN,55422,https://www.birdtownflats.com/
20984,Belmont,10000 S Maryland Pkwy,Las Vegas,NV,89183,https://www.belmontapts.com/
5395,Cambridge on Seventh,737 7th St SE,Puyallup,WA,98372,https://www.cambridgeapartmenthomes.com/
18361,The Heights at Marlborough,39 Briarwood Ln,Marlboro,MA,1752,https://www.heightsatmarlborough.com/
52331,Alexandria of Carmel,1411 Fairfax Manor Dr,Carmel,IN,46032,https://www.alexandriacarmel.com/?utm_source=GMB&utm_medium=organic
21180,Chapel View,2701 Homestead Rd,Chapel Hill,NC,27516,https://www.chapelviewapartments.com/
263366,The Crockett,4042 Shurgard Way,Hermitage,TN,37076,https://www.thecrockettapts.com/
219959,The Hadley Riverside,6032 Travertine Ln,Fort Worth,TX,76137,https://www.cortlandriverside.com/Home.aspx
20764,Morgan Place,1680 Chantilly Dr NE,Atlanta,GA,30324,https://www.morganplaceapts.com/
3197,The Atlantic Vinings,3385 Atlanta Rd SE,Smyrna,GA,30080,https://www.atlanticviningsliving.com/
51507,Sophia Square,110 W Main St,Carmel,IN,46032,http://www.sophiasquareapts.com/
70586,Links at Forest Creek,20404 Poppy Hills Trail,Round Rock,TX,78664,www.rentforestcreek.com
220196,Lofts on Main,1415 N Main Ave,San Antonio,TX,78212,https://www.liveloftsonmain.com/
1179,Retreat at Mill Creek,8714 Pflumm Ct,Lenexa,KS,66215,www.retreatmillcreek.com
677,Oak Ridge at Pelham,150 Oak Ridge Pl,Greenville,SC,29615,https://www.oakridgeaptsgreenville.com/
60578,1105 Town Brookhaven,1105 Town Blvd,Atlanta,GA,30319,http://www.1105townbrookhaven-apts.com/
5182,Madison at the Arboretum,10307 Morado Cove,Austin,TX,78759,https://www.themadisonatthearboretum.com/
32563,Wind Dance,1220 Indian Run Dr,Carrollton,TX,75010,www.winddanceliving.com
3787,Enclave at Breckenridge,7204 Churchill Park Dr,Louisville,KY,40220,https://www.enclaveatbreckenridge.com/
245783,Panorama,918 W School St,Chicago,IL,60657,https://www.panoramachicagoapts.com/
47791,Palmetto Grove,7927 St Ives Rd,North Charleston,SC,29406,https://www.palmettogroveapartments.com/
278305,Salerno,1630 Paseo Monti,Chula Vista,CA,91913,https://www.salernoliving.com/
11968,SaddleBrook,5353 Keller Springs Rd,Dallas,TX,75248,www.saddlebrookapts.com
228584,3200 Washington JP,3200 Washington St,Boston,MA,2130,https://3200washingtonjp.com/
290391,The Enclave at Deer Moss Creek,1200 Deer Moss Loop,Niceville,FL,32578,https://www.theenclaveatdeermosscreek.com/
8376,Alvista 23,3181 NE 23rd St,Gresham,OR,97030,www.alvista23.com
20192,Twelve Central Square,10290 NE 12th St,Bellevue,WA,98004,https://www.12centralsquare.com/
13155,Lincoln at Wolfchase,2460 Vintage Dr,Cordova,TN,38016,https://www.lincolnatwolfchase.com/
243995,Greystone at Maple Ridge,7778 Schomburg Rd,Columbus,GA,31909,https://www.greystonemapleridge.com/
15112,Versant Place,1010 Versant Dr,Brandon,FL,33511,http://www.versantplace.com/
16765,Spinnaker Landing Apartments,1931 W 16th Ct,Riviera Beach,FL,33404,https://www.spinnakerlandingapts.com/
11792,The Trellis at Lake Highlands,9707 Walnut Hl Ln,Dallas,TX,75238,http://www.trellisapts.com/
37573,Broadleaf,40 Park City Ct,Sacramento,CA,95831,https://www.broadleafapartments.com/
49969,Bellamy Park,10821 108th Ave SW,Lakewood,WA,98498,http://www.bellamypark.com/
268528,Liffey on Snelling,304 Snelling Ave N,St Paul,MN,55104,https://www.liffeyonsnelling.com/
15517,The Artisan Residences at Bella Terra,15555 Huntington Village Ln,Huntington Beach,CA,92647,https://www.theartisanatbellaterra.com/
238343,Canyon Springs,2301 Woodgate Dr,Waco,TX,76712,http://www.canyonspringswaco.com/
3977,Steeplechase,3580 Steeplechase Ln,Loveland,OH,45140,https://www.brgapartments.com/steeplechase
285352,Taiga,423 W 22nd Ave,Anchorage,AK,99503,https://alaska.weidner.com/apartments/ak/anchorage/taiga/index.aspx
6686,Candlewood North,9830 Reseda Blvd,Los Angeles,CA,91324,https://www.candlewoodnorthapts.com/
252790,Palomino,1160 Damonte Ranch Pkwy,Reno,NV,89521,https://www.palominoreno.com/
264179,Harbor Side at Conwood Flats,645 N Front St,Memphis,TN,38107,https://www.harborsideatconwoodflats.com/
71992,The View Apartments,1000 Geneva Rd,St Charles,IL,60174,https://www.liveattheviewstcharles.com
234384,Montclair Terrace,4835 SW Oleson Rd,Portland,OR,97225,https://www.liveatmontclairterrace.com/
268973,The Views at Chase Creek,314 Old Gurley Rd,Huntsville,AL,35811,https://www.theviewsatchasecreek.com/
260174,Apex at Meadows,4480 Meadows Ln,Las Vegas,NV,89107,https://www.apexatmeadows.com/
62584,The York House,4931 Lindell Blvd,St Louis,MO,63108,http://www.yorkhousestl.com
39174,Carlton Park,100 Carlton Park Dr,Flowood,MS,39232,https://www.carltonparkflowood.com/?utm_source=GBP&utm_id=organic
273943,Azalea,2633 Azalea Garden Pl,Tampa,FL,33619,https://www.azaleatampa.com/
303349,Haven South,5 Midway Cir,Brunswick,ME,4011,https://www.thehavensouth.com/
50584,Bridges on Sunset,766 Sunset Ave,Suisun City,CA,94585,https://www.bridgesonsunset.com/
46176,Columbia Village,2500 E Red Cedar Ln,Boise,ID,83716,https://www.thevillageboise.com
266174,The Augustan,1150 Greene St,Augusta,GA,30901,https://www.liveattheaugustan.com/
15328,Westchase Forest,11355 Richmond Ave.,Houston,TX,77082,https://www.westchaseforest.com/
261976,The Bungalows on Bowlin,44900 W Bowlin Rd,Maricopa,AZ,85139,https://www.bungalowsonbowlin.com/
270130,Bemiston Place,9 N Bemiston Ave,Clayton,MO,63105,https://www.bemistonplace.com/
50950,Bishops Gate,8075 Somerset Chase,Cincinnati,OH,45249,http://www.bishopsgateapts.com/
228755,Cascade Woods,18607 SW Mapleoak Ln,Aloha,OR,97003,http://www.cascadewoodsprinceton.com/
62200,The Henry,1933 Dock St,Tacoma,WA,98402,https://www.thehenryapartments.com/
60779,The Platform,420 W Smith St,Kent,WA,98032,http://www.theplatformkent.com/
36542,Parkside Commons,100 Stockton St,Chelsea,MA,2150,https://www.parksidecommonsapts.com/
13384,Yarmouth Pointe,1 Juniper Dr,Yarmouth,ME,4096,https://www.yarmouthpointeapartments.com/
53574,River Bend,30500 Warren Rd,Westland,MI,48185,http://www.rbapts.com/
38368,The Lorient,110 Creekside Ct,Pensacola,FL,32514,https://www.thelorientapartments.com/?rcstdid=MQ%3D%3D-WOzw8Oa5P2c%3D&utm_campaign=gbp
6770,Mirador,1550 E Thunderbird Rd,Phoenix,AZ,85022,https://arizona.weidner.com/apartments/az/phoenix/mirador-3/
6968,Pebblebrook,7700 W 95th St,Overland Park,KS,66212,www.pebblebrookapts.com
64598,Link Apartments West End,25 River St,Greenville,SC,29601,https://www.linkwestend.com/
37782,Belle Harbour,1298 Mt Hope Dr,Memphis,TN,38103,www.belleharbourapartments.com
98089,Watermark at Steele Crossing,150 E Dunbar Ln,Fayetteville,AR,72703,https://www.steelecrossingliving.com/
94940,The Liberty Lofts,400 S Culberson,Gainesville,TX,76240,https://www.thelibertyapts.com/
61185,Galvan At Twinbrook,1801 Chapman Ave,Rockville,MD,20852,https://www.liveatgalvan.com/
285190,Newry Mill,701 Broadway St,Seneca,SC,29672,www.newrymill.com
43360,Pheasant Run,3090 Pheasant Run Dr,Lafayette,IN,47909,https://www.pheasantrunlife.com/?utm_source=google&utm_medium=organic&utm_campaign=gmb
65370,Azura,12755 SW 136th St,Miami,FL,33186,www.azurakendall.com/
35983,Bela Rosa,3825 W Anthem Way,Anthem,AZ,85086,https://arizona.weidner.com/apartments/az/anthem/bela-rosa-1/
59540,Polo Run,800 Kings Mill Rd,Greenwood,IN,46142,www.polorunapts.com
14795,Emerson Apartments,1919 Burton Dr,Austin,TX,78741,https://www.emersonaustin.com/
38742,Village at Lake Lily,921 S Orlando Ave,Maitland,FL,32751,https://www.villageatlakelily.com/
43970,Ladera Vista Apartments,3608 Ladera Dr NW,Albuquerque,NM,87120,http://www.myladeravistaapartments.com/
9970,Skye Isle,3353 Lombardy Ln,Dallas,TX,75220,https://www.skyeisleapartments.com/
255304,The Farmhouse on Estrella,15545 Hudson Wy,Goodyear,AZ,85338,https://www.farmhouseonestrella.com/
22794,Park,15929 Gard Ave,Norwalk,CA,90650,https://www.parkapthomes.com/
14164,Linden Ridge,5400 Memorial Dr,Stone Mountain,GA,30083,www.lindenridgeapartments.com
14564,Wildwood,1022 Forest Oak Dr,Charlotte,NC,28209,http://www.livewildwoodapts.com/
289853,Asano on Ivy,321 Ivy St,San Diego,CA,92101,https://www.asanobankershill.com/
29958,Wyoming Place Apartments,5222 Wyoming Blvd NE,Albuquerque,NM,87111,www.wyomingplaceabq.com
57738,Link Apartments Manchester,901 McDonough St,Richmond,VA,23224,www.linkmanchester.com
39375,Whisper Sky,1755 S Beeler St,Denver,CO,80247,https://www.whisperskyapts.com/
251169,Parc at Princeton Junction,3000 Goldfinch Blvd,Princeton,NJ,8540,https://www.liveatparc.com/
10786,Riverwalk,12920 Audelia Rd,Dallas,TX,75243,https://www.riverwalkdallas.com/
8366,Brookside 112,4619 NE 112th Ave,Vancouver,WA,98682,https://www.brookside112.com/
52148,Biltmore at Camelback,2625 E Camelback Rd,Phoenix,AZ,85016,http://www.biltmoreatcamelback.com/
4593,Westlake at Summer Cove I,725 FM1959,Houston,TX,77034,https://www.westlakeatsummercove.com/
5338,Orchard on Gilbert,950 N Gilbert Rd,Gilbert,AZ,85234,https://www.orchardongilbert.com/
61285,Allez,8397 158th Ave NE,Redmond,WA,98052,http://www.allezliving.com/
229185,Greystone Summit Gulf Breeze,1900 Reserve Blvd,Gulf Breeze,FL,32563,https://www.greystonesummitgulfbreeze.com/
3753,Townhomes at South Highlands,1103 Dudley Dr,Shreveport,LA,71104,https://www.aptsp.com/
35166,Signature Pointe,25102 62nd Ave S,Kent,WA,98032,http://www.signaturepointe.com/
243948,Southgate,14A Merry Ln,Greenville,NC,27858,http://www.southgatenc.com/
28538,The Mark,24650 Amador St,Hayward,CA,94544,https://www.experiencethemark.com/
22963,Rivers Edge Apartments,504 Maplebrook Ln,Waterford Township,MI,48327,https://www.liveatriversedge.com/?rcstdid=MzI%3d-GJOvflXLv8M%3d&_yTrackUser=NjIwMDU5MzI0IzU5Mjk3NDIyNg%3d%3d-NpA%2fndRjlxY%3d&_yTrackVisit=MTEzNTYwMjQ1MyM3NzM2NjM0OTk%3d-xO9zgqvsLNY%3d&_yTrackReqDT=23101820192009
58967,The Waterline,2900 Grand Ave,Everett,WA,98201,https://www.thewaterlineapts.com/
10590,Tides on Park Lane,8780 Park Ln,Dallas,TX,75231,https://www.tidesonparklane.com/
63353,Residents at Prairiefire,5750 W 137th St,Overland Park,KS,66223,http://www.residencesatprairiefire.com/gallery.aspx
25753,Springbrook,5301 Talbot Rd S,Renton,WA,98055,http://www.liveatspringbrook.com/
300381,Willow Crossing Townhomes,426 Willow Crossing E,Willow Park,TX,76008,https://www.willowcrossingtownhomes.com/
34559,Desert Parks Vista,9393 E Palo Brea Bend,Scottsdale,AZ,85255,www.desertparksvista.com/
246773,The Point at 180,180 Eastern Ave,Malden,MA,2148,https://www.pointat180.com/
47788,THE DONOVAN APARTMENT HOMES,3751 Faulkner Dr,Lincoln,NE,68516,https://www.donovanapartments.com/?rcstdid=Mg%3d%3d-YRjTEizZPgM%3d
301537,Westlake Place,825 W Lake St,South Lyon,MI,48178,https://www.westlakeplaceapts.com/
53374,Four Lakes,6821 Udall Pl SE,Auburn,WA,98092,http://fourlakes.tarragon.com/
222150,Tuscany Villas,2824 5th Street W,West Fargo,ND,58078,https://www.tuscanyvillaswf.com/
269999,Volo at Texa Tonka,7920 Minnetonka Blvd,St Louis Park,MN,55426,https://www.voloattexatonka.com/
42781,Crescent Ridge,8200 Bridge Blvd SW,Albuquerque,NM,87121,https://www.crescentridgeaptsnm.com/
38139,Vista Pointe,40680 Walsh Center Dr,Murrieta,CA,92562,http://www.rentvistapointe.com/
41558,The Pearl,8510 Millicent Way,Shreveport,LA,71115,https://www.thepearl-la.com/
259542,The Bohen,2851 Hennepin Ave,Minneapolis,MN,55408,https://www.thebohen.com/
241762,Arbor Village,600 Firestone Ave,Muscle Shoals,AL,35661,http://www.thearborvillage.com/
236163,Glenbrook,1026 Andrews Run,Hendersonville,TN,37075,https://www.glenbrookapartmentstn.com/
52756,Ashton Woods Apartments,4645 Drummond Blvd SE,Kentwood,MI,49508,https://www.ashtonwoods-apt.com/
22145,Prelude at the Park,501 E Lake Mead Pkwy,Henderson,NV,89015,https://preludeatthepark.mgproperties.com/
3192,Park Summit,2778 N Decatur Rd,Decatur,GA,30033,https://www.parksummitapts.com/
280718,Marq,117 S Avenue 64,Los Angeles,CA,90042,https://www.livethemarqapts.com/
52348,The Vue,110 Somerset St,New Brunswick,NJ,8901,http://thevuenj.com/
30755,Skyline,1000 Goeglein Gulch,Durango,CO,81301,https://www.skylineaptsco.com/
3990,Glen at Burnsville,13000 Harriet Ave S,Burnsville,MN,55337,https://www.glenatburnsvilleapts.com/
18881,Alta Vista,1245 Morning View Dr,Escondido,CA,92026,http://www.altavistaapthomes.com/
45334,Retreat at Schillinger,1313 Schillinger Rd S,Mobile,AL,36695,https://www.retreatatschillinger.com/
14799,Aero Riverside,2201 Willow Creek Dr,Austin,TX,78741,https://www.aeroriverside.com/
12572,Qs at Towne Oaks,2501 N Eastman Rd,Longview,TX,75605,https://www.qtowneoaks.com/
293146,Redwood Place,207 E Redwood St,Baltimore,MD,21202,https://www.redwoodplace207.com/
256994,Sundance Woodbury,355 Karen Ln,Woodbury,MN,55129,https://www.sundancewoodbury.com/
237986,The Missions at Rio Vista,2242 Gill Village Way,San Diego,CA,92108,http://www.themissionsatriovista.com/
225313,La Collina Townhomes,2679 Alessandro Blvd,Harrisburg,PA,17110,https://www.triplecrowncorp.com/company/locations/la-collina/
37478,Breckenridge,5160 Preferred Pl,Hilliard,OH,43026,http://www.livebreckenridge.com/
61392,Arcata,901 Xenia Ave S,Golden Valley,MN,55416,https://www.arcataapts.com/?rcstdid=MzI%3d-GJOvflXLv8M%3d&_yTrackUser=MTUzMjg2OTE3MSMxMDY1NTY0NDMw-9pP/Dv/V3lw=&_yTrackVisit=MjY3MTA1OTMwNyMxNjU1MDY2NzA2-lh+SCtG9cEw=&_yTrackReqDT=30551620222202&_ga=2.45461732.1112719589.1645548303-290798097.1645548303
10979,The Hudson,6715 Buenos Aires Dr,North Richland Hills,TX,76180,https://www.thehudsontx.com/
35875,Villas at Monterosso,1000 Casablanca Terrace,Danville,CA,94506,https://www.villasatmonterosso.com/
46950,Edge of Uptown,3025 Ottawa Ave S,Minneapolis,MN,55416,https://www.liveattheedgeofuptown.com/
236735,The Residences at Seven Gables,1 Rush Dr,Carlisle,PA,17013,https://www.sevengablescarlisle.com/
5985,Cliffs at Barton Creek,3050 Tamarron Blvd,Austin,TX,78746,https://www.cliffsatbartoncreek.com/
13152,Hidden Palms,14555 Bruce B Downs Blvd,Tampa,FL,33613,https://www.hiddenpalmsapartmenthomes.com/
8766,Vesper,5616 Spring Valley Rd,Dallas,TX,75254,https://www.vesperliving.com/
52581,Westhaven Luxury Apartments,7105 Westhaven Cir,Zionsville,IN,46077,https://www.westhavenapts.com
290096,Janet Court,402 Janet Ct N,Keizer,OR,97303,https://www.janetcourtprinceton.com/
268180,Saltaire,169 Ocean Walk Ln,Santa Rosa Beach,FL,32459,https://www.saltaire30a.com/
294352,The Goat at Broadmoor,10602 Burns Rd,Pasco,WA,99301,https://www.thegoatatbroadmoor.com/
263558,ParkView Greer,1004 Park View Greer Cir,Greer,SC,29651,https://www.parkviewgreer.com/
14338,Granite Bay,14230 N 19th Ave,Phoenix,AZ,85023,http://www.granitebayapts.com/
42556,Landings at Parkview,6226 Barnes Rd S,Jacksonville,FL,32216,https://www.mirageatsouthpoint.com/
260924,Bria,3330 W 4000 S,West Haven,UT,84401,https://www.liveatbria.com/
17966,Terraces at Clearwater Beach,1121 Druid Rd,Clearwater,FL,33756,https://www.terracesatclearwaterbeach.com/
224354,Homestead Garden,4801 Homestead St,Rapid City,SD,57703,https://www.homesteadgardenliving.com/
229189,Harrison Park Apartments,565 W 1st Ave,Columbus,OH,43215,https://www.harrisonpark-apts.com/#Home
40986,Gramercy on the Park,4755 Gramercy Oaks Dr,Dallas,TX,75287,http://www.gramercyonthepark.com/
20542,Eleven Pines,4777 SW 11th St,Gresham,OR,97080,https://www.elevenpinesapartments.com/
47203,Wedgewood Park,3393 Northdale Blvd,Coon Rapids,MN,55448,www.wedgewoodparkapartments.com
37178,Walnut Creek,6827 Shenandoah Dr,Florence,KY,41042,http://www.walnutcreek-apts.com
17198,Mt Carmel Village,3000 W Douglas Ave,Wichita,KS,67203,https://www.mtcarmelapts.com/
278370,Alder Square,701 S Tyler Ave,Loveland,CO,80537,https://www.aldersquare.com/
242756,The Citizen,1835 Union Ave,Memphis,TN,38104,https://www.thecitizenapts.com/?utm_knock=g
64997,Shelton Eastlake Apartments,2359 Franklin Ave E,Seattle,WA,98102,http://www.sheltoneastlake.com/
36787,Legacy at Crystal Lake I,1200 Floral Springs Blvd,Port Orange,FL,32129,http://www.legacyatcrystallake.com/
48293,Lake in the Pines Apartments,848 Tamarack Dr,Fayetteville,NC,28311,https://www.lakeinthepines.com/
24561,The Fountains at Deerwood,7816 Southside Blvd,Jacksonville,FL,32256,www.thefountainsdeerwood.com
60598,The Dawson,13411 Briar Forest Dr,Houston,TX,77077,https://www.thedawsonapts.com/
234133,Grand View,7215 Wrightsville Ave,Wilmington,NC,28403,http://www.grandviewluxuryapts.com/
2158,Olde English Village,1201 Office Park Rd,West Des Moines,IA,50265,https://www.oldeenglishapts.com/
17559,The Reserve At Warner Center,22100 Erwin St,Woodland Hills,CA,91367,www.thereserveatwarnercenter.com
38355,The Reserve Apartments,1899 Reserve Blvd,Gulf Breeze,FL,32563,https://www.reserveapartmentsatnavarre.com/
226180,Slate Creek at Westover Hills,2210 Rogers Rd,San Antonio,TX,78251,https://www.liveatslatecreek.com
20943,Bremerton Park,6313 W 75th St,Prairie Village,KS,66204,https://www.bremertonparkapts.com/
37592,Vantage Point,2300 Rebsamen Park Rd,Little Rock,AR,72202,www.vantagepointlr.com
97948,The Nexus at Grays Landing,415 SW 11th St,Des Moines,IA,50309,https://www.nexusgrayslanding.com/
40607,Brookview Court,5 Brookview Ct,Schenectady,NY,12306,https://www.brookviewcourt.com/
26610,Edenvale,13700 Valley View Rd,Eden Prairie,MN,55344,http://www.edenvaleapts.com/
47167,Loch Bend Apartments,8703 Loch Bend Dr,Baltimore,MD,21234,https://www.liveatlochbend.com/
237148,Haven at La Mesa,8585 La Mesa Blvd,La Mesa,CA,91942,https://www.thehavenlamesa.com/
307352,The Vue At Desert Color,5088 S Desert Color Pkwy,St George,UT,84790,https://www.thevueatdesertcolor.com/?utm_campaign=gmb&utm_medium=organic&utm_source=local
3811,Vista Del Sol,7100 Louisiana Blvd NE,Albuquerque,NM,87109,www.vista-del-sol.com
42579,Belmont at Freemason,260 W York St,Norfolk,VA,23510,http://www.belmontatfreemason.com
40187,The Bradford,1250 Robert S Light Blvd S,Buda,TX,78610,https://www.bradfordapt.com/
281562,Jackson Pointe 111,2758 Lake Pointe Dr,Spring Valley,CA,91977,https://www.jacksonpointe111apartments.com/
6371,The Place at Barker Cypress -Enclave,1822 Barker Cypress Rd,Houston,TX,77084,https://theplaceatbarkercypress.com/
64171,Westlink at Oak Station,1665 Pierson St,Lakewood,CO,80215,http://www.liveatwestlink.com/
70369,Lowertown Commons,300 4th St E,St Paul,MN,55101,https://www.lowertownliving.com/
232952,The Retreat Apartments II,6500 Grand Retreat Dr,Roanoke,VA,24019,https://www.retreatroanoke.com/
19175,Sanford Landing,1800 W 1st St,Sanford,FL,32771,https://www.sanfordlanding.com/
49130,Prentiss Pointe Apartments,39111 Prentiss St,Harrison Township,MI,48045,https://www.prentisspointeapts.com/
35738,Stamford Corners,1455 Washington Blvd,Stamford,CT,6902,www.stamfordcornersapts.com
303963,Allure at Edinburgh,249 Allure Ln,Chesapeake,VA,23322,https://www.allurechesapeake.com/
29342,Clermont,1801 NW 143rd Ave,Portland,OR,97229,www.liveclermontapts.com
261963,Geo,17990 Midvale Ave N,Shoreline,WA,98133,https://www.geoapts.com/
14611,The Barrington Club,10700 W Sample Rd,Coral Springs,FL,33065,http://www.barringtonliving.com/
52373,Moonraker,5521 Brookdale Dr N,Brooklyn Park,MN,55443,http://www.moonrakerapts.net/index.aspx
20381,Brunswick House,1414 17th St NW,Washington,DC,20036,https://www.brunswickhousedc.com/
63121,Creekside at Providence,1001 Providence Pkwy,Mt. Juliet,TN,37122,https://www.creeksideprovidencewmp.com/
253774,27Seventy Lower Heights,2770 Summer St,Houston,TX,77007,https://www.27seventylowerheights.com/
45161,Norhardt Crossing,1930 Norhardt Dr,Brookfield,WI,53045,http://www.liveatnorhardtcrossing.com/
257195,The Bend Arbordale,401 Bulifants Blvd,Williamsburg,VA,23188,https://www.thebendarbordale.com/
41396,North Pointe,9418 N Green Bay Rd,Brown Deer,WI,53209,http://northpointe.stuartco.com/
12927,Wyvernwood Garden,2901 E Olympic Blvd,Los Angeles,CA,90023,http://www.wyvernwoodla.com
31939,Covington by Picerne,7800 S Rainbow Blvd,Las Vegas,NV,89139,https://www.covingtonapts.com/
35966,The Crossings At Hillcroft,13960 Hillcroft Ave,Houston,TX,77085,https://www.crossingsathillcroft.com/
25558,Lambertson Farms,10260 N Washington St,Thornton,CO,80229,www.mylambertsonfarmsapartments.com
45392,Sunset Summit,2151 Sunset Blvd,Rocklin,CA,95765,http://www.rocklin-apartments.com/
273525,Redwood Monroe,3409 Redwood Living Ln,Monroe,NC,28110,https://www.byredwood.com/apartments/nc/monroe/redwood-monroe/index.aspx
743,Bayville,1512 Kindly Ln,Virginia Beach,VA,23455,www.bayvilleapts.com
224353,Reserve of Jackson I,2501 River Oaks Blvd,Jackson,MS,39211,https://www.reservejackson.com/
226194,MacArthur's Lake,727 W MacArthur Rd,Wichita,KS,67217,https://www.macarthurslakeapt.com/
236598,Vault Apartments,120 Towne St,Stamford,CT,6902,https://www.vaultapts.com/
276192,The Grand at Cibolo,211 Grand Ave,Cibolo,TX,78108,https://www.grandatcibolo.com/
3542,Gilbert Square,1821 E Covina St,Mesa,AZ,85203,http://www.gilbertsquareapts.com/
72185,Villaggio,1328 Market St,Tacoma,WA,98402,http://www.villaggiotacoma.com/
42504,800J Lofts,800 J St,Sacramento,CA,95814,http://www.800jlofts.com
55381,Summit Pointe,701 E Summit View Pl,Bloomington,IN,47401,https://www.summittpointe-apts.com/
31743,Boston Woods,800 Gentleman Rd,Balcones Heights,TX,78201,https://www.bostonwoodsapartments.com/
54357,Revere Ridge,1723 N Union Rd,Spokane Valley,WA,99206,https://www.revereridgeapartments.com/
46993,Addison Lane,4117 SW 20th Ave,Gainesville,FL,32607,https://www.addisonlaneliving.com/
284757,Glen at Taylor Square,6950-A Americana Pkwy,Reynoldsburg,OH,43068,https://www.liveglenattaylorsquare.com/
278770,Atrio,1922 W Ogden Ave,Chicago,IL,60612,https://www.liveatatrio.com/
36363,Amelia Village,1070 Kenmore Dr,Clayton,NC,27520,https://www.ameliavillageapartments.com/
264123,Hampton Meridian,3000 W Southern Ave,Apache Junction,AZ,85120,https://www.hamptonmeridian.com/
78374,Bluegrass Villas,3750 Ralph Ave,Owensboro,KY,42303,https://www.bluegrassvillas.com/
53386,The Nolo at Stadium Place,520 Occidental Ave S,Seattle,WA,98104,http://www.thenoloseattle.com/
251377,Meridian at North Hills,901 St Albans Dr,Raleigh,NC,27609,https://www.meridianatnorthhills.com/
7359,10X Iona Lakes,15000 Iona Lakes Dr,Fort Myers,FL,33908,https://www.10xionalakes.com/?utm_knock=gmb
42525,Park Place Apartments,7514 Hogan Rd,Jacksonville,FL,32216,http://www.parkplacejville.com/
224720,Optima Old Orchard Woods,9739 Woods Dr,Skokie,IL,60077,http://www.optimaoldorchardwoods.com/
1767,Waverly Place,1900 Waverly Pl Ln,North Charleston,SC,29418,http://www.waverlyplace-apts.com/
251602,Apartments at Eleven240,11240 Woolwich St,Charlotte,NC,28216,https://www.apartmentsateleven240.com/
26351,Brooklyn Crossing,1701 69th Ave N,Brooklyn Center,MN,55430,https://www.brooklyncrossingmn.com/
37289,The Mark at Salem Station,11134 Sunburst Ln,Fredericksburg,VA,22407,https://www.themarkatsalemstation.com/
218589,Main Street Lofts,715 N Main St,Mansfield,TX,76063,https://www.mainstreetlofts.com/
54543,One Plantation,1650 SW 78th Ave,Plantation,FL,33324,https://www.oneplantationapartments.com/
13998,Berkdale Apartment,1234 W Blaine St,Riverside,CA,92507,https://www.liveberkdaleapts.com/
60579,Steelworks,1220 Mecaslin St NW,Atlanta,GA,30318,https://www.steelworksatlanta.com/
33760,Fielder Square,70 S 4th St,Memphis,TN,38103,http://www.fieldersquare.com/
34385,Allure,3099 W Chapman Ave,Orange,CA,92868,http://www.allureoc.com/
52198,Compton Lake,7777 Compton Lake Dr,Mount Healthy,OH,45231,https://www.comptonlake.com/
37147,Dayton Towers,425 Dayton Towers Dr,Dayton,OH,45410,https://www.daytontowersapartments.com/
49521,Red Bank Reserve,4300 Strathmore Dr,Cincinnati,OH,45227,https://www.redbankreserve.com/
3351,Ovation at Tempe,4505 S Hardy Dr,Tempe,AZ,85282,https://www.ovationattempe.com/
266123,Hayden Place II,900 CO-133,Carbondale,CO,81623,https://www.haydenplaceapts.com/
221966,Soleil Lofts,3753 Suri Rise Ln,Herriman,UT,84096,https://www.soleilloftsisyourhome.com
69182,The Lincoln Common,2345 N Lincoln Ave,Chicago,IL,60614,https://www.lincolncommonapartments.com/floorplans
290986,The Orchard,11171 Apple Ct,Sandy,UT,84070,https://www.liveattheorchard.com/
18584,Fairhill Garden,12800 Fairhill Rd,Shaker Heights,OH,44120,https://www.fairhillgardensapt.com/
68780,Sand Creek Woods,11640 Breezy Point Dr,Fishers,IN,46037,http://www.sandcreekwoodsapts.com/
16920,Park West Village,43032 30th St W,Lancaster,CA,93536,http://www.parkwestlancaster.com/
235753,Park South,33 New Scotland Ave,Albany,NY,12208,http://parksouthapartments.com/
269182,The Prescott,8200 S Congress Ave,Austin,TX,78745,https://www.theprescottatx.com/
225781,The Marilyn,2390 SE Hawthorne Blvd,Portland,OR,97214,https://www.themarilynpdx.com/
21557,Cove La Mesa,7400 Parkway Dr,La Mesa,CA,91942,https://www.thecovelamesa.com/
7727,Palm Haven at Deer Creek,500 Jefferson Dr,Deerfield Beach,FL,33442,https://www.liveatpalmhaven.com/
27980,Solano Springs,6340 S Santa Clara Ave,Tucson,AZ,85706,http://www.solanospringsaz.com/
7985,Stonesthrow,6455 SW Nyberg Ln,Tualatin,OR,97062,https://www.stonesthrowor.com/
256548,Montecito Apartments at Carlsbad,2510 W Ranch St,Carlsbad,CA,92010,https://www.montecitoaptsatcarlsbad.com/
266115,Hayden Place I,1201 Main St,Carbondale,CO,81623,https://www.haydenplaceapts.com/
54743,Twin Oaks,3800 14th St NW,Washington,DC,20011,https://www.twinoaksdc.com/
64141,Spectrum Paramount,230 Spectrum Ave,Gaithersburg,MD,20879,http://www.spectrum270.com
47784,College Park,1708 Creeksedge Dr,Columbus,OH,43209,https://www.collegeparkcolumbus.com/
63515,Fox Run Lofts,7200 S Blackhawk St,Englewood,CO,80112,http://www.foxrunlofts.com/
35590,Stonepost Ranch,12801 W 136th St,Overland Park,KS,66221,https://www.stonepostranchapts.com
44193,Hunters Way,5550 56th St,Lubbock,TX,79414,http://www.hunterswayapartments.com/
76589,Palm Bay Club,13050 Gran Bay Pkwy,Jacksonville,FL,32258,https://www.palmbayclubjax.com
37584,Appling Lakes,1392 Equestrian Dr,Cordova,TN,38016,www.applinglakesapts.com
219989,The Retreat at Weaverville,61 Garrison Branch Rd,Weaverville,NC,28787,https://www.retreatatweaverville.com/
14125,Olivine,3201 Century Park Blvd,Austin,TX,78727,https://www.theolivineaustin.com/?utm_medium=organic&utm_source=google&utm_campaign=gmb-website-button
8517,District 2308,2308 Fair Oaks Dr,Arlington,TX,76011,https://www.liveatdistrict2308.com/
4880,Clairmont Reserve,1575 Clairmont Rd,Decatur,GA,30033,www.clairmontreserve.com
257592,The Reserve at Raintree,651 Rain Forest Rd,Knoxville,TN,37923,https://www.reserveatraintree.com/
264321,Montgomery Place,1175 Reading Dr,Montgomery,IL,60538,https://www.montgomeryplaceapts.com/
65192,Angelos Grove,1120 L H Polk St,Marion,AR,72364,http://www.angelosgrove.com/
47162,Somerset at Towson,736 Camberley Cir,Towson,MD,21204,https://www.somersetattowson.com/
11762,Estelle Creek North,4023 Block Dr,Irving,TX,75038,https://www.estellecreek.com/
20330,Cibola,7333 E Chaparral Rd,Scottsdale,AZ,85250,https://www.cibolaapartments.com/
49454,Romaine Court,4210 Romaine Dr,Cincinnati,OH,45209,www.romainecourt.com
8140,Boulder Creek,6600 SW Wilsonville Rd,Wilsonville,OR,97070,www.livebouldercreekapts.com/
63534,Union West,35 Van Gordon St,Lakewood,CO,80228,https://www.liveatunionwest.com/
43741,Quatama Village,380 NW Gina Way,Aloha,OR,97006,https://www.quatamaprinceton.com/
36149,Blueberry Hill,15 Still Moon Crescent,Rochester,NY,14624,http://www.blueberryhillapartments.com/
238712,Bel Air West,5220 Hartford St,Abilene,TX,79605,https://www.thebelairwest.com/
8655,Princeton Court,6121 Melody Ln,Dallas,TX,75231,www.princetoncourtapartmenthomes.com/
49110,River Pointe,7855 E River Rd,Fridley,MN,55432,https://www.riverpointefridley.com/?rcstdid=Mg==-YRjTEizZPgM=
52583,Penn Circle,12415 N Pennsylvania St,Carmel,IN,46032,http://www.livepenncircle.com/
278706,The Prairie Villas,210 Dogwood Prairie Dr,Dardenne Prairie,MO,63368,https://www.theprairievillas.com/
263990,The Villas at Kyker Ferry,117 Lee Greenwood Way,Kodak,TN,37764,https://www.udcvillaskykerferry.com/
36592,Westport Station,11155 Westport Station Dr,Maryland Heights,MO,63043,http://www.westportstationapts.com/
73159,Sundance at Baxter Meadows,3705 Galloway St,Bozeman,MT,59718,https://baxtermeadowsapts.com/
22339,Cordoba,27600 Cordoba Dr,Farmington Hills,MI,48334,https://www.cordobaaptlife.com/
279767,Gateway Luxury,990 Powerline Rd,Pompano Beach,FL,33069,https://www.gatewayluxuryapartments.com/
35159,Hampton Chase,2005 Borowood Dr,Nashville,TN,37217,http://www.livehamptonchase.com/
37509,Harpeth River Oaks,1000 Champions Cir,Franklin,TN,37064,https://www.harpethriveroaks.com/?utm_source=apartmentseo&utm_medium=gmb&utm_campaign=organicmaplisting
15596,Mountain Vista,15450 Nisqualli Rd,Victorville,CA,92395,https://www.esring.com/apartments/ca/victorville/mountain-vista-victorville/
37148,Washington Place,8801 Motter Ln,Miamisburg,OH,45342,http://www.washingtonplaceapts.com
42510,Addison Landing,9455 103rd St,Jacksonville,FL,32210,www.addisonlanding.com
44766,Montecito,360 N Murray Blvd,Colorado Springs,CO,80916,https://www.montecitoapartments.com/
64560,Nichol Flats,1015 N 16th St,Omaha,NE,68102,http://www.nicholflats.com/
65564,Landmark Lofts,5260 Franklin St,Hilliard,OH,43026,http://www.livelandmarklofts.com/index.aspx
11777,Water Ridge,4600 W Pioneer Dr,Irving,TX,75061,https://www.waterridgeapartments.com/
45925,Wildwood Village Apartments,3491 Timbersedge Dr,Indianapolis,IN,46222,https://www.wildwoodvillageapartments.com/
286957,Edison,1833 SE 6th St,Gresham,OR,97080,https://www.edisonapts-gresham.com/
13447,Sloan Square,1555 Lavista Rd,Atlanta,GA,30329,www.sloansquareliving.com
78991,Mosaic at Levis Commons,1000 Hollister Ln,Perrysburg,OH,43551,https://www.mosaicleviscommons.com/
72944,Nicholas Square,522 Nicholas Square,Circleville,OH,43113,https://www.livenicholassquare.com/
37940,The Villages at General Grant,7482 Hardscrapple Dr,Affton,MO,63123,http://www.thevillagesgg.com
28357,Pine Ridge,1 Swiftstone Ct,Durham,NC,27713,https://pineridge.ticonproperties.com/
6729,Vert at Six Forks,7816 Six Forks Rd,Raleigh,NC,27615,https://www.liveatthevert.com/
42345,SouthRidge,1100 County Line Rd,Kansas City,KS,66103,https://www.southridgekc.com/
36572,Villas at Greenview,45660 Jillian Ct,Great Mills,MD,20634,http://www.villasatgreenview.com/
52328,The Fort Apartments,9230 Memorial Park Dr,Indianapolis,IN,46216,http://www.livethefort.com
7795,Willowest in Vinings,50 Adams Lake Blvd SE,Atlanta,GA,30339,https://www.willowestinvinings.com/
4756,Clear Run,5300 New Centre Dr,Wilmington,NC,28403,https://www.clearrunaptswilmington.com/
58325,Cambridge Court,2323 9th Ave SW,Olympia,WA,98502,https://www.cambridgecourtolympia.com/
43953,Pine Crest Townhomes,15303 W 128th St,Olathe,KS,66062,www.pinecrestkc.com
50172,Countryside Estates,10101 Hwy 55,Plymouth,MN,55441,https://www.countrysideest.com
57563,Burgundy and Hillsboro,2911 Hillsboro Ave N,New Hope,MN,55427,https://www.burgundyhillsboro.com/
308706,Hawks Landing,2778 2nd St NE,Hickory,NC,28601,https://www.hawkslandingnc.com/
14314,Copper Terrace,6550 S Dayton St,Centennial,CO,80111,https://www.copperterraceapartments.com/?rccustomid=Mzc5Mjg%3d-PD8Nk26WIAE%3d&gad_source=1&gclid=EAIaIQobChMIzced0d6DhgMVG6VmAh3B2AVPEAAYASAAEgK2m_D_BwE
6513,Woods of Post House,39 Thistlewood Dr,Jackson,TN,38305,https://www.woodsofposthouse.com/
8966,Station 121 at Town Center,1601 Weyland Dr,North Richland Hills,TX,76180,www.station121attowncenter.com
223579,Settler's Landing,725 Bridgeport Ave,Streetsboro,OH,44241,www.settlerslanding.com
76914,Legacy at Berkeley Place,105 Fallin Blvd,Goldsboro,NC,27534,www.legacyatberkeleyplace.com
26342,The Churchill,111 S Marquette Ave,Minneapolis,MN,55401,www.TheChurchillapartments.com
35120,Reading Commons,7 Archstone Cir,Reading,MA,1867,http://www.readingcommons.com/
44573,Windsor Manor,235 SE 165th Ave,Portland,OR,97233,www.windsormanorprinceton.com
224594,The Shires,8160 N 9th St,Fresno,CA,93720,http://www.theshiresapts.com/
258543,Alta Wren,3000 Orchid St,Cary,NC,27519,https://www.altawren.com/
44513,Tranquility Pointe,4345 N 126th Ct,Omaha,NE,68154,https://www.tranquilitypointeapts.com/
73955,Fairways of Inverrary,4200 Inverrary Blvd,Lauderhill,FL,33319,www.fairwayslauderhill.com
29993,La Vida Buena,2201 Ambassador Rd NE,Albuquerque,NM,87112,http://www.lavidabuenaapartments.com/
7386,The Palms at South Mountain,4424 E Baseline Rd,Phoenix,AZ,85042,https://www.thepalmsatsouthmountain.com/
17728,West Park Village,11400 Rochester Ave,Los Angeles,CA,90025,https://www.esring.com/apartments/ca/los-angeles/west-park-village/
12739,Woodland Estates,6147 Winged Elm Ct,Charlotte,NC,28212,https://www.woodlandestatesapartmenthomes.com/?utm_source=google_my_business&utm_medium=organic
258584,The Encore at Ingram Manor,7307 Park Heights Ave,Pikesville,MD,21208,https://www.theencoreatingrammanorapts.com/
74326,Barrington Estates,8717 Old Town W Dr,Indianapolis,IN,46260,https://www.barringtonestatesapts.com/?utm_source=GMB&utm_medium=organic#Home
60124,Crystal Lake,1706 Lakeview Dr,Newark,OH,43055,www.livecrystallakeapartments.com
72166,Hickory Chase,510 Heritage Dr,Madison,TN,37115,https://www.hickorychaseapts.com/
26996,Alicante Apartment Homes,4370 S Grand Canyon Dr,Las Vegas,NV,89147,https://www.alicantelv.com/
38345,Monarch at Dos Vientos,255 Via Mirabella,Newbury Park,CA,91320,http://www.monarchatdosvientos.com/
17950,Estancia at Mission Grove,7871 Mission Grove Pkwy S,Riverside,CA,92508,www.estanciaapartmenthomes.com
28161,Eden Park Apartments,6455 Zane Ave N,Brooklyn Park,MN,55429,https://www.edenparkapts.com/
43549,Woodlake Park,9439 San Jose Blvd,Jacksonville,FL,32257,www.woodlakeparkapts.com
8502,Brighton Place,357 E Corporate Dr,Lewisville,TX,75067,http://www.brighton-place-apts.com/
55920,The Acadia at Metroplitan Park,575 12th Rd S,Arlington,VA,22202,https://www.metacadia.com/
20399,Nickel Creek,3702 204th St SW,Lynnwood,WA,98036,https://www.nickelcreekliving.com/
231263,Park at Meadow Ridge,2495 Meadow Ridge Ln,Montgomery,AL,36117,https://www.parkatmeadowridge.com/
48768,Tadousac,418 S 38th Ave,Omaha,NE,68131,http://www.classiccollectionaptstadousac.com/
244324,Canopy at Ginter Park,3200 Brook Rd,Richmond,VA,23227,https://www.canopyatginterpark.com?utm_source=realpage&utm_medium=referral&utm_campaign=cta
33330,Quail Landing,14200 N May Ave,Oklahoma City,OK,73134,https://oklahoma.weidner.com/apartments/ok/oklahoma-city/quail-landing/index
224120,N&E,107 13th Ave NE,Minneapolis,MN,55413,https://www.nandeapts.com/
263318,Enclave at Providence,630 Providence Pkwy,Mt. Juliet,TN,37122,https://www.enclaveprovidence.com/
275964,Aura,3240 W Harmon Ave,Las Vegas,NV,89103,https://www.auravegas.com/
261709,Dakota Flats,514 E Hastings Rd,Spokane,WA,99218,https://www.dakotaflatsapts.com/
255556,Belle Spring Branch,2308 Bingle Rd,Houston,TX,77055,https://www.bellespringbranch.com/
238561,The View,3460 W 7th St,Los Angeles,CA,90005,https://www.theviewla.com/
55913,Arrive Wheaton,11215 Georgia Ave,Wheaton,MD,20902,https://www.arrivewheaton.com/
62322,Element 28,100 Commerce Ln,Bethesda,MD,20814,https://www.element28apts.com/
4903,Atria at Crabtree Valley,4601 Baymar Dr,Raleigh,NC,27612,www.atriaatcrabtreevalley.com
237156,Indian Hills,3915 Winona Way,Sioux City,IA,51104,https://www.indianhills-apts.com/
234912,Taylor's Pond,401 Archdale Dr,Durham,NC,27707,https://taylorspond.ticonproperties.com/
35717,Bridges on Kinsey,4411 Kinsey Dr,Tyler,TX,75703,www.livebridgesonkinsey.com
41539,Main Street Square,1001 Hayes Ln,Holly Springs,NC,27540,www.mainstreetsquareapartments.com
238360,Clearfield Station,1342 S 950 E,Clearfield,UT,84015,http://www.clearfieldstation.com/
231755,Lowa46,4621 Snelling Ave,Minneapolis,MN,55406,https://www.lowa46.com/
289338,201 Walnut,201 Walnut Ave,Cranford,NJ,7016,https://www.201walnut.com/
239318,Legacy Fort Mill,700 Gates Mills Dr,Fort Mill,SC,29708,http://www.legacyfortmill.com/
223517,Vista Brooklyn,200 Riverside Ave,Jacksonville,FL,32202,https://www.livevistabrooklyn.com/
41726,Patterson Place,120 S Patterson Ave,Santa Barbara,CA,93111,http://www.pattersonplaceapartments.com
19109,Sunset Park,11202 2nd Ln SW,Seattle,WA,98146,https://www.sunsetparkapartment.com/
78358,Legacy Apartment Homes,101 Legacy Wy,Brunswick,GA,31525,www.legacybrunswick.com
8180,Paradise Falls Apartment Homes,15434 N 32nd St,Phoenix,AZ,85032,https://arizona.weidner.com/apartments/az/phoenix/paradise-falls-0/index.aspx?rcstdid=MzI%3d-GJOvflXLv8M%3d&_yTrackUser=NzI0MTgzNTM1IzEzNzc2ODQwMjA%3d-KRtCcFz%2fH7A%3d&_yTrackVisit=MTMxODkzNzgwMCMyMDY1MzMzMDQ4-L8dUXbXy4oE%3d&_yTrackReqDT=31432120202002
242954,Bancroft Luxury Apartments,107 S Washington Ave,Saginaw,MI,48607,https://www.bancroftrentals.com/
56375,Merion Riverwalk,185 Canal St E,Shelton,CT,6484,https://www.merionriverwalk.com/
3571,Briarwood,2520 Winrock Blvd,Houston,TX,77057,https://www.liveatbriarwood.com/
44309,ABQ Uptown,2222 Uptown Loop Rd NE,Albuquerque,NM,87110,https://www.abquptownapts.com
32599,Audubon Oaks,4350 Audubon Oaks Cir,Lakeland,FL,33809,www.audubonoaks.com
38907,Vanoni Ranch,10676 Veronica Ln,Ventura,CA,93004,https://www.vanoniranch-apts.com/
13941,10X Woodway Square,1200 Winrock Blvd,Houston,TX,77057,https://www.10xwoodwaysquare.com/?utm_knock=gmb
16354,Silver Reef,12419 W 2nd Pl,Lakewood,CO,80228,https://www.liveatsilverreef.com/
70740,Encore 380,26493 E University Dr,Aubrey,TX,76227,https://www.encore380apartments.com/
239699,Hunters Run,4136 Falcon Pl,Waldorf,MD,20603,https://www.huntersruncharles.com/
7332,Villas at Ibis Landing,5851 Holmberg Rd,Parkland,FL,33067,https://www.livevillasatibislanding.com/
14191,300 East Seventeenth,300 E 17th Ave,Denver,CO,80203,https://www.maxxproperties.com/co/denver/300-east-seventeenth/index.aspx
301702,Aventura at Wentzville II,90 Compassion Cir,Wentzville,MO,63385,https://www.avwentzville.com/
251733,Champions Gate,12639 S Hausman Rd,San Antonio,TX,78249,https://www.livechampionsgate.com/
38594,Ashford Place,107 Ashford Dr,West Monroe,LA,71291,https://www.ashfordplaceapts.com/
246345,Westerly,8510 S Oak Cir,Littleton,CO,80127,https://www.westerlyapartmenthomes.com/
47502,Stonewater Apartments,11353 N Tazwell Dr,Louisville,KY,40241,https://www.stonewaterpark.com/
13905,Wesley St Clair,3350 Sweetwater Rd,Lawrenceville,GA,30044,http://www.wesleystclaire.com/
42732,Summit at Bon Air,1701 Irondale Rd,Bon Air,VA,23235,https://www.summitatbonair.com/
292344,Shepherd Hills Commons,2109 E Anamosa St,Rapid City,SD,57703,https://www.shepherdhillssd.com/
73715,Sussex West,34748 Lakeshore Blvd,Eastlake,OH,44095,https://www.sussexwestlife.com/
256378,Woodmore,9560 Ruby Lockhart Blvd,Bowie,MD,20721,https://www.woodmoreapts.com/
258165,St Elmo Living,4323 S Congress Ave,Austin,TX,78745,https://www.stelmoliving.com/
226101,Sutton Station,5836 Fayetteville Rd,Durham,NC,27713,https://suttonstation.ticonproperties.com/
247275,Beckerts Park,1350 E St SE,Washington,DC,20003,https://www.beckertspark.com/
78798,Creekside on Parmer Lane,5401 E Parmer Ln,Austin,TX,78754,http://www.creeksideonparmerlane.com/
274398,The Station at St Peters Luxury Living,2000 Swenson Ln,St Peters,MO,63376,https://www.stationstpeters.com/
251395,Neon Local,99 S Broadway,Denver,CO,80209,https://www.rentneonlocal.com/
73112,Somerset Place,5009 N Sheridan Rd,Chicago,IL,60640,www.somersetplace-apartments.com
267573,Eastridge,5501 Ross Rd,Del Valle,TX,78617,https://www.eastridgeatx.com/
262329,Bexley Summerhill,720 Hank Aaron Dr SE,Atlanta,GA,30315,https://www.bexleysummerhill.com/
16281,Seven Lakes at Carollwood,3303 N Lakeview Dr,Tampa,FL,33618,https://www.sevenlakescarrollwood.com/
29505,Campo Basso,15923 Hwy 99,Lynnwood,WA,98087,http://www.campobassoapts.com/
234398,The Core Chandler,5151 S Arizona Ave,Chandler,AZ,85248,http://www.thecorechandler.com/
12758,Wynfield Park,10209 Baltimore Ave,College Park,MD,20740,http://www.wynfieldpark.com/
18988,Canyon Run,1365 Broadway,El Cajon,CA,92021,http://www.canyonrunapartments.com/
45318,Tall Oaks Apartment Homes,6675 Tall Oaks Dr,Kalamazoo,MI,49009,https://www.talloaks-apartments.com
70144,10X Port St Lucie,1500 SE Tiffany Club Pl,Port St Lucie,FL,34952,https://www.10xportstlucie.com/
58939,The Landings at Brooks City-Base,7803 S New Braunfels Ave,San Antonio,TX,78235,http://www.thelandingsatbrookscity-base.com/
242776,Greenfield II,920 Feltl Ct,Hopkins,MN,55343,http://greenfield.stuartco.com/index.aspx
53165,Foxwood and The Hermitage,4805 Fox Valley Ave Dr,Portage,MI,49024,https://www.foxwood-apartments.com/?utm_source=GMB&utm_medium=organic
49529,Enclave,13300 Enclave Dr,Midlothian,VA,23114,https://www.enclaverichmond.com/
231524,Harbor Blu,209 Chandler St,Cape Canaveral,FL,32920,https://www.liveharborblu.com/
5170,Hawthorn At Oakhurst,245 N Oakhurst Dr,Aurora,IL,60504,https://www.hawthornatoakhurstaurora.com/
277913,Redwood Perrysburg Oregon Road,28863 Oregon Rd,Perrysburg,OH,43551,https://www.byredwood.com/apartments/oh/perrysburg/redwood-perrysburg-oregon-road/index.aspx
6304,Longspur Crossing,701 W Longspur Blvd,Austin,TX,78753,https://www.longspurcrossing.com/
33125,Madison Rockwood-Ballwin,170 Steamboat Ln,Ballwin,MO,63011,www.madisonrockwood.com
63742,33Hundred,3300 Wells Branch Pkwy,Austin,TX,78728,http://www.33hundredapts.com/
19924,Maybeck at the Bend,13830 SW Chinn Ln,Tigard,OR,97224,https://www.maybeckapartments.com/
41935,Island Homestead,541 Homestead Ln NE,Bainbridge Island,WA,98110,http://www.islandhomestead.com/
6701,Park on Riley,99 Cable Cir,Folsom,CA,95630,https://www.theparkonriley.com/
39571,Pebble Hill,3408 Miller Rd,Wilmington,DE,19802,https://www.pebblehillapartment.com/
273680,Club at Heritage,720 Roberts Rd,Sartell,MN,56377,https://minnesota.weidner.com/apartments/mn/sartell/the-club-at-heritage/
272898,The Penhurst Collective,2800 N Wayzata Blvd,Minneapolis,MN,55405,https://www.thepenhurst.com/
58386,Medley Row Hoigaard Village,5690 W 36th St,St Louis Park,MN,55416,http://www.hoigaardvillage.com/
61557,Casa Brera at Toscana Isles,4725 Via Bari,Lake Worth,FL,33463,https://www.casabreraapartments.com/?utm_source=GMB&utm_medium=organic
295786,Universal at Town Creek,700 Town Creek Pkwy,Lenoir City,TN,37771,https://www.universalattowncreek.com
223975,Cranford Court,3939 Cranford Ave,Riverside,CA,92507,http://www.cranfordcourtapts.com/
33329,Stoneleigh on May,14300 N May Ave,Oklahoma City,OK,73134,https://oklahoma.weidner.com/apartments/ok/oklahoma-city/stoneleigh-on-may-0/
40185,Pressler,507 Pressler St,Austin,TX,78703,http://www.liveatpressler.com
22617,Barrington Lakes,2200 Hassell Rd,Hoffman Estates,IL,60169,https://barringtonlakes.groupfox.com/
62949,Midtown on the Rail,2310 Main St,Houston,TX,77002,https://www.midtownontherail.com/
16292,Huntington,8223 W Floyd Ave,Lakewood,CO,80227,https://www.liveathuntingtonapts.com/
7739,Indigo Park,7600 Montgomery Blvd NE,Albuquerque,NM,87109,https://www.indigoabq.com/
2947,Serrano Apartments,5535 Columbia Pike,Arlington,VA,22204,http://www.theserranoapts.com/
246751,Park Place,240 Park Pl Blvd,Waxahachie,TX,75165,https://www.parkplacewaxahachie.com/
238169,136 S Penn,136 S Pennsylvania St,Denver,CO,80209,https://www.136spenn.com/
36779,Lauradale,2 Aragona Blvd,Jacksonville,NC,28540,https://www.brazoslauradale.com/
50130,Mallard Creek,8350 Golden Valley Rd,Golden Valley,MN,55427,http://www.mallardcreekapts.com/
284196,Evergreen Townhouses,4086 B St,Springfield,OR,97478,https://www.liveevergreentownhouses.com/
45278,Wingate Apartments,3151 Wingate Dr SE,Kentwood,MI,49512,https://www.wingate-apartments.com/?rcstdid=MzI%3d-GJOvflXLv8M%3d&_yTrackUser=NjM2NzUyMTk4IzQ2NDQ5Njg2Nw%3d%3d-hMVJMwj6sjI%3d&_yTrackVisit=MTE2NDcwNzA4OSMxNzU5MDk3NTYw-fp18XgwIzhg%3d&_yTrackReqDT=37311620191410
1154,Deer Crest,2200 W 10th Ave,Broomfield,CO,80020,www.deercrestapartments.com
257309,Marlowe,400 15th St S,Arlington,VA,22202,https://www.marlowearlington.com/
5187,Woodlake Meadows Apartment Homes,8155 Richmond Ave.,Houston,TX,77063,https://www.woodlakemeadowstx.com/
47108,Parkview Estates,1410 100th Ave NW,Coon Rapids,MN,55433,https://www.liveatparkviewestates.com/?p=1&nocache=1#tabUnitsMatch
14097,The Maddox Sunnyvale,874 E El Camino Real,Sunnyvale,CA,94087,https://www.maddoxsunnyvaleapartments.com/
283191,Sumner Village,1414 Sumner Ave,Charleston,SC,29406,https://www.sumnervillageliving.com/
12124,Carrington Park,3001 Communications Pkwy,Plano,TX,75093,http://www.livecarringtonpark.com/
253304,Levante,14951 Foothill Blvd,Fontana,CA,92335,https://www.levanteapartmenthomes.com/
24584,Westchase Apartments,1013 Manhattan Blvd,Harvey,LA,70058,https://www.livewestchaseapartments.com/
232548,Penstock Quarter I,5001 Libbie Mill E Blvd,Richmond,VA,23230,https://www.penstockquarter.com/
257946,Parc View I,7865 S Bingham Jct Blvd,Midvale,UT,84047,https://www.parcviewisyourhome.com/?rcstdid=Mg%3D%3D-YRjTEizZPgM%3D&utm_source=GMB&utm_medium=organic
18590,Greentree Village,1039 S Parker Rd,Denver,CO,80231,http://www.greentreevillage-apartments.com/
8188,Montclair,3525 Sheffield Manor Terrace,Silver Spring,MD,20904,https://www.montclairapts.com/
27096,The Summit at Avent Ferry,1025 Avent Hill,Raleigh,NC,27606,http://www.summitaventferry.com/
12162,Vista Springs,265 E Corporate Dr,Lewisville,TX,75067,https://www.vistaspringsapts.com/
11805,Woodland Hills,3541 W Northgate Dr,Irving,TX,75062,http://www.thewoodlandhills411.com/
269311,Link Apartments Calyx,55 Maxwell Rd,Chapel Hill,NC,27517,https://www.linkapartmentscalyx.com/
223912,Bristol Station,90 Bristol Station Ct,Carteret,NJ,7008,https://www.bristolstationapt.com/
67102,Marc San Marcos,1045 Armorlite Dr,San Marcos,CA,92069,http://www.marcsanmarcos.com/
1349,Deer Creek,305 Deer Creek Dr,Plainsboro Township,NJ,8536,http://www.deercreeknj.com/
284741,Wildwood Estates,2237 E 56th Ave,Anchorage,AK,99507,https://alaska.weidner.com/apartments/ak/anchorage/wildwood-estates/index.aspx
229696,Waterford Manors,724 Overlook Cir Dr,Manchester,MO,63021,https://www.waterfordmanorslife.com/
229736,Beachwood Park Townhomes,1001 Beach Pointe Ave,Raleigh,NC,27604,http://www.beachwoodparkapts.com/
228399,Gull Prairie/Gull Run Apartments & Townhomes,4495 Gull Run Dr,Kalamazoo,MI,49048,https://www.gullprairieapartments.com/
47982,Dwell at Greenridge,7910 Crossroads Dr,North Charleston,SC,29406,https://www.dwellatgreenridge.com/
263570,Casitas Catalina I,9125 E Catalina Hwy,Tucson,AZ,85749,https://www.casitascatalina.com/
54958,1038 on Second,1038 Second St,Lafayette,CA,94549,https://1038onsecond.cmcrents.com/
40302,Glen Hills,6600 N Sidney Pl,Glendale,WI,53209,https://www.rentglenhills.com/
76579,Kaiser Park,8120 Randolph Way,Ellicott City,MD,21043,https://www.kaiserparkapartments.com/
223547,Redwood Delta Township II,8156 Roslyn Hill,Lansing,MI,48917,https://www.byredwood.com/apartments/mi/lansing/redwood-delta-township/index.aspx
286786,Bay Pointe at Summerville,260 Pidgeon Bay Rd,Summerville,SC,29483,https://www.baypointesummerville.com/?utm_knock=g
23169,Namaste,3355 Arville St,Las Vegas,NV,89102,https://www.namastelivinglv.com/
22351,Willamette Falls Court,2220 Gilman Dr,Oregon City,OR,97045,https://www.willamettefallsprinceton.com/
12560,Lexington Farms,8500 W 131st Pl,Overland Park,KS,66213,https://www.lexingtonfarmsapts.com/
241538,Block 88,1304 NE 88th St,Vancouver,WA,98665,http://www.block88apts.com/
72144,Marbella,2500 Herndon Ave,Clovis,CA,93611,http://www.livingatmarbella.com
2339,Tall Timbers,13155 Woodforest Blvd,Houston,TX,77015,https://www.talltimbers-apts.com/
38494,Greenbrier Estates,100 Greenbrier Way,Slidell,LA,70460,https://www.wm-greenbrierestates.com/
788,The Courtyards of Chanticleer,1421 Automne Cir,Virginia Beach,VA,23451,http://www.courtyardsofchanticleer-prg.com/
260117,Apex,7295 Ascent View,Colorado Springs,CO,80923,https://www.apexluxuryliving.com/
238993,Stony Creek,150 Stony Point Rd,Santa Rosa,CA,95401,http://www.liveatstonycreek.com/
37561,Heritage Landing,415 N 1st St,Minneapolis,MN,55401,https://www.heritagelanding.com/?botLoad=welcome&utm_source=google
264969,Plat 4 at Research Triangle,5510 Primary Dr,Durham,NC,27703,https://www.plat4living.com/
58906,Azul Baldwin Park,4460 Lower Park Rd,Orlando,FL,32814,https://www.azulbaldwinpark.com/
66977,Foundry Commons,868 S 5th St,San Jose,CA,95112,http://www.foundrycommons.com/
261096,Artistry at Winterfield,1000 Artistry Dr,Midlothian,VA,23113,https://www.artistryatwinterfield.com/
284691,Sant√©,175 E Bruner Ave,Henderson,NV,89044,https://www.liveatsante.com/
253339,Shannon Creek I,1650 Candler Dr,Burleson,TX,76028,https://www.shannoncreekapt.com/
42562,Palladium Park,3902 Pallas Way,High Point,NC,27265,http://www.palladiumparkapts.com/
49153,Heatherwood Apartments,1275 Heatherwood Dr,Grand Blanc,MI,48439,https://www.heatherwoodgrandblancapts.com/
55168,Oak Park,4495 Pacifica Way NE,Salem,OR,97305,https://www.oakparkprinceton.com
24361,Del Norte Place Apartment Homes,11720 San Pablo Ave,El Cerrito,CA,94530,http://delnorteplace.mgproperties.com/
292786,Matheson,245 N 400 W,Tremonton,UT,84337,https://www.mathesonisyourhome.com/
2574,Palms at Beacon Pointe,1251 Beacon Point Dr,Jacksonville,FL,32246,https://www.palmsbeaconpointe.com/
222772,Woodland Park at Soldier Creek,122 NW Walnut Grv Rd,Topeka,KS,66617,http://www.woodlandparktopeka.com/
48118,Oceanaire,16016 Lemoyne Blvd,Biloxi,MS,39532,http://www.liveatoceanaire.com
63916,Creekside Colony,7951 Kingswood Dr,Citrus Heights,CA,95610,http://www.creekside-colony.com/
281767,YO,3201 Morgan Ford Rd,St. Louis,MO,63116,https://www.yo-stl.com/
26981,Parkside of South Tryon,605 Candler Ln,Charlotte,NC,28217,https://www.parksidesouthtryon.com/
37946,Park 44,4444 W Pine Blvd,St. Louis,MO,63108,https://www.park44apartments.com/
61725,Vista at Park Row,13710 Park Row,Houston,TX,77084,https://www.vistaatparkrow.com/
219158,The Herald,150 E Crowther Ave,Placentia,CA,92870,https://www.heraldapartments.com/
40520,Arbor Pointe,11432 105th Ave SW,Lakewood,WA,98498,http://www.arborpointeapartments.com/
37396,Atlantic Aerotropolis,3640 S Fulton Ave,Hapeville,GA,30354,www.atlanticaerotropolisliving.com
68348,Olume,1401 Mission St,San Francisco,CA,94103,http://liveolume.com/
3108,Woodman Park,4996 Woodman Park Dr,Dayton,OH,45432,www.woodmanpark.com
62177,Estate at Woodmen Ridge,5520 Woodmen Ridge View,Colorado Springs,CO,80923,www.liveatestate.com
3327,Madison Hunters Glen,100 Hunt Club Ln,Raleigh,NC,27606,https://www.madisonhuntersglen.com/
64513,Galleria Club,8680 Baymeadows Rd E,Jacksonville,FL,32256,http://www.cabanaclub.com/
246689,The Indigo at Cross Creek,2001 Cramer Cir,Indian Land,SC,29707,http://www.theindigosc.com/
53164,Arbor Pointe Townhomes,420 Arbor Pointe Dr,Battle Creek,MI,49037,www.arborpointe-townhomes.com
7328,Willow Run Apartments,157 Treetop Dr,Fayetteville,NC,28311,https://www.willowrun-apts.com/
37503,Ventana at the Lake,121 Hazelwood Dr,Hendersonville,TN,37075,http://www.ventanaatthelake.com/
78722,Derby,800 N 2nd St,Phoenix,AZ,85004,https://www.derbyphx.com/
23170,Renaissance Villas,5419 W Tropicana Ave,Las Vegas,NV,89103,https://www.renaissancevillasapts.com/
22305,The Arden,765 SE Mount Hood Hwy,Gresham,OR,97080,https://www.theardenliving.com/
40549,Lake in the Woods,333 Lake in the Woods Dr,Melbourne,FL,32901,http://www.lakeinthewoodsapts.com/
37937,The View at Forest Park,4400 Lindell Blvd,St. Louis,MO,63108,https://www.theviewatforestpark.com/
298496,Scouter`s Mountain,11386 SE Pleasant Valley Pkwy,Happy Valley,OR,97086,https://www.scoutersmtn.com/
56762,Seventh West,1427 7th St,Santa Monica,CA,90401,https://www.seventhwestapartments.com/
269320,Collection Champions Circle,15901 Championship Pkwy,Fort Worth,TX,76177,https://www.collectionchampionscircle.com/
4537,Cliffs at Canyon Ridge,1455 Valley Dr,Ogden,UT,84401,https://www.cliffsatcanyonridge.com/
232120,44 Washington,551 W 44th St,Kansas City,MO,64111,https://www.44washington.com/
246922,The Retreat at Fuquay-Varina,2700 Whakatane Ln,Fuquay-Varina,NC,27526,https://www.theretreatatfuquayvarina.com/
36566,The Crossings at Alexander Place,7521 Windmill Harbor Way,Raleigh,NC,27617,https://www.thecrossingsatap.com/
231947,Cumberland Place,2051 W Cumberland Rd,Tyler,TX,75703,https://www.cumberlandplacetyler.com/
13304,Avondale Overlook,2400 Queens Chapel Rd,Hyattsville,MD,20782,https://www.avondaleoverlook.com/
75988,Artisan at Twickenham Square,700 Dorothy Ford Ln,Huntsville,AL,35801,https://www.liveatartisanapartments.com/
14767,Northchase Apartments,306 W Rundberg Ln,Austin,TX,78753,www.northchaseapts.com
22534,Fairway Manor,16100 Pebble Beach Dr,Victorville,CA,92395,https://www.fairwaymanorapartmenthomes.com/
256301,The Northern at Coeur d'Alene Place,1681 Pampas Ln,Coeur d'Alene,ID,83815,https://www.thenorthernapts.com/
39687,29 Edgewater,29 Edgewater Cir,Bluffton,SC,29910,https://www.live29edgewater.com/
14142,Argosy at Crestview,1003 Justin Ln,Austin,TX,78757,http://www.argosyatcrestview.com
22347,Main Street Village,12650 SW Main St,Tigard,OR,97223,https://www.mainstreetapts.com/
36341,CenterPointe Apartments and Townhomes,5570 Centerpointe Blvd,Canandaigua,NY,14424,https://www.ctpapts.com/
73949,Diamond Ridge,5235 Glen Ridge Dr,San Antonio,TX,78229,www.livediamondridgeapt.com
12746,Sunset Canyon,2170 Thousand Oaks Dr,San Antonio,TX,78232,http://www.thesunsetcanyon.com/
46328,Ridge,2050 S Ridgewood Ave,South Daytona,FL,32119,https://www.elandisridge.com/
40514,Club Pacifica,1300 Southampton Rd,Benicia,CA,94510,http://www.clubpacificabenicia.com/
31344,The Village at Marshfield,738 Plain St,Marshfield,MA,2050,https://www.villageatmarshfieldma.com/
32307,Bear Valley Park,5775 W Dartmouth Ave,Denver,CO,80227,https://www.rentbearvalleypark.com/
259100,Skybrook Apartment Homes,90 Oak Hill Ct,Huntersville,NC,28078,https://www.skybrookapts.com/#
3736,Crosby at Westchase,2909 Hayes Rd,Houston,TX,77082,https://www.elandiscrosby.com/
57562,2800 Girard,2800 Girard Ave S,Minneapolis,MN,55408,http://www.2800girard.com/
226378,Chatwell Club,9175 Chatwell Club Ln,Davison,MI,48423,http://www.chatwellclub-apts.com/
38755,1287 Shoals,1287 Cedar Shoals Dr,Athens,GA,30605,https://www.1287shoals.com/
9798,Pear Ridge,4753 Old Bent Tree Ln,Dallas,TX,75287,https://www.pearridgeapts.com/
234761,Hanover,3210 SW 185th Ave,Beaverton,OR,97003,http://www.liveathanoverapts.com/
14386,Parc at Perimeter,6210 Peachtree Dunwoody Rd,Atlanta,GA,30328,https://www.parcwmp.com/
47523,Luma Apartments,2600 W Ina Rd,Tucson,AZ,85741,https://www.villageatthefoothills.com/?utm_knock=gmb
72534,Winchell Way,3740 Winchell Ave,Kalamazoo,MI,49008,http://www.winchellwayapartments.com/
259798,The Audubon,367 Orange St,New Haven,CT,6511,https://www.theaudubonapts.com/
3768,Lakeview at Newcastle,7920 110th Ave SE,Newcastle,WA,98056,https://www.lakeviewatnewcastle.com/
243500,Prairie Lakes,1700 W Coneflower Dr,Peoria,IL,61615,https://www.prairielakeslife.com/
44986,2300 West,2300 Harvard Way,Reno,NV,89502,https://www.2300west.com/
281751,The Franklin Marlboro,2 Jayden Rd,Marlboro,NJ,7746,https://www.thefranklinmarlboro.com/
224963,RiverEdge Terrace I,4805 Wind Surf Way,San Diego,CA,92154,http://www.riveredgeterrace.com/
227957,Victoria Station,1400 University Blvd E,Hyattsville,MD,20783,https://www.bvstation.com/
10141,Wymberly Crossing,3001 S Carrier Pkwy,Grand Prairie,TX,75052,https://www.wymberlycrossing.com/
93497,Arterra KC,2100 Wyandotte St,Kansas City,MO,64108,https://www.arterrakc.com/
266944,Trailside Verdae,180 Woodruff Rd,Greenville,SC,29607,https://www.rktrailside.com/
41394,Courtyard at Central Park,4498 N Cornelia Ave,Fresno,CA,93722,https://www.courtyardisyourhome.com/
35695,Shoreham & Tides Lakeshore East,360 E South Water St,Chicago,IL,60601,https://www.shorehamtides.com/
4956,Avia McCormick Ranch,8375 East V√≠a de Ventura,Scottsdale,AZ,85258,https://www.aviamccormickranch.com/
60499,Middletown Landing I,700 Landis Ridge Dr,Louisville,KY,40245,https://www.middletownlanding.com/
2586,Altair,1361 W 9th Ave,Escondido,CA,92029,http://www.altairescondido.com/
5546,Retreat at Candelaria,3011 Jane Pl NE,Albuquerque,NM,87111,http://www.theretreatnm.com/
31760,Bridgehead Garden Apartments,6001 Shepherd Mountain Cove,Austin,TX,78730,https://www.bridgeheadapts.com/
7484,Lincoln Villas on Memorial,7777 S Memorial Dr,Tulsa,OK,74133,https://oklahoma.weidner.com/apartments/ok/tulsa/lincoln-villas-on-memorial-0/floorplans
61305,Urban Crest,3819 Harry Wurzbach Rd,San Antonio,TX,78209,http://www.urbancrestapts.com/
49169,Pebble Creek,4805 Pebble Creek E,Shelby Township,MI,48317,https://www.pebblecreekapt.com/
297708,Argento at Sugarloaf,80 Lawrenceville-Suwanee Rd,Lawrenceville,GA,30044,https://www.argentoatsugarloaf.com/
267778,Gage On Sixth,601 S Shirley St,Tacoma,WA,98465,https://www.gageonsixth.com/
261739,The Pointe at Palm Bay,205 Valor Dr SE,Palm Bay,FL,32907,https://www.thepointeatpalmbay.com/
265172,The Mason Fremaux Park,1640 Town Center Pkwy,Slidell,LA,70458,https://www.wm-themason.com/
3483,The Brook at Columbia,5361 Brook Way,Columbia,MD,21044,www.thebrookatcolumbia.com
24520,Lenox at Patterson Place,100 Rose Garden Ln,Durham,NC,27707,https://www.livewelllenox.com/
681,Grove Point,4350 Jimmy Carter Blvd,Norcross,GA,30093,http://www.grovepointapts.com
50910,Bella On Broadway,436 Broadway,Tacoma,WA,98402,http://www.bellaonbroadway.com/
4562,Residences on Penn,15027 Brookview Dr,Riverview,MI,48193,https://www.residencesonpenn.com/
252782,One Deerfield,9295 One Deerfield Pl,Mason,OH,45040,https://www.onedeerfield.com/
51080,Verandas at Taylor Oaks,7701 Taylor Oaks Cir,Montgomery,AL,36116,https://www.liveattayloroaks.com/
285096,Century Plaza,124 E 3rd Ave,Anchorage,AK,99501,https://alaska.weidner.com/apartments/ak/anchorage/century-plaza-0/index.aspx
43734,Sundial,7875 SW Vlahos Dr,Wilsonville,OR,97070,http://www.sundialapts.com/
34981,Wilshire Margot,10599 Wilshire Blvd,Los Angeles,CA,90024,www.wilshiremargot.com
5782,Springfield,10815 SE 184th Ln,Renton,WA,98055,https://www.springfieldrenton.com/
72099,Cliffs at Lone Mountain,10501 W Lone Mountain Rd,Las Vegas,NV,89129,https://www.cliffsatlonemountain.com/
9974,Skye at Love,3535 Webb Chapel Ext,Dallas,TX,75220,https://www.skyeatloveapartments.com/
77719,The Parks Apartments off Main,1508 Thomas Ave,Grandview,MO,64030,https://www.theparksoffmain.com/
26382,The Preserve at Woodfield,4700 Arbor Dr,Rolling Meadows,IL,60008,https://www.thepreserveatwoodfield.com/
17114,Arbor Pointe,100 Buckhead Dr,Fairfield,OH,45014,http://www.arborpointeapthomes.com/
68691,The District at Rosemary,710 N Lemon Ave,Sarasota,FL,34236,https://www.thedistrictatrosemary.com/
52961,The Villages at Fort Town,304 Fort Town Dr,Fort Oglethorpe,GA,30742,http://www.villagesatforttown.com
73716,South Park Village,1300 S Park Way,Sanford,NC,27332,http://www.southparkvillagenc.com
54470,Driftwood Apartments,950 W Grant Line Rd,Tracy,CA,95376,http://www.driftwood-apartments.com/
69371,Off Broadway Flats,640 E Jefferson Ave,Englewood,CO,80113,http://www.offbroadwayflats.com/
34319,Gardens at Wynslow Park,4211 Fox Rd,Raleigh,NC,27616,www.wynslowparkapartments.com
233889,The CC,701 16th Ave,Seattle,WA,98122,https://www.lifeatcc.com/
77924,10x Addison Place,8633 Addison Pl Cir,Naples,FL,34119,https://www.10xaddisonplace.com/
251570,10X Heights Waterworks,515 W 20th St,Houston,TX,77008,https://www.10xheightswaterworks.com/
98196,Bucking Horse Apartments,2274 Yearling Dr,Fort Collins,CO,80525,https://www.buckinghorseapartments.com/
270393,Vista Lago,482 NW 207th St,Miami Gardens,FL,33169,https://www.vistalagoliving.com/
267136,4400 Syracuse,4400 S Syracuse St,Denver,CO,80237,https://www.live4400syracuse.com/
22976,Sanctuary,2200 N Torrey Pines Dr,Las Vegas,NV,89108,https://www.lifeatsanctuary.com/
43540,Bay Pointe,3331 Mystic Ln,Lafayette,IN,47909,http://www.baypointeapts.com
14770,Brookmeadow Village,10300 Golden Meadow Dr,Austin,TX,78758,https://www.brook-meadow.com/
245153,The Republic,1930 Chestnut St,Philadelphia,PA,19103,www.republicrittenhouse.com
48133,The Lyric at Carleton Place,765 Hampden Ave,St Paul,MN,55114,http://lyricliving.com/
232316,Panton Mill Station,355 N La Fox St,South Elgin,IL,60177,https://www.pantonmillstation.com/?utm_source=GMB&utm_medium=organic
22306,Clackamas Trails,10411 SE Cook Ct,Portland,OR,97222,https://www.portland-oregon-apartments.com/
59729,Wilmington Flats,1235 Wilmington Ave,Salt Lake City,UT,84106,www.wilmingtonflats.com
258578,The Collins,1100 Enterprise Way NW,Huntsville,AL,35806,https://www.thecollinshuntsville.com/
5194,The Nathaniel,9220 Nathaniel St,Houston,TX,77075,https://www.thenathanielapartments.com/
67581,The Aria at Woodlands South,7541 S Mingo Rd,Tulsa,OK,74133,https://www.theariatulsa.com/
61963,Grand Oak at Town Park,110 Townpark Dr,Smyrna,TN,37167,http://www.grandoakattownpark.com/
4184,Emerald Bay,5029 Cherrycrest Ln,Charlotte,NC,28217,http://www.emeraldbayapts.com
218580,Harbor Sky,1055 N Anchor Way,Portland,OR,97217,https://www.harbor-sky.com/
19535,Windsor Court,614 Cedar Ln #2,Knoxville,TN,37912,https://www.livewindsorcourt.com/
43730,Magnolia Village,1620 Bartram Rd,Jacksonville,FL,32207,https://www.liveatmagnoliavillage.com/
78872,The Cosmopolitan,1717 Riverside Dr,Tulsa,OK,74119,https://www.wm-thecosmopolitan.com/
26759,Haven at Midtown,222 W Clarendon Ave,Phoenix,AZ,85013,https://www.havenmidtown.com/
273102,Marella Bay,700 N Courtenay Pkwy,Merritt Island,FL,32953,https://www.livemarellabay.com/
273748,The Indie,35-43 Braintree St,Boston,MA,2134,https://www.livetheindie.com/
13376,Coachman Trails,1405 Olive Ln N,Plymouth,MN,55447,http://coachman.stuartco.com/
24966,Barrington Hills,3352 Chelsea Park Ln,Peachtree Corners,GA,30092,https://www.liveatbarringtonhillsapts.com
262958,Upper West,3283 Jordan Line Pkwy,West Jordan,UT,84088,https://www.upperwestliving.com/
40689,Theatre Square,101 2nd St,Petaluma,CA,94952,https://www.theater-square.com/
21349,Eagle Point,4401 Morris St NE,Albuquerque,NM,87111,http://www.eaglepointapartmenthomes.com/
24546,Legacy Farms,1130 Legacy Farm Ct,Collierville,TN,38017,http://www.legacy-farm.com/
69889,Park Plaza Apartments Il,1553 A St,Anchorage,AK,99501,https://alaska.weidner.com/apartments/ak/anchorage/park-plaza-ii-0/index.aspx
43372,Water's Edge,23951 Lakeshore Blvd,Euclid,OH,44123,http://www.thewatersedgeapts.com/
295542,Enclave Crystal Lake,111 E Crystal Lake Ave,Crystal Lake,IL,60014,https://www.liveenclavecrystallake.com/
20736,Lakeside,6102 St Albion Way,Mountlake Terrace,WA,98043,https://washington.weidner.com/apartments/wa/mountlake-terrace/lakeside-apartments-11/?utm_source=local&utm_medium=organic&utm_content=gmb
39164,Graystone Hills,2010 Chadwick Dr,Jackson,MS,39204,https://www.graystonehillsapts.com/
300910,NEXTLoft,1376 Fording Island Rd,Bluffton,SC,29910,https://www.nextloftbluffton.com/
27583,Brookmore Apartments,189 N Marengo Ave,Pasadena,CA,91101,http://www.brookmoreapts.com/
294877,Aurora,5550 Promenade Point Pkwy,Madison,AL,35758,https://www.apartmentsmadisonal.com/
53511,River Oaks Rochester,3200 River Oaks Blvd,Rochester Hills,MI,48309,https://www.riveroaksrochesterhills.com
58294,The Capitol Yards,777 5th St,West Sacramento,CA,95605,http://www.thecapitolyards.com/
18778,Cascade Apartments,1100 Center St,Henderson,NV,89015,https://www.cascadevegas.com/
32727,The Retreat at Walnut Creek,1300 NE Parvin Rd,Kansas City,MO,64116,http://www.retreatatwalnutcreek.com
5752,Regency Woods,1137 11th St,West Des Moines,IA,50265,https://www.regency-woods.com/
17103,La Terraza,470 Saratoga Ave,San Jose,CA,95129,https://www.liveatlaterraza.com/
4939,Grove at St Andrews,716 Zimalcrest Dr,Columbia,SC,29210,www.groveatstandrews.com
4386,The Quarry Alamo Heights,340 Treeline Park,San Antonio,TX,78209,https://www.quarryalamoheights.com/
3774,Club at Highland Park,11402 Evans St,Omaha,NE,68164,https://www.clubathighlandpark.com/
67357,Artist Walk,3888 Artist Walk Common,Fremont,CA,94536,https://www.rentartistwalk.com/
67398,City View Vinings,3340 Cumberland Blvd SE,Atlanta,GA,30339,https://www.cityviewvinings.com/
35488,Three Lakes,12100 Willow Ln,Overland Park,KS,66213,https://www.threelakeskc.com/
72086,Maple Lane I,2001 Sugar Maple Ln,Elkhart,IN,46514,https://www.maplelaneapts.com/
255884,Tin Top at the Creamery,847 E Ashby Pl,San Antonio,TX,78212,https://www.tintopsa.com/
26339,Cedar Pointe Townhomes,11229 Cedar Pointe Dr N,Minnetonka,MN,55305,www.cedarpointetownhomes.com
281786,Lake Park,11005 16th Ave SE,Everett,WA,98208,https://washington.weidner.com/apartments/wa/everett/lake-park/index.aspx?rcstdid=Mg%3D%3D-YRjTEizZPgM%3D
61160,Waterlynn at Concord,7850 Waterway Dr NW,Concord,NC,28027,https://www.waterlynnatconcord.com/
27594,Midland Falls,6029 Flat Rock Rd,Columbus,GA,31907,https://www.midlandfallsapartments.com/
30892,Villas at Hannover,7305 Hannover Pkwy N,Stockbridge,GA,30281,www.liveatvillasapts.com
236354,The Woods of Fairfax,7630 Fairfield Woods Ct,Lorton,VA,22079,www.woodsoffairfax.com
239974,Heritage Manor Apartments,2409 US-52,Rochester,MN,55901,https://www.heritagemanormn.com/
8738,The Entro At Midtown,5535 Harvest Hill Rd,Dallas,TX,75230,www.theentro.com
8313,Summit at Lake Union Apartment Homes,1735 Dexter Ave N,Seattle,WA,98109,https://www.thesummitatlakeunion.com/
274945,The Cunningham,950 Jordan Creek Pkwy,West Des Moines,IA,50266,https://www.livecunningham.com/
50902,Tall Timber,7378 Timber Dr,Cincinnati,OH,45241,https://www.talltimberapts.com/
300092,Lido,940 Winterhaven Dr,Hailey,ID,83333,https://www.940winterhaven.com/
17700,The Aspens Riverside,7955 Magnolia Ave,Riverside,CA,92504,https://www.theaspensriverside.com/
53507,Franklin River,28733 Franklin River Dr,Southfield,MI,48034,https://www.franklinriverapts.com/
73966,Canyon Creek,4851 Lemay Ferry Rd,Mehlville,MO,63129,http://www.canyoncreekstl.com/
71879,1405 Point,1405 Point St,Baltimore,MD,21231,http://www.1405point.com/
267143,The Clove,8004 Farnam Dr,Omaha,NE,68114,https://www.clove-omaha.com/?fbclid=IwAR2_VTPZjFFJ3343Bx47QopUfQj3xtlt7QbjVqoxtqmJL3DYpWEvgHUxnhs
264347,Flats at Shady Grove,1380 Piccard Dr,Rockville,MD,20850,https://www.flatsatshadygrove.com/
30928,Desert Club,6901 E Chauncey Ln,Phoenix,AZ,85054,https://arizona.weidner.com/apartments/az/phoenix/desert-club0/
300689,Valley Ridge,10 Draught St,Rossville,GA,30741,https://www.livevalleyridgeapts.com/
30160,Grayson Park Estates,1525 Grayson Hwy,Grayson,GA,30017,http://www.graysonparkwmp.com/
273117,The Whitley,460 Wacouta St,St Paul,MN,55101,https://www.whitleyapartmentsmn.com/
252724,Knox at MetroCenter,101 Athens Way,Nashville,TN,37228,https://www.knoxmetrocenter.com/
29912,Bella Park Apartments,210 N Beechwood Ave,Rialto,CA,92376,www.bellaparkapartments.com
56193,Vue 180,300 Riverboat Row,Newport,KY,41071,http://www.vue180.com/
71093,Ashmore Trace Apartments,902 Wallington Cir,Greenwood,IN,46143,https://www.ashmoretrace.com/
4367,The Arden Westchase,2475 Gray Falls Dr,Houston,TX,77077,https://www.theardenwestchase.com/
63939,Yard,22 NE 2nd Ave,Portland,OR,97232,www.yardpdx.com
254144,Legacy at Fitz,1363 N Victor St,Aurora,CO,80011,https://www.legacyatfitz.com/
75126,Hawthorne House,2811 Loop 250 Frontage Rd,Midland,TX,79705,http://www.hawthornehouseapartmenthomes.com
36880,5th Street Commons,1611 W 5th St,Austin,TX,78703,www.liveat5thstcommons.com
273108,Avilla Palomino,5023 W Peoria Ave,Glendale,AZ,85302,https://www.avillapalomino.com/
36094,MetroPointe,11175 Georgia Ave,Wheaton,MD,20902,http://www.metropointeapts.com/
20798,Foster Greens,13865 Interurban Ave S,Tukwila,WA,98168,https://washington.weidner.com/apartments/wa/tukwila/foster-greens-0/
3486,Fairland Crossing,14175 Castle Blvd,Silver Spring,MD,20904,https://www.fairlandcrossing.com/?utm_source=google_my_business&utm_medium=organic
73882,Ranchwood,5740 N 59th Ave,Glendale,AZ,85301,https://www.ranchwoodisyourhome.com/?rcstdid=MzI%3d-GJOvflXLv8M%3d&_yTrackUser=MTU1NjA3OTg1NCMxODA1ODI5ODA4-ncna38N8FDw%3d&_yTrackVisit=MjcxMDAwNzg0MyMxMjQ4NzA1MDgw-AHJU45mA6XY%3d&_yTrackReqDT=34442020220903&_ga=2.73012627.1633248750.1646858673-527810358.1646858673
38747,Integra Landings At Ivey's Lake,1112 Integra Landings Dr,Orange City,FL,32763,www.integralandings.com/
63596,Lyra on McKinney,4209 McKinney Ave,Dallas,TX,75205,https://www.lyraonmckinney.com/
300572,Brixin Franklin,1600 Traditions Ct,Franklin,IN,46131,https://www.brixinfranklin.com/?utm_source=Google&utm_medium=Local%20Map%20Pack
17069,Harbor Cliff,2170 S Harbor Blvd,Anaheim,CA,92802,https://www.rentharborcliff.com/
5153,Kensington West,220 Sweetcreek Dr,Ballwin,MO,63021,http://www.kensingtonwestapts.com/
264273,Stanza Little Italy,310 A St,San Diego,CA,92101,https://www.stanzalittleitaly.com/
14945,Fox Run,2601 S SE Loop 323,Tyler,TX,75701,https://www.foxruntyler.com/
69516,Townhomes at Mountain Ridge,3570 S 300 E,Salt Lake City,UT,84115,http://www.townhomesatmountainridge.com/
224500,South of Atlantic,151 SE 3rd Ave,Delray Beach,FL,33483,https://www.southofatlantic.com/
235507,The Barrington,7255 Guider Dr,Woodbury,MN,55125,http://www.mybarringtonapts.com/
17186,The Park at Tivoli,12903 Sugar Ridge Blvd,Stafford,TX,77477,https://www.theparkattivoli.com/
19777,Glen at North Creek,12115 Meridian Ave S,Everett,WA,98208,https://www.glenatnorthcreek.com/?utm_source=GMB&utm_medium=organic
266791,Nova at Green Valley,4501 Business Center Dr,Fairfield,CA,94534,https://www.novaatgreenvalley.com/
251942,Blue Lagoon 7,5375 NW 7th St,Miami,FL,33126,https://www.bluelagoon7.com/
251559,Reverie at River Hollow,1317 Post Oak Park Dr,Houston,TX,77027,http://www.reverieatriverhollow.com
259775,Converse Mill Lofts,4147 E Main St Ext,Spartanburg,SC,29329,https://www.conversemill.com/
64293,MetroMark,3611 Washington St,Boston,MA,2130,http://www.metromarkapts.com/
217983,Residences of SpringRidge,3257 W Bert Kouns Industrial Loop,Shreveport,LA,71118,http://www.residencesatspringridge.com/
284917,Timber Ridge,13900 Old Glenn Hwy,Eagle River,AK,99577,https://alaska.weidner.com/apartments/ak/eagle-river/timber-ridge-4/index.aspx
247477,RYE Sobo,290 W Alameda Ave,Denver,CO,80223,https://www.ryesobodenver.com/?funnelleasing=onlinelisting&utm_source=obl&utm_medium=organic
231711,Williamsburg on the Lake,302 Village Dr,Mishawaka,IN,46545,www.williamsburgmishawaka.com
58950,Meridian at Harrison Pointe,2000 Banyon Grove Loop,Cary,NC,27513,http://www.meridianatharrisonpointe.com/
21671,Veranda Ontario,551 E Riverside Dr,Ontario,CA,91761,https://www.verandaontario.com/
268171,The Elm 55 Club,55 Elm St,Hartford,CT,6106,https://www.55elm.com/
62927,OLiVE DTLA,1243 S Olive St,Los Angeles,CA,90015,https://www.olivedtla.com/
18741,Verraso,3055 S Nellis Blvd,Las Vegas,NV,89121,https://www.verrasoapts.com/
224679,Terrace on the Lake,2421 Bentzen Cir,Anchorage,AK,99517,https://alaska.weidner.com/apartments/ak/anchorage/terrace-on-the-lake-0/index.aspx?rcstdid=MzI%3d-GJOvflXLv8M%3d&_yTrackUser=NzYxOTE2Njk2IzExNDQ4NzU3-eD08p1zYyK0%3d&_yTrackVisit=MTM4NTU2Mzg5NCMyMDkyODA1MDMw-koOgjzntCHU%3d&_yTrackReqDT=28352320201004
69508,Maple Village,2100 Maple Village Ct,Pell City,AL,35128,https://www.maplevillageapthomes.com/
2901,Connelly On Eleven,2003 E 121st St,Burnsville,MN,55337,https://www.connellyoneleven.com/
98148,Oak Hollow II,1439 Barnes Dr,Seguin,TX,78155,http://www.oakhollowliving.com/
42368,The Broadview Apartments,105 W 39th St,Baltimore,MD,21210,http://www.broadviewapartments.com/
67340,Gateway Oaks,1105 Gateway Blvd,Forney,TX,75126,www.gatewayoaksapartments.com
224971,Mission Tierra Apartments,5505 S Mission Rd,Tucson,AZ,85746,www.missiontierraapts.com
253743,Walcott Jeffersonville,222 W Maple St,Jeffersonville,IN,47130,https://www.thewalcottjeffersonville.com/
13470,Symphony,2225 W Frye Rd,Chandler,AZ,85224,http://www.liveatsymphony.com/
18942,Embassy,2721 Kings Way,Las Vegas,NV,89102,https://www.wyandotteliving.com/
292792,Fairmont,4985 Warner Rd,Westerville,OH,43081,https://fairmont.livepreferred.com/
51097,Royal Wildewood Manor,201 Dixie Dr,Clute,TX,77531,https://www.royalwildewoodapts.com/
25563,The Hudson,1425 P St NW,Washington,DC,20005,https://www.thehudsondc.com/
12573,Towne Oaks North,2108 Tryon Rd,Longview,TX,75601,https://www.qtowneoaks.com/
13377,Plantation,2425 Sage Rd,Houston,TX,77056,https://www.plantationapartmenthomes.com/
7502,Village Square,503 Village Square Dr,Hazelwood,MO,63042,https://www.villagesquare-stl.com/
34879,Addison Point,6227 Nile Pl,Greensboro,NC,27409,http://www.addisonpointapts.com
222597,Apache Trace Apartments,1301 State Hwy 3,Guymon,OK,73942,http://www.apachetrace.com/
252718,Soneto on Western,23615 Western Centre Dr,Katy,TX,77494,https://www.sonetotx.com/
263726,Station Bay I,1000 Schindler Dr,South Amboy,NJ,8879,https://www.stationbaynj.com/
69571,Riverhouse at 11th,1170 NW 11th St,Miami,FL,33136,https://www.riverhouseat11miami.com/
64145,Crystal Riviyera,3801 Crystal Lake Dr,Deerfield Beach,FL,33064,http://www.crystalriviyera.com/
16559,Woods at Addison,6500 Ronald Rd,Capitol Heights,MD,20743,https://www.woodsataddisonapts.com/
64673,River's Edge Apartments,1701 Island Home Ave,Knoxville,TN,37920,http://riversedgeknox.com/
40584,Regency Park North,140 Cronin Rd,Queensbury,NY,12804,www.regencyparknorth.com/
60941,Link Brookstown,150 Peters Creek Pkwy,Winston-Salem,NC,27101,https://www.linkbrookstown.com/
253887,Pinnacle Heights,5100 W Park Ave,Rogers,AR,72758,https://www.pinnacleheightsapartments.com/
219390,Confluence at Harvest Hills,3701 Prairie Commons St,Williston,ND,58801,https://northdakota.weidner.com/apartments/nd/williston/confluence-at-harvest-hills/index.aspx
298072,Legacy Creekside,1100 E Evergreen Dr,Kaukauna,WI,54130,https://www.legacyka.com/
33785,The Village of Hawks Creek,101 N Roaring Springs Rd,Westworth Village,TX,76114,https://www.villageofhawkscreek.com/
15102,Bella Vista on Park,2120 Village Park Rd,Plant City,FL,33563,https://www.bellavistaonpark.com/
10929,Highland Park Apartments,5836 Highland Park Dr,Fort Worth,TX,76132,www.hpluxuryapts.com
6708,Spring Meadow,10030 N 43rd Ave,Glendale,AZ,85302,https://www.springmeadowliving.com/
78742,Central Gardens Grand,3333 Central Gardens Cir,Palm Beach Gardens,FL,33418,http://centralgardensgrand.com/
67714,The Zeller,2255 S 300 E,South Salt Lake,UT,84115,https://www.liveatthezeller.com/
294569,Mihir Taylor,201 Gatehouse Way,Taylor,TX,76574,https://www.mihirtaylor.com/
50384,Fairwood Apartments,9 Winding Brook Dr,Guilderland,NY,12084,https://www.fairwoodapartments.com/
75076,Greystone at Creekwood,1578 U.S. Hwy 19 S,Leesburg,GA,31763,https://www.greystonecreekwood.com/
244356,Keeler‚Äôs Corner,4525 164th St SW,Lynnwood,WA,98087,www.keelerscorner.com
37791,Delta Pointe,1560 Waterwheel Dr,Sacramento,CA,95833,www.sacramentocaliforniaapartments.com
272903,The Sterling at Prairie Trail North,1108 SW 11th St,Ankeny,IA,50023,https://www.sterlingprairietrailnorth.com/
74121,Belara Lakes Apartments,8402 N Waterford Ave,Tampa,FL,33604,http://www.belaralakesapartments.com/
1337,Papago Crossing,4530 E McDowell Rd,Phoenix,AZ,85008,https://www.papagocrossingapartments.com/
226948,Christy Estates,3942 Holly Rd,Corpus Christi,TX,78415,http://www.christyestatesapts.com/
283787,The Opal,2600 W 3800 S,West Valley City,UT,84119,https://www.liveattheopal.com/
34679,Adiamo at Palm Valley,2100 N 145th Ave,Goodyear,AZ,85395,http://www.adiamopalmvalleyapts.com/
74691,Montiavo At Bradley Square,2460 Rubel Way,Santa Maria,CA,93455,http://www.montiavo.com/
255766,Altis Blue Lake,6615 Waterfront Crossing,Lake Worth,FL,33467,https://www.altisbluelake.com/
240747,Quarry Ridge I,1805 Quarry Ridge Pl NW,Rochester,MN,55901,https://www.quarryridgeliving.com/
221183,Castlerock,1551 Nottingham Way Pl,Billings,MT,59105,https://www.castlerockbillings.com/?rcstdid=Mg==-YRjTEizZPgM=
4565,Park Michigan,1212 S Michigan Ave,Chicago,IL,60605,https://www.parkmichiganchicago.com/
35846,Granite Point,4500 Truxel Rd,Sacramento,CA,95834,www.granitepointapts.com
22709,Mondrian Colorado,4175 E Mexico Ave,Denver,CO,80222,http://www.mondrian-colorado.com/
12393,The Kirby,1509 Main St,Dallas,TX,75201,https://www.thekirbyonmain.com/
56988,Prairie Creek Apartments and Townhomes,9395 Scarborough St,Lenexa,KS,66219,https://www.prairiecreekapartments.com/
3345,Enclave at Paradise Valley,4502 E Paradise Vlg Pkwy S,Phoenix,AZ,85032,https://www.enclaveaz.com/
251163,The Fitz,1905 NW 23rd Ave,Portland,OR,97210,https://www.thefitzportland.com/?utm_source=obl&utm_medium=organic
77547,Main Street Flats II,10575 Main St,Bellevue,WA,98004,https://www.mainstreetbellevue.com
60660,Ovation at Lewisville,2250 S Valley Pkwy,Lewisville,TX,75067,www.ovationatlewisville.com
69392,Hamilton Trace Apartments,1846 Hamilton Rd,Okemos,MI,48864,http://www.hamiltontraceapartments.com/index.aspx
43736,Twin Creeks,11480 SE Sunnyside Rd,Clackamas,OR,97015,http://www.twincreeksapartments.com
74928,The Reserve,1084 W Oakland Ave,Johnson City,TN,37604,https://www.reservejohnsoncity.com/
62170,310 at NuLu,310 S Hancock St,Louisville,KY,40202,https://www.310nulu.com/
68469,1824 Defoor,1824 Defoor Ave NW,Atlanta,GA,30318,http://www.1824defoor.com/
44669,Commons at Dawson Creek,2111 NE Shute Rd,Hillsboro,OR,97124,http://www.commonsatdawsoncreek.com/index.aspx
226723,Judd & Weiler,1611 Eckington Pl NE,Washington,DC,20002,https://www.juddandweiler.com/
69378,Redwood Akron,1738 Northampton Rd,Akron,OH,44313,https://www.byredwood.com/apartments/oh/akron/redwood-akron/index.aspx
32296,Rio Paradiso,1033 N Parkside Dr,Tempe,AZ,85281,http://www.rioparadiso.com/
39295,The Abigail Apartments,821 S Polk St,DeSoto,TX,75115,https://www.livetheabigailapts.com/
49986,Echelon,5101 88th St Ct SW,Lakewood,WA,98499,http://www.echelonapts.com/
64911,Ashford,1200 N Dairy Ashford Rd,Houston,TX,77079,https://www.experienceashford.com/
37269,Domaine at Villebois,28900 SW Villebois Dr N,Wilsonville,OR,97070,https://domaineatvillebois.mgproperties.com/
63590,3333 Elm Street Loft,3333 Elm St,Dallas,TX,75226,http://www.3333elmstreetlofts.com/
31154,Evans Creek at Woodbridge,6205 188th Ln NE,Redmond,WA,98052,www.evanscreek.com
25357,Timbercreek,614 S 1st St,Austin,TX,78704,https://www.timbercreekaustin.com/
238662,The Hydro,101 Manchester Rd,Richmond,VA,23224,https://www.lifeathydro.com/
72860,Spring Creek Apartments,800 Spring Creek Blvd,Crestview,FL,32536,https://www.springcreekcrestview.com/
78079,Vora Mission Valley I,4440 Twain Ave,San Diego,CA,92120,https://www.voramissionvalley.com/
55947,Ames Shovel Works,50 Main St,North Easton,MA,2356,http://www.amesshovelbc.com/
23151,Carlton Heights Villa,9705 Carlton Hills Blvd,Santee,CA,92071,https://www.carltonheightsvillasapts.com/
120156,The Bond,6180 E Lake Sammamish Pkwy NE,Redmond,WA,98052,https://www.thebondredmond.com/
52116,Affinity on Georgia,8021 Georgia Ave,Silver Spring,MD,20910,https://www.affinityongeorgia.com/
28492,Alvista 240,24028 110th Pl SE,Kent,WA,98030,https://www.alvista240.com/
71912,Sygnii,13285 SW Hawks Beard St,Tigard,OR,97223,www.sygniiliving.com
63510,Trifecta Belmar,7110 W Virginia Ave,Lakewood,CO,80226,http://www.trifectabelmar.com/
42361,Winston Apartments,1260 Rossiter Ave,Baltimore,MD,21239,https://www.liveatwinston.com/
277788,The Isley at Windsor Hill,8251 Windsor Hill Blvd,North Charleston,SC,29420,https://www.isleyatwindsorhill.com/?https://www.isleyatwindsorhill.com?rccustomid=NjUyMTc%3D-aLJQze4aKos%3D&utm_source=obl&utm_medium=organic
76921,The Flats at West Broad Village,3930 Wild Goose Ln,Glen Allen,VA,23060,http://www.theflatsatwestbroadvillage.com
40565,Aventura at Contee Crossing,7810 Contee Rd,Laurel,MD,20707,https://www.aventuraatconteecrossing.com/
39706,800 Carlyle,800 John Carlyle St,Alexandria,VA,22314,https://www.800carlyle.com/
23167,Tides on Cambridge,3675 Cambridge St,Las Vegas,NV,89169,https://www.tidesoncambridge.com/
62738,111 Harbor Point,111 Towne St,Stamford,CT,6902,www.111harborpoint.com
13718,The Atlantic Loring Heights,300 Deering Rd NW,Atlanta,GA,30309,http://www.loringheightsliving.com
287281,Gardens at Washington Park,936 Mayson Turner Rd NW,Atlanta,GA,30314,https://www.gardensatwashingtonpark.com/
5303,The Sonoran Apartment Homes,13625 S 48th St,Phoenix,AZ,85044,https://thesonoran.mgproperties.com/
276905,Overlook at Mill Creek,1852 Auburn Rd,Dacula,GA,30019,https://www.overlookatmillcreekhomes.com/
275476,Edison at Maple Grove,9820 Garland Ln N,Maple Grove,MN,55311,https://www.edisonatmaplegrove.com/
3663,Canyon Creek,9355 Bales Dr,Kansas City,MO,64132,https://www.canyoncreekapartmentsllc.com/
36289,Bexley at Heritage,916 Sugar Gap Road,Wake Forest,NC,27587,http://www.bexleyatheritage.com/index.aspx
33794,Bexley At Carpenter Village,2000 Geddy House Ln,Cary,NC,27519,http://www.bexleyatcarpentervillage.com/
37122,Bexley Panther Creek,2000 Alexan Dr,Cary,NC,27519,http://www.bexleypanthercreek.com/
265110,Bexley Sugarloaf,1290 Old Peachtree Rd NW,Duluth,GA,30097,https://www.bexleysugarloaf.com/
30567,Amerige Pointe,1001 Starbuck St,Fullerton,CA,92833,www.amerigepointe.com
260564,Union @ Roosevelt II,888 N 1st Ave,Phoenix,AZ,85003,https://www.unionatroosevelt.com/
4556,Eucalyptus Grove,67 E Flower St,Chula Vista,CA,91910,https://www.eucalyptusgroveisyourhome.com/
6281,Wildwood,7610 Cameron Rd,Austin,TX,78752,http://www.wildwoodaustin.com/
29910,Park West,13151 Yorba Ave,Chino,CA,91710,https://www.parkwestapartmentschino.com/
74957,Domain at the Gate,6688 John Hickman Pkwy,Frisco,TX,75034,https://www.domainatthegate.com/
33262,The Mount Royal,103 E Mt Royal Ave,Baltimore,MD,21202,https://www.themtroyal.com/
19727,Breckenridge,11000 16th Ave SE,Everett,WA,98208,https://washington.weidner.com/apartments/wa/everett/breckenridge-1/
14942,Diamond Lakes,2700 Ambassador Caffery Pkwy,Lafayette,LA,70506,http://www.liveatdiamondlakes.com/
228991,Skye at Arbor Lakes,11851 Central Park Way,Maple Grove,MN,55369,http://www.liveatskyearborlakes.com/
54994,Verge Apartments,3601 Park Center Blvd,St Louis Park,MN,55416,https://www.thevergelife.com/
57929,NORA,899 N Orange Ave,Orlando,FL,32801,https://www.noraorlando.com/
16348,Vesty Park,3190 W 14th Ave,Denver,CO,80204,https://www.vestypark.com/
34661,San Paloma,1255 Eldridge Pkwy,Houston,TX,77077,www.sanpaloma-houston.com
253120,Morea,601 N Federal Hwy,Pompano Beach,FL,33062,https://www.moreaapartments.com/
35742,Brentmoor,2080 Brentmoor Dr,Raleigh,NC,27604,https://www.brentmoor-apartments.com/
264861,The Platform at SoNo Station,1 Chestnut St,Norwalk,CT,6854,https://www.platformsono.com/
33471,Mills Crossing,25 Pittston Cir,Owings Mills,MD,21117,www.liveatmillscrossing.com
22143,Bainbridge Park,6900 Foxthorn,Canton,MI,48187,https://www.bainbridgeparkapartments.com/
48521,Yahara Landing,1624 Fordem Ave,Madison,WI,53704,https://www.yaharalanding.com/
43346,Idlewild 45,45 S Idlewild St,Memphis,TN,38104,https://www.idlewild45.com/
29673,Le Montreaux,3605 Steck Ave,Austin,TX,78759,www.lemontreaux.com
16094,Stone Creek at Old Farm,8585 Woodway Dr,Houston,TX,77063,https://www.stonecreekatoldfarm.com/
73500,Reserve at Oakleigh,3562 Pin Hook Rd,Antioch,TN,37013,https://www.reserveatoakleighapts.com/
23529,Pointe Luxe,3889 Midway Dr,San Diego,CA,92110,https://www.pointeluxe.com/
43321,Stonebridge Waterfront,1500 Detroit Ave,Cleveland,OH,44113,https://www.stonebridgewaterfront.com/
69153,Axis Hamilton,5039 Hamilton Wolfe Rd,San Antonio,TX,78229,https://www.axishamilton.com/
286090,Lilia,871 Sibley Memorial Hwy,Lilydale,MN,55118,https://www.liliaapartments.com/
42384,The Groves at 665,6049 Rings Ave,Grove City,OH,43123,www.groves665.com
272902,Fairview Springs,12000 Prose Cir,Covington,GA,30016,https://www.fairviewsprings.com/
6485,Skye At Conway,3149 Landtree Pl,Orlando,FL,32812,https://www.skyeatconway.com/
54190,Archer's Pointe Apartments,262 W Washington Center Rd,Fort Wayne,IN,46825,http://www.archerspointe.com/
60125,Cumberland Links,130 Cumberland Way,Pataskala,OH,43062,https://www.cumberlandlinksapts.com/
53752,East Park Gardens Apartments,199 Francis L Cadden Pkwy,Harrisburg,PA,17111,http://eastpark.rentpmi.com/
34709,Masons Keepe,9000 Landings Dr,Manassas,VA,20109,https://www.masonskeepe.com/
236930,Anthem PDX,1313 E Burnside St,Portland,OR,97232,https://www.anthempdx.com/
236170,Maddox,995 N Marine Dr,Portland,OR,97217,https://www.maddoxapartments.com/
1113,Retreat at Shawnee,11128 W 76th Terrace,Shawnee,KS,66214,https://www.retreatofshawnee.com/
4599,Paramont,4201 Pleasant Lake Village Ln,Duluth,GA,30096,https://www.theparamontapts.com/
256537,Affinity 56,8088 S Uinta Vw Wy,West Jordan,UT,84081,https://www.affinity56.com/
21526,Mesa Village,11355 Zapata Ave,San Diego,CA,92126,http://www.rentmesavillage.com/index.aspx
63549,The Lofts at River East,445 E Illinois St,Chicago,IL,60611,http://www.theloftsatrivereast.com/
38543,Las Brisas Luxury Apartment Homes,901 Hidden Valley Dr,Round Rock,TX,78665,www.lasbrisasroundrock.com
43173,The Lakes,8028 S Wheeling Ave,Tulsa,OK,74136,www.lakesapartmentstulsa.com
3297,Audobon Briarcliff,3108 Briarcliff Rd NE,Atlanta,GA,30329,http://www.audubonbriarcliff.com/
49160,Era on Excelsior,6922 Meadowbrook Blvd,St Louis Park,MN,55426,https://www.eraonexcelsior.com/
247179,Lerner Parc at Gatlin Commons,1900 SW Aledo Ln,Port St Lucie,FL,34953,https://livelerner.com/lerner-parc-at-gatlin-commons/
37873,Clairmont At Farmgate,6301 Daybrook Cir,Raleigh,NC,27606,http://www.clairmontatfarmgate.com/
8110,The Kenmore,5415 Connecticut Ave NW,Washington,DC,20015,https://www.kenmoreapts.com/
253374,Lehi Tech,200 S 1350 E,Lehi,UT,84043,https://www.lehitechapartments.com/
86,Meridian West,2580 S Meridian,Puyallup,WA,98373,http://www.meridianwestapthomes.com
33291,The Place at Edgewood,550 N Harrison Rd,Tucson,AZ,85748,https://www.theplaceatedgewood.com/
239153,Gleneagles,11604 Lewisham Pl,Waldorf,MD,20602,https://www.gleneaglescharles.com/
20910,St Charles Square,607 Gundersen Dr,Carol Stream,IL,60188,https://www.stcharlessquare.com/
45729,The Chapman,670 Downey Green,Hampton,VA,23666,www.thechapmanapartments.com
23870,The Park at London,2445 Rex Rd,Ellenwood,GA,30294,https://www.liveattheparkatlondon.com/
24544,Bexley Park,100 Summer Sky Dr,Morrisville,NC,27560,http://www.bexleyparkapartments.com/
252515,903 Peachtree,903 Peachtree St NE,Atlanta,GA,30309,http://www.903peachtreeatlanta.com/
222546,The Overlook at St Thomas I,6800 Steeprun Rd,Louisville,KY,40241,https://www.ntsoverlook.com/
253140,National Rose Co,80 Virginia Ave W,Memphis,TN,38106,https://www.nationalroseco.com/
255398,Vibe at Celebration Pointe,4442 SW 32nd Rd,Gainesville,FL,32608,https://www.thevibeatcelebrationpointe.com/?_yTrackUser=NTE5ODAwOTAxIzQ3Njk0ODAyOA%3d%3d-J%2fAlqq8w7DU%3d&_yTrackVisit=OTUzMTQyMjY0IzIwMDA1NTc4MDk%3d-GKdY3qvfKBc%3d&_yTrackReqDT=59081520190105
219793,Winchester Commons,171 Winchester Rd NE,Huntsville,AL,35811,https://www.mywinchestercommons.com/
220581,Hampshire Village,1319 Merrimac Dr,Hyattsville,MD,20783,http://hampshirevillage.com/
240193,Sepulveda Manhattan Apartments,8031 Sepulveda Blvd,Panorama City,CA,91402,http://www.manhattansepulveda.com/
13179,Melwood,1803 Biltmore St NW,Washington,DC,20009,www.themelwood.com
219446,The Cantata,801 3rd St NW,Washington,DC,20001,https://www.livecantata.com/
42177,333 River Street,333 River St,Hoboken,NJ,7030,https://ironstate.com/property/333-river-street/
254167,Harbisons Dairy,2041 Coral St,Philadelphia,PA,19125,https://www.harbisonsdairy.com/
70949,Meridian At Eagleview,659 Rice Blvd,Exton,PA,19341,https://www.meridianeagleview.com/
10183,Legacy Lofts,2600 Highland Rd,Dallas,TX,75228,https://www.legacyloftsapts.com/
241392,Dickinson Meadows,1600 Mike St,Dickinson,ND,58601,http://www.dickinsonmeadows.com/
23570,Heritage Park,555 E Washington Ave,Sunnyvale,CA,94086,http://www.liveatheritageparkapts.com/
25964,Carrollton Crossing,1205 Maple St,Carrollton,GA,30117,https://www.carrolltoncrossingapt.com/
136,Ridgewood Club,4594 Wicklow Pl,Virginia Beach,VA,23452,https://www.ridgewoodclub.com/
595,Parkwood Village,6804 Parkway Dr,Douglasville,GA,30135,https://www.parkwoodvillagega.com/
219698,Camden Lake Apartments,2525 O'Neal Ln,Baton Rouge,LA,70816,www.camdenlakeapartments.com
49168,Sterling Lake,13500 Northside Dr,Sterling Heights,MI,48312,http://www.sterlinglakeapartments.com/
225785,Summerlin at Winter Park,3207 Rosebud Ln,Winter Park,FL,32792,http://www.summerlinatwinterpark.com/
272574,Strawberry Court,1060 Columbia Ave,Marysville,WA,98270,https://www.strawberrycourt.com/floorplans.aspx
25038,Grammercy,17425 120th Ln SE,Renton,WA,98058,www.liveatgrammercy.com
37975,Le Coeur Du Monde Apartments,2035 Clermont Crossing Dr,St Louis,MO,63146,https://le-coeur-du-monde0.rentcafewebsite.com/
239513,Richland Falls,526 Dill Ln,Murfreesboro,TN,37130,https://www.richlandfalls.com/
249931,Copper Creek,1100 Copper Ct,Kent,OH,44240,https://www.copper-creek.com/
64756,Brez at Atlantic Crossing,269 SE 5th Ave,Delray Beach,FL,33483,https://www.livebrez.com/
231580,Ellington Farms,505 Vorils Ln,Wilmington,NC,28411,www.ellingtonfarmsnc.com
37328,University Place,951 18th St S,Birmingham,AL,35205,www.theplaceapts.com
73761,Cherryblossom Way,6364 Rippey Cir,Reynoldsburg,OH,43068,https://cherryblossomwaytownhomes.midohiodevelopment.com/?rcstdid=MzI%3d-GJOvflXLv8M%3d&_yTrackUser=OTA1NDIyMDM1IzE3NTk0ODY1NzQ%3d-atfSYdUTUEo%3d&_yTrackVisit=MTYzNjQwMDExOSMxNTQ3MDYxNjUx-1nY7a0wkOck%3d&_yTrackReqDT=39031520200309
55373,River Park,720 Tidewater Cir,Macon,GA,31211,https://www.liveatriverparkapartments.com/
274173,The Residences At Career Gateway,755 E Whittier St,Columbus,OH,43206,https://www.residencesatcareergateway.com/
274909,The Sinclair II,414 SW Hayworth Dr,Port Orchard,WA,98367,https://www.thesinclair.com/
290347,29 Washington,29 Washington Ave,Carteret,NJ,7008,https://www.29washington.com/
23517,Bluestar Crossings,6700 E 87th St,Kansas City,MO,64138,https://www.bluestarcrossings.com/
292915,The Yarra II,1022 S Graycroft Ave,Madison,TN,37115,https://www.theyarranashville.com/
69565,Marina Key,913 Lake Shore Dr,Lake Park,FL,33403,http://marinakeyliving.com/
243555,Emerald,215 W 14th St,Los Angeles,CA,90015,https://www.theemeralddtla.com/
232376,Carriage Way Apartments,1405 S Coachlight Dr,New Berlin,WI,53151,http://www.carriagewayapts.com/
219956,Holly Sands,5 Sandalwood Dr NW,Fort Walton Beach,FL,32548,http://www.hollysandsbyelon.com/
300327,Flats on 10th,3300 Schlosser Farm Way,Jeffersonville,IN,47130,https://flatson10th.com/
224563,Highlands at Huckleberry II,535 Blackrock Dr,Blacksburg,VA,24060,https://www.highlandsapartmentsva.com/
69558,Spring Hill Apartments,767 Springfield Ave,Summit,NJ,7901,https://www.goldberg-realty.com/spring-hill-apartments/default.aspx?_yTrackUser=NjYxMjI5OTY5IzE0NTQ0NTc5MTc=-lDwvxVr1Jx8=&_yTrackVisit=MTQ4NjYyNzQ2OCM2NDQ2Nzc2ODg%3d-W7HwJRKaxxE%3d&_yTrackReqDT=05551420201206
244906,Sterling Heights,2010 27th St SE,St. Cloud,MN,56304,https://sterlingheights-stcloud.com/
300347,Bridlewood,2065 Fairburn Rd,Douglasville,GA,30135,https://www.bridlewoodtownhomes.com/
14175,Domain,6860 Bebout Dr,Norcross,GA,30093,https://www.domainbylion.com/
294552,Red Hawk Laurel Grey,2031 NE Holliday Ave,Bend,OR,97701,https://www.redhawklaurelgrey.com/
260718,The New Durham,1435 51st St,North Bergen,NJ,7047,https://www.thenewdurham.com/
31564,The 1856 Apartments,1703 S I-35 South Frontage Rd,San Marcos,TX,78666,https://www.the1856apartments.com/
37712,The Enclave,507 NE Northgate Way,Seattle,WA,98125,https://www.enclavenorthgate.com/
266766,101 Oxford,101 W Oxford St,Philadelphia,PA,19122,https://www.101oxford.com/
231552,Flats at Iron Ridge,3300 Bermuda St,Ferndale,MI,48220,https://www.flatsatironridge.com/
265892,34 Eden River Park,34 Eden Ln,Whippany,NJ,7981,https://www.34edenrentals.com/
33127,The Cascades at Clear Lake,10770 Clear Lake Loop,Fort Myers,FL,33908,https://www.cascadesatclearlake.com/
37992,Society Hill,2902 Chesterbrook Ct,Camp Hill,PA,17011,www.rpsocietyhill.com
53599,Country Glen,600 Meridian St Ext,Groton,CT,6340,https://www.countryglenapts.com/
2344,Hampton Center,6001 Terrell Ln,Hampton,VA,23666,https://www.hamptoncenter.com/
239536,Cheateau Vincennes,18541 Vincennes St,Northridge,CA,91324,http://www.chateauvincennesapts.com/
258119,Timber Falls,120 Mary Ann Rd,Beaver Dam,WI,53916,https://timberfallsapartments.com/
268592,Jasper House,1825 E Boston St,Philadelphia,PA,19125,https://live.jasperhousephl.com/
35898,Aspen Chase at Eagle Creek,5340 Acorn Ln,Indianapolis,IN,46254,https://www.aspenchasebyelon.com/
273944,The Langston,1818 7th St NW,Washington,DC,20001,https://www.livethelangston.com/
279311,The Doris on Main,930 Main St,Wheeling,WV,26003,https://thedorisonmain.wodagroup.com/?rcstdid=MzI%3d-GJOvflXLv8M%3d&_yTrackUser=MjQwMTY0ODIxOSM2MTYxNDU4NDM%253d-XclyVWwlgkA%253d&_yTrackVisit=NDAzMzMwMTg4NyMxNjk4MjI3MDM3-Empv2Qgub3c%253d&_yTrackReqDT=00112120231608
290988,The Ridge at Calhoun,100 Harvest Grove Ln,Calhoun,GA,30701,https://www.theridgeatcalhoun.com/
278383,The Daniels at Northern Gateway,842 Market St,Saukville,WI,53080,https://www.thedanielsatnortherngateway.com/
67169,Icon on Main,480 N Main St,Royal Oak,MI,48067,https://www.icononmain.com/
48776,King Edward,102 N Mill St,Jackson,MS,39201,www.kingedapartments.com
256945,Dutton Estates,1970 River Rd,St Clair,MI,48079,https://www.duttonestatesapts.com/
63774,Anton Menlo,3639 Haven Ave,Menlo Park,CA,94025,www.antonmenlo.com
23540,Park West Club,1621 Park W Dr,Monroe,MI,48162,https://www.myparkwestclub.com/
50263,Berkley Commons Apartments,8201 Madison Ave,Indianapolis,IN,46227,https://www.berkleycommonsbyelon.com/
220593,Eagle Creek Court,2148 Augusta Dr E,Speedway,IN,46224,https://www.eaglecreekcourtapts.com/
23949,North Mountain,10001 N 7th St,Phoenix,AZ,85020,http://www.prmnorthmountain.com/
78713,Amorance,2001 Commerce St,Alpharetta,GA,30009,https://www.liveamorance.com/
62117,618 South Main,618 S Main St,Ann Arbor,MI,48104,https://www.618southmain.com/
3370,Mariners Green,12711 Nettles Dr,Newport News,VA,23606,http://www.marinersgreenapartments.com/
10344,La Vita on Lovers Lane,6603 E Lovers Ln,Dallas,TX,75214,http://www.lavitaonloversln.com/
222707,Sundancer Apartments,400 N 96th Ave,Tolleson,AZ,85353,http://www.prmsundancer.com/
17329,Finley at Fairfax Corner,4457 Oakdale Crescent Ct,Fairfax,VA,22030,https://www.finleyfairfaxcorner.com/
252019,Crawford,2050 8th St,Detroit,MI,48216,https://www.eltonparkcorktown.com/buildings/crawford/.
3132,Quimby on 23rd,320 23rd St S,Arlington,VA,22202,https://www.quimbyapts.com/
293917,Baxter Woods,1649 Braselton Hwy,Lawrenceville,GA,30043,http://www.livebaxterwoods.com
29489,The Joplin at Crestview Apartments,7401 N Lamar Blvd,Austin,TX,78752,https://www.joplinatcrestview.com/
260119,The Hartlan Linden,307 W Elizabeth Ave,Linden,NJ,7036,https://www.thehartlan.com/
72991,Sunflower,3114 Byron Center Ave SW,Wyoming,MI,49519,https://www.sunflower-apartments.com/
1973,Rosslyn Heights,1800 N Quinn St,Arlington,VA,22209,http://www.rosslynheights.com/
40996,ibex at Uptown,2450 Camellia Ln NE,Atlanta,GA,30324,https://www.castlegateprop.com/apartments/ga/atlanta/ibex-at-uptown/
4194,Cranbrook,955 Cranbrook Ct,Davis,CA,95616,https://cranbrook.tandemproperties.com/
20189,Wilderness Village,22435 SE 240th St,Maple Valley,WA,98038,https://www.wildernessvillageapts.com/
281162,Lakeside Village,4100 Lakeview Crossing,Groveport,OH,43125,https://www.ardentcommunities.com/apartments/groveport/lakeside-village?utm_source=google&utm_medium=organic&utm_campaign=gmb
267574,Bridge at Heritage Woods,12205 N Lamar Blvd,Austin,TX,78753,https://www.bridgeatheritagewoods.com/
281770,St. Clair Terrace,958 St Clair St,Hagerstown,MD,21742,https://www.theapartmentgallery.com/communities/st-clair-terrace#k=90237
240595,Stockbridge Trails,319 E Hill Pkwy,Madison,WI,53718,https://www.stockbridgetrailsapartments.com/
295360,The Crosby,3998 E Hardy St,Inglewood,CA,90303,https://hollywoodparklife.com/thecrosbyapts/
282793,Evolve at New Hope Farm,510 Cedar Tree Rd,Wellford,SC,29385,https://www.evolvenewhope.com/
243922,507 West Chelsea,507 W 28th St,New York,NY,10001,http://www.507westchelsea.com/
293325,Thornton Hall,8935 Thornton Hall Blvd,Reynoldsburg,OH,43068,https://villagegreen.com/oh/reynoldsburg/thornton-hall/
219752,Lamphouse,203 E Main St,Waunakee,WI,53597,https://lamphouseapts.com/
7187,Fairways on Green Valley,1851 N Green Valley Pkwy,Henderson,NV,89074,www.fairwaysongreenvalleylv.com
24978,The Reserve at Stone Creek,1420 S Hairston Rd,Stone Mountain,GA,30088,http://www.reserveatstonecreekapartments.com/
40335,Oak Hill,500 Irishtown Rd,North Versailles,PA,15137,https://brandywinecommunities.com/properties/oak-hill-apartments/
252947,Gage Crossing,5927 Avery Woods Ave,Dublin,OH,43016,https://www.ardentcommunities.com/apartments/dublin/gage-crossing
253386,Canyon Vista,12558 Pony Express Rd,Draper,UT,84020,https://www.canyonvista-apts.com/
4924,Citrus Grove,1230 E Lugonia Ave,Redlands,CA,92374,https://www.citrusgroveliving.com/
54194,Alpine Loft,601 Chestnut St,Windsor,CO,80550,https://www.liveatalpinelofts.com/alpine-lofts-windsor-co/
284586,Valencia,5814 Avery Crest Dr W,Dublin,OH,43016,https://www.ardentcommunities.com/apartments/dublin/valencia?utm_source=google&utm_medium=organic&utm_campaign=gmb
239094,Zander Place,1300 Main St,Cross Plains,WI,53528,http://www.zanderplace.com/
245148,Grand + Belmont,514 SE Belmont St,Portland,OR,97214,www.GrandBelmont.com
60303,Ironworks At Keystone,2727 E 86th St,Indianapolis,IN,46240,http://ironworksindy.com/
16104,Twin Springs Apartments,1012 Harbins Rd NW,Norcross,GA,30093,https://www.twinspringsapts.com/
6195,The Essex House,3919 Essex Ln,Houston,TX,77027,https://www.theessexapartments.com/essex-house-houston-tx/contact
68284,Larq Henderson,1945 Bennett Ave,Dallas,TX,75206,http://alexanhenderson.com/
1527,The Arbors at East Cobb,1805 Roswell Rd,Marietta,GA,30062,https://www.arborsateastcobb.com/
28174,Pinewoods Circle,34200 Pinewoods Cir,Romulus,MI,48174,http://www.pinewoodsvillage.com/
23528,Solana Mar,309 N Solana Hills Dr,Solana Beach,CA,92075,https://www.solanamar.com/
268683,Bayview of Traverse City,24 Bayfront Dr,Traverse City,MI,49696,https://livebayviewtc.com/
65769,Park + Garden,1450 Garden St,Hoboken,NJ,7030,http://www.parkandgardenhoboken.com/
267793,The Carson,570 N 5th St,Philadelphia,PA,19123,https://www.carsonphilly.com/
246466,The Jax,1220 W Jackson Blvd,Chicago,IL,60607,https://thejaxchicago.com/
15733,Greenhouse,1220 Deerpark Dr,Fullerton,CA,92831,https://www.greenhouseapartmenthomes.com/
32983,215 C Street,215 C St SE,Washington,DC,20003,https://www.215cstreet.com/
22658,Country Ridge Townhomes,6710 Shady Pine Ln,Saginaw,MI,48603,https://www.countryridge.com
43094,Grandview Pointe,1939 Green Rd,Cleveland,OH,44121,www.grandviewleasing.com
225914,Fox Glen,6301 Fox Glen Dr,Saginaw,MI,48638,www.foxglen-apts.com
284577,Brynwood Reserve,4900 Gender Rd,Canal Winchester,OH,43110,https://www.ardentcommunities.com/apartments/canal-winchester/brynwood-reserve?utm_source=google&utm_medium=organic&utm_campaign=gmb
58725,One Dallas Center,350 North St. Paul Street,Dallas,TX,75201,https://www.1dallascenterapartments.com/one-dallas-center-dallas-tx-1/?utm_knock=gmb
261358,Edge Avenue G,100 Ave G,Bayonne,NJ,7002,https://www.edgebayonne.com/avenueg/
61946,Redwood Apartment Neighborhoods,20 Bur Reed Rd,Delaware,OH,43015,https://www.byredwood.com/apartments/oh/delaware/redwood-delaware/index.aspx
78956,Redwood Tipp City,3044 Burgoyne Ct,Tipp City,OH,45371,https://www.byredwood.com/apartments/oh/tipp-city/redwood-tipp-city/index.aspx?_yTrackUser=NjIxNjkzMzg5IzE0NTYxODg2MjI%3d-kHnq9BpWo8I%3d&_yTrackVisit=MTE0MTU4NTEwMyMxNzI5MDU1OTEx-vgtN9tu3XkY%3d&_yTrackReqDT=54121520192609
52725,North Pointe,3688 Northpointe Dr,Holland,MI,49424,https://www.landcoapartments.com/north-pointe-apartments/
239397,Soco On The Lake,222 E Riverside Dr,Austin,TX,78704,http://www.socoapartments.com/
2594,The Reserve At Capital Center,3466 Data Dr,Rancho Cordova,CA,95670,https://www.elevatetosequoia.com/apartments/ca/rancho-cordova/reserve-at-capital-center-apartment-homes/
12397,Park at Idlewild,1850 Idlewild Dr,Reno,NV,89509,https://www.parkatidlewild.com/
2598,Shore Park at Riverlake,7952 Pocket Rd,Sacramento,CA,95831,https://www.elevatetosequoia.com/apartments/ca/sacramento/shore-park-at-riverlake/
58452,Enclave at Brookside,1414 E 39th St,Tulsa,OK,74105,https://oklahoma.weidner.com/apartments/ok/tulsa/the-enclave-at-brookside/
269594,Marlowe Place,1226 Bexton St,Charlotte,NC,28273,https://livemarloweplace.com/home
247383,Vanguard at 16 Tech,1410 Breedlove Ln,Indianapolis,IN,46202,https://www.vanguardat16tech.com/
33571,Saunders Crossing,11 Diamond St,Lawrence,MA,1843,http://www.saunderscrossing.com/
35358,Fieldstone Farm,800 Hydric Ct,Odenton,MD,21113,http://www.fieldstonefarmapts.com/
35365,Independence Place,75 Independence Way,Cranston,RI,2921,www.independenceplaceapts.com
9587,Nova Apartment Homes,9703 Dale Crest Dr,Dallas,TX,75220,https://www.liveatnovadallas.com/
31403,Pine Valley,1000 Spyglass Dr,Elkton,MD,21921,http://www.pinevalleyapts.com/
64297,Rumney Flats,83 Ward St,Revere,MA,2151,https://www.rumneyflats.com/
63961,Velo on the Boulevard,460 E 400 S,Salt Lake City,UT,84111,https://utah.weidner.com/apartments/ut/salt-lake-city/velo-on-the-boulevard/?rcstdid=Mg%3D%3D-YRjTEizZPgM%3D
66945,North & Line,385 N Angier Ave NE,Atlanta,GA,30308,http://northandline.com/
54758,Marquis on Evans,1234 Evans Rd,San Antonio,TX,78258,https://www.cwsapartments.com/apartments/tx/san-antonio/marquis-on-evans/
14117,Marquis at Great Hills,10050 Great Hills Trl,Austin,TX,78759,www.mqgreathills.com
255143,Solaire 7607,7607 Old Georgetown Rd,Bethesda,MD,20814,https://www.solaire7607.com/
71151,Roosevelt Row,330 E Roosevelt St,Phoenix,AZ,85004,https://arizona.weidner.com/apartments/az/phoenix/roosevelt-row/index.aspx?rcstdid=MzI%3d-GJOvflXLv8M%3d&_yTrackUser=NjkxODcwMzIwIzEyNzQyNzcwOTY%3d-4lS5yJ7cTlQ%3d&_yTrackVisit=MTI2MjU0ODY5OCMxOTc4OTQyOTAx-Yckq%2fVitbV0%3d&_yTrackReqDT=52242320200801
283179,Promenade Flats,1330 Meeting St,Evansville,IN,47715,https://promenade-flats.com/
16969,Hidden Hills,30041 Tessier St,Laguna Niguel,CA,92677,https://www.elevatetosequoia.com/apartments/ca/laguna-niguel/hidden-hills-condominium-rentals/
34554,Uptown II,3636 McKinney Ave,Dallas,TX,75204,https://texas.weidner.com/apartments/tx/dallas/the-uptown-1/index
58735,Westwood Terrace,11139 Culebra Rd,San Antonio,TX,78253,https://www.westwoodterraceliving.com/
21347,River Oaks,1000 Allison Dr,Vacaville,CA,95687,https://www.elevatetosequoia.com/apartments/ca/vacaville/river-oaks-apartment-homes/
4160,Preserve at City Center,1098 S Evanston Way,Aurora,CO,80012,www.preserveatcitycenter.com
58378,Nic on Fifth,465 Nicollet Mall,Minneapolis,MN,55401,https://minnesota.weidner.com/apartments/mn/minneapolis/nic-on-5th/
1786,Austin Midtown,2819 Foster Ln,Austin,TX,78757,http://www.austinmidtownapts.com/
18592,Falcon Run,3488 W Quincy Ave,Englewood,CO,80110,https://www.falconrunapartments.com/
37241,Hawthorne at Lake Heather,1 Lake Heather Reserve,Birmingham,AL,35242,www.hawthorneatlakeheather.com
282792,Hawthorne Palmetto,9001 Blue Flag Dr,Simpsonville,SC,29681,https://www.hawthornepalmetto.com/
36755,Hawthorne at New Centre,137 Dapple Ct,Wilmington,NC,28403,https://hawthorneatnewcentre.com/
276768,Hawthorne at Holly Springs,6000 Forest Village Dr,Holly Springs,NC,27540,https://www.hawthorneathollysprings.com/
78910,Hawthorne at Friendly,900 Hobbs Rd,Greensboro,NC,27410,http://www.hawthorneatfriendly.com/
281982,Southton,14050 Southton Rd,Elmendorf,TX,78112,https://www.southtonapts.com/
8585,The Trails,4912 Paces Trail,Arlington,TX,76017,https://www.thetrailsarlington.com/
70979,Valor,1150 Noble Way,Fredericksburg,VA,22401,http://www.valorapartments.com/
40144,Riverside Villas,8828 Old Denton Rd,Fort Worth,TX,76244,http://www.liveatriversidevillas.com
74730,Sierra Verde Apartments,2600 E Idaho Ave,Las Cruces,NM,88011,http://www.sierraverdeapts.com/
69760,Lakeside Village,1701 Ellis Lake Dr,Marysville,CA,95901,https://lakesidevillagemarysville.com/
6454,Welleby Lake Club Apartments,10931 NW 39th St,Sunrise,FL,33351,https://www.staywelleby.com/
48393,Young's Mill,552 Live Oak Ln,Newport News,VA,23602,https://www.youngsmillapts.com/
37939,965 Elms Apartments,965 Elm Commons Dr,Rocky Hill,CT,6067,https://www.965elms.com/
284552,Flats at Haywood,75 Mall Connector Rd,Greenville,SC,29607,https://www.flatsathaywood.com/?utm_knock=g
59959,Gold Crossing,10890 Coloma Rd,Rancho Cordova,CA,95670,https://www.goldcrossingliving.com/
64243,Plantation Park,100 Cactus St,Lake Jackson,TX,77566,www.plantationparkapts.com
241323,Morningside Creek I,410 Bell Ave,Sacramento,CA,95838,www.morningsidecreekapts.com
13976,Elk Ridge,501 Elkhart St,Aurora,CO,80011,https://www.elkridgeapts.com/
76982,The Pointe at Texarkana,2700 Woodland Rd,Texarkana,AR,71854,http://www.pointetexarkana.com/
279299,The Wilds at Trailwinds,7730 Wilds Lp,Wildwood,FL,34785,https://www.thewildsapts.com
8504,The Enclave,2197 S S Uecker Dr,Lewisville,TX,75067,https://www.enclavelewisville.com/home
75744,Newtown Place,101 Cambridge Ln,Newtown,PA,18940,https://www.newtownplace.com/
266951,Seven Oaks,2332 N 7th St,Phoenix,AZ,85006,https://www.livesevenoaks.com/
67689,Adara Overland Park,13401 Westgate St,Overland Park,KS,66213,https://www.adaraoverlandpark.com/
32597,M Street,950 Marietta St NW,Atlanta,GA,30318,http://www.mstreetatlanta.com/
256283,Vyne at One Loudoun,44819 Atwater Dr,Ashburn,VA,20147,https://livevyne.com/?y_source=1_MTk5NjIxMDItNzE1LWxvY2F0aW9uLndlYnNpdGU%3D
292988,Alexan Research Park,9821 Research Dr,Charlotte,NC,28262,https://alexanresearchparkapartments.com/
48762,Whitnall Garden Apartments,9571 W Forest Home Ave,Hales Corners,WI,53130,https://www.wimmercommunities.com/apartments/wi/hales-corners/whitnall-gardens/?utm_knock=gmb
231754,Park 151,151 N 1st St,Cambridge,MA,2141,https://www.park151.com/
240168,Parker Hilltop,19600 Clubhouse Dr,Parker,CO,80138,www.parkerhilltopapartments.com
265566,Piper,467 West Ave,Norwalk,CT,6850,https://www.liveatpiper.com/
55797,Flagstone,2601 36th Ave S,Fargo,ND,58104,https://www.liveatflagstone.com/
53398,Berkshire Ninth Street,749 9th St,Durham,NC,27705,http://www.berkshireninthstreet.com/
241981,Hills At Sandy Station,132 E Sego Lily Dr,Sandy,UT,84070,www.hillsatsandystation.com
255598,Bell Mooresville West,104 Waypointe Circle,Mooresville,NC,28117,https://www.bellmooresvillewest.com/
72195,North Pointe,3330 Northpointe Blvd,Elkhart,IN,46514,http://www.edwardrose.com/communities/north-pointe-apartments
234783,The Highlands at Hilltop II,100 White Rock Rd,Verona,NJ,7044,http://www.highlandsathilltop.com/
20259,The Bryn,5600 N Sheridan Rd,Chicago,IL,60660,www.thebrynchicago.com
262717,AVIA Apartments at Reedy Creek,3020 Reedy Creek Blvd,Kissimmee,FL,34747,https://www.aviareedycreek.com/
257860,Quin,1010 Santa Fe Dr,Denver,CO,80204,https://www.hollandresidential.com/co/denver/quin
68379,Capri Villas at the Lake,425 McCaleb Rd,Montgomery,TX,77316,http://www.caprivillasatthelake.com/
74798,The Stadium Apartments,102 N G St,Tacoma,WA,98403,http://www.thestadiumapartments.com/
240394,Judson Mill Lofts,701 Easley Bridge Rd,Greenville,SC,29611,https://www.livejudsonmill.com/
50985,Fountains at Mooresville Town Square,170 Mooresville Commons Way,Mooresville,NC,28117,https://www.fountainsmooresville.com/
225099,Desert Horizon,16636 N 58th St,Scottsdale,AZ,85254,https://arizona.weidner.com/apartments/az/scottsdale/desert-horizon/?utm_source=google&utm_medium=organic&utm_campaign=gmb
65369,Eve at the District,3635 NE 1st Ave,Miami,FL,33137,https://eve-miami.com/
18723,The Columns at Timothy Wood,2035 Timothy Rd,Athens,GA,30606,https://www.thecolumnsattimothywoods.com/
254353,Cirro King of Prussia,625 S Goddard Blvd,King of Prussia,PA,19406,https://www.cirrokingofprussia.com/
57761,Bell Knox District,3030 Hester Ave,Dallas,TX,75205,https://www.bellknoxdistrict.com/?utm_source=google+local&utm_medium=organic&utm_campaign=website+link
77383,19 East,19 E 19th St,Bayonne,NJ,7002,http://live19east.com/
64068,Riverplace,201 Deann Dr,Independence,OR,97351,www.riverplacecr.com
19610,Pacific Harbors,5150 E Sahara Ave,Las Vegas,NV,89142,www.pacificharborssunrise.com
72598,The Villages at Morgan Metro,8251 Ridgefield Blvd,Hyattsville,MD,20785,https://www.thevillagesatmorganmetro.com/
71391,The Residences at Silver Hill,3501 Terrace Dr,Suitland-Silver Hill,MD,20746,http://suitlandapts.com/
71846,The Alexander at Countryside,2524 Alexander Pl,Clearwater,FL,33763,https://www.alexanderatcountryside.com/?utm_source=google&utm_medium=organic&utm_campaign=local
68190,Proto,88 Ames St,Cambridge,MA,2142,https://protokendallsq.com/
261093,The Launch,1777 Clement Ave,Alameda,CA,94501,http://www.launchalameda.com/
73584,Albany Corners,5735 Thorton St,Westerville,OH,43081,https://www.livealbanycorners.com/#Home
62617,Element 31,1243 Brickyard Rd,Salt Lake City,UT,84106,https://www.element31isyourhome.com/
262792,GeerHouse I,620 Foster St,Durham,NC,27701,https://geerhouse.com/
67697,Central Island Square,50 Central Island St,Charleston,SC,29492,https://www.cr-centralislandsquareapts.com/
265766,Venice Wave by Wiseman,1600 Venice Blvd,Venice,CA,90291,https://venicewave.wisemanresidential.com/
253780,Banner At Westfield,1000 Banner Dr,Nashville,TN,37066,https://www.banneratwestfield.com/
239185,Oakdale,1926 Oakdale Ave,West Saint Paul,MN,55118,https://www.oakdaleaptsmn.com/
12318,The Enclave at Stonebrook,8083 Stonebrook Pkwy,Frisco,TX,75034,www.enclaveatstonebrook.net
258139,Bowers,55 W Utopia Ave,South Salt Lake,UT,84115,https://bowersresidences.com/
5791,Greens at Hollymead,1950 Powell Creek Ct,Charlottesville,VA,22911,https://www.thegreensathollymead.com/
260127,The Easley at University Center,371 Technology Center Way,Rock Hill,SC,29730,https://www.easleyapartments.com/
62157,Vim + Vigor Lofts I,1303 N 10th St,Milwaukee,WI,53205,https://wisconsin.weidner.com/apartments/wi/milwaukee/vim-vigor-lofts/index.aspx
2585,Homestead Apartments,443 Sherwood Rd,La Grange Park,IL,60526,http://www.liveathomestead.com/
277382,Araceli DTC,4552 S Ulster St,Denver,CO,80237,https://aracelidtc.com/
46372,The Reserve at Maryville,100 Enterprise Way,Maryville,TN,37801,http://www.reserveatmaryville.com/
226371,The Gabriella,770 Cantegral St,Dallas,TX,75204,https://www.thegabrielladallas.com/
4296,101 N Ripley,101 N Ripley St,Alexandria,VA,22304,https://www.101nripley.com/
40570,Bell Arlington Ridge,2400 24th Rd S,Arlington,VA,22206,https://www.bellarlingtonridge.com/
77986,The Conrad,3601 Jones St,Omaha,NE,68105,http://www.renttheconrad.com/
259357,Cypress McKinney Falls,7000 Janes Ranch Rd,Austin,TX,78744,https://www.cypressmckinneyfalls.com/
78911,Vera,13051 Gran Bay Pkwy,Jacksonville,FL,32258,www.veraluxuryliving.com
36788,Rivercrest,3320 Rivercrest Dr,Melbourne,FL,32935,https://richmanpropertyservices.com/locations/rivercrest/
235187,The Beverly,123 Brackenridge Ave,San Antonio,TX,78209,https://www.thebeverlysanantonio.com/?utm_knock=gmb
62780,Amberley at Inverness,10450 Spring Green Drive,Englewood,CO,80112,www.amberleyatinverness.com
59399,Woodland Springs Apartment Homes,3008 Warren Way,Carmel,IN,46033,https://www.woodlandspringsapartments.net/
289463,Redwood Norton I,3599 Redwood Blvd,Norton,OH,44203,https://www.byredwood.com/apartments/oh/norton/redwood-norton?_yTrackUser=MjI1MTUzMTQ2NSMxMDQ3NzUzMDQx-LF%2bgERuLXyU%3d&_yTrackVisit=Mzc4NTY2MjM1MyMyMTQ1Nzk2NjM2-vjUYWiODWkI%3d
238171,230 Ash,230 SW Ash St,Portland,OR,97204,https://live230ash.com
288197,Redwood Copley Heritage Woods Drive,581 Amber Ln,Copley,OH,44321,https://www.byredwood.com/apartments/oh/copley/redwood-copley-heritage-woods-drive/
48902,Cudahy Commons,2770 E Edgerton Ave,Cudahy,WI,53110,www.cudahycommons.com
280487,Allora Surprise,17785 W Bell Rd,Surprise,AZ,85374,https://allorasurpriseapartments.com/
284058,Maye House,508 E S Temple,Salt Lake City,UT,84111,https://www.mayehouseisyourhome.com/
73179,Lory of Savannah,9400 Abercorn St,Savannah,GA,31406,https://www.theloryofsavannah.com/
27306,Woodland Park,13025 Elm Tree Dr,Herndon,VA,20171,https://www.woodlandparkapt.com/thevanmetreexperience
61389,The Place at Creekside II,9971 E Speedway Blvd,Tucson,AZ,85748,https://www.theplaceatcreekside.com/?utm_knock=gmb
78758,Vance At Bishop Union,111 W Davis St,Dallas,TX,75208,https://www.vanceatbishopunion.com/
14371,Avondale Place,3548 Rockbridge Rd SW,Avondale Estates,GA,30002,https://www.avondaleplaceapts.com/
265951,Populus Westside,1315 Northwest Dr NW,Atlanta,GA,30318,https://www.populuswestsideapts.com/
12172,Sonterra at Buckingham,530 Buckingham Rd,Richardson,TX,75081,https://www.530buckingham.com/
46047,Hebron 121 Station I,1 Hebron Station Cir,Lewisville,TX,75057,http://www.hebron121apts.com
282555,Ashford Villas,2209 Ashford Villa Cir,Chattanooga,TN,37421,https://ashfordvillasapts.com/
260592,Bellary Flats,11000 Eagle Hall Ln,Summerville,SC,29486,https://bellaryflats.com/
261375,Skyline 776,776 Euclid Ave,Cleveland,OH,44114,https://www.skyline776.com/
41587,Citigate,8451 Gate Pkwy W,Jacksonville,FL,32216,www.citigatejax.com
60172,Waters Edge,340 W Lehigh St,Bethlehem,PA,18018,http://www.watersedgeaptspa.com/
39373,Lodge At McCarran Ranch,800 Redfield Pkwy,Reno,NV,89509,https://www.missionrockresidential.com/apartments/nv/reno/lodge-at-mccarran-ranch/?utm_source=GMB&utm_medium=organic
224940,The Residences at 200 Edmund,440 Alfred St,Detroit,MI,48201,https://www.theresidencescitymodern.com/
234385,Townhomes at Spring Valley,2149 B Elder St,Reading,PA,19604,http://www.mmgapts.com/spring-valley.htm
221397,Crosswinds,440 Cross Park Dr,Pearl,MS,39208,https://www.wm-crosswinds.com/
72198,Arbor Lakes Apartments,22538 Pine Arbor Dr,Elkhart,IN,46516,https://www.arborlakes-apartments.com/
48964,Berkshire Park,1201 Aragon Drive,Knightdale,NC,27545,http://berkshireparkapts.com/
277384,Renewal on Third,81 W 300 S,Logan,UT,84321,https://www.homeatrenewal.com/
271349,The Rail at Bound Brook,100 Hamilton St,Bound Brook,NJ,8805,https://www.denholtz.com/therailatboundbrook
24982,Fisher Building,343 S Dearborn St,Chicago,IL,60604,https://www.cityclubapartments.com/usa/chicago-il/downtown/fisher-building-city-club/?lvcode=890940
40554,The Alcott,1221 N Pierce St,Arlington,VA,22209,https://www.bozzuto.com/apartments-for-rent/va/arlington/the-alcott/?utm_source=GoogleLocalListing&utm_medium=organic&utm_campaign=TheAlcott_GoogleLocalListing
37336,The Enclave,5555 E 14th St,Tucson,AZ,85711,https://www.liveatenclaveapts.com/
45750,River House Apartments,4253 Llewellyn Ave,Norfolk,VA,23504,https://www.wm-riverhouse.com/
50952,Walnut Creek Townhomes,4042 Georgetown Rd,Blue Ash,OH,45236,https://www.brgapartments.com/walnut-creek/
15007,Bella Vista,13940 Longwood Manor Ct,Woodbridge,VA,22191,https://www.longwoodmanorapts.com/
293010,Maddox City Crossing,240 Congress Ave,New Haven,CT,6519,https://rms-companies.com/property/the-maddox-at-city-crossing/
267147,Flats at Dublin Commons,6380 Dublin Sunrise View,Colorado Springs,CO,80923,https://www.crldublinflats.com/
277774,Redwood Superior Township,1725 Cardiff Row,Superior Charter Township,MI,48198,https://www.byredwood.com/apartments/mi/superior-township/redwood-superior-township/
19530,The Hampton,103 Weatherstone Dr,Fayetteville,NC,28311,https://www.brazosthehampton.com/
796,Oyster Point Place,102 Americana Dr,Newport News,VA,23606,https://www.oysterpointplace.com/
77766,Bell CityLine,1230 CityLine Dr,Richardson,TX,75082,https://www.bellcityline.com/
53345,Oak Shores,2325 W Briar Lake Way,Oak Creek,WI,53154,https://www.edwardrose.com/communities/oak-shores-apartments
259796,The Hamilton,601 Press Pl,Nashville,TN,37208,https://www.hamiltonandhumehouse.com/the-hamilton
224995,Cameron,1706 Vineyard Dr N,Wilson,NC,27893,https://www.brazoscameron.com/
253797,Ely at Fort Apache,5055 S Fort Apache Rd,Las Vegas,NV,89148,https://www.elysianliving.com/property/ely-at-fort-apache
39573,Prime at Gardenside,2044 Georgian Way,Lexington,KY,40504,https://www.liveprimegardenside.com/
27950,Marquis Parkside,12820 N Lamar Blvd,Austin,TX,78753,https://www.marquisparkside.com/?utm_medium=organic&utm_source=google&utm_campaign=gbp-website-button
7191,Bristol at Sunset,2001 Ramrod Ave,Henderson,NV,89014,https://bristolatsunset.mgproperties.com/
255345,The Edison at Rice Creek,5891 Rice Creek Pkwy,Shoreview,MN,55126,https://www.edisonricecreek.com/
6147,Spark Pax River,46860 Hilton Dr,Lexington Park,MD,20653,https://besparkliving.com/spark-pax-river/
60788,The Gables at Oak Creek,50 E Fieldstone Cir,Oak Creek,WI,53154,https://www.burkeproperties.com/apartments/the-gables/
265192,Mandolin at Stream Valley,10000 Mabel Drive,Franklin,TN,37064,https://www.mandolinapartments.com/
275341,Prospect Lake Wire I,380 Wire Dr,Lakeland,FL,33815,https://www.prospectlakewire.com/
245933,Prominence Apartments,3699 Lenox Rd NE,Atlanta,GA,30305,https://www.prominenceapts.com/
231763,Forma,2016 Telegraph Ave,Oakland,CA,94612,https://www.hollandresidential.com/ca/oakland/forma/
14749,Woodland Commons,22 Forest Cir,Newnan,GA,30265,https://www.woodlandcommonsnewnan.com/
28152,Fountain Plaza,190 Ryland St.,San Jose,CA,95110,http://www.liveatfountainplaza.com
258977,Sagemont,2050 Texas Plaza Dr,Irving,TX,75062,https://www.sagemontirving.com/
32962,Harbor Creek,501 Harbor Creek Pkwy,Canton,GA,30115,https://www.harborcreekapts.com/
77971,Arlo,4216 Bowman Rd,Little Rock,AR,72210,https://www.arloaptslittlerock.com/?utm_source=GMB&utm_medium=organic
54146,Cornhill,695 Clarissa St,Rochester,NY,14608,http://www.cornhilltownhouses.com/
265183,The Goodwin,3706 Goodwin Ave,Austin,TX,78721,https://www.thegoodwin.com/
1156,Northview Southview Apartment Homes,8111 Reseda Blvd,Reseda,CA,91335,https://www.northview-southview.com/
253543,Redwood Lafayette,3000 Tantara Way,Lafayette,IN,47909,https://www.byredwood.com/apartments/in/lafayette/redwood-lafayette/
268396,Whispering Woods,4913 S Graystone Ave,Sioux Falls,SD,57108,https://www.whisperingwoodsth.com/
222271,Bexley West Creek,1000 Collective Way,Richmond,VA,23238,https://www.bexleywestcreek.com/
238540,29 WYN,2828 NW 1st Ave,Miami,FL,33127,https://29wyn.com/
18379,Bromley House,6901 Old York Rd,Philadelphia,PA,19126,https://www.lindyproperty.com/property/bromley-house/
60737,Bell Four Points,11210 FM 2222,Austin,TX,78730,https://www.bellfourpoints.com
297953,Alexan Gruene Crossing,2349 I-35 N,New Braunfels,TX,78130,https://alexangruenecrossing.com/
300551,AVIA Liberty Ridge,8365 Dix Ellis Trail,Jacksonville,FL,32256,https://www.avialibertyridge.com/
226980,Moda at the Hill,2100 Boardman St.,St. Louis,MO,63110,https://modaatthehill.com/
249998,Canvas,5300 Baltimore Ave,Hyattsville,MD,20781,https://www.canvas-apts.com/
33993,City Club Apartments MDA,63 E Lake St,Chicago,IL,60601,https://www.cityclubapartments.com/
269366,Luxor Lansdale,117 S Broad St,Lansdale,PA,19446,https://www.luxorlansdaleapartments.com/
251913,Onyx at Westgate,7403 N 91st Ave,Glendale,AZ,85305,https://www.liveatonyxatwestgate.com/
218177,Mill & Main,501 SE Main St,Minneapolis,MN,55414,www.millandmain.com
258173,565 Hank,565 Hank Aaron Dr SE,Atlanta,GA,30312,https://www.565hankbywindsor.com/
23367,Broadway Towers,1601 Broadway St,Concord,CA,94520,https://www.broadwayconcord.com/
3332,Crossdale Flats,2105 Bogarde St,Durham,NC,27705,https://www.crossdaleflatsapts.com/?utm_knock=gmb
254583,Montreux,5550 E Deer Valley Dr,Phoenix,AZ,85054,https://www.rentmontreux.com/
231932,Sequoyah Apartments,1741 Detroit Ave,Concord,CA,94520,http://www.sequoyahapts.com/Default.aspx
78137,Sherman Way Luxury Apartments,18840 Sherman Way,Reseda,CA,91335,https://www.18840westshermanway.com/
234971,Paladia,7225 Crescent Park W,Playa Vista,CA,90094,https://www.theventanaapartments.com/
245497,The Ellsworth,1301 SW 80th Terrace,Plantation,FL,33324,https://www.theellsworthapts.com/
44535,Foxcreek Apartments,1100 Barbara Ann Cir,Winston-Salem,NC,27103,https://www.livefoxcreek.com/
235952,Uptown Square Apartments,1950 Pennsylvania St,Denver,CO,80203,https://www.uptownsquareapartmenthomes.com/
1332,Providence at Heights,2400 Hackett Dr,Houston,TX,77008,http://www.providenceatheights.com/
16563,Tivoli Gardens,1445 Ogden St NW,Washington,DC,20010,https://www.liveattivoligardens.com/
69396,Lodge at Porter Ranch,10631 Lindley Ave,Northridge,CA,91326,https://www.lindley-apt.rentals/
38777,Grand at Pearl,200 Colony Park Dr,Pearl,MS,39208,https://www.wm-grandatpearl.com
62953,Marq on Burnet,6701 Burnet Rd,Austin,TX,78757,https://www.marqonburnet.com/
61509,1000 Grant The Burnsley,1000 Grant St,Denver,CO,80203,https://redpeak.com/apartments/1000-grant-the-burnsley/
28596,Stonehill at Pipers Creek,7940 Pipers Creek St,San Antonio,TX,78251,http://www.stonehillatpiperscreek.com/
40743,Met Spires,233 St Helens Ave,Tacoma,WA,98402,https://www.metspires.com/
70327,McMillen Woods,95 S Westmoor Ave,Newark,OH,43055,https://www.mcmillenwoods.com/
288751,Palmer House,240 Stadium Way,Madison,AL,35758,https://www.palmerhouseapts.com/
30387,Parkwood,26435 104th Ave SE,Kent,WA,98030,https://www.theparkwoodapthomes.com/
263398,Novel Harpeth Heights,615 Old Hickory Blvd,Nashville,TN,37209,https://www.novelharpethheights.com/
262763,Magnolia Grove,551 Crossroads Pkwy,Terrell,TX,75160,https://www.magnoliagroveapartments.com/
65881,Berkshire Auburn,5515 Arapaho Rd,Dallas,TX,75248,https://www.berkshireauburn.com/
77551,Woodin Creek Village,17255 135th Ave NE,Woodinville,WA,98072,https://woodincreekvillage.com/
30197,Windsong,1600 Cooks Ln,Fort Worth,TX,76120,https://www.windsongfortworth.com/
218893,Volta at Voyager I,11275 Nahcolite Pt,Colorado Springs,CO,80921,https://www.voltaatvoyager.com/volta-at-voyager-colorado-springs-colorado/
48986,100 Park At Wyomissing Square,100 N Park Rd,Wyomissing,PA,19610,http://100parkapts.com/
1352,Pinebrook,109 Pine Knoll Dr,Ridgeland,MS,39157,https://www.northbrookandpinebrookridgeland.com/
67388,Berkshire Santal,7624 Tecoma Cir,Austin,TX,78735,http://www.thesantal.com/
118750,The Berkman,217 14th Ave SW,Rochester,MN,55902,http://theberkman.com/
258353,Vintage Franklin,871 Oak Meadow Dr,Franklin,TN,37064,https://www.vintagefranklinapts.com/
73786,Pickwick Farms,1540 Handball Ln,Indianapolis,IN,46260,http://www.pickwickfarms-apartments.com/
2360,Prairie Shores,2937 S King Dr,Chicago,IL,60616,http://www.liveprairieshores.com
57976,One India Street,1 India St,Boston,MA,2109,https://www.oneindiastreetapartments.com/
37120,The Apartments at Blakeney,8718 Wintersweet Ln,Charlotte,NC,28277,www.blakeneyapartments.com
77998,The Jaxon,4450 Tropea Way,Jacksonville,FL,32246,https://www.thejaxonapts.com/
2374,Walnut Hill,2626 Babcock Rd,San Antonio,TX,78229,www.walnuthillapts.com
72193,Hurwich Farms,2701 Appaloosa Ln,South Bend,IN,46628,https://www.hurwichfarmsapartments.com/?&utm_source=GMB&utm_medium=organic
38539,City North at Sunrise Ranch,2800 Sunrise Rd,Round Rock,TX,78665,https://www.citynorthapartments.com/?utm_source=GMB&utm_medium=organic
30733,Wilsonville Summit,25800 SW Canyon Creek Rd,Wilsonville,OR,97070,https://www.wilsonvillesummit.com/
269756,The Banks at Bridgewater,719 Lantern Walk Dr,Little River,SC,29566,https://www.thebanksatbridgewater.com/
37071,Summerwood on Towne Line,2520 Summer Dr,Indianapolis,IN,46268,www.summerwoodindy.com
293741,Hudson Bishops Creek,1040 Vinson Wy,Surf City,NC,28445,https://www.hudsonbishopscreek.com/
67386,Urban North,8101 San Felipe Blvd,Austin,TX,78729,http://www.urbannorthaustin.com
33308,Washington Park Apartments,1431 Washington Blvd,Detroit,MI,48226,https://washingtonparkdetroit.com/
35514,Heritage on Millenia,3757 Millenia Blvd,Orlando,FL,32839,https://www.heritageonmilleniaapartments.com/
72738,The Villas at Wilderness Ridge,8801 Executive Woods Dr,Lincoln,NE,68512,http://www.rentthevillasatwildernessridge.com/
41020,The Fenwick Apartment Homes,10373 N Sam Houston Pkwy E,Humble,TX,77396,https://www.thefenwickhouston.com/
40309,1750 on First,1750 First St,Simi Valley,CA,93065,https://www.1750-onfirstapartments.com/
77973,The James,251 Admiral Cochrane Dr,Annapolis,MD,21401,http://www.thejamesluxuryliving.com/
267117,Azure Carnes Crossroads,900 Conway Circle,Summerville,SC,29486,https://www.azurecarnescrossroads.com/
251510,Carriage Walk,3 Carriage Walk Ln,Scarborough,ME,4074,https://www.carriagewalk.com/
62958,Madison at Westinghouse,600 Westinghouse Rd,Georgetown,TX,78626,https://madisonatwestinghouse.com/
70741,The Laurel,8600 Preston Rd,Dallas,TX,75225,http://www.laurelprestonhollow.com/
281182,Moss Creek,582 Roberts Dr,Riverdale,GA,30274,https://mosscreekga.com/
231933,RT Dairies,777 Memorial Dr SE,Atlanta,GA,30316,https://rtdairies.com/
15536,Ballston Place,901 N Pollard St,Arlington,VA,22203,https://www.akelius-properties.us/ballston-place/
3912,Stratford Village,2000 London Town Ln,Montgomery,AL,36117,https://www.stratfordvillageapartments.com/
23971,Tuscany Bay,12065 Tuscany Bay Dr,Tampa,FL,33626,https://www.tuscanybayaptstampa.com/
48946,Westfield Apartments,9208 W Allerton Ave,Greenfield,WI,53228,https://www.wimmercommunities.com/apartments/wi/greenfield/westfield-apartments/?utm_knock=gmb
258913,Alexan Gateway,23000 Military Rd S,Kent,WA,98032,https://alexangateway.com/
251317,55 Union,55 Union St,Newark,NJ,7105,https://55unionnewark.com/
77994,Redwood Sugarcreek Township,4339 Callalily Dr,Sugarcreek Township,OH,45459,https://www.byredwood.com/apartments/oh/sugarcreek-township/redwood-sugarcreek-township/
74568,The Gramercy,2 Canfield Ave,White Plains,NY,10601,https://www.thegramercywhiteplains.com/
280211,Sky Central,1 W 4th St,Cincinnati,OH,45202,https://www.skycentralapts.com/
279152,The Vickery,700 W Vickery Blvd,Fort Worth,TX,76104,https://www.vickeryfw.com/
68133,Stoneplace Apartments I & II,872 W Main St,Molalla,OR,97038,https://www.stoneplaceapts.us/
254522,The Fitzroy Village Creek,200 Village Creek Pkwy,Burleson,TX,76028,https://www.thefitzroyvillagecreek.com/
75111,City Parc at the Ranch,2314 Kaliste Saloom Rd,Lafayette,LA,70508,https://www.liveatcityparc.com/
722,Canyon Ridge,23645 Meadowridge Dr,Santa Clarita,CA,91321,http://www.canyonridgesantaclarita.com/
61721,Villages of Magnolia,29980 FM2978,Magnolia,TX,77354,https://www.villagesofmagnolia.com/
39901,Landings,501 Fairways Dr,Vicksburg,MS,39183,www.thelandingsvicksburg.com
78807,Bell Southpark,10500 S I-35 Frontage Rd,Austin,TX,78748,https://www.bellsouthpark.com/
256914,The Reserve at Rivington,12000 Reserve Manor Cir,Chester,VA,23831,http://www.rivingtonvaapts.com/
222950,Meadows on Graystone,5509 S Graystone Ave,Sioux Falls,SD,57108,https://www.meadowsongraystone.com/
44395,225 Grand,225 Grand St,Jersey City,NJ,7302,https://www.225grandstreet.com/
16596,Alta Mar at Broadwater,3901 38th Ave S,St. Petersburg,FL,33711,https://www.pacificaresidential-altamar.com/
283199,Broadstone Wren,8521 Kings Pt Wy,Parker,CO,80138,https://broadstonewren.com/
232190,The Huxley,4754 Fauntleroy Way SW,Seattle,WA,98116,https://www.hollandresidential.com/wa/seattle/the-huxley?fbclid=IwAR1j5ZdJFj0sumhcEUVCe17YRa-e_K8-U2qnyVBpaFPv_XBvD0cvHE3vYuo
55959,Halstead Hopkinton,5 Woodview Way,Hopkinton,MA,1748,https://www.halsteadhopkinton.com/
278928,The Grant,2718 N 118th St,Omaha,NE,68164,https://thegrantomaha.com/
13990,Sunset Gardens,7400 SW 107th Ave,Miami,FL,33173,https://www.livesunsetgardens.com/
5528,The Monroe on Monterey,1635 Monterey Dr NE,Palm Bay,FL,32905,https://themonroepalmbay.com/
67915,42 West Apartments,18248 W 12 Mile Rd,Southfield,MI,48076,https://www.42westapartments.com/?utm_knock=g
289166,The Reserve at Blake Farm I,127 Edison Ave,Wilmington,NC,28411,https://reserveatblakefarmapts.com/?utm_source=google&utm_medium=organic&utm_campaign=local
279321,Redwood Lockport,17215 Juniper Dr,Lockport,IL,60441,https://www.byredwood.com/apartments/il/lockport/redwood-lockport/index.aspx
64938,Lake Vue,7119 Sand Lake Reserve Dr,Orlando,FL,32819,http://www.lakevueorlando.com/
57501,Hurstbourne Estates,10405 Watermark Pl,Louisville,KY,40223,www.hurstbourneestates.com
275900,Aria,1861 Stella Ln,Fort Walton Beach,FL,32548,https://www.liveatthearia.com/
252794,Vintage Station North,2099 N Mt Juliet Rd,Mt. Juliet,TN,37122,https://www.stationnorthapts.com/
88115,HighPoint Town Square,160 S Highpoint Dr,Romeoville,IL,60446,https://marquettemanagement.reslisting.com/highpoint-town-square/floorplans.aspx
72743,Della Plaza,500 Della Dr,North Versailles,PA,15137,https://brandywinecommunities.com/properties/della-plaza/
62489,909 Flats,909 Rosa L Parks Blvd,Nashville,TN,37208,http://www.909flats.com/
222553,The Columns at Bear Creek,11931 Cassandra St,New Port Richey,FL,34654,http://www.thecolumnsatbearcreek.com/
30756,The Van Buren Luxury Apartments,625 N Van Buren Ave,Tucson,AZ,85711,http://www.vanburenapts.net/
287790,Article No. 7,2515 7th Ave E,North St Paul,MN,55109,https://www.articleno7.com/
5499,Solis at Flamingo,3275 E Flamingo Rd,Las Vegas,NV,89121,https://www.solisatflamingo.com/
300316,Allora Kinder Ranch,1239 E Borgfeld Dr,San Antonio,TX,78260,https://allorakinderranch.com/
16189,Miramar,1301 15th St NW,Washington,DC,20005,https://www.miramar-apartments.com/
5183,San Marin,3625 Duval Rd,Austin,TX,78759,www.sanmarinaustin.com
262557,The Oaks at Copper Chase,3145 Honey Run Dr,York,PA,17408,https://www.larkenassociates.com/residential-rentals/the-oaks-at-copper-chase
23798,The Columns at Hiram,6736 Bill Carruth Pkwy,Hiram,GA,30141,https://www.thecolumnsathiram.com/
909,Baker Tower,330 Acoma St,Denver,CO,80223,https://www.maxxproperties.com/co/denver/baker-tower-apartments/index.aspx
237721,Galeria del Rio,5132 Prairie Clover Trail,Tucson,AZ,85704,https://www.galeriadelrio.com/?utm_source=google_my_business&utm_medium=organic
252067,The Flats at Shadow Creek,111 S 90th St,Lincoln,NE,68520,https://www.rentcip.com/apartments/ne/lincoln/the-flats-at-shadow-creek
257372,The 52,8511 Myslak Wy,Pensacola,FL,32526,https://liveinspirepensacola.com/
90544,The Woods at Alderwood,3101 184th St SW,Lynnwood,WA,98037,https://thewoodsatalderwood.com/
71162,Retreat at Magnolia,30685 FM2978,Magnolia,TX,77354,https://www.retreatatmagnolia.com/
44153,Arlo of Olathe,1890 N Lennox St,Olathe,KS,66061,http://www.thelennoxofolathe.com/
23534,Chateau Spring Hill,4341 Spring St,La Mesa,CA,91941,https://www.springhill-apt.rentals/
253358,The Carter,2149 Anderson Gibson Rd,Grapevine,TX,76051,https://www.cartergrapevine.com/#/
64111,Vivian,75 Sterling Blvd,Englewood,NJ,7631,http://vivianliving.com/
67146,Aria at Millenia,5000 Millenia Palms Dr,Orlando,FL,32839,https://ariaatmillenia.com/
55936,Solara Apartments,5000 Solara Cir,Sanford,FL,32771,https://www.solarasanford.com/
235512,Mariners Village,7135 Islander Dr,Indianapolis,IN,46214,https://www.marinersvillageindy.com/
240106,Redwood Greer Abner Creek Road I,505 Everhope Ave,Greer,SC,29651,https://www.byredwood.com/apartments/sc/greer/redwood-greer-abner-creek-road
263919,Vue21 II,4610 Nautilus Peak View,Colorado Springs,CO,80924,https://liveatvue21.com/
227758,Waterline Bonita Springs,10655 Founders Wy,Bonita Springs,FL,34135,https://www.waterlinebonitasprings.com/
252518,Aqua Palm Bay,2155 Robert J Conlan Blvd NE,Palm Bay,FL,32905,https://www.aquapalmbayapts.com/
270897,Avilla Vista Norte,43843 N 43rd Ave,Phoenix,AZ,85087,https://www.avillavistanorte.com/
231934,450 Green Apartments,450 Forrest Ave,Norristown,PA,19401,https://www.lindyproperty.com/properties/450-green-apartments/
234581,Georgetown Crossing,100 Georgetown Rd,Mechanicsburg,PA,17050,https://www.triplecrowncorp.com/company/locations/georgetown-crossing/
283687,View at Manor Crossing,13220 FM973,Manor,TX,78653,https://www.liveviewatmanorcrossing.com/
257150,Ansley Park,3612 Beverly Cove Way,Wilmington,NC,28412,https://www.ansleyparkapts.com/
1994,Perimeter Lakes,6146 Perimeter Lakes Dr,Dublin,OH,43017,https://www.perimeterlakesapts.com/
74519,The Jamestown,127 Yeardley Dr,Newport News,VA,23601,https://www.thejamestownapartments.com/
97934,Knapp's Corner Flats,3000 Knapp St NE,Grand Rapids,MI,49525,https://www.knappscornerflats.com/
53592,The Arch,100 N 17th St,Philadelphia,PA,19103,http://1701arch.com/
720,Tamar Meadow,8600 Cobblefield Dr,Columbia,MD,21045,www.wm-tamarmeadow.com
303514,The Arno at Coventry,6711 S 206th Plaza,Omaha,NE,68022,https://thearno.com/
32722,Rivergate Meadows,100 Rivergate Meadows Dr,Goodlettsville,TN,37072,http://www.rivergatemeadows.com/
61110,Berkshire Coral Gables,3880 Bird Rd,Miami,FL,33146,https://www.berkshirecoralgables.com/
43954,Windsor Townhomes,15061 W 138th St,Olathe,KS,66062,https://www.windsorth.com/
77777,Parc at Garland,3401 Bobtown Rd,Garland,TX,75043,https://parcatgarland.com/
276895,Cyrene at Meadowlands,1120 C St,Lincoln,CA,95648,https://www.cyreneatmeadowlands.com/
66979,Ascent Uptown,225 S Poplar St,Charlotte,NC,28202,http://www.liveascentuptown.com/
12681,Broadstone Paragon,2403 N Washington Ave,Dallas,TX,75204,https://broadstoneparagon.com/
230770,Lake Haven,732 Bluff St,Carol Stream,IL,60188,http://www.lakehavenluxury.com/
44924,Burke Ridge Crossing,2112 Burke Meadows Rd,Winston-Salem,NC,27103,www.burkeridgecrossingapts.com
28528,39nineteen,3919 Barnett Rd,Wichita Falls,TX,76310,www.live39nineteen.com
65784,River House I,1785 N Water St,Milwaukee,WI,53202,www.mkeriverhouse.com
71141,Cathedral Park,6855 N Burlington Ave,Portland,OR,97203,https://www.sremicommunities.com/properties/cathedral-park
284168,The Reserve at Ritchie Ranch,3100 N Akers St,Visalia,CA,93291,https://www.thereservevisalia.com/
39913,Greenwich Place,31 Putnam Green,Greenwich,CT,6830,https://www.greenwichplace-apartments.com/
5559,Chateau Bellevue,401 Chateau Dr,Bellevue,NE,68005,https://www.chateau.apartments/
9243,Pavilion,3500 Willowood Cir,Arlington,TX,76015,https://www.pavilionapartments.com/
38525,Marquis Sonoran Preserve,29675 N North Valley Pkwy,Phoenix,AZ,85085,https://www.mqsonoranpreserve.com/
268585,Gatewood Estates,143 Bruneau Dr,North Sioux City,SD,57049,https://www.gatewoodestatesapartments.com/
77757,Vantage at Spring Creek,2810 Routh Creek Pkwy,Richardson,TX,75082,https://www.vantagespringcreek.com/
254488,Gathering at Arbor Greens,13514 NW 1st Ln,Newberry,FL,32669,https://www.thegatheringapartments.com/
18100,Terraces at Paseo Colorado,375 E Green St,Pasadena,CA,91101,https://www.windsorcommunities.com/properties/terraces-at-paseo-colorado/
258491,Encantada Twin Peaks,6355 Marana Center Blvd,Tucson,AZ,85742,https://encantadaliving.com/twin-peaks/
23997,Dakota Mill Creek,2705 Mall of Georgia Blvd,Buford,GA,30519,https://www.dakotamillcreek.com/
3188,The Pointe,5130 E Ponce de Leon Ave,Stone Mountain,GA,30083,http://www.thepointeatlapts.com/the-pointe-atl-apts-stone-mountain-ga/home
75280,Ave Somerset,199 Pierce St,Somerset,NJ,8873,https://somerset.aveliving.com/
5855,Meyer Forest,9701 Meyer Forest Dr,Houston,TX,77096,https://www.meyerforest.com/meyer-forest-houston-tx/contact
266961,The Dylan,160 N Morgan St,Chicago,IL,60607,https://thedylanchicago.com/
242288,Oak Creek at Polaris,9005 Oak Village Blvd,Lewis Center,OH,43035,https://livewithchampion.com/apartments/oak-creek-at-polaris/
245906,Luxia Gallery House,14175 Dallas Pkwy,Farmers Branch,TX,75254,https://www.luxiagalleryhouse.com/
76708,Bahay Apartments,362 N Westlake Ave,Los Angeles,CA,90026,https://livebahay.com/
6125,Northgreen at Carrollwood,3831 Northgreen Ave,Tampa,FL,33624,https://www.liveatnorthgreen.com/
253546,Linz At The Station,5300 The Station Blvd,Sachse,TX,75048,https://www.linzthestation.com/
77765,Preston Hollow Village,7825 Firefall Way,Dallas,TX,75230,https://www.prestonhollowvillageapartments.com/
21135,Wes on Western,2800 Western Ave,Seattle,WA,98121,https://wesonwestern.com/
77700,The Oaks at Southlake Commons,130 Town Center Blvd,Clermont,FL,34714,www.theoaksatsouthlakecommons.com/
71534,Riverwalk on the Falls I,W165 N8910 Grand Ave,Menomonee Falls,WI,53051,https://www.wimmercommunities.com/apartments/menomonee-falls/riverwalk-on-the-falls/
72884,Carrington Place,4010 W Trafford Ln,Coeur d'Alene,ID,83815,www.carringtonplacecda.com
69154,The Mark Huebner Oaks,11138 Huebner Oaks,San Antonio,TX,78230,http://themarksanantonio.com/
73930,Palmilla,5474 Reservoir Dr,San Diego,CA,92120,https://www.liveatpalmilla.com/
273197,Mar at Grove,1471 Grove Ave,Imperial Beach,CA,91932,https://www.maratgrove.com/
40475,The Lucent,10710 17th Ave S,Tacoma,WA,98444,https://www.thelucentapts.com/
64349,Aurora,124 S Morgan St,Tampa,FL,33602,https://www.richmansignature.com/florida/tampa-bay-area/aurora/
254103,Caliber at Cornerstar,15930 E Briarwood Cir,Aurora,CO,80016,https://www.caliberatcornerstar.com/
74547,Vertical East,2050 N Pantano Rd,Tucson,AZ,85715,https://www.verticaleastapts.com/
238082,The Bexley,1300 Clinton St,Hoboken,NJ,7030,http://www.livebexley.com/
40984,The Pradera,851 Greenside Dr,Richardson,TX,75080,www.thepradera.com
266874,The Silos at Ellis Crossing I,2837 S Lancaster Dr,Sioux Falls,SD,57106,https://www.thesilosatelliscrossing.com/
44726,Pebblebrook,6115 Pebblebrook Ln,Kent,OH,44240,http://www.livepebblebrook.com
66962,Maitland City Centre,190 Independence Ln,Maitland,FL,32751,http://residencesatmaitland.com/
62925,Woodley Sara,7121 Woodley Ave,Van Nuys,CA,91406,https://www.woodleysara.com/
264091,Hallasan,696 S New Hampshire Ave,Los Angeles,CA,90005,https://www.hollandresidential.com/ca/los-angeles/hallasan/
252135,The Residences at Christenbury Village,2410 Herrons Nest Pl NW,Concord,NC,28027,https://www.christenburyresidences.com/
57741,Mayton Transfer Lofts,250 E Bank St,Petersburg,VA,23803,https://www.maytontransferlofts.com/
32579,Riverwalk at Millennium,309 Washington St,Conshohocken,PA,19428,http://riverwalkapts.com
219773,The Lofts at OPOP,911 Locust St,St. Louis,MO,63101,https://www.theloftsatopop.com/
19565,The Hudson by Trion Living,10695 SW Murdock St,Tigard,OR,97224,https://trionliving.com/apartments/thehudson/
275548,Redwood Kannapolis Parkway,5476 Milestone Ave,Kannapolis,NC,28081,https://www.byredwood.com/apartments/nc/kannapolis/redwood-kannapolis-parkway/
263110,Briley,10731 Surrey Green Ln,Matthews,NC,28105,https://www.simpsonpropertygroup.com/apartments/matthews-north-carolina/briley-matthews
61168,Greylyn Estates,9415 Lucy Jane Ln,Charlotte,NC,28270,https://greylynestates.com/
24585,The Mod,2222 W Beardsley Rd,Phoenix,AZ,85027,https://www.westernwealthcommunities.com/apartments/az/phoenix/w-beardsley-rd/
77597,Irene Woods Apartments,9199 Mayfield Rd N,Collierville,TN,38017,http://www.edwardrose.com/communities/irenewoods
37476,Cole,300 S Lamar Blvd,Austin,TX,78704,https://www.coleapts.com/cole-apartments-austin-tx/
263165,Reveal at Onion Creek,12000 S IH 35 Frontage Rd,Austin,TX,78747,https://www.revealatonioncreek.com/
32324,Park at Winterset,4700 Winterset Way,Owings Mills,MD,21117,https://www.parkatwintersetapts.com/
251701,Redwood Westfield Myra Way II,4001 Myra Way,Westfield,IN,46062,https://www.byredwood.com/apartments/in/westfield/redwood-westfield-myra-way/index.aspx
226734,Trellis House,2323 Sherman Ave NW,Washington,DC,20001,https://www.trellishousedc.com/
26530,Pines of Burnsville,1024 W Burnsville Pkwy,Burnsville,MN,55337,http://www.pinesofburnsville.com/
13970,Timber Creek,8899 E Prentice Ave,Greenwood Village,CO,80111,https://redpeak.com/apartments/timber-creek/
53297,1111 Wilshire,1111 Wilshire Blvd,Los Angeles,CA,90017,https://www.hollandresidential.com/ca/los-angeles/1111-wilshire
65878,Victory Place,1701 Payne St,Dallas,TX,75201,http://www.victoryplacedallas.com/
219549,Borgata Condominiums,4400 S Jones Blvd,Las Vegas,NV,89103,http://www.borgatacondos.com/
10182,Lakewood on the Trail,101 N Brookside Dr,Dallas,TX,75214,https://texas.weidner.com/apartments/tx/dallas/lakewood-on-the-trail-0/
64789,Spectrum Majestic,120 Paramount Park Dr,Gaithersburg,MD,20879,http://www.spectrum270.com/gaithersburg-gaithersburg/spectrum-majestic/
5719,7400 Roosevelt,7400 Roosevelt Blvd,Philadelphia,PA,19152,https://www.lindyproperty.com/properties/7400-roosevelt/
14170,Durant at Sugarloaf,50 St. Marlowe Dr,Lawrenceville,GA,30044,https://www.durantatsugarloafliving.com/?rcstdid=Mg%3D%3D-YRjTEizZPgM%3D&utm_source=google+biz&utm_medium=organic
278139,Redwood Brunswick,1254 Marks Rd,Brunswick,OH,44212,https://www.byredwood.com/apartments/oh/brunswick/redwood-brunswick/
221664,Oxly,5810 UTSA Boulevard,San Antonio,TX,78249,https://www.oxlyapts.com/oxly-at-the-merc-san-antonio-tx/
15279,Lake Vista,8440 Sherman Cir N,Miramar,FL,33025,https://www.legacyresidential.com/LakeVista
254332,Boca Vue,9260 Boca Vue Dr,Boca Raton,FL,33428,https://www.richmansignature.com/florida/boca-raton-rental-properties/boca-vue/
221081,City View,1403 S Assembly St,Spokane,WA,99224,https://www.cityviewapartmentsspokane.com/
61713,Park at Magnolia,30000 FM2978,Magnolia,TX,77354,https://www.parkatmagnolia.com/
78694,Hays Park,828 Bebee Rd,Kyle,TX,78640,https://www.akelius-properties.us/hays-park/index.aspx?p=1&nocache=1
238837,Washington Manor,3901 Woodland Ave,West Des Moines,IA,50266,https://www.washingtonmanordesmoines.com/
68497,Maya,535 S Kingsley Dr,Los Angeles,CA,90020,http://www.liveatmaya.com/
4131,North Brunswick Manor,2880 Birchwood Ct,North Brunswick Township,NJ,8902,https://bestrentnj.com/Communities/North-Brunswick-Manor/
62395,Pierce,2 Pierce Ave,San Jose,CA,95110,http://www.thepierce.com
262907,Essex & Crane I,377 Crane St,Orange,NJ,7050,https://essexandcrane.com/
258397,Ora,2144 California St NW,Washington,DC,20008,https://liveora.com/
270365,Sota 75,2161 Lakewood Ranch Blvd,Sarasota,FL,34240,https://sota75.com/
37376,The Retreat at Mountain Brook,1600 Sharpsburg Cir,Birmingham,AL,35213,http://retreatatmountainbrook.net/
77997,Ravella at Town Center,4674 Town Center Pkwy,Jacksonville,FL,32246,https://www.ravellatowncenter.com/
68171,The Tyler at Agritopia,3150 E Ray Rd,Gilbert,AZ,85296,https://thetylergilbert.com/
68581,Red,5110 Herringbone Dr,Cincinnati,OH,45227,https://www.theredapartments.com/
78952,River North,1600 W 12th St,Yuma,AZ,85364,https://www.rivernorthyuma.com/
67750,Vermella Harrison,1100 Frank E Rodgers Blvd S,Harrison,NJ,7029,https://vermellaharrison.com/
238181,Ardence & Bloom,5620 De Longpre Ave,Los Angeles,CA,90028,https://www.ardencebloom.com/
257792,Moana Vista Apartments,1720 Ala Moana Blvd,Honolulu,HI,96815,https://www.moanavista.com
232998,The Highlands of Chevy Chase,5480 Wisconsin Ave,Chevy Chase,MD,20815,https://www.thehighlandsofchevychase.com
305776,Westgate Townes,2108 Silty Soil Ct,Leland,NC,28451,https://westgatetownes.com/
23161,Citation Club,29540 Citation Cir,Farmington Hills,MI,48331,http://www.citationclubapts.com/
147,West of Eastland,3752 Knightsway Ln,Columbus,OH,43232,https://www.westofeastlandbyelon.com
262173,The Oasis at Moss Park Preserve,10000 Davis Crk Cir,Orlando,FL,32832,https://www.oasisatmossparkpreserve.com/
16169,The Cape At Metro Pointe,1000 S Coast Dr,Costa Mesa,CA,92626,https://www.rentthecape.com/
236164,Village Green Of Lansing,5200 Mall Dr W,Lansing,MI,48917,https://villagegreen.com/mi/lansing/village-green-of-lansing/?utm_source=Google&utm_medium=Local%20Map%20Pack
239782,The Woods At Blue Heron Pines,1000 Bally Bunion Dr,Egg Harbor City,NJ,8215,https://www.woodsatblueheron.net/
22925,Carriage Glen,1811 City Hall Dr,Rosenberg,TX,77471,https://www.carriageglenapts.com/
55341,Lullwater at Bass,1644 Bass Rd,Macon,GA,31210,https://www.liveatbass.com/
52947,Parkside Trace,3000 Harmony Ln,Charlestown,IN,47111,https://www.shamrockparksidetrace.com/
18570,Cheyenne Trails,3330 Las Vegas Blvd N,Las Vegas,NV,89115,https://www.cheyennetrailslv.com/
15930,Crittenden Court,955 W St Clair Ave,Cleveland,OH,44113,https://www.crittendencourt.com/
78597,Sentral Union Station,1770 Chestnut Pl,Denver,CO,80202,https://www.sentral.com/denver/union-station
3116,Lakeside Terraces,44525 Pine Dr,Sterling Heights,MI,48313,www.lakesideterracesapts.com
45950,RVR at Xchange,5000 Brianna Ln,Secaucus,NJ,7094,https://liveatrvr.com/
254143,Christopher Todd Communities On Camelback,12350 W Camelback Rd,Litchfield Park,AZ,85340,https://www.christophertodd.com/community/christopher-todd-communities-on-camelback/
217726,Magnolia Place Townhomes,5075 NW 43rd Ave,Gainesville,FL,32606,www.magnoliaplacetownhome.com
66939,The York on City Park,1781 York St,Denver,CO,80206,https://www.sheaapartments.com/apartments/the-york-on-city-park/?utm_source=gmb&utm_medium=organic&utm_campaign=york
223934,The Edge,753 Montague Expy,Milpitas,CA,95035,https://edgemilpitas.com/
35581,Yardley Crossing,1800 Kathy Dr,Yardley,PA,19067,http://www.yardleycrossing.com/
55166,Pacific Crest,950 N 2nd St,Silverton,OR,97381,https://www.liveatpacificcrest.com/
254319,Indigo West Palm Beach,1500 Centrepark Blvd,West Palm Beach,FL,33401,https://www.indigowpb.com/
62320,Park Van Ness,4455 Connecticut Ave NW,Washington,DC,20008,http://www.parkvanness.com/
49945,Robin Hill,2000 Westown Pkwy,West Des Moines,IA,50265,https://www.robinhillapartments.com/
42576,Fenway Triangle,180 Brookline Ave,Boston,MA,2215,https://fenwaytriangle.com/
283780,Riverwalk Luxe,115 Wilcox St,Castle Rock,CO,80104,https://www.livingrw.com/
55729,Cherry Court,113 Cherry Ct,Greenville,NC,27858,https://www.keystonemanagement.com/apartments/nc/cherry-court-apartments
73333,The Timberline,8229 Northwoods Dr,Lincoln,NE,68505,https://www.timberlinelincoln.com/floorplans
51153,Brookside Apartments,620 N Hewitt Dr,Hewitt,TX,76643,https://www.brooksidehewitt.com/
48528,Hanover Terrace,3911 Marchester Way,Greensboro,NC,27407,http://www.hanoverterraceapts.com/
64197,Infinity on Yorktown,660 Yorktown St,Dallas,TX,75208,https://www.infinityonyorktown.com/?rcstdid=Mg%3D%3D-YRjTEizZPgM%3D
17987,Medici,725 S Bixel St,Los Angeles,CA,90017,https://www.themedici.com/
239369,Easton,714 Due W Ave N,Madison,TN,37115,https://eastonapartmentstn.com/
258366,Gild,1210 N State Pkwy,Chicago,IL,60610,https://www.gildchicago.com/
45317,Summit by Broadmoor,3904 370 Plaza,Bellevue,NE,68123,https://www.broadmoor.cc/summitapartments
50144,Park Avenue,4400 Park Ave,Des Moines,IA,50321,https://www.broadmoor.cc/parkavenueapartments
257324,Rosewood Commons,N170W21970 Rosewood Ln,Jackson,WI,53037,https://rosewoodcommonsapartments.com/
567,Ridgewood,3863 Memorial Dr,Decatur,GA,30032,http://www.ridgewoodgabyelon.com/
15541,Palms at Clear Lake,1300 Gemini St,Houston,TX,77058,https://livebh.com/apartments/the-palms-at-clear-lake-apartments/
251120,The Foundry,998 Riverfront St,West Sacramento,CA,95691,https://www.thefoundry-tbd.com/
74384,Fountain Park South,13861 Strathcona St,Southgate,MI,48195,https://www.fountainparksouth.com/
14399,The Gateway,925 Clopper Rd,Gaithersburg,MD,20878,https://www.livethegateway.com/
62509,Citrine,4900 N 44th St,Phoenix,AZ,85018,www.liveatcitrine.com
234915,Fox Glen,5902 Cross Country Blvd,Baltimore,MD,21215,www.livefoxglen.com
258148,Cyan Cinco Ranch,21650 Farm to Market 1093,Richmond,TX,77407,https://www.cyancincoranch.com/
246710,8181 Med Center,8181 Fannin St,Houston,TX,77054,https://www.8181medcenter.com/
49743,Westchester Square Apartments,5528 Meredith Dr,Des Moines,IA,50310,https://www.westchestersquareapartments.com/
232166,Maris,4722 Fauntleroy Way SW,Seattle,WA,98116,https://liveatmaris.com/
230080,Kings Cross,5725 Ivanhoe Ct,Fayetteville,NC,28314,https://kingscrossliving.com/
263981,The Lafayette,821 E Main St,Stamford,CT,6902,https://www.lafayettestamford.com/
220907,Reserve At Bradbury Place,560 W New Hope Rd,Goldsboro,NC,27534,https://www.keystonemanagement.com/apartments/nc/reserve-at-bradbury-place
17362,Congressional Towers,261 Congressional Ln,Rockville,MD,20852,https://www.congressionaltowers.net
232538,Woodman Apartment Homes,8811 Woodman Ave,Arleta,CA,91331,https://www.woodmanapartments.com/
27308,The Residences at King Farm,105 King Farm Blvd,Rockville,MD,20850,https://www.residencesatkingfarm.com/
255188,Edge,490 Mill St,West Sacramento,CA,95691,https://www.edge-tbd.com/
26161,Hamilton House,250 Chatham Way,Mayfield Heights,OH,44124,http://www.renthamiltonhouse.com/hamilton-house-mayfield-heights-oh
2927,Cornerstone Apartments,2637 The Meadows,Montgomery,AL,36116,https://cornerstonemgm.com/
25769,The Colony Townhomes I,17621 Pauline Ct,Santa Clarita,CA,91387,https://www.colonytownhomes.com/
27125,Tudor Place,5801 Peabody St,Hyattsville,MD,20783,https://www.tudorplaceapts.com/
46106,Mill Valley Duplex Home,2121 Bodega Way,Edmond,OK,73003,https://www.precisionmngmtprop.com/landing/millvalleyok
52954,Briarwood by Broadmoor,9434 U Ct,Omaha,NE,68127,https://www.broadmoor.cc/briarwoodapartments
239794,Shade Tree Trace,407 E Cedar Run Pl,Catonsville,MD,21228,https://www.shadetreetrace.com/?rcstdid=Mg%3D%3D-YRjTEizZPgM%3D&utm_source=GMB&utm_medium=organic
8919,Galleria Townhomes,1737 E Frankford Rd,Carrollton,TX,75007,http://galleria-townhomes.com/
4708,Cherry Creek,240 Hickory Hedge Dr,Manchester,MO,63021,http://www.cherrycreekapts.org/
37991,Wynnewood Park,855 N Park Rd,Wyomissing,PA,19610,https://www.wynnewoodparkapartments.com
3985,Farmingdale Apartments,7621 Sussex Creek Dr,Darien,IL,60561,http://www.farmingdaleapthomes.com/
243245,Longfellow Lofts,1015 Mound St,Madison,WI,53715,http://longfellowlofts.com/
15589,Bradford at Easton,4150 Silver Springs Ln,Columbus,OH,43230,https://www.morgan-properties.com/apartments/oh/columbus/bradford-at-easton/
250152,Velo,425 River Rd,Eugene,OR,97404,https://veloeugene.com/
6706,Plumtree,229 Parkwood Dr,Lansing,MI,48917,https://www.plumtreeapartments.com/
32747,Pleasant Woods,11800 Pleasant Ridge Rd,Little Rock,AR,72223,http://www.pleasantwoodsapts.com/
22611,Mercury on Mill,5101 S Mill Ave,Tempe,AZ,85282,https://www.mercuryonmillapts.com/
264283,The Villas at Green Valley I,2406 Green Valley Rd,New Albany,IN,47150,https://www.villasatgv.com/
22934,Westwood Village Galleria,1441 Veteran Ave,Los Angeles,CA,90024,https://westwoodvillagegalleria.bhprop.com/
49908,Arlington West,5049 Western Blvd,Jacksonville,NC,28546,http://www.arlingtonwestnc.com/
238508,Centennial,506 W Centennial Blvd,Springfield,OR,97477,https://www.liveatcentennialapartments.com/
282314,Redpoint,1329 SW Pumice Ave,Redmond,OR,97756,https://www.liveatredpoint.com/
45321,Tregaron Oaks,1729 Scarborough Dr,Bellevue,NE,68123,https://www.tregaronoaks.com/
34748,Visconti,1221 W 3rd St,Los Angeles,CA,90017,www.thevisconti.com
501,Hickory Place Apartments,2323 SW 35th Pl,Gainesville,FL,32608,https://www.hickoryplacebyelon.com/
231543,Autumn Hills,400 Hoover Way,Woodbridge,NJ,7095,https://bestrentnj.com/Communities/Autumn-Hills/
17586,Natick Park,4701 Natick Ave,Sherman Oaks,CA,91403,https://www.natickpark.com/
17347,The Croft Apartment Homes,7200 E Evans Ave,Denver,CO,80224,https://www.liveatthecroft.com/
98288,980 Central,980 Central St,West Sacramento,CA,95691,https://www.980central.com/
46309,Regency at Chandler Park,101 Chandler Rd,Greer,SC,29651,http://theregency.southcorpproperties.com/
240912,Preserve at Autumn Ridge I-II,14630 Autumn Ridge Ln,Watertown,NY,13601,http://preserveatautumnridge.com
55502,Keswick,1510 Bridle Ct,Greenville,NC,27834,https://www.keystonemanagement.com/apartments/nc/keswick-apartments
241680,Blu on Farrington,5840 Farrington Rd,Chapel Hill,NC,27517,https://www.bluonfarrington.com/blu-on-farrington-chapel-hill-nc
38797,Peppertree Village Apartments,153 Peppertree Dr,Buffalo,NY,14228,www.peppertreevillageapartments.com
6550,The Vintage Apartments,7440 E Thomas Rd,Scottsdale,AZ,85251,https://www.scottsdalevintageapts.com/
252585,Titletown Flats,1162 Brookwood Dr,Green Bay,WI,54304,https://titletownflats.com/
49672,Genesee Village,3200 Wimbleton Dr,Flint,MI,48532,https://www.geneseevillageapts.com/
225309,Reserve at Creekside,1340 Reserve Way,Chattanooga,TN,37421,www.reserveatcreeksideapts.com
269113,Poplar Village,257 Bur Oak Bnd,Newnan,GA,30265,https://livebh.com/apartments/poplar-village/
30381,Sierra Vista,1821 Lake Tahoe Blvd,South Lake Tahoe,CA,96150,http://www.sierravistaaptsca.com
32584,Woods at Oak Crossing,3120 Nobscot Dr,Indianapolis,IN,46222,https://thewoodsatoakcrossing.com/
231522,Oakwood Estates,3300 W 53rd St,Sioux Falls,SD,57106,https://www.oakwoodestatessiouxfalls.com/
19897,The Pointe at Clearwater,2554 Oak Trail S,Clearwater,FL,33764,https://www.thepointeatclearwater.com/
42332,Gravity at 255,1501 Old Monrovia Rd NW,Huntsville,AL,35806,https://www.gravity255apartments.com/
27725,The Gardens of Pinecrest,8800 SW 68th Ct,Miami,FL,33156,https://www.gardensofpinecrestapartments.com/?rcstdid=MzI%3d-GJOvflXLv8M%3d&_yTrackUser=ODc4MjE0MDU4IzE4OTE0MjUzNDM%3d-q3%2b9PtfoQ%2bo%3d&_yTrackVisit=MTU4OTQ5NDE0MyMxODI1ODI1MTU3-j1vbMVdjJw8%3d&_yTrackReqDT=22311420200708
42554,Vintage Grove Apartments,5262 Timuquana Rd,Jacksonville,FL,32210,http://summerwindaptsfl.com/
10324,Dove Park,1400 N Park Blvd,Grapevine,TX,76051,https://www.doveparkapts.com/
252489,London Square by Broadmoor,4917 Farnam St,Omaha,NE,68132,https://www.broadmoor.cc/property_items/london-square-by-broadmoor/
58866,West Square,320 D St,Boston,MA,2127,https://www.akelius-properties.us/west-square-apartments/
16391,Westcreek Apartments,973 Westcreek Ln,Westlake Village,CA,91362,https://www.westcreekapts.com/
234509,Atlantic Station West,405 Atlantic St,Stamford,CT,6901,https://asw.atlanticstationstamford.com/
245561,South Ridge,1622 Proctor St,Raleigh,NC,27610,http://www.southridgeapts.com
7542,Landings at North Ingle,3300 N Ingle Pl,Macon,GA,31210,https://www.thelandingsatnorthingle.com/
245118,Maren,71 Potomac Ave SE,Washington,DC,20003,https://marendc.com/
97501,Woodmont West At Mount Arlington,100 Fieldstone Dr,Mt Arlington,NJ,7856,http://www.woodmontwest.net/
25951,Heritage Park,1818 Metzerott Rd,Adelphi,MD,20783,http://www.heritage-park-apts.com/
282754,The 24 III,9200 Winnetka Ave,Chatsworth,CA,91311,https://www.the24.com/
67455,Sentral DTLA,755 S Spring St,Los Angeles,CA,90014,https://sentral.com/los-angeles/dtla-755
36587,Canterbury Park,19400 Mayfield Ave,Livonia,MI,48152,https://villagegreen.com/mi/livonia/canterbury-park/
292568,Arabella at Dutchtown,36500 Belle Savanne Ave,Geismar,LA,70734,https://livebh.com/apartments/arabella-at-dutchtown/
60185,Plantation Oaks,10875 Abercorn St,Savannah,GA,31419,https://www.plantationoakssavannah.com/
272521,Village at the Gateway,10 Gtwy Vlg Blvd,Alexander,AR,72002,https://www.villageatthegateway.com/
72704,Maple Ridge,600 Reusens Rd,Lynchburg,VA,24503,https://www.mapleridgeapts.com/
18158,Madrid,7125 Lennox Ave,Van Nuys,CA,91405,https://anchorpacifica.com/residential-properties/madrid-apartments
20924,City Lights at Town Center,5000 City Lights Dr,Aliso Viejo,CA,92656,http://www.sheaapartments.com/citylights/
225886,Casa Baywood,212 S El Camino Real,San Mateo,CA,94401,https://www.casabaywoodapts.com/
63462,Telfair Lofts,7500 Branford Pl,Sugar Land,TX,77479,https://apartmentssugarlandtexas.com/
24337,Colonial House,1560 San Tomas Aquino Rd,San Jose,CA,95130,https://residential.eprodesse.com/colonial-house-apartments/index.aspx
72307,Mason Hills,805 Mason Hills Dr,Mason,MI,48854,https://www.masonhillsapartments.com/
17336,Carriage Pointe At Aquia,225 White Pine Cir,Stafford,VA,22554,https://www.carriagepointeaquia.com/
21665,Lomita Court,9600 Lomita Ct,Rancho Cucamonga,CA,91701,https://residentialforlease.mgrmgmt.com/apartments/ca/alta-loma/lomita/default
57320,Brookmeade Apartments,10701 Brookemeade Cir,Williamsport,MD,21795,https://brookmeade-apartments.rentcafewebsite.com/
9183,Infinity on the Oaks,9236 Church Rd,Dallas,TX,75231,https://www.infinityontheoaks.com/
29566,Heatherwood I,1105 N Hoagland Blvd,Kissimmee,FL,34741,https://heatherwoodfl.com/
3377,Sea Pines,615 Sea Pine Ln,Newport News,VA,23608,http://www.seapinesapartments.com/
55577,Maplebrook,4632 Beech Ave,Kalamazoo,MI,49006,https://www.maplebrookeapartments.com/
264329,Axis at PTC,1850 Merchant Ln,Hampton,VA,23666,https://www.axisatptc.com/
5940,Northland Passage,6360 N London Ave,Kansas City,MO,64151,https://www.northlandpassage.com/
63157,Burnside 26,2625 E Burnside St,Portland,OR,97214,www.burnside26.com
41277,Park Place at Petworth,850 Quincy St NW,Washington,DC,20011,https://www.parkplacedc.com/
584,Countryside Manor,8800 Countryside Way,Douglasville,GA,30134,http://www.countrysidemanorbyelon.com/
242519,Benson Estates Apartments,203 Williamsburg Dr,Hephzibah,GA,30815,https://www.bensonapts.com/
36465,La Frontera Square,2601 La Frontera Blvd,Round Rock,TX,78681,http://www.lafronterasq.com/
271066,KC Lofts,18 E Kansas City St,Rapid City,SD,57701,https://kcloftsrc.com/
78134,The 24,9254 Winnetka Ave,Los Angeles,CA,91311,https://uncommondevelopers.com/apartments/the-24/
25734,Los Feliz Summit,3901 Los Feliz Blvd,Los Angeles,CA,90027,https://anchorpacifica.com/residential-properties/los-feliz-summit-apartments
6725,The Atlantic at East Delray,650 Lavers Cir,Delray Beach,FL,33444,http://www.theatlanticdelray.com/
4306,Meadows,514 Lark Ct,Novato,CA,94947,https://www.themeadowsnovato.com/
12260,Essence at North Dallas,4200 Horizon N Pkwy,Dallas,TX,75287,https://www.essencenorthdallas.com/#
28965,Agave Court,125 N 18th St,Phoenix,AZ,85034,www.agavectphoenix.com
250459,Village Square,100 Village Sq,Glen Cove,NY,11542,https://villagesquareny.com/
28114,Oaks of Northgate,8000 Oakdell Way,San Antonio,TX,78240,https://www.oaksofnorthgatesanantonio.com/
50912,Indigo Apartment Homes,2700 Maple St,Bremerton,WA,98310,https://www.indigobremerton.com/
60146,Woodmont Place at Palmer,100 Woodmont Cir,Easton,PA,18045,http://www.woodmontpalmer.com/Lehigh-Valley-PA-apartments.asp
38314,Coppermill,2217 Edenborn Ave,Metairie,LA,70001,https://www.coppermillaptsbytonti.com/
302055,Riverview,109 Club Dr,Morganton,NC,28655,https://keystonemanagement.com/morganton-north-carolina-apartments/riverview-apartments-nc
39591,Landmark,211 N Hills St,Meridian,MS,39305,https://www.landmarkmeridian.com/
70255,Coventry Square,20 Charles St,Westwood,NJ,7675,https://coventrysquareapartments.com/
276278,The RED Corner,5110 Herringbone Dr,Cincinnati,OH,45227,https://theredapartments.com/
4075,Windsor Park Apartment Homes,3937 Penshurst Ln,Woodbridge,VA,22192,http://www.windsorparkapts.com/
14569,Village At Fox Point,1436 Kynlyn Dr,Wilmington,DE,19809,www.villageatfoxpoint.com
39710,Ashton Judiciary Square,750 3rd St NW,Washington,DC,20001,http://www.ashtonjs.com/
256217,Ame at Meridian Hill,2601 16th St NW,Washington,DC,20009,https://www.ameofdc.com/
263127,Hickory Grove,11907 Apache Ave,Savannah,GA,31419,https://www.hickorygrovega.com/
300577,The Emerson,3444 S Emerson St,Englewood,CO,80113,https://www.theemersonliving.com/
15181,Bayvue,1293 Bayside Ave,Woodbridge,VA,22191,http://www.southernmanagement.com/bayvue/
67391,Lakeline Crossing,13010 Ridgeline Blvd,Cedar Park,TX,78613,https://livebh.com/apartments/lakeline-crossing/?utm_source=realpage&utm_medium=referral&utm_campaign=cta
255586,Soho Lofts,273 16th St,Jersey City,NJ,7310,https://www.soholoftsjc.com/
271788,Alur,700 Locust St,Pasadena,CA,91101,https://www.alurapts.com/
21199,Sky Rock,3226 Lake Park Way,Longmont,CO,80503,https://www.skyrockapartments.com/sky-rock-longmont-co/
229986,The Adley Lakewood Ranch Waterside,2401 Lakewood Ranch Blvd N,Sarasota,FL,34240,https://www.theadleylife.com?utm_source=realpage&utm_medium=referral&utm_campaign=cta
264764,East Bend,1111 W 6th St,Houston,TX,77007,https://www.eastbendapartments.com/east-bend-houston-tx/
78192,Apple Creek Station,4369 W Roundhouse Rd,Swartz Creek,MI,48473,https://www.applecreekstation.com/
16135,The Chateau,9727 Mt Pisgah Rd,Silver Spring,MD,20903,https://www.southernmanagement.com/communities/chateau/
230181,The Eddystone,2701 Park Ave,Detroit,MI,48201,https://eddystonedetroit.com/
218135,The Modern I,800 Park Ave,Fort Lee,NJ,7024,https://www.themodernlife.com/
5926,Ridge Carlton,7373 Ridge Ave,Philadelphia,PA,19128,http://altmanco.com/AltmanProperty/community-homepage.asp?propertyName=ridgecarlton
219127,Covered Bridge,123 S 2nd St,Perkasie,PA,18944,http://altmanco.com/altmanproperty/community-homepage.asp?RECommunityID=99
42180,The Courtyard at Jefferson,800 Jefferson St,Hoboken,NJ,7030,http://www.courtyardatjefferson.com/
32156,Village on Memorial Townhomes,15200 Memorial Dr,Houston,TX,77079,https://rent.brookfieldproperties.com/properties/village-on-memorial-townhomes.html
253119,Avel,1000 W Town & Country Rd,Orange,CA,92868,https://www.avelapartmenthomes.com/avel-orange-ca/
39782,Burnham Pointe,730 S Clark St,Chicago,IL,60605,https://www.burnhampointechicago.com
222916,Jada Legacy Central,6501 Excellence Way,Plano,TX,75023,https://www.jadalegacycentralapartments.com/jada-legacy-central-plano-tx/
2510,St. James Crossing,5620 Tranquility Oaks Dr,Tampa,FL,33624,https://rent.brookfieldproperties.com/property/st-james-crossing/
261553,Makara,3751 Staniel Cay Loop,Orlando,FL,32817,https://www.makaraorlando.com/
223248,Royal Oaks,701 Royal Oaks Ct,Monmouth Junction,NJ,8852,http://www.metroplexapts.com
45795,Hawthorne at the Carlyle,620 Halton Rd,Greenville,SC,29607,http://www.hawthorneatthecarlyle.com/
38897,Halstead Haverhill,40 Locke St,Haverhill,MA,1830,https://www.halsteadhaverhill.com/
2289,Pointe at Carrollwood,4949 Marbrisa Dr,Tampa,FL,33624,https://pointeatcarrollwood.com/
257557,The Salado at Red Berry,902 Gembler Rd,San Antonio,TX,78219,https://thesaladoredberry.com
254360,Briggs & Union,12000 Knox Way,Mt Laurel Township,NJ,8054,https://rent.brookfieldproperties.com/mount-laurel-nj-apartments/briggs-and-union
77894,The Residences at 4040 Wilson,4040 Wilson Blvd,Arlington,VA,22203,https://www.4040wilson.com/
64391,Atelier,801 S Olive St,Los Angeles,CA,90014,http://atelierdtla.com/
42371,Meetinghouse,3131 Meetinghouse Rd,Boothwyn,PA,19061,http://meetinghouseapartments.com/
45760,Nav850,850 Crawford Pkwy,Portsmouth,VA,23704,https://nav850.com/
36140,Eagle Ridge Apartment Homes,5275 Hahns Peak Dr,Loveland,CO,80538,https://www.liveeagleridge.com/
241364,Blvd & Bond,88 Arsenal Yards Blvd,Watertown,MA,2472,https://www.blvdbond.com/
245936,Hoover + Greene,950 Greene St,Ann Arbor,MI,48104,https://hooverandgreene.com/
15295,Desert Oasis,77777 Country Club Dr,Palm Desert,CA,92211,https://www.rent-desertoasis.com/
264077,Novi Flats,25 Barbrick Ave SW,Concord,NC,28025,https://www.noviflats.com/
25445,Highview Terrace,7004 Highview Terrace,Chillum,MD,20782,https://www.southernmanagement.com/communities/highview-terrace/
86752,Dylan,2455 Mandeville Ln,Alexandria,VA,22314,https://www.dylanandreese.com/
60139,Allendale Apartments,535 Cedar Hill Dr,Allentown,PA,18109,http://altmanco.com/AltmanProperty/community-homepage.asp?RECommunityID=63
229417,Jasper,2528 S Grand Ave,Los Angeles,CA,90007,https://www.jasperla.com/
21690,Cherry Cove,2346 S Cucamonga Ave,Ontario,CA,91761,https://residentialforlease.mgrmgmt.com/apartments/ca/ontario/2346-s-cucamonga-ave-units-100-227/default
297075,Tribute Verdae,810 Woodruff Rd,Greenville,SC,29607,https://tributeverdae.com/
39317,The Goodwynn by ARIUM,705 Town Blvd,Atlanta,GA,30319,https://ariumliving.com/atlanta-ga/the-goodwynn/
230951,70 Columbus,70 Christopher Columbus Dr,Jersey City,NJ,7302,https://ironstate.com/property/70-columbus/
218786,Cooper's Landing,5001 Coopers Landing Dr,Kalamazoo,MI,49004,https://www.landcoapartments.com/coopers-landing-apartments/
60386,The Paramount at South Market,611 O'Keefe Ave,New Orleans,LA,70113,https://www.paramountnola.com/
6340,Grand Oaks,36090 N Grand Oaks Ct,Gurnee,IL,60031,https://livebh.com/apartments/grand-oaks/?utm_source=realpage&utm_medium=referral&utm_campaign=cta
245340,Hawthorne at the W,329 Broomsedge Trail,Chattanooga,TN,37405,https://www.hawthorneatthew.com/
227315,1630 Park,1630 Park Rd NW,Washington,DC,20010,http://www.1630park.com
252997,The Eddy,555 1st St,Harrison,NJ,7029,https://ironstate.com/property/the-eddy/
60145,Woodmont Mews,1345 Martin Ct,Bethlehem,PA,18018,https://www.woodmontmewsapartments.com/
233125,Legation House,3737 Legation St NW,Washington,DC,20015,http://www.legationhouse.com
26132,The Belmont by Reside,3170 N Sheridan Rd,Chicago,IL,60657,www.thebelmontbyreside.com
270484,The Casco,201 Federal St,Portland,ME,4101,https://liveredfern.com/buildings/aucocisco/
225072,Meridian 2250 at Eisenhower Station,2250 Dock Ln,Alexandria,VA,22314,https://www.meridian2250.com/?switch_cls[id]=64695&utm_source=google%20-%20entrataseo&utm_medium=organic&utm_campaign=gmb&utm_content=website%20click
301417,Marlowe Live Oak,5476 Angel Way St,St. Cloud,FL,34771,https://www.marloweliveoak.com/
230598,The Ridge,17940 Garden Ln,Hagerstown,MD,21740,https://www.theridgehagerstown.com/
280113,700 River,700 River St,Austin,TX,78701,https://700river.com/
279758,Tisdale at Lakeline Station,13621 Lyndhurst St,Austin,TX,78717,https://www.irtliving.com/Apartments-In/Austin-TX/Tisdale-at-Lakeline-Station
78011,The Travis,3300 Main St,Houston,TX,77002,https://thetravishouston.com/
19851,One Superior Place,1 W Superior St,Chicago,IL,60654,https://onesuperiorplace.com/
20938,Instrata Pentagon City,901 15th St S,Arlington,VA,22202,https://www.instratapentagoncity.com/instrata-pentagon-city-arlington-va/
268724,Residences at Mazza,5300 Wisconsin Ave NW,Washington,DC,20015,https://www.residencesatmazza.com/
261724,Beaudry,960 W 7th St,Los Angeles,CA,90017,https://www.beaudrydtla.com/
284038,The Springs at Coral Shores,606 SW 29th Ave,Cape Coral,FL,33991,https://www.springsapartments.com/apartments/fl/cape-coral/springs-at-coral-shores/
241189,Reserve at Southpointe,1000 Meadow Ln,Canonsburg,PA,15317,http://www.reserveatsouthpointe.com/
13784,Roswell Creek,1000 Holcomb Bridge Rd,Roswell,GA,30076,www.myroswellcreek.com
297341,Colina WeHo,80 W Oxmoor Rd,Birmingham,AL,35209,https://colinaweho.com/
63546,ReNew Oak Park,150 Forest Ave,Oak Park,IL,60301,https://www.renewoakpark.com/?switch_cls[id]=64509
285832,Spring Street,523 N Spring St,Greensboro,NC,27401,https://www.springstreetapts.com/
225984,Lakeview at the Gates of Prosper,961 Gateway Dr,Prosper,TX,75078,https://www.lakeviewprosper.com/lakeview-at-the-gates-of-prosper-tx
18036,Villa Careena,1136 Larrabee St,West Hollywood,CA,90069,https://www.decron.com/apartments-villa-careena/
221448,Kalaeloa Rental Homes,4285 Independence Rd,Kapolei,HI,96707,https://www.kalaeloaliving.com/
263860,Southbank at Quarry Trails,2791 Hopper Way,Columbus,OH,43228,https://www.southbankatquarrytrails.com/
30101,Apartments at Bel Air,1001 Todd Rd,Bel Air,MD,21015,https://www.seasonsbelair.com/
284136,Broadstone Oliver,1505 Oliver St,Houston,TX,77007,https://broadstoneoliver.com/
260109,The Northern,2600 Wewatta Way,Denver,CO,80216,https://livethenortherndenver.com/
64894,Museum Tower,525 S Church St,Charlotte,NC,28202,http://www.museumtowerapts.com/
262794,Solano Belleair,1632 Clearwater Largo Rd,Clearwater,FL,33756,https://www.solanobelleair.com/
13477,Flatiron District at Austin Ranch,6740 Davidson St,The Colony,TX,75056,http://flatirondistrictataustinranch.com/
268951,Logic,12230 Longfield Dr,Silver Spring,MD,20904,https://www.logicwhiteoak.com/
61166,Silver Collection at Waterford,11920 Joleen Ct,Huntersville,NC,28078,https://www.silvercollectionatwaterford.com/
23542,Trailpoint at The Woodlands,2301 S Millbend Dr,The Woodlands,TX,77380,http://www.liveattrailpoint.com/
20654,Montrose Berkeley Lake,3750 Peachtree Industrial Blvd,Duluth,GA,30096,https://montroseberkeleylake.com/
42662,Highlands North,10020 W 80th St,Overland Park,KS,66204,http://www.thehighlandsapartments.com
274791,The 305,305 Winter St,Waltham,MA,2451,https://livethe305.com/
13798,Tresa at Arrowhead Apartment Homes,17722 N 79th Ave,Glendale,AZ,85308,https://www.tresaatarrowhead.com/
250398,AdMo Heights,1777 Columbia Rd NW,Washington,DC,20009,https://www.admoheights.com/
258391,Neuhoff,1315 Adams St,Nashville,TN,37208,https://www.neuhoffresidences.com/
271324,Wentworth Park,7450 GA-21,Port Wentworth,GA,31407,https://livewentworthpark.com/
16326,Dawson,15501 Bruce B Downs Blvd,Tampa,FL,33613,https://thedawsontampa.com/property/the-dawson/
49295,Eagle Pointe Apartments,2044 Oakdale Ave,West St Paul,MN,55118,https://www.eaglepointeweststpaul.com/
289789,The Springs at Arcadia,4231 Sylvan Loop,Myrtle Beach,SC,29588,https://thespringsatarcadia.com/
225798,The Overlook at St. Gabriel‚Äôs,175 Washington St,Brighton,MA,2135,https://www.theoverlookstgabriels.com/
66940,AMLI Riverfront Green,1750 Little Raven St,Denver,CO,80202,https://www.amli.com/apartments/denver/lodo-apartments/amli-riverfront-green
24776,Hidden Lakes,5800 Deepwood Ct,Village of Clarkston,MI,48346,https://www.livehiddenlakesapts.com/
246512,Alto Fairfield Metro,1401 Kings Hwy,Fairfield,CT,6824,https://www.altofairfieldmetro.com/
290592,Colina Ranch Hill,28882 Renda Ln,San Antonio,FL,33576,https://colinaranchhill.com/
304313,Prose Riviana,23030 Cunningham Falls Trl,Katy,TX,77493,https://proseriviana.com/
12064,Riviera at West Village,3530 Travis St,Dallas,TX,75204,http://www.rivierawestvillage.com/
37388,Villas At Wylie,600 Woodbridge Pkwy,Wylie,TX,75098,http://www.villasatwylie.com/
255636,Prose at Ascend,12905 W Indian School Rd,Avondale,AZ,85392,https://proseascend.com/
292791,Arts Plaza,492 NE 2nd St,Gresham,OR,97030,https://www.artsplazaapts.com/
265098,Smith & Rio,1979 E Rio Salado Pkwy,Tempe,AZ,85288,https://www.smithandrio.com/
21368,Estates at Memorial Heights,616 Memorial Heights Dr,Houston,TX,77007,https://www.estatesatmemorial.com/
64384,Aliso,950 E 3rd St,Los Angeles,CA,90013,https://www.liveataliso.com/
12380,McDermott Place,8900 Independence Pkwy,Plano,TX,75025,https://www.mcdermottplace.com/
62316,The Channel District Wharf,950 Maine Ave SW,Washington,DC,20024,http://www.dcchannel.com/
31255,Arrive Chadds Ford,7000 Johnson Farm Ln,Chadds Ford,PA,19317,https://www.arrivechaddsford.com/
290579,Hutto Station,551 Exchange Blvd,Hutto,TX,78634,https://huttostation.com/
40193,AMLI South Shore,1620 E Riverside Dr,Austin,TX,78741,https://www.amli.com/apartments/austin/downtown-austin-apartments/amli-south-shore
217511,Soleste SeaSide,4 N Federal Hwy,Dania Beach,FL,33004,https://solesteseaside.com/
94295,Silver,333 Sunol St,San Jose,CA,95126,https://www.essexapartmenthomes.com/apartments/san-jose/silver
253788,Legacy Cool Springs,2000 Aureum Dr,Franklin,TN,37067,https://www.goldbergcompanies.com/legacy-cool-springs-franklin-tn/
242987,Thayer & Spring,915 Silver Spring Ave,Silver Spring,MD,20910,https://thayerspringapts.com/
281837,Railyard I,618 E Sycamore St,Denton,TX,76204,https://www.railyardapts.com/
272445,Station 316,316 New Boston St,Woburn,MA,1801,https://www.station316apartments.com/
281369,Dupont Meadows,2131 Sweet Breeze Way,Fort Wayne,IN,46818,https://www.dupontmeadows.com/
64796,The Residences at Eastern Market,777 C St SE,Washington,DC,20003,http://www.liveateasternmarket.com/
19995,BellCentre,308 108th Ave NE,Bellevue,WA,98004,https://www.essexapartmenthomes.com/apartments/bellevue/bellcentre
266388,Nova,1237 N Van Buren St,Milwaukee,WI,53202,https://novamke.com/
280564,Grant Row Lofts,14121 Grant St,Thornton,CO,80023,https://www.grantrowlofts.com/
271374,Joinery,1824 N Brevard St,Charlotte,NC,28206,https://www.joineryclt.com/
247448,Prospect Union Square,50 Prospect St,Somerville,MA,2143,https://www.prospectunionsquare.com/
61552,AMLI Joya,8150 SW 72nd Ave,Miami,FL,33143,https://www.amli.com/apartments/southeast-florida/dadeland-apartments/amli-joya
12379,Livingston,6301 Windhaven Pkwy,Plano,TX,75093,http://www.liveatthelivingston.com/
42977,Elms at Stoney Run,7581 Stoney Run Dr,Hanover,MD,21076,https://stoneyrunelmsliving.com/home#
80988,Folia,12520 Camino Del Sur,San Diego,CA,92129,https://www.livefolia.com/
3165,Pointe at Canyon Ridge,8350 Roswell Rd,Atlanta,GA,30350,https://www.irtliving.com/Apartments-In/Atlanta-GA/Pointe-At-Canyon-Ridge
274707,Prima at Paseo South Gulch,620 8th Ave S,Nashville,TN,37203,https://www.primasouthgulch.com/
279974,The Margot,2300 Margot St,Lawrenceville,GA,30043,https://www.livemargot.com/
5393,Avana Chestnut Hills,209 21st Ave SW,Puyallup,WA,98371,https://www.avanachestnuthills.com/
278390,parcHAUS at Firewheel,1600 Firewheel Pkwy,Garland,TX,75040,https://www.parchausatfirewheel.com/
273398,The Quinn,125 S Standridge Blvd,Anna,TX,75409,https://thequinnanna.com/
235398,Bell Rock Springs,550 Rock Springs Ct NE,Atlanta,GA,30306,https://www.bellrocksprings.com/
241986,West Lake Quarter - The Gateway,3420 List Pl,Minneapolis,MN,55416,https://www.thegatewayatwlq.com/
63771,Apex,1102 S Abel St,Milpitas,CA,95035,https://www.essexapartmenthomes.com/apartments/milpitas/apex?sc_camp=2648D1300BEC431BB11EB86F02F52DBD&utm_source=googlesearch
296593,YardHomes Juniper Pointe,2084 Alamo Pkwy,San Antonio,TX,78253,https://www.yardhomesjuniperpointe.com/?utm_source=adtaxi&utm_medium=search&utm_campaign=adtaxi&utm_content=search&utm_knock=psg&gclid=EAIaIQobChMIy9OOmdKMggMVi1J_AB2-JQa7EAAYASAAEgLzyPD_BwE
50834,Highland House Tower by Albion,5700 Bunkerhill St,Pittsburgh,PA,15206,https://highlandhousetowerapts.com/
22949,Civic Square Apartments,4890 Bernal Ave,Pleasanton,CA,94566,https://www.liveatcivicsquare.com/
5793,Magnolia Falls,2500 Green Tree Rd,Fredericksburg,VA,22406,https://magnoliafallsaptsva.com/
266987,The Sarah,7222 Conway Rd,Orlando,FL,32812,https://thesarahorlando.com/
299593,The Terra,13645 Elanna Ave,Louisville,KY,40245,https://terraluxuryliving.com/
291968,Tapestry East Bay,6981 Tapestry Heights Ave,Apollo Beach,FL,33572,https://www.tapestryeastbayapartments.com/?utm_knock=gmb
264787,The Asher,13460 Lyndhurst St,Austin,TX,78717,https://theasheraustin.com/
228980,The Hartley,350 Perimeter Center N,Atlanta,GA,30346,https://www.thehartleydunwoody.com/
277277,The Proximity,4115 Dr MLK Jr Blvd,New Bern,NC,28562,https://theproximitynewbern.com/
58390,30 Lancaster,30 Lancaster Ave,Wynnewood,PA,19096,https://live30lancaster.com/
61145,Oak & Ellum,2627 Live Oak St,Dallas,TX,75204,https://www.oakandellum.com/dallas/oak-ellum/conventional/
35968,Westheimer,2001 Westheimer Rd,Houston,TX,77098,http://www.thewestheimer.com/
13969,Retreat Westminster Center,6969 W 90th Ave,Westminster,CO,80021,https://www.retreatwestminstercenter.com/
264935,REVA,7301 Lake Bank Loop,Fort Myers,FL,33966,https://revaftmyers.com/
278371,Niche,1116 W Carmen St,Tampa,FL,33606,https://www.nichetampa.com/
293966,The Laramie at Indian Trail,329 Indian Trail,Harker Heights,TX,76548,https://www.laramieatindiantrail.com/
40372,Century Capital City,2350 Phillips Rd,Tallahassee,FL,32308,https://www.centurycapitalcity.com/
234178,Residences at Boardwalk II,8300 E 123rd St S,Bixby,OK,74008,https://www.residencesatboardwalk.net/
60715,38 Dolores,38 Dolores St,San Francisco,CA,94103,https://38doloressf.com/?rccustomid=MjUxNjU=-DLMN7JBJOrM=&utm_source=greystar&utm_medium=ils
35181,Rockwall Commons,1389 Ridge Rd,Rockwall,TX,75087,www.rockwallcommonsapts.com
238380,The Caroline Eastside,1735 N Greenville Ave,Richardson,TX,75081,https://www.livecarolineeastside.com/
240525,RiverMark Northern Liberties,501 N Christopher Columbus Blvd,Philadelphia,PA,19123,https://rivermarknorthernliberties.com/
75792,Parc at Lyndhurst,601 Riverside Ave,Lyndhurst,NJ,7071,https://www.parcatlyndhurst.com/
63558,Pearl Dadeland,7440 N Kendall Dr,Kendall,FL,33156,http://pearldadeland.com/
291337,Vasari at Ventana,4800 Citrus Ave,Fontana,CA,92336,https://livingatvasari.com/
242964,Horizon Wiregrass Ranch,28878 Golden Vista Blvd,Wesley Chapel,FL,33543,https://www.horizonwiregrassranch.com/
83376,1110 Key Federal Hill,1110 Key Hwy,Baltimore,MD,21230,https://livefedhill.com/
7980,Tesota Morningside,3958 Montgomery Blvd NE,Albuquerque,NM,87109,https://www.tesotamorningside.com/
15190,The Elms At Centreville,13840 Braddock Springs Rd,Centreville,VA,20121,https://centrevilleelmsliving.com/#
289762,Base,8600 N Grand Canyon Dr,Las Vegas,NV,89166,https://www.baseapthomes.com/
67832,The Eugene,435 W 31st St,New York,NY,10001,https://rent.brookfieldproperties.com/property/the-eugene/
53361,Fountains Southend,126 New Bern St,Charlotte,NC,28203,https://www.irtliving.com/Apartments-In/Charlotte-NC/Fountains-Southend
268966,Nollie,2125 E Apache Blvd,Tempe,AZ,85281,https://www.nollietempe.com/
15168,Yorkshire,11401 July Dr,Silver Spring,MD,20904,www.yorkshireapts.com
233143,Aura Watermark,420 N Scottsdale Rd,Tempe,AZ,85288,https://www.aurawatermarktempe.com/
267162,Avendale,798 Sam Houston Dr,Bastrop,TX,78602,https://www.avendaleatthecolony.com/?utm_knock=gmb
289176,The Massell,1230 Joe Frank Harris Pkwy SE,Cartersville,GA,30120,https://www.themassell.com/
73379,The Apartments at Canterbury,9206 Oswald Way,Rosedale,MD,21237,http://www.wm-canterbury.com/
32780,Hillside Village,1801 Shattuck Ave,Berkeley,CA,94709,www.hillsidevillageberkeley.com
220789,FIVE50,550 E 3rd Ave,Denver,CO,80203,https://redpeak.com/property/550-e-3rd/?utm_knock=gmb
272565,Arden at Kohlers Crossing,19500 I-35,Kyle,TX,78640,https://ardenatkohlerscrossing.com/
75340,1005 Grove Avenue,1005 Grove Ave,Richmond,VA,23220,https://www.liveatvcu.com/
232507,Nexen,2968 W 7th St,Los Angeles,CA,90005,https://nexenapartments.com/
67328,Junction at Galatyn Park,1050 Galatyn Pkwy,Richardson,TX,75082,www.junctionatgalatynpark.com
298969,The Watt,550 Westlake Park Blvd,Houston,TX,77079,https://thewattapts.com/?utm_source=greystar&utm_medium=affiliate
270109,Modera Parkside,180 10th St NE,Atlanta,GA,30309,https://www.moderaparksideatl.com/
67527,Griffin Center City,1338 Chestnut St,Philadelphia,PA,19107,https://griffinphilly.com/
283997,Wicklowe,14211 Akron Ave,Rosemount,MN,55068,https://www.livewicklowe.com/
285210,Aura High Pointe,6701 N FM 620,Austin,TX,78732,https://www.aurahighpointe.com/
53359,Ayrsley Lofts,9336 Kings Parade Blvd,Charlotte,NC,28273,http://www.ayrsleylofts.com/
260505,Onyx Uptown PHX,500 W Camelback Rd,Phoenix,AZ,85013,https://broadstoneuptownphx.com/
3765,Townhomes at Highcrest,3296 83rd St,Woodridge,IL,60517,https://www.townhomesathighcrest.com
12431,23Hundred at Ridgeview,2300 Kathryn Ln,Plano,TX,75025,https://www.2300ridgeview.com/
98191,Timber,3303 Bluff St,Boulder,CO,80301,https://www.sparkboulderapts.com/timber
264772,Veranda,7205 E Ben White Blvd,Austin,TX,78741,https://verandaatx.com/
54553,AMLI Evanston,737 Chicago Ave,Evanston,IL,60202,https://www.amli.com/apartments/chicago/near-north-suburbs-apartments/amli-evanston
60974,Meeting St Lofts - E.Central I,601 Meeting Street,Charleston,SC,29403,http://meetingstreetlofts.com/
254550,Shoregate,143 4th Ave,Bay Shore,NY,11706,https://www.shoregateli.com/
303643,Chastain Hill,3538 Hwy 92,Douglasville,GA,30135,https://livechastainhill.com/
247363,South Main Building,7557 Main St,Houston,TX,77030,https://www.livesouthmainhouston.com/
284559,Solamar Wildwood,1201 Cleveland Ave,Wildwood,FL,34785,https://livesolamarwildwood.com/
53754,The Point at Pine Ridge,1 Avalon Pines Dr,Coram,NY,11727,https://www.thepointpineridge.com
32743,Deco North Lake Shore,1400 N Lake Shore Dr,Chicago,IL,60610,https://decolakeshoredrive.com/
246348,Vesi,730 1/2 N 1st St,Minneapolis,MN,55401,https://www.vesimpls.com/
14744,Avana Acworth,4710 Baker Grove Rd NW,Acworth,GA,30101,https://www.avanaacworth.com/
93977,EON Squared,444 NE 7th St,Fort Lauderdale,FL,33304,https://www.eonflaglervillage.com/
5854,Terra at Piney Point Apartments,8787 Woodway Dr,Houston,TX,77063,www.terraatpineypoint.com
61983,Hub 9,980 NE Orenco Station Loop,Hillsboro,OR,97124,https://www.hollandresidential.com/or/hillsboro/hub9
62919,Be DTLA,1120 W 6th St,Los Angeles,CA,90017,https://www.bedtla.com/?utm_source=GoogleLocalListing&utm_medium=organic
31197,The Village at Toluca Lake I,211 N Valley St,Burbank,CA,91505,https://www.essexapartmenthomes.com/apartments/burbank/the-village-at-toluca-lake
271348,Alta Rochelle,1021 South St,Nashville,TN,37203,https://altarochelle.com/
232470,Madison at Ballston Station I,4400 4th St N,Arlington,VA,22203,http://madisonatballstonstation.com/
54565,Southwestern,5959 Maple Ave,Dallas,TX,75235,http://thesouthwestern.com/
276368,The James,3707 Grand Ave,Des Moines,IA,50312,https://www.thejamesongrand.com/
225321,Residences at La Colombe d'Or,3411 Yoakum Blvd,Houston,TX,77006,https://livelacolombedor.com/
277583,Alta French Hill,303 Lincoln St,Marlborough,MA,1752,https://altafrenchhill.com/
288382,Birchway Hudson Oaks,150 Inspiration Dr,Hudson Oaks,TX,76087,https://www.birchwayhudsonoaks.com/?utm_source=GoogleLocalListing&utm_medium=organic
281759,Soltra Firewheel,902 Town Center Blvd,Garland,TX,75040,https://soltrafirewheel.com/
77993,The Heyward,3220 Hatchet Bay Dr,Charleston,SC,29414,http://theheywardwestashley.com/
298439,The Stately Queen Creek,19365 E Rittenhouse Rd,Queen Creek,AZ,85142,https://www.thestatelyqc.com/
228549,Maker,1516 S St,Sacramento,CA,95811,https://makermidtown.com/
5463,Crestline Cary,10300 Kingsclere Dr,Cary,NC,27511,https://www.crestlinecaryapts.com/
242587,Victor Prosper,195 W Davis St,Dallas,TX,75208,https://livevictorprosper.com/
239952,AMLI Toscana Place,5971 Toscana Dr,Davie,FL,33314,https://www.amli.com/apartments/southeast-florida/fort-lauderdale-apartments/amli-toscana-place
13943,Crossroads Ranch,12655 Crossroads Park Dr,Houston,TX,77065,https://www.liveatcrossroadsranch.com/home
282943,Caliza at the Loop,4510 N Loop 1604 E,San Antonio,TX,78247,https://www.livecaliza.com/
279203,Hamlet Maybank I,2029 Harlow Way,Charleston,SC,29455,https://www.hamletmaybank.com/
260192,Perla Gem Lake,100 Boucle Jeanne Cir,Maitland,FL,32751,https://perlagemlake.com/
12350,Remi,2217 Ivan St,Dallas,TX,75201,https://www.remiluxuryliving.com/
80645,Rosera Wesmont,200 Rosie Square,Wood Ridge,NJ,7075,https://roserawesmont.com/
242191,AMLI West Loop,205 S Peoria St,Chicago,IL,60607,https://www.amli.com/apartments/chicago/west-loop-apartments/amli-west-loop
246967,Novel Midtown,1140 Spring St NW,Atlanta,GA,30309,https://www.novelmidtownatl.com/
60353,The George,285 George St,New Brunswick,NJ,8901,https://www.thegeorgenewbrunswick.com/?utm_source=GBP&utm_medium=organic&utm_campaign=appointment
265863,Starling at Bridgeland,16200 Bridgeland High School Dr,Cypress,TX,77433,https://starlingatbridgeland.com/
8390,Harborview I,1286 W Capitol Dr,San Pedro,CA,90732,https://www.harborviewatsanpedro.com/
260157,The Rosie,1461 S Blue Island Ave,Chicago,IL,60608,https://livetherosie.com/
25909,Avana Creekside,13301 Crescent Springs Dr,Charlotte,NC,28273,https://www.avanacreekside.com/
22995,The Sands Orlando,3700 Curry Ford Rd,Orlando,FL,32806,https://www.sandsorlandoapts.com/
285567,SW 38th Avenue I,2300 SW 38th Ave,Ocala,FL,34474,https://www.sw38thaveapts.com/
276162,Modera Academical Village I,3440 SW 76 Ter,Davie,FL,33328,https://www.moderaacademicalvillage.com/
266891,The Grove at La Frontera,8100 S Collins St,Arlington,TX,76002,https://thegrovelf.com/
294956,The Brightly,1005 Brentwood Dr,Davenport,FL,33837,https://thebrightlyapartments.com/
37719,1611 On Lake Union,1611 8th Ave N,Seattle,WA,98109,https://1611onlakeunion.com/
7344,Tradition at Palm Aire,8445 Gardens Cir,Sarasota,FL,34243,https://www.traditionapthomes.com/
70973,Origin,700 N Randolph St,Arlington,VA,22203,https://originballston.com/
276556,The Row Waterside (Apartments),1420 Lakefront Dr,Sarasota,FL,34240,https://www.therowwaterside.com/
249898,Bell Alderwood,2927 Alderwood Mall Blvd,Lynnwood,WA,98036,https://www.bellalderwood.com/
86942,4th & J,372 Fourth Ave,San Diego,CA,92101,https://www.live4thandj.com/
34550,Enclave at Wesley Chapel,1930 Devonwood Dr,Wesley Chapel,FL,33544,https://www.enclavewesleychapel.com/
285558,The Note,14041 Hyatt Rd,Jacksonville,FL,32218,https://www.thenoteapartments.com/?utm_source=gmb&utm_medium=organic
76790,Avana on Wilshire,635 S Hobart Blvd,Los Angeles,CA,90005,http://avanaonwilshire.com/
292744,Chartwell Commons at Green Lea,2076 Chartwell Way,Gallatin,TN,37066,https://www.chartwellcommonsatgreenlea.com/
12963,The Blake LA,733 N Kings Rd,Los Angeles,CA,90069,https://www.essexapartmenthomes.com/apartments/the-blake-la
62743,Residences at Falcon North,6416 Honey Grove,Colorado Springs,CO,80923,http://www.residencesatfalconnorth.com/
41185,Gallery 421,421 W Broadway,Long Beach,CA,90802,https://www.imtresidential.com/imtgallery421/
49918,Hamlet Apartments,2210 EP True Pkwy,West Des Moines,IA,50265,https://www.hamletwdm.com/
264572,The Vivian,1246 Allene Ave SW,Atlanta,GA,30310,https://www.vivianatl.com/
15579,Regency Palm Court,914 S Wilton Pl,Los Angeles,CA,90019,https://www.essexapartmenthomes.com/apartments/los-angeles/regency-palm-court
4275,Summit Riverside,4957 S Prince Ct,Littleton,CO,80123,https://home.securityproperties.com/summitriverside
33982,Courtney Ridge,920 Yorkmont Ridge Ln,Charlotte,NC,28217,https://rent.brookfieldproperties.com/property/courtney-ridge/
14159,Calista,17030 N 49th St,Scottsdale,AZ,85254,https://www.liveatcalista.com/
58178,The Porter Brewers Hill,3700 Toone St,Baltimore,MD,21224,http://www.porterbrewershill.com/
266348,Solasta,7606 Klotz Ranch Ct,Sacramento,CA,95831,https://www.livesolasta.com/
8956,Fox Trails,6300 Roundrock Trail,Plano,TX,75023,https://www.irtliving.com/Apartments-In/Plano-TX/Fox-Trails?switch_cls[id]=101750&utm_source=google&utm_medium=organic&utm_campaign=gmb-listing&utm_content=homepage
265397,Yesler Towers,809 S Washington St,Seattle,WA,98104,https://yeslertowers.com/
264589,Hazel at National Landing,3130 Potomac Ave,Arlington,VA,22202,https://www.livehazelnationallanding.com/
33738,Sagamore Court,559 Sagamore Ave,Portsmouth,NH,3801,https://www.forestproperties.net/property/sagamore-court/
69188,727 West Madison,727 W Madison St,Chicago,IL,60661,https://727westmadison.com
279186,The Trailhead at Chisholm Trail Ranch,9301 Brewer Blvd,Fort Worth,TX,76123,https://livechisholmtrailhead.com
261770,AMLI Broadway Park,357 S Bannock St,Denver,CO,80223,https://www.amli.com/apartments/denver/broadway-park-apartments/amli-broadway-park
257761,The Emory,1345 14th St,Plano,TX,75074,https://www.theemoryplano.com/
5157,The Sycamores,1815 A Sycamore Valley Dr,Reston,VA,20190,https://www.wm-thesycamores.com/
234584,The Crescent at Chevy Chase,3929 Landmark Ct,Chevy Chase,MD,20815,https://crescentatchevychase.com/
251165,The Overland,2065 S Cherokee St,Denver,CO,80223,https://www.theoverlandbyavanti.com/
62789,The Aster Town Center,3131 Roslyn Way,Denver,CO,80238,https://thetowncentercollection.com/community/the-aster-town-center/
289344,The Lodge,3000 Green District Blvd,Marlborough,MA,1752,https://thelodgemarlboro.com/
272287,Parc at Roxbury,400 Cardinal Ct,Roxbury Township,NJ,7852,https://www.parcatroxbury.com/
69592,Norte Town Lake,909 E Playa Del Norte Dr,Tempe,AZ,85288,https://www.nortetownlakeapartments.com/norte-town-lake-tempe-az/?utm_source=google&utm_medium=organic&utm_campaign=google-my-business&utm_term=12047
23586,Sofi Belmont Hills,2515 Carlmont Dr,Belmont,CA,94002,www.sofibelmonthills.com
217552,Anson,1008 Carolan Ave,Burlingame,CA,94010,https://www.ansonliving.com/
290158,Ascend at Clay Town Center,1637 Ascend Village Ln,Middleburg,FL,32068,https://ascendclaytowncenter.com/
246749,Moment,650 Portland Ave S,Minneapolis,MN,55415,https://momentmpls.com/
2326,Autumn Chase,1606 N. IH 35,San Marcos,TX,78666,http://www.myautumnchase.com/
299792,Casey Corner,17995 Cunning Ct,Westfield,IN,46074,https://caseycornertownhomes.com/
61969,Echelon at Odenton,315 Nevada Ave,Odenton,MD,21113,https://www.missionrockresidential.com/apartments/md/odenton/echelon-at-odenton/
303363,The Curtis,161 Mechanic St,Bellingham,MA,2019,https://www.thecurtisapts.com/?utm_source=gbp&utm_medium=organic#contact
28946,Arbor Place,5832 Stewart Pkwy,Douglasville,GA,30135,http://www.liveatarborplace.com/
253393,The Lindley,1331 Columbia St,San Diego,CA,92101,https://www.livethelindley.com/
4734,The Heights on Huron,10648 Huron St,Northglenn,CO,80234,https://avantiresidential.com/property/heights-on-huron/
255363,Aquatera,55 Gardner Dr,Hilton Head Island,SC,29926,https://aquaterahhi.com/
61979,Villa Milano,13740 Howe Ln,Leawood,KS,66224,https://www.villamilano.us/
239348,International City Chalets,7900 Lindbergh Blvd.,Philadelphia,PA,19153,https://www.internationalcityapts.com/
230996,West Bottoms Flats,1515 W 9th St,Kansas City,MO,64101,https://www.westbottomsflats.com
24392,Willow Creek,935 Willowleaf Dr,San Jose,CA,95128,http://willowcreeksanjose.com/
288891,The Parker,5944 Hwy 92,Acworth,GA,30102,https://theparkerga.com/
60732,Lamar Union,1100 S Lamar Blvd,Austin,TX,78704,https://www.lamarunion.com/
273293,Charleston Wesley Chapel,33780 Charleston Club Cir,Wesley Chapel,FL,33543,https://charlestonwesleychapel.com/
75158,The Glen at Oldtown,7979 E Camelback Rd,Scottsdale,AZ,85251,https://www.theglenatoldtown.com/?utm_source=GoogleLocalListing&utm_medium=organic#
235183,Lex & Leo at Waterfront Station,1150 4th St SW,Washington,DC,20024,https://www.lexandleowaterfront.com/
57777,Summit Crossing North,3920 Ivy Summit Ct,Cumming,GA,30041,https://www.summitcrossingapts.com/
252534,The Mark at Fishers District,11547 Yard St,Fishers,IN,46037,https://www.themarkatfishersdistrict.com/the-mark-at-fishers-district-fishers-in/
230755,Park Guilderland,457 State Route 146,Guilderland Center,NY,12085,http://www.parkguilderland.com
300754,Marlowe Naples,6026 Whitaker Rd,Naples,FL,34112,https://www.marlowenaples.com/
232356,The Mix at CTR City,184 W Center Street Promenade,Anaheim,CA,92805,https://www.livethemix.com/
253381,Felix,420 Mendocino Ave,Santa Rosa,CA,95401,https://www.felixliving.com/
47187,Lodge At Pecan Creek,6503 W Shady Shores Rd,Denton,TX,76208,www.lodgeatpecancreekapts.com
225995,The Rise at Flagler Village,405 NE 2nd St,Fort Lauderdale,FL,33301,https://www.theriseatflaglervillage.com/
293343,Norden Range,1455 Pabst Rd,Oconomowoc,WI,53066,https://nordenrange.com/
256493,Triton Cay I,5801 Lakehurst Dr,Orlando,FL,32819,https://www.tritoncayorlando.com/
255134,Cortland Royal Palm Beach,11200 Nicole Dr,Royal Palm Beach,FL,33414,https://cortland.com/apartments/the-villas-at-tuttle-royale/
242349,Reveal on the Lake,1600 President George Bush Hwy,Rowlett,TX,75088,https://www.revealonthelake.com/
242565,One Six Six,166 N Aberdeen St,Chicago,IL,60607,https://onesixsixchicago.com/
39779,Riverpark Apartments,15803 Bear Creek Pkwy,Redmond,WA,98052,https://www.lifeatriverparkapartments.com/riverpark-apartments-redmond-wa/
92969,Meritum Sheely Farms,2121 N 99th Ave,Phoenix,AZ,85037,https://www.meritumsheelyfarms.com/
65399,Revel at NoMa CNTR,1005 First St NE,Washington,DC,20002,https://www.revelaptsdc.com/
292977,LEO at Cartersville,100 Bethel Pl,Cartersville,GA,30121,https://www.leocartersville.com/
245929,City Ridge,30 Ridge Square NW,Washington,DC,20016,http://cityridgedc.com/
37156,Autumn Woods I & II,8500 Tree Top Ct N,Miamisburg,OH,45342,www.autumnwoodsdayton.com
63348,Green Leaf Sky,4745 40th Ave SW,Seattle,WA,98116,https://www.greenleafskyapartments.com/
97533,Hudson Park River Club,63 Wells Ave,Yonkers,NY,10701,https://www.livehudsonpark.com/
92350,Pike Flats,722 E Pike St,Seattle,WA,98122,https://www.hillcollectiveseattle.com/
246996,TruNorth at Bulverde II & III,17715 Overlook Loop,San Antonio,TX,78259,https://trunorthatbulverde.com/
297737,ZOE,3801 Meyers Ln,Lacy Lakeview,TX,76705,https://www.thezoeapartments.com/
219410,MIRO,181 E Santa Clara St,San Jose,CA,95113,https://rentmiro.com/
68739,461 Dean,461 Dean St,Brooklyn,NY,11217,https://461dean.com/
282527,Respara,11600 Dunstan Way,Los Angeles,CA,90049,https://liverespara.com/
227350,King's Manor,2161 Camelot Dr,Harrisburg,PA,17110,https://www.morgan-properties.com/apartments/pa/harrisburg/kings-manor-apartments/
12594,Elan at Mallard Creek,2305 New England St,Charlotte,NC,28269,http://www.elanatmallardcreek.com/
299371,Cottages at Brightleaf,2421 Sanders Ave,Durham,NC,27703,https://www.cottagesatbrightleaf.com/
64728,7/S Denver Haus,175 E 7th Ave,Denver,CO,80203,https://redpeak.com/apartments/7s-denver-haus/
266145,Forge 65,799 NE 60th St,Pleasant Hill,IA,50327,https://www.forge65.com/
26736,The Boro - Phipps,3460 Kingsboro Rd NE,Atlanta,GA,30326,https://www.theboroapartments.com/?switch_cls%5Bid%5D=64893&utm_source=gmb&utm_medium=organic&oll_switch_cls%5Bid%5D=64893&oll_utm_source=gmb&oll_utm_medium=organic
243758,Pearl Rosemont,2727 Albany St,Houston,TX,77006,https://www.pearlrosemont.com/
267285,The Springs at Three Oaks,1131 Central Park Dr,Crystal Lake,IL,60014,https://www.springsapartments.com/apartments/il/crystal-lake/springs-at-three-oaks/
61724,The James Park Place,2303 Mid Ln,Houston,TX,77027,https://www.thejamesriveroaks.com/
279552,The Edison at Farrow Commons,3383 Edison Cir,Myrtle Beach,SC,29577,https://www.edisonfarrowcommons.com/
69128,Lake Lucerne Towers,20 W Lucerne Cir,Orlando,FL,32801,www.lakelucernetowers.com
10988,Woodlyn,123 S Wilson Crk Blvd,McKinney,TX,75069,https://woodlynapartments.com/
238620,Artistry on 10th,95 S 10th St,Minneapolis,MN,55403,https://www.artistryon10th.com/
266924,RainDance,200 Ave C SW,Winter Haven,FL,33880,https://www.raindancewh.com/rain-dance-winter-haven-fl/
253586,Sonya,40 Patterson St NE,Washington,DC,20002,https://www.livesonya.com/
284598,Sunrise Station,11260 Point E Dr,Rancho Cordova,CA,95742,https://www.liveatsunrisestation.com/
77391,South Beach by Logan,8920 W Russell Rd,Las Vegas,NV,89148,www.southbeachbylogan.com
267554,Perch at Dawson's Ramble,7731 Menchaca Rd,Austin,TX,78745,https://perchapartments.com/
275726,The Hudson,3600 Rainbow Blvd,Kansas City,KS,66103,https://www.thehudsonkc.com/
77411,930 Central Flats,930 Central Ave,St. Petersburg,FL,33705,https://live930.com/
294586,The Ridge at North Pointe,5025 Huntly Ridge St,Charlottesville,VA,22911,https://ridgeatnorthpointe.com/
58946,Tacara at Westover Hills,8543 TX-151,San Antonio,TX,78245,https://www.olympusproperty.com/apartments/tx/san-antonio/tacara-at-westover-hills/
237738,Waynewood Apartments,6737 N Wayne Rd,Westland,MI,48185,https://waynewoodapts.com/
268169,Millyard at Meadow Commons,98 Pane Rd,Newington,CT,6111,https://millyardliving.com/
42586,Birchstone Northlake,13900 Chadwick Pkwy,Northlake,TX,76262,https://www.birchstonenorthlake.com/
268339,Hyde Park,6854 Henneman Way,McKinney,TX,75070,https://hydeparkmckinney.com/
273979,The Hayley,775 N 6th St,Sacramento,CA,95811,https://www.thehayleysacramento.com/
296175,Compass Meridian,9035 Storm Peak St,Englewood,CO,80112,https://www.sheaapartments.com/apartments/compass-meridian/?utm_source=gmb&utm_medium=organic&utm_campaign=compass
218365,Sequoia Apartments,460 Lindale Dr,Springfield,OR,97477,www.livesequoiaor.com
56767,Bridge at the Kenzie,3201 Esperanza Crossing,Austin,TX,78758,https://www.bridgeatthekenzie.com/
26552,IMT Sorrento Valley,11102 Caminito Alvarez,San Diego,CA,92126,https://imtresidential.com/properties/imt-sorrento-valley/
293332,Taverna at the Forum,3240 Champion Ring Rd,Fort Myers,FL,33905,https://livetavernaftmyers.com/
78949,The Veranda at Market Common,2501 Hammock St,Myrtle Beach,SC,29577,https://www.theverandaatmarketcommon.com
31701,Arcadia Villa,3915 E Camelback Rd,Phoenix,AZ,85018,https://www.maxxproperties.com/az/phoenix/arcadia-villa-apartments/amenities.aspx
267984,Tapestry Patterson Lane,2035 Tapestry Park Dr,Indian Land,SC,29707,https://tapestrypattersonlaneapartments.com/
219128,The Curb,200 Glover Ave,Norwalk,CT,6850,https://www.thecurbapts.com/
296984,Aspire Naples,5050 Aspire Way,Naples,FL,31440,https://aspirenaples.com/
45720,Piper Lofts at Crossroads,117 W 20th St,Kansas City,MO,64108,http://www.piperlofts.com
27963,Miramar Lakes,10720 N Preserve Way,Miramar,FL,33025,https://rent.brookfieldproperties.com/property/miramar-lakes/
264726,The Kendry,8402 IBM Dr,Charlotte,NC,28262,https://www.kendryclt.com/
22734,Rosemont Dunwoody,501 Northridge Rd,Atlanta,GA,30350,https://rosemontdunwoody.com/
270172,Covey Homes Jennings Place,5943 Ravines Ln,Pensacola,FL,32526,https://coveyhomesbymore.com/neighborhood/jennings-place/
295254,Broadstone Overlands,5000 Collina Ter,Clermont,FL,34711,https://broadstoneoverlands.com/
64389,Wilshire Valencia,1515 Wilshire Blvd,Los Angeles,CA,90017,http://wilshirevalencia.com/
37386,AMLI Quadrangle,2717 Howell St,Dallas,TX,75204,https://www.amli.com/apartments/dallas/downtown-dallas-apartments/amli-quadrangle
273989,Lanai I,450 N Apache Rd,Buckeye,AZ,85326,https://www.mark-taylor.com/apartments/az/buckeye/lanai/
286698,The Southerly at Shipyards,130 Shipyard Way,St Augustine,FL,32084,https://www.thesoutherlyattheshipyard.com/
261530,Waterline Square,400 W 61st St,New York,NY,10069,https://www.waterlinesquare.com/
278955,Tamarron,29403 Cayman Canyon Way,Katy,TX,77494,https://coveyhomesbymore.com/neighborhood/tamarron/
50345,Metropolitan At 40 Park,40 Market St,Morristown,NJ,7960,https://www.themetropolitanat40park.com/
266452,Waterview,19525 W Bellfort St,Richmond,TX,77406,https://www.thewaterviewapts.com/
65541,McKinney Square,6600 McKinney Ranch Pkwy,McKinney,TX,75070,https://www.mckinneysquareapartments.com/
262539,Modera Montville,340 Changebridge Rd,Pine Brook,NJ,7058,https://www.moderamontville.com/
50977,Cherry Hill Manor,167 Cherry Valley Dr,Inkster,MI,48141,www.cherryhillmanor.com
266377,Arka Heights I,4650 Old Charlotte Hwy,Monroe,NC,28110,https://www.arkaheights.com/
224746,Upshore Residences,4555 N Sheridan Rd,Chicago,IL,60640,https://upshoreresidences.com/
276137,Caliza Ridge,5219 Rogers Rd,San Antonio,TX,78251,https://calizaridge.com/
250124,One Clinton Park,55 Clinton Pl,New Rochelle,NY,10801,https://oneclintonpark.com/
70993,Modera Mosaic,2920 District Ave,Fairfax,VA,22031,https://www.moderamosaic.com/
225712,Ruby Hollywood,7200 Franklin Ave,Los Angeles,CA,90046,https://www.decron.com/apartments-the-ruby-hollywood/
265972,Aspire,11403 Parallel Pkwy,Kansas City,KS,66109,https://www.aspirelivingkc.com/
274384,Bryn House,2490 N Druid Hills Rd,Atlanta,GA,30329,https://brynhouseatl.com/
296586,Summerwell,1121 Duet Dr,Wendell,NC,27591,https://www.summerwellharmony.com/
274585,Eden at Sunterra,2654 Aruba Bend Dr,Katy,TX,77493,https://edenatsunterra.com/?utm_source=greystar&utm_medium=ils
251514,LC SoBro I,209 Elm St,Nashville,TN,37210,https://lifestylecommunities.com/community/lc-sobro
27948,Trails at Canyon Creek,9807 N FM 620,Austin,TX,78726,https://www.thetrailsatcanyoncreek.com/
259569,Beaumont Oaks,115 Beaumont Oaks Dr,Wilmington,NC,28411,https://beaumontoaksatportersneck.com/floorplans/
62784,Waterford on Mainstreet,18588 E Mainstreet,Parker,CO,80134,https://www.waterfordonmainstreet.com
60727,The Reserves at Alafaya,3715 Alafaya Heights Rd,Orlando,FL,32828,https://www.liveatreservesatalafaya.com/
13314,Woodland Meadows,25335 Budde Rd,Spring,TX,77380,https://www.imtresidential.com/properties/imt-woodland-meadows/
264163,Josephine,1620 Sansom St,Philadelphia,PA,19103,https://josephineapartments.com/
285331,Silos Harvest Green,3502 Harvest Bounty Dr,Richmond,TX,77406,https://www.silosharvestgreen.com/
78717,Savoy,650 E Brooklyn Vlg Ave,Charlotte,NC,28202,www.savoyclt.com
259919,Compass at the Grove,1001 Compass Wy,Newark,DE,19711,https://www.compassatthegrove.com/
297947,Alexan Montview Plaza,2060 Chester St,Aurora,CO,80010,https://alexanmontview.com/
64134,The Aspen,1011 4th St NW,Washington,DC,20001,www.livetheaspenapts.com
254511,Woods at Forest Crossing,3755 E McKinney St,Denton,TX,76208,https://woodsatforestcrossing.com/
33133,Parcside Townhomes,2500 Central Park Ln,College Station,TX,77840,https://www.parcsidetownhomes.com/
268337,The Shoals,5000 Enoree Shoals Dr,Greer,SC,29650,https://www.shoalsapts.com/
16960,Deer Path on the Lake,10200 N Armenia Ave,Tampa,FL,33612,https://www.maxxproperties.com/fl/tampa/deerpath-on-the-lake/index.aspx?_yTrackUser=MTE2OTAyMjQ5OSM4MzM2ODAxNDc%3d-L%2bQUf%2fXhI18%3d&_yTrackVisit=MjA4MDMwMTE1NSM0MDY2MjY5NzM%3d-JJfO4OVJw3U%3d&_yTrackReqDT=53081920211105
73968,Bay Crossing,4711 S Himes Ave,Tampa,FL,33611,www.baycrossingapartments.com/
276784,View 22,100 Ida Seals Dr,Clinton,NJ,8809,https://liveatview22.com/
224184,The Landon of Cromwell,150 Country Squire Dr,Cromwell,CT,6416,http://www.thelandonofcromwell.com/
263585,Broadstone Optimist Park,2010 N Brevard St,Charlotte,NC,28206,https://theblakeoptimistpark.com/?funnelleasing=onlinelisting&utm_source=gmb&utm_medium=organic
246595,Wallis & Baker,3155 Stars and Stripes Way,Grapevine,TX,76051,https://www.wallisandbaker.com/
278521,Park East,200 Mesnager St,Los Angeles,CA,90012,https://parkeastla.com/
77949,Viridian Central,9436 Ulysses St NE,Blaine,MN,55434,https://viridiancentral.com/
251384,Griffin 441,4465 Griffin Rd,Davie,FL,33314,https://griffin441.com/
254330,Elan Polo Gardens,4310 Chukka Ln,Lake Worth,FL,33467,https://elanpologardens.com/
253447,Brickline at the Mercantile,901 Farnam St,Omaha,NE,68102,https://bricklineatthemercantile.com/
57767,Sagestone Village,3255 Sagestone Dr,Fort Worth,TX,76177,http://www.sagestonevillage.com/
283126,Tara Ridge,412 SW Stone Blvd,Bentonville,AR,72713,https://www.trulohomes.com/tara-ridge
60750,The Meyden,10333 Main St,Bellevue,WA,98004,http://www.themeydenbellevue.com/
252717,Brea,3200 Peek Rd,Katy,TX,77449,https://www.brealuxury.com?utm_source=realpage&utm_medium=referral&utm_campaign=cta
265146,3030 at Apopka,3030 Ascend Oak St,Apopka,FL,32703,https://www.irtliving.com/Apartments-In/Apopka-FL/3030-at-Apopka
253777,Jayne,360 Acoma St,Denver,CO,80223,https://www.greenleafjayne.com/
97536,The Sheldon at Suffern Station,92 Blauvelt Wy,Suffern,NY,10901,http://thesheldonatsuffern.com/
37721,Belcarra,10688 NE 10th St,Bellevue,WA,98004,https://www.essexapartmenthomes.com/apartments/bellevue/belcarra?sc_camp=2648D1300BEC431BB11EB86F02F52DBD&utm_source=googlesearch
40789,Lucky Strike Lofts at Tobacco Row,2600 E Cary St,Richmond,VA,23223,https://theriverlofts.com/home
260872,Balsa,1313 L St NW,Washington,DC,20005,https://livebalsa.com/
283553,Jefferson Arbor,1000 Persimmon Dr,Anna,TX,75409,https://www.jeffersonarbor.com/
39324,Domain at City Centre,811 Town and Country Blvd,Houston,TX,77024,http://www.domainatcitycentre.com/
224836,Standard On Main,22 E Exchange St,Akron,OH,44308,~
273324,Hamlet Watkins Centre,437 American Elm Dr,Midlothian,VA,23114,https://www.hamletwatkinscentre.com/
258941,Bellevue 10,10050 NE 10th St,Bellevue,WA,98004,http://www.bellevue10.com/
279603,YardHomes Parkside,2850 N Bonnie Brae St,Denton,TX,76207,https://www.yardhomesparkside.com/
271190,The Millstone Commons,2200 S Daylight Dr,Sioux Falls,SD,57110,https://www.millstonecommons.com/
46920,Arbor Park Gainesville,309 SW 16th Ave,Gainesville,FL,32601,https://arborpark.com/
255184,Hub13,1310 W Nicholas Dr,Oak Creek,WI,53154,https://www.liveathub13.com/
229796,Terra Mar,93 Dune Lakes Cir,Santa Rosa Beach,FL,32459,http://terramarapts.com/
62778,AMLI Dry Creek,7471 S Clinton St,Englewood,CO,80112,https://www.amli.com/apartments/denver/englewood-centennial-apartments/amli-dry-creek
29139,Victoria Place,12612 Victoria Pl Cir,Orlando,FL,32828,http://www.victoriaplaceorlando.com/
44519,Paseo Residences at Eilan,17803 La Cantera Terrace,San Antonio,TX,78256,https://www.paseoeilan.com/
56129,City Vista,325 Elizabeth Dr,Pittsburgh,PA,15220,https://www.cityvistaapts.com/
278340,Anthem Everett,484 2nd St,Everett,MA,2149,https://anthemeverett.com/
263498,The Julington,12397 San Jose Blvd,Jacksonville,FL,32223,https://risejulington.com/
61159,Century Afton Ridge,410 Starmount Park Blvd,Concord,NC,28027,https://www.centuryaftonridge.com/?rcstdid=Mg%3D%3D-YRjTEizZPgM%3D&utm_source=google+biz&utm_medium=organic
275318,Mountain Creek,155 Mountain Creek Way,Waynesville,NC,28786,https://www.mountaincreekapartments.com/?utm_source=GBP&utm_medium=organic
65327,Beacon Harbor Point,1 Harbor Point Rd,Stamford,CT,6902,http://www.beaconharborpt.com
258863,Alexander Pointe,535 Willow Pond Blvd,Maineville,OH,45039,https://www.alexanderpointe.com/#/
265147,Aura Delray Beach,2095 W Atlantic Ave,Delray Beach,FL,33445,https://auradelraybeach.com/
61162,Mercury Noda,3310 N Davidson St,Charlotte,NC,28205,https://www.mercurynoda.com/
259901,Mallory,3640 Blue Fin Way,Fort Myers,FL,33916,https://www.themallorytownhomes.com/
61970,Yards at Fieldside,816 Long Dr,Aberdeen,MD,21001,www.yardsatfieldside.com
268911,The Felicity on Perry,1150 E Perry Ln,Savannah,GA,31401,https://thefelicityonperry.com/
268719,Flora,1114 W Carroll Ave,Chicago,IL,60607,https://florafultonmarket.com/
301958,Prose Cypress Pointe,3110 Gowan Dr,Winter Haven,FL,33884,https://prosecypresspointe.com/
16139,Chase Knolls,13401 Riverside Dr,Los Angeles,CA,91423,https://www.chaseknollsapts.com/
258309,Atlee Square,200 Middletown Blvd,Langhorne,PA,19047,https://www.liveatleesquare.com/
296551,Sage North,344 Madeline Way,White House,TN,37188,https://livesagenorth.com/
277708,LC New Albany - Exchange,7079 Town Market Ln W,New Albany,OH,43054,https://lcnewalbany.prospectportal.com/
22178,The Boulders,530 N Civic Dr,Walnut Creek,CA,94597,https://www.bouldersapts.com/
290191,LEO Jamestown,100 Galatians Dr,Greer,SC,29651,https://www.leojamestown.com/
39328,Greenhouse Villas,5906 Grand Colony Dr,Katy,TX,77449,www.greenhousevillas.com
268764,Cadia Grand Praire,3950 Dechman Dr,Grand Prairie,TX,75052,https://yardlydechman.com/?utm_source=GoogleLocalListing&utm_medium=organic
290326,Summit on the Hudson,1 Trinity Ct,Saugerties,NY,12477,https://www.summitonthehudson.com/
41008,Pearl Midlane River Oaks,2121 Mid Ln,Houston,TX,77027,https://pearlmidlane.com/
265305,Notch 66,2650 Erfert St,Longmont,CO,80504,https://www.notch66.com/
269510,The Camden,1915 Tacoma Ave S,Tacoma,WA,98402,https://www.thecamdenapartments.com/
77045,Hardware Village East,455 W 200 N,Salt Lake City,UT,84103,https://hardwareapartments.com/
222988,Arlo West End,1325 Utica Ave S,St Louis Park,MN,55416,https://www.arlowestend.com/
277370,The Harlow,5101 Bruce B Downs Blvd,Wesley Chapel,FL,33544,https://theharlowapartments.com/?utm_knock=gmb&utm_source=googlemybusiness&utm_medium=organic&utm_campaign=gmblisting
267926,Jefferson Cove,7165 Lake Ridge Pkwy,Grand Prairie,TX,75054,https://jeffersoncove.com/
265342,Trade Winds,4910 S 209th Ct,Elkhorn,NE,68022,https://www.tradewindselkhorn.com/
68140,The Langston,1925 E 7th St,Charlotte,NC,28204,http://www.langstonapts.com/
252153,District at 54,700 Corporate Center Dr,Raleigh,NC,27607,https://www.districtat54.com/
61548,AMLI Dadeland,8250 SW 72nd Ct,Miami,FL,33143,https://www.amli.com/apartments/southeast-florida/dadeland-apartments/amli-dadeland
268955,The Hayden,815 Old County Rd,Belmont,CA,94002,https://www.thehaydenbelmont.com/
278553,Canvas at Grand Prairie,4450 S State Hwy 360,Grand Prairie,TX,75052,https://www.canvasatgrandprairie.com/canvas-at-grand-prairie-grand-prairie-tx
21097,Sugar Mill,855 Walther Blvd,Lawrenceville,GA,30043,https://www.irtliving.com/Apartments-In/Lawrenceville-GA/Sugar-Mill
294926,The Collier at Clift Farm,560 Jack Clift Blvd,Madison,AL,35757,https://www.thecolliercliftfarm.com/
15198,The Elms at Kingstowne,6008 Rock Cliff Ln,Alexandria,VA,22315,https://kingstowneelmsliving.com/
219548,Renaissance at Northpark,5202 Auburn St,Lubbock,TX,79416,https://www.renaissanceatnorthpark.com/renaissance-at-north-park-lubbock-tx/
267354,West Village Poway,12849 Poway Rd,Poway,CA,92064,https://www.westvillagepowayapartments.com/west-village-poway-poway-ca/
288502,Marlowe Tomoka Village,100 Windflower Ln,Daytona Beach,FL,32117,https://marlowetomokavillage.com/
272968,Integra Palms,10650 Mystic Seafloor Dr,Riverview,FL,33578,https://integrapalms.com/
77938,The Preserve at Normandale Lake,8101 Normandale Lake Blvd,Bloomington,MN,55437,http://www.rentthepreservebloomington.com/
68148,AMLI Midtown 29,180 NE 29th St,Miami,FL,33137,https://www.amli.com/apartments/southeast-florida/miami-apartments/amli-midtown-29
26523,Concierge Apartments,7620 Penn Ave S,Richfield,MN,55423,https://www.theconciergeapartments.com/
77560,Malmo,1210 N 152nd St,Shoreline,WA,98133,http://malmoapts.com/
277349,The Township at Hammond Creek,1190 Township Pl,Dalton,GA,30721,http://thetownshiphc.com/
239773,AVE Phoenix Terra,555 N 5th Ave,Phoenix,AZ,85003,https://phxterra.aveliving.com/
300396,Estates of McKinney,7200 Welcome Blvd,McKinney,TX,75071,https://www.estatesmckinney.com/?switch_cls[id]=96189&gad_source=1&gclid=EAIaIQobChMIsPLy7qizhQMVMy3UAR2CNAceEAAYASAAEgJZTfD_BwE
68710,Olympus Falcon Landing,3300 Falcon Landing Blvd,Katy,TX,77494,https://www.olympusproperty.com/apartments/tx/katy/olympus-falcon-landing/
24565,The Quarry Townhomes,250 Treeline Park,San Antonio,TX,78209,https://www.missionrockresidential.com/apartments/tx/san-antonio/quarry-townhomes/
69307,Parq on Speer,909 Bannock St,Denver,CO,80204,http://www.parqliving.com/
23143,Mira Monte,10360 Maya Linda Rd,San Diego,CA,92126,https://www.essexapartmenthomes.com/apartments/mira-monte?sc_camp=2648D1300BEC431BB11EB86F02F52DBD&utm_source=googlesearch
259101,Markana Uptown,6500 Americas Pkwy,Albuquerque,NM,87110,https://markanauptown.com/
46918,The Preserve at Longleaf,4465 Preserve Dr,Melbourne,FL,32934,http://www.thepreserveatlongleaf.com/
5143,Elliot on Abernathy,550 Abernathy Rd NE,Sandy Springs,GA,30328,https://elliotabernathy.com/
278348,Cirrus Space Coast,3070 Cirrus Dr,Cocoa,FL,32926,https://cirrus.apartments/
285973,Birchway Spring Cypress,19101 Kuykendahl Rd,Spring,TX,77379,https://www.birchwayspringcypress.com/
240922,Vance,830 Eddy St,San Francisco,CA,94109,https://www.vancesf.com/
57904,Cathedral Commons,3401 Idaho Ave NW,Washington,DC,20016,https://www.cathedralcommons.com/
223132,Cyan Craig Ranch,7101 S Custer Rd,McKinney,TX,75070,https://www.irtliving.com/Apartments-In/McKinney-TX/Cyan-Craig-Ranch?utm_knock=cfres
218172,Alister Uptown,810 E 7th St,Charlotte,NC,28202,https://www.alisteruptowncharlotte.com/
265713,The Cortesin at Eilan,18111 La Cantera Ter,San Antonio,TX,78256,https://thecortesin.com/
61950,250 High,250 S High St,Columbus,OH,43215,https://250high.com/
15303,Village at West University,5151 Edloe St,Houston,TX,77005,http://www.villageatwestuniversity.com/
292538,Evolve at the Pines,1215 Evolve Way,Greenville,NC,27858,https://www.evolveatthepinesapts.com/
282768,ConvergeNW,350 NW 6th St,Waukee,IA,50263,https://www.convergenw.com/
260103,The Registry on Grass Lake,14520 Avalon Rd,Winter Garden,FL,34787,https://registryongrasslake.com/
57997,Queen Anne‚Äôs Gate,148 Colonels Ln,Weymouth,MA,2189,https://www.qagapts.com/
293735,Pelican Crossing,311 Hope Bird Ln,Longs,SC,29568,https://pelicancrossingapartments.com/
253504,Nexus East,720 Airport Blvd,Austin,TX,78702,https://www.nexuseastaustin.com/
247218,Industry Tallahassee,440 N Monroe St,Tallahassee,FL,32301,https://industry-tallahassee.com/
258344,Birchway Rivergate,110 One Mile Pkwy,Madison,TN,37115,https://www.birchwayrivergate.com/
71143,The Cedars at Johns Creek,2100 Addison Ln,Johns Creek,GA,30005,https://www.cedarsatjohnscreek.com/
78149,7403,7403 La Tijera Blvd,Los Angeles,CA,90045,https://7403living.com/
286746,Aura Main Street,400 W Main St,Lewisville,TX,75057,https://auramainst.com/
253341,Ainsley Heights,700 W Cavalcade St,Houston,TX,77009,https://ainsleyheights.com/
256977,Aspire at CityPlace,9000 City Place Blvd,Woodbury,MN,55125,https://www.liveaspireatcityplace.com/
270594,Avendale at Painted Tree,2600 N Lake Forest Dr,McKinney,TX,75071,https://avendalepaintedtree.com/
33353,100,100 Landsdowne St,Cambridge,MA,2139,http://www.100living.com
229295,Camden Farmers Market,2210 Canton St,Dallas,TX,75201,https://www.camdenliving.com/apartments/dallas-tx/camden-farmers-market
69912,Creekwood,22294 City Center Dr,Hayward,CA,94541,http://www.creekwoodapartmenthomes.com/
61396,The Grain Belt,1215 Marshall St NE,Minneapolis,MN,55413,http://www.thegrainbeltmpls.com/
64923,Pearl Lantana,6401 Rialto Blvd,Austin,TX,78735,http://pearllantana.com/
219998,Arlington Square,207 SE 2nd Pl,Gainesville,FL,32601,https://arlingtonsquare.org/
12322,The Parker,4701 Charles Pl,Plano,TX,75093,http://www.parkerplano.com/
254612,Bainbridge Sunlake,2700 Summershine St,Land O' Lakes,FL,34638,https://bainbridgesunlake.com/
307126,The Dendry,5548 N 250 W,Provo,UT,84604,https://thedendry.com/
63528,Outlook Golden Ridge,544 Golden Ridge Rd,Golden,CO,80401,http://www.outlookgoldenridge.com/
241174,Eastpark,3330 Eastpark Blvd,Denton,TX,76201,https://eastparkdenton.com/
42743,Indigo,430 SW 13th Ave,Portland,OR,97205,https://indigopdx.com/
257234,The Margo,4545 Mission Ave,Frisco,TX,75034,https://themargofrisco.com/
35979,The Villas at Shadow Creek,2020 Business Center Dr,Pearland,TX,77584,www.villasatshadowcreek.com
241638,Palm Trace Landings,6351 Palm Trace Landings Dr,Davie,FL,33314,https://www.palmtracelandingsapartments.com/?rcstdid=Mg%3D%3D-YRjTEizZPgM%3D&utm_source=google+biz&utm_medium=organic
264317,The Teller House,1139 W Lawrence Ave,Chicago,IL,60640,https://livethetellerhouse.com/
60700,Everly,14 Audubon Rd,Wakefield,MA,1880,http://www.liveeverly.com/
269163,The Aster at Mountain Vista,1103 S Crismon Rd,Mesa,AZ,85208,https://www.theasteratmv.com/
278113,Ascend NonaWest I,4000 Nona West Blvd,Orlando,FL,32824,https://ascendnonawest.com/?utm_source=gbp&utm_medium=organic&utm_campaign=website_clicks
246757,V2,250 Vale St,Chelsea,MA,2150,https://www.v2apts.com/
249987,400H,9 N Harrington St,Raleigh,NC,27603,https://live400h.com/
259715,The Fitzroy at Lebanon Marketplace,100 Aviation Way,Lebanon,TN,37090,https://www.thefitzroylebanon.com/?&utm_source=obl&utm_medium=organic
266700,FlatZ 520,45760 W Vlg Pkwy,Maricopa,AZ,85139,https://flatz520.com/
302565,Brazos Oaks,6000 Jones Rd,Bryan,TX,77807,https://brazosoaksapts.com/
6533,Avana Cumberland,2383 Akers Mill Rd SE,Atlanta,GA,30339,https://www.avanacumberland.com/switch_cls[id]/64264/
3185,Rosemont Chamblee,3311 Flowers Rd S,Chamblee,GA,30341,https://rosemontchamblee.com/
227817,Alloy,525 S Santa Fe Ave,Los Angeles,CA,90013,https://www.alloyla.com/
274095,Noble,8200 Humboldt Ave S,Bloomington,MN,55431,https://noblebloomington.com/
5345,Verde Vue,301 Noble Oaks Dr,Savannah,GA,31406,https://www.verdevueapartments.com/
67099,Duet II,300 31st Ave N,Nashville,TN,37203,https://www.duetnashville.com/
260176,The Jamison,1040 Jamison Loop,Kissimmee,FL,34744,http://liveatjamison.com/
234945,IMT Belasera at Superior,17720 Superior St,Northridge,CA,91325,https://www.imtresidential.com/imtbelaseraatsuperior/
56144,The 101,11 Main St S,Kirkland,WA,98033,http://www.the101kirkland.com/
31384,The Retreat at Marlborough,21 Austen Way,Marlborough,MA,1752,https://www.retreatatmarlborough.com/
306921,The Waters at Crestview,200 Mirage Ave.,Crestview,FL,32536,https://www.thewatersatcrestview.com/
263953,Linda Vista,375 E Linda Vista Blvd,Oro Valley,AZ,85704,https://www.lindavistaluxuryapts.com/
271561,Harper Grove,1005 Keymar Dr,Davenport,FL,33897,https://www.harpergroveaptsdavenport.com/
285247,The Clark Lofts,350 N Reid Pl,Sioux Falls,SD,57103,https://www.pendarproperties.com/the-clark
286726,Attain at Bradford Creek,556 Martin Rd SW,Huntsville,AL,35824,https://www.attainbradfordcreek.com/
71950,The Pullman,1959 Wewatta St,Denver,CO,80202,http://livethepullman.com/
296889,Terrace View,26 Terrace View Ct,Daly City,CA,94015,https://www.terraceviewapthomes.com/
75318,Harrison Place,5812 Beatle Dr,Indianapolis,IN,46216,https://www.irtliving.com/Apartments-In/Indianapolis-IN/Harrison-Place
235108,Enzo,3100 Martin St,Irvine,CA,92612,https://www.enzoapartments.com/
38895,1330 Boylston,1330 Boylston St,Boston,MA,2215,https://www.1330boylston.com/
12398,Courtney Park,4470 S Lemay Ave,Fort Collins,CO,80525,https://www.courtneyparkapthomes.com/
295973,Ascend at Pioneer Hill,1701 Daleside Ln,Austin,TX,78754,https://www.ascendatpioneerhill.com/
265910,Alta Landing,3100 N Joplin Rd,Kennedale,TX,76060,https://www.livealtalanding.com/
249984,The Aspen at Melford Town Center,17530 Lake Melford Ave,Bowie,MD,20715,https://www.aspenmelford.com/?utm_source=GoogleLocalListing&utm_medium=organic&utm_campaign=AspenatMelfordTownCenterGoogleLocalListing
220156,AMLI at Escena,6401 Escena Blvd,Irving,TX,75039,https://www.amli.com/apartments/dallas/las-colinas-apartments/amli-at-escena
57948,The Bowie,311 Bowie St,Austin,TX,78703,http://www.liveatbowie.com/
270574,Satori West Ashley,211 Satori Way,Johns Island,SC,29455,https://www.satoriwestashley.com/
68334,The Standard,515 Lincoln Ave,San Jose,CA,95126,http://thestandardsanjose.com/
257171,Tanager Echo,2255 S Spruce Goose St,Las Vegas,NV,89135,https://livetanagerecho.com/
245323,Ravel and Royale I,10511 Strathmore Hall St,North Bethesda,MD,20852,https://www.ravelandroyale.com/
12740,Madison South Park,4605 Colony Rd,Charlotte,NC,28226,https://www.madisonsouthpark.com/
235693,79 West,102 Cabana Cay Cir,Panama City Beach,FL,32413,www.79westapartments.com
262529,Villa Bianca,700 N W Knoll Dr,West Hollywood,CA,90069,https://www.decron.com/apartments-villa-bianca/
273297,Covey Homes Clements Ferry,2485 Clements Ferry Rd,Charleston,SC,29492,https://coveyhomesbymore.com/neighborhood/clements-ferry/
274953,The Jack on Beach,3460 Beach Blvd,Jacksonville,FL,32207,https://www.jackonbeachapts.com/
245903,Green Leaf Jasper,5325 N Interstate Ave,Portland,OR,97217,https://www.greenleafjasper.com/
270596,2020 at Providence,20 Town Center Dr NW,Huntsville,AL,35806,https://2020providence.com/
267101,Springs at Pe√±a Station,17770 E 64th Ave,Denver,CO,80249,https://www.springsapartments.com/apartments/co/denver/springs-at-pena-station/
235407,Bonterra,660 Bonterra Blvd,Fort Wayne,IN,46845,https://www.liveatbonterra.com/
224142,Elevon I,3650 Uinta St,Denver,CO,80238,https://www.elevonapts.com/
49899,Somerset Apartments,6620 SE 5th St,Des Moines,IA,50315,https://www.somersetdm.com/
34362,Tamarron,4410 N 99th Ave,Phoenix,AZ,85037,www.thetamarronapts.com
252147,8119,8119 Douglas Ave,Dallas,TX,75225,https://www.live8119.com/8119-dallas-tx/
24097,Avana Twenty9,2334 Fuller Way,Tucker,GA,30084,https://www.avanatwenty9.com/
304556,Prospect Flats,3233 Prospect St,Hudsonville,MI,49426,https://www.liveprospectflats.com/
265769,Signal,397 N Central Ave,Hapeville,GA,30354,https://livesignalapartments.com/
68465,The Morgan Sandy Springs,6125 Roswell Rd,Atlanta,GA,30328,https://www.themorgansandysprings.com/
277524,Masons Ridge,975 Pitt St,Clermont,FL,34711,https://www.masonsridge.com/
230502,The Gantry II,325 Morse St NE,Washington,DC,20002,https://thegantrydc.com/
245494,Greenview At Chestnut Run,70 Court Dr,Wilmington,DE,19805,http://www.livegreenview.com
261355,Prose South Main,12111 S Main St,Houston,TX,77035,https://www.prosesouthmain.com/
286954,Alta25,1320 Herman View Way,Monument,CO,80132,http://www.alta25.com/
253905,The Standard at Pinestone,125 Pinestone Dr,Travelers Rest,SC,29690,https://www.thestandardpinestone.com/
268338,Solace at Cimarron Hills,1020 Solace Pond View,Colorado Springs,CO,80915,https://www.livesolacecimarron.com/
2519,Turtle Cove,888 Cotton Bay Dr W,West Palm Beach,FL,33406,https://turtlecoveapartments.com/property/turtle-cove/
69123,Dominion,333 S Glebe Rd,Arlington,VA,22204,https://www.dominionapts.com/
12493,Alura,6333 Canoga Ave,Woodland Hills,CA,91367,https://www.decron.com/apartments/ca/woodland-hills/alura/
97837,Five Points Northshore,328 Cherokee Blvd.,Chattanooga,TN,37405,https://www.missionrockresidential.com/apartments/tn/chattanooga/5-points-northshore/?utm_source=GBP&utm_medium=organic
244707,Park at Armand Bayou I,4300 Bay Area Blvd,Houston,TX,77058,http://www.parkatarmandbayou.com/
304379,Crossings at Windsong,3830 N Windsong Dr,Prescott Valley,AZ,86314,https://www.crossingswindsong.com/
262101,Lumia,850 N Azusa Ave,Azusa,CA,91702,https://www.liveatlumia.com/
63933,Vercanta Riverfront,4949 S Landing Dr,Portland,OR,97239,http://www.oxbow49.com/
73765,Novi at Lowry,8000 E 12th Ave,Denver,CO,80220,https://www.noviatlowry.com/
267118,The Spoke at McCullough Station,8340 N Tryon St,Charlotte,NC,28262,https://www.thespokemcs.com/
298574,The Ramsay,1480 N 48th St,Springdale,AR,72762,https://www.theramsayapts.com/
257570,Modera Cherry Creek,180 Madison St,Denver,CO,80206,https://www.moderacherrycreek.com/
120178,Integra Sunrise Parc,4701 Luminous Loop,Kissimmee,FL,34746,https://www.integrasunriseapartments.com/
261729,Bainbridge The Grand,5905 Caravan Ct,Orlando,FL,32819,https://bainbridgegrand.com/
37499,Landings of Brentwood,1505 Landings Dr,Brentwood,TN,37027,https://www.irtliving.com/Apartments-In/Brentwood-TN/The-Landings-of-Brentwood
41175,Fusion Encore Hollywood,1714 N McCadden Pl,Hollywood,CA,90028,https://www.fusionencore.com/
54681,OneEleven,111 W Upper Wacker Dr,Chicago,IL,60601,https://www.oneelevenchicago.com/
219972,Anthem Town East,645 N Town E Blvd,Mesquite,TX,75150,https://anthemtowneast.com/
91537,UrbA I,624 N Glebe Rd,Arlington,VA,22203,https://liveurba.com/
277695,Marlowe Peoria Place I,8165 W Whitney Dr,Peoria,AZ,85345,https://marlowepeoriaplace.com/
58152,Miller Creek at Germantown,3769 Skipping Stone Trace,Germantown,TN,38125,https://www.irtliving.com/Apartments-In/Memphis-TN/Miller-Creek-At-Germantown
72327,Autumn Breeze,14901 Beauty Berry Ln,Noblesville,IN,46060,https://www.irtliving.com/Apartments-In/Noblesville-IN/Autumn-Breeze?switch_cls[id]=101750&utm_source=google&utm_medium=organic&utm_campaign=gmb-listing&utm_content=homepage
240111,ReNew Logan Square,1 Franklin Town Blvd,Philadelphia,PA,19103,https://www.renewlogansquare.com/
4293,Mountain View,4085 Westmeadow Dr,Colorado Springs,CO,80906,https://www.missionrockresidential.com/apartments/co/colorado-springs/mountain-view/
33110,Heritage on the Merrimack,38 Hawthorne Dr,Bedford,NH,3110,https://www.heritagemerrimackapartments.com/?utm_knock=g
278489,Cortland Peterson,5704 Ella View,Colorado Springs,CO,80915,https://cortland.com/apartments/cortland-peterson/
39526,Mountain View Crossing,650 NJ-23,Wayne,NJ,7470,www.mountainviewcrossingapts.com
291509,Beckon,311 Liggett St,Durham,NC,27701,https://livebeckon.com/
227790,The Charles,111 S 300 W,Salt Lake City,UT,84101,https://thecharlesslc.com/
281173,The Sadie,228 Athenia Dr,Fort Worth,TX,76114,https://www.livethesettler.com/
276900,The Arden,2840 Ardenview Cir,Raleigh,NC,27606,https://www.theardenraleigh.com/
299535,Alpine Landing,8925 W State St,Garden City,ID,83714,https://www.livealpinelanding.com/
72766,Fox Ridge,601 Lakeview Dr,Royersford,PA,19468,https://www.liveatfoxridge.com/?utm_source=GBP&utm_medium=organic&utm_knock=gbp
253388,Quattro,385 S 400 E,Salt Lake City,UT,84111,https://www.livequattro.com/
2362,Eleven Thirty,1130 S Michigan Ave,Chicago,IL,60605,www.1130smichigan.com
56688,Century at the Ballpark,1110 Ballpark Ln,Lawrenceville,GA,30043,https://www.centuryatballpark.com/#Home
227366,Stazione:25,2715 25th Ave S,Seattle,WA,98144,https://www.stazione25.com/
40178,Park Plaza,1969 SW Park Ave,Portland,OR,97201,https://www.parkplazapdx.com/
2506,Cascades at the Hammocks,10605 Hammocks Blvd,Miami,FL,33196,https://www.cascadesatthehammocks.com/
267845,Emblem Park,1414 4th Ave S,Nashville,TN,37210,https://emblemparknashville.com/
263900,Tempo,4455 Condor Dr,Hilliard,OH,43026,https://tempotruepointe.com/
263693,Novus I,9938 Trainstation Cir,Lone Tree,CO,80124,https://www.novusatskyridge.com/
269370,The Baldwin,1825 Callowhill St,Philadelphia,PA,19130,https://www.thebaldwin1825.com/
70978,Artline Apartments,301 M St SW,Washington,DC,20024,https://www.artlineapts.com/
8389,IMT Stevenson Ranch,25399 The Old Rd,Stevenson Ranch,CA,91381,https://www.imtresidential.com/imtstevensonranch/
68184,Hub50House,50 Causeway St,Boston,MA,2114,https://www.hub50house.com
40582,Kinwood,2 River Chase Dr,Rensselaer,NY,12144,https://kinwoodny.com/
297744,The Howard,2908 E Howard Ln,Manor,TX,78653,https://www.thehowardatx.com/
77796,Modera Edgewater,455 NE 24th St,Miami,FL,33137,https://www.moderaedgewatermiami.com/
37536,Arrive Bellevue,111 Old Hickory Blvd,Nashville,TN,37221,https://www.arrivebellevue.com/
67134,Oxbo Urban Rentals,202 7th St W,St Paul,MN,55102,www.oxboliving.com
262364,The Wrenley,2020 Winters Eve Dr,Charlotte,NC,28269,https://www.thewrenley.com/
281917,The Avion,12535 Tibbets Ln,Jacksonville,FL,32218,https://www.liveavionjaxapts.com/
43364,Villas At Bailey Ranch,8751 N 97th E Ave,Owasso,OK,74055,https://www.morgan-properties.com/apartments/ok/owasso/villas-at-bailey-ranch/
93933,The Modern,255 Lenora St,Seattle,WA,98121,https://themodernseattle.com/
290956,Allora 168,16751 Morgan Ave,Gretna,NE,68028,https://allora168.com/
296500,EmmaJames at Savannah Harbor,101 Cay Plaza,Savannah,GA,31421,https://liveemmajames.com/
41308,Lenox Village Town Center,6900 Lenox Village Dr,Nashville,TN,37211,https://www.lenoxvillagetowncenterapts.com/
34683,Nova,677 7th Ave,San Diego,CA,92101,https://www.livenovasandiego.com/
297795,Ava Oakwood,6000 Ava Ave,Gainesville,GA,30504,https://avaoakwood.com/
67678,Crossroads Westside,601 Avenida Cesar E Chavez,Kansas City,MO,64108,http://www.crossroadswestside.com/
300391,Mansions Eight65,865 Limmer Loop,Hutto,TX,78634,https://www.mansionseight65.com/
254150,Axiom at Cabin Branch,22551 Cabin Branch Ave,Clarksburg,MD,20871,https://www.axiomcabinbranch.com/
257364,Hoboken Point,100 Harbor Blvd,Weehawken,NJ,7086,https://hobokenpoint.com/
265498,Amelia at Angle Lake,2929 S 200th St,SeaTac,WA,98198,https://ameliaseatac.com/
14332,IMT Desert Palm Village,1215 E Vista Del Cerro Dr,Tempe,AZ,85281,https://www.imtresidential.com/imtdesertpalmvillage/
299729,Whisper Valley at Quartier,12400 Village Run Pkwy,Alexander,AR,72002,https://www.whispervalleyquartier.com/
276152,Prose North West,15323 Vance Jackson Rd,San Antonio,TX,78249,https://prosenorthwest.com/
57136,Parkway Lofts,5 Lawrence St,Bloomfield,NJ,7003,http://www.parkwaylofts.com/
26162,The Drake,6503 Marsol Rd,Mayfield Heights,OH,44124,http://www.thedrakeapts.com/
15081,Villas at Hermann Park,6301 Almeda Rd,Houston,TX,77021,https://www.villasathermannpark.com/
265530,Ensley,505 S Weber St,Colorado Springs,CO,80903,https://ensleyliving.com/
5974,Promenade at Aventura Apartments,19680 E Country Club Dr,Aventura,FL,33180,https://www.promenadeataventuraapartments.com/
32107,10X Living at Columbia Town Center,10360 Swift Stream Pl,Columbia,MD,21044,https://10xlivingctc.com/
278904,Mirra,8320 Church St,Frisco,TX,75034,https://www.mirrafrisco.com/
40117,Sofi at 50 Forest,50 Forest St,Stamford,CT,6901,https://www.sofiat50forest.com/
37989,Indigo Park,11959 Nicholson Dr,Baton Rouge,LA,70810,https://www.indigoparkapts.com/
229278,Fusion at Neon,225 W Olney Rd,Norfolk,VA,23510,https://www.fusionatneon.com/
3169,Avana Court,3800 Club Dr,Duluth,GA,30096,https://www.avanacourt.com/
35817,District at Hampden South,6300 E Hampden Ave,Denver,CO,80222,https://www.hollandresidential.com/co/denver/the-district-at-hampden-south
91472,805 Riverfront,805 Riverfront St,West Sacramento,CA,95691,http://www.805riverfront.com/
273160,Bowery West,2314 Berryhill Rd,Charlotte,NC,28208,https://livebowerywest.com/
14337,San Destin at Pearland,2900 Pearland Pkwy,Pearland,TX,77581,https://sandestinatpearland.com/
291351,Charlotte Exchange,5120 77 Center Dr,Charlotte,NC,28217,https://cltexchange.com/
222936,The Eden at Lakeview,4115 Lake St,Alpharetta,GA,30009,https://theedenatlakeview.com/
258550,Aviara East Pompano,1621 S Dixie Hwy,Pompano Beach,FL,33060,https://www.aviaraproperties.com/communities/aviaraeastpompano
246760,Canal 1535,1535 Canal St,New Orleans,LA,70112,http://livecanal1535.com/
281788,Residences at Fairview Town Center,111 Town Pl,Fairview,TX,75069,https://livefairviewtowncenter.com/
245150,The Loop at 2800,2800 Telluride Loop,Sarasota,FL,34243,https://www.olympusproperty.com/apartments/fl/sarasota/the-loop-at-2800/?utm_source=gmb&utm_medium=organic&utm_knock=g
2871,The Jax,100 Brentwood Oaks Dr,Nashville,TN,37211,https://www.liveatthejaxtn.com/
34932,Highlands At Dearborn,19 Magnolia Way,Peabody,MA,1960,https://www.simpsonpropertygroup.com/apartments/peabody-massachusetts/highlands-at-dearborn-northshore?UTM_source=GMB_listing&UTM_medium=organic
64485,2700 Charlotte Ave,2700 Charlotte Ave,Nashville,TN,37209,www.rent2700.com
68466,Artisan Station,1035 Scales Rd,Suwanee,GA,30024,https://www.simpsonpropertygroup.com/apartments/suwanee-georgia/artisan-station-gwinnett-county
58142,One North Scottsdale,7355 E Thompson Peak Pkwy,Scottsdale,AZ,85255,https://www.onenorthscottsdale.com/
19558,Henry On The Park,7901 Henry Ave,Philadelphia,PA,19128,https://www.henryonthepark.com/
238944,Eagle Rock Apartments At Woodbury,92 Fairhaven Blvd,Woodbury,NY,11797,https://www.eaglerockmanagement.com/apartments/new-york/woodbury/eagle-rock-11797
37983,Eagle Rock Apartments at Towson,5 Stonewain Ct,Towson,MD,21204,https://www.eaglerockproperties.com/apartments/md/towson/eagle-rock-apartments-at-towson/
17355,Merrill House,210 E Fairfax St,Falls Church,VA,22046,https://www.eaglerockproperties.com/apartments/va/falls-church/merrill-house/
257593,Church & Henley,700 Henley St,Knoxville,TN,37902,https://www.churchandhenley.com/
4330,Invitational,1801 N Green Valley Pkwy,Henderson,NV,89074,https://www.invitationalapartments.com/
14906,Weston Place,16000 S Post Rd,Weston,FL,33331,https://www.westonplaceapartments.com/
37972,Eagle Rock Apartments at West Hartford,1248 Farmington Ave,West Hartford,CT,6107,https://www.eaglerockproperties.com/apartments/ct/west-hartford/eagle-rock-apartments-of-west-hartford/
77794,Atlantico at Alton,13805 Emerson Street,Palm Beach Gardens,FL,33418,https://www.palmbeachgardensapartments.com/
37157,Chamberlain I & II,39 Central Ave,Dayton,OH,45406,https://www.chamberlainapt.com/
60359,Watermill Park Apartments,1730 E Valley Water Mill Rd,Springfield,MO,65803,http://www.watermillpark.com/
30273,Park at Willowbrook,7100 Smiling Woods Ln,Houston,TX,77086,https://www.parkatwillowbrookapts.com/
60316,Highland Park,1625 S Marion Ave,Springfield,MO,65807,https://www.highlandparkapartmenthomes.com/
292509,Soltera Rolling Pines,2400 Montgomery Park Blvd,Conroe,TX,77304,https://www.solterarollingpines.com/
220734,Kendrick,7324 Skillman St,Dallas,TX,75231,https://www.liveatthekendrick.com/
9916,The Dayton,6000 Ohio Dr,Plano,TX,75093,https://livethedayton.com/
10496,Grayson Park,1319 N Nursery Rd,Irving,TX,75061,https://liveatgraysonpark.com/
6390,Argyle,1335 Silverado Dr,Houston,TX,77077,https://livetheargyle.com/
4907,The Jaxon,4659 Dawson Blvd,Atlanta,GA,30340,https://www.livethejaxon.com/
8599,The Palmilla,932 Hilltop Dr,Irving,TX,75060,https://livethepalmilla.com/?utm_knock=g
11793,The Laney,7474 Skillman St,Dallas,TX,75231,https://livethelaney.com/
10291,The Mirage Apartments,504 Dudley Cir,Arlington,TX,76010,https://liveatthemirage.com/
61435,The Mosaic,321 N Oklahoma Ave,Oklahoma City,OK,73104,https://mosaic.levelokc.com/
230081,Vitruvian West II,3737 Vitruvian Way,Addison,TX,75001,www.vitruvianwest.com
2958,Newport Village I,4757 W Braddock Rd,Alexandria,VA,22311,https://www.udr.com/washington-dc-apartments/alexandria/newport-village
66998,345 Harrison,345 Harrison Ave,Boston,MA,2118,https://www.udr.com/boston-apartments/south-end/345-harrison/
8179,Cambridge Woods,14138 Monterey Pines Dr,Tampa,FL,33613,https://www.udr.com/tampa-apartments/university-center/cambridge-woods/contact-us/
95149,HQ @ 1532 Harrison,1532 Harrison St,San Francisco,CA,94103,https://www.udr.com/san-francisco-bay-area-apartments/west-soma/hq-apartments/
40989,Savoye,3850 Vitruvian Way,Addison,TX,75001,http://www.savoyeaddison.com/
30751,Commons at Windsor Gardens,624 Walpole St,Norwood,MA,2062,https://www.udr.com/boston-apartments/norwood/the-commons-at-windsor-gardens/
37716,Ten20,10710 NE 10th St,Bellevue,WA,98004,https://www.udr.com/seattle-apartments/bellevue/ten20/
36972,The Kennedy Building,907 NE 45th St,Seattle,WA,98105,https://www.udr.com/seattle-apartments/downtown-seattle/the-kennedy-building/.
40566,The Courts at Huntington Station I,5950 Grand Pavilion Way,Alexandria,VA,22303,http://www.udr.com/washington-dc-apartments/alexandria/the-courts-at-huntington-station/
228582,1274 at Towson,1274 E Joppa Rd,Towson,MD,21286,https://www.udr.com/baltimore-apartments/towson/1274-at-towson/
3749,Highlands of Marin,1001 Cresta Way,San Rafael,CA,94903,https://www.udr.com/san-francisco-bay-area-apartments/san-rafael/highlands-of-marin/
12355,THIRTY377,3377 Blackburn St,Dallas,TX,75204,https://www.udr.com/dallas-apartments/uptown-dallas/thirty377/
4752,Regatta Shores,2335 W Seminole Blvd,Sanford,FL,32771,https://www.udr.com/orlando-apartments/north-sanford/regatta-shores/
2957,Arbor Park of Alexandria,6340 Wingate St,Alexandria,VA,22312,http://arborparkofalexandria.com
24366,Bay Terrace,3204 Casa De Campo Way,San Mateo,CA,94403,http://www.udr.com/san-francisco-bay-area-apartments/san-mateo/bay-terrace/
26094,Garrison Square,7 Harcourt St,Boston,MA,2116,https://www.udr.com/boston-apartments/back-bay/garrison-square/
2709,Wellington Place at Olde Town,10303 7th Regiment Dr,Manassas,VA,20110,https://www.udr.com/washington-dc-apartments/manassas/wellington-place-at-olde-town/
72593,Slade at Channelside,1190 E Washington St,Tampa,FL,33602,https://www.udr.com/tampa-apartments/tampa/the-slade-at-channelside/
36925,View 14,2303 14th St NW,Washington,DC,20009,http://www.view14.com/
48177,The Metropolitan,2612 Whitehall Terrace,Louisville,KY,40220,https://venterraliving.com/apartments/the-metropolitan/
283572,Avasa Spring Branch,1095 Brittmoore Rd,Houston,TX,77043,https://venterraliving.com/apartments/avasa-spring-branch/?id=TX4BMGOO
30237,Forest View,4545 S Panther Creek Dr,The Woodlands,TX,77381,https://venterraliving.com/apartments/forest-view/
33327,The Parker,14140 N Broadway Ext,Edmond,OK,73013,https://venterraliving.com/apartments/the-parker/
16390,Riverbend,301 N Wesley Dr,League City,TX,77573,https://venterraliving.com/apartments/riverbend/?id=TX4RBGOO
23563,The Vinings,735 Dulles Ave,Stafford,TX,77477,https://venterraliving.com/apartments/vinings/
53440,The Reserves Of Thomas Glen,123 Thomas Glen Dr,Shepherdsville,KY,40165,http://www.thomasglenapartments.com/
14524,Canton Mill Lofts,550 Riverstone Pkwy,Canton,GA,30114,https://venterraliving.com/apartments/canton-mill-lofts/
229594,Stoneridge on the 8,6160 East Sam Houston Pkwy N,Houston,TX,77049,https://venterraliving.com/apartments/stoneridge-on-the-8/?id=TX4SKGOO
39304,Villa Lago,8201 Boat Club Rd,Fort Worth,TX,76179,http://venterraliving.com/villalago
218757,The Village Drey,5630 Village Glen Dr,Dallas,TX,75206,https://www.thevillagedallas.com/properties/the-village-drey/
11342,The Village Lakes,5605 Village Glen Dr,Dallas,TX,75206,https://www.thevillagedallas.com/properties/the-village-lakes/
118965,16 Bennett,16 Bennett St,Jersey City,NJ,7304,https://www.16bennett.com
98129,Colonial Crossing Apartments,3200 Colonial Pkwy,Belton,TX,76513,https://colonialcrossingapts.com/
221389,Troy Apartment Homes,602 Folmar St,Troy,AL,36081,https://www.troyal.net/
310522,Market Stations Apartments,5515 West Market St,Greensboro,NC,27409,https://marketstationapartmentsnc.com/
